-0.2262804230212872,-0.18056091552664794,-0.14691132655962327,-0.13357250658180478,-0.07490054975306089,-0.043236161472247056,-0.009843219601577346,0.040202974841619867,0.07992706693328493,0.11586579994965068,0.1494575474796377,0.1813284642594613,0.21183152438430267,0.24119545960733968,0.26958183583012263,0.2971115796079673,0.32387900894951616,0.34995997888518243,0.3754169540361537,0.4003023448183846,"3.784189633918261"
-0.3425795989457614,-0.29646006636755146,-0.2583697651187112,-0.22456142121760095,-0.19336699188340137,-0.16371568686851165,-0.13474043713312384,-0.10563895189044388,-0.07566817497428746,-0.044227141831711156,-0.010926400407865943,0.024454535954366908,0.06209182223228967,0.10223109606983,0.145269833292668,0.19186552122833223,0.24320195299988415,0.3019491889341729,0.38579610871147013,0.4519724872297461,"2.8903717578961645"
-0.21843167267601227,-0.16227721274473764,-0.11468806221621215,-0.07193032201833537,-0.03249288988777869,0.004442006007479208,0.03938508386646646,0.07268432737111288,0.10459125466720176,0.1352956110014124,0.1649452757108834,0.1936584907774954,0.22153177992435188,0.24864529794043097,0.27506657108756066,0.30085318895234886,0.3260547895767935,0.35071455443924043,0.3748703550051339,0.3985556462141466,"3.58351893845611"
-0.3371972185396938,-0.3207500056522846,-0.3221595478238897,-0.2933048517856439,-0.2891721668564286,-0.2676451229081045,-0.2606486803776537,-0.24197678918072799,-0.23370139952791014,-0.2157149022968579,-0.20624114588680653,-0.18866281235405152,-0.17729452400412588,-0.16092761330220565,-0.14656172872291695,-0.13358233724422502,-0.11466323386140174,-0.11892427484916719,-0.08372804086992887,-0.0402867575670188,"3.5409593240373143"
-0.33774654669535153,-0.31703066696026133,-0.30849614636218387,-0.2795241153512919,-0.2855874915112791,-0.2433389797478849,-0.25286791892441596,-0.20593115586267252,-0.2020067474289376,-0.166575093297553,-0.15241815114381674,-0.1265239371355933,-0.1030020363232618,-0.0627133293143318,0.028703131965369656,0.10109425083260294,0.1615454075298148,0.2139529813400455,0.2606257872103603,0.3030063360992141,"3.1780538303479458"
-0.1448980423831253,-0.11622275119387303,-0.09282948770706467,-0.07164487878717794,-0.05103193556143638,-0.029745225649274083,-0.006861697542636452,0.01787607848255146,0.04163582758374667,0.08752518198940722,0.15468225491710808,0.19540276982131027,0.23003595009567707,0.26114138067595993,0.2897929556507084,0.31658169011835763,0.34188056966722224,0.3659456423737668,0.3889630511021944,0.41107388147410256,"2.1400661634962708"
-0.25568134094947714,-0.2194481594851338,-0.19765301372943667,-0.1518489353126179,-0.1425856577954728,-0.08586403693850826,-0.08448300144788219,-0.017632185560626543,-0.02256103817281023,0.05509989932092991,0.08076776105619612,0.13301591999007592,0.17833639549984925,0.217324967337702,0.2531903327181442,0.28696626216357163,0.3191625574299318,0.35008419166110366,0.3799351245003543,0.40886199966038456,"3.912023005428146"
-0.09156852631654074,-0.07265717399973089,-0.07751471936204789,-0.025869139398451653,0.0038619332574100405,0.06532475940256068,0.10499326566833907,0.1365726771200347,0.16389235516853065,0.18841148342009692,0.2108900154280655,0.23178850365542153,0.25141296350706904,0.26997982963844663,0.28764928356413855,0.30454404156642834,0.32076071353286684,0.33637705291365183,0.3514567891249933,0.3660529649609873,"Indeterminate"
-0.37385409009727966,-0.3614580202432948,-0.35105224380039374,-0.342133550528184,-0.3341733942600179,-0.2654994289497432,-0.19032920318693422,-0.12885469424355048,-0.07683233287176686,-0.03172119965316046,0.008122354616400727,0.04382213578999857,0.07617937669039823,0.10578457970032416,0.1330849488778296,0.15842701448570407,0.18208461042925675,0.2042778208734162,0.22518615992868773,0.24495795795137543,"3.8501476017100584"
-0.27715910329638255,-0.25398297200791664,-0.2397190456658811,-0.2352790986056192,-0.20606135763504305,-0.19474051088832015,-0.17652926538402627,-0.15381430526850765,-0.1418547622547046,-0.06935722825679642,0.01013466605580606,0.07296257199973483,0.12538414760778832,0.17077870532379494,0.21112890842449153,0.24767439374295872,0.2812359824415651,0.312384837991874,0.34153513763409643,0.3689975616291658,"3.1780538303479458"
-0.31792740884045945,-0.3053704141384277,-0.2974256815461543,-0.28198402954182983,-0.27852940528851977,-0.26047956880003714,-0.25809203614656134,-0.23949081500465427,-0.23572692091421588,-0.2185109367678681,-0.21282606065478785,-0.1972512146845537,-0.1898740438911017,-0.1754499449727115,-0.16683440935045124,-0.15280891691666118,-0.1436902779871363,-0.1290457941768838,-0.12091597873563054,-0.10412380404083672,"3.6506582412937387"
-0.33496637254303774,-0.31205292809521606,-0.29430769198917145,-0.2801288689809241,-0.2699664472867622,-0.280518714001253,-0.24539559856894805,-0.2305165507908727,-0.22224557161285452,-0.2121876909134093,-0.14964671868721313,-0.07237478561770783,-0.00855966267900835,0.04595177376295258,0.0936906262582875,0.13630346887397324,0.17491368440775623,0.21031559157018007,0.24308804934132996,0.27366435555462804,"3.6375861597263857"
-0.3553193541079974,-0.34116585888393713,-0.3216405287897905,-0.3075611001620222,-0.28950047481442404,-0.27720974989110747,-0.25735156194682723,-0.24871310448901274,-0.22482631606312378,-0.22387246450190687,-0.19154469895525156,-0.19384437287960873,-0.15694317596179516,-0.15323758472640187,-0.12040565408680849,-0.13615252326962926,-0.0820577017034657,-0.06736205822966987,-0.033722298216268626,0.0455711210394866,"3.2771447329921766"
-0.35218406738534735,-0.33485722236318427,-0.32403216501071097,-0.3023395557546973,-0.29707938036453124,-0.27188508391903693,-0.26743928342875956,-0.2414306504408827,-0.23554108617562147,-0.21011840418946412,-0.20311311497820525,-0.177355412006986,-0.17209086840233162,-0.1427990019550904,-0.14222618863929182,-0.10709137842149084,-0.09145055616152192,-0.08443394423599018,0.009194626587048131,0.07629579905404929,"3.3843902633457743"
-0.37483638638302214,-0.3513693615388942,-0.3408183072997783,-0.3157701296638007,-0.2946116463289917,-0.28674117150411815,-0.2608226484682176,-0.2402208003180867,-0.23161995068602814,-0.20635460157583096,-0.18457719336631792,-0.17319555244395887,-0.1498394554231053,-0.12577637144104442,-0.111689340577448,-0.08849564079591023,-0.06215137575225843,-0.047766112307559255,-0.018625345838601252,0.007351652248813839,"2.302585092994046"
-0.16849638654297658,-0.1604452683975899,-0.13157439019682485,-0.11386745642495774,-0.0977109413235501,-0.06905660723127664,-0.06979844981650338,-0.0193143950287077,0.0363452411864041,0.10244747222153594,0.14961303088530523,0.18853474577153,0.22257172399445727,0.2532548381038055,0.28143971027870085,0.3076648208404124,0.33229640531298643,0.3555975854209275,0.3777652829837645,0.3989516163146649,"1.8718021769015913"
-0.06071586241390097,0.0060426990528921936,0.04049526852135722,0.06921459390132578,0.09479526286907332,0.11823963949742573,0.14008120317530454,0.16065099400317653,0.18017397211388766,0.1988125403654826,0.21668912667984788,0.23389908678739305,0.2505186136962505,0.2666098563458194,0.2822243770522487,0.2974055698428449,0.3121904016164834,0.32661069678867577,0.3406941051549615,0.3544648444401593,"2.302585092994046"
-0.40813795829032273,-0.36360360614607673,-0.32786991721020636,-0.2977894822241209,-0.27335288851623524,-0.2643067723015454,-0.22091795412796314,-0.18308584094015218,-0.15110514753692125,-0.12233158373744872,-0.09841294291909734,-0.0841764832006193,-0.025610617183662,0.017215662534831103,0.05749816001202351,0.09587397701610167,0.12547176876330832,0.18307005214849523,0.24503817039634018,0.3175111071095718,"2.0794415416798357"
-0.3889583699667337,-0.38177974592376374,-0.3746011218807937,-0.36876066675105423,-0.34260315284365533,-0.25913578178608193,-0.19226211992903566,-0.13658855400626632,-0.08889120026046224,-0.04716105189018547,-0.010061074669924099,0.02334322402882352,0.05373028597393638,0.08160792037775232,0.10736590907575795,0.13130984797683523,0.1536837090937774,0.174685340675899,0.1944773936041054,0.21319519869015366,"3.9219733362813143"
-0.3664111254523508,-0.34500332627015906,-0.3423159590074397,-0.3092701142626023,-0.29164870667018444,-0.29347267902802315,-0.2567616277768527,-0.24069110576069844,-0.23525894253396545,-0.20457789716864533,-0.18842002883923406,-0.1807030423597796,-0.15024845597253492,-0.13320646041258707,-0.12237399759084293,-0.0918847683227923,-0.07443857064301754,-0.05608028295836508,-0.02803607773645034,-0.016732612709554322,"2.4849066497880004"
-0.19368724383573063,-0.17277769677472987,-0.13207848663214405,-0.11681725105368732,-0.07137781175310859,-0.0731237500820259,-0.008553418216171312,0.012863513926051675,0.059789306907350424,0.0865692389971252,0.13964308149256585,0.17852493344049855,0.2131392517299345,0.24521239037606868,0.27546703206569717,0.304302099339876,0.33197173395033897,0.3586527170024028,0.38447552465577384,0.40954064147950187,"3.6375861597263857"
-0.2673272306723508,-0.24488242894881987,-0.22728621844136704,-0.2126206923851964,-0.20038792878228415,-0.1909098019511808,-0.11823056229787114,-0.041199957665854804,0.019209795068059036,0.06916438361084733,0.11199115836632949,0.14966619427787292,0.18344426575404787,0.2141669648413293,0.2424251969202705,0.26864986250178735,0.29316514620302747,0.3162213413232751,0.33801592851623474,0.35870761035480275,"3.295836866004329"
-0.3799944879909457,-0.3717061767384691,-0.3634178654859243,-0.356578517344877,-0.28039091768612356,-0.19886305176751357,-0.13376050887673113,-0.07955389092928909,-0.033100081693686376,0.007559644203688358,0.043727717813142074,0.07631316567598787,0.10597497870038743,0.13320580986253397,0.15838347729714458,0.1818040289202688,0.20370373377290826,0.22427415733146328,0.24367277039095725,0.26203058826322173,"3.7495040759303713"
-0.23315304180881494,-0.19846625522371097,-0.17729004031826132,-0.14892690520908133,-0.11203232119016261,-0.08658266139274202,-0.07865172664063717,-0.025116932223421783,0.008067882593237262,0.03182739014715549,0.0680321787704443,0.11333006223993561,0.14874014530383214,0.18651907346437213,0.24408826867300548,0.2921294437773214,0.33317531546166446,0.3706131691618557,0.40561058196154787,0.4387634556969269,"3.5263605246161616"
-0.35798486830431586,-0.3421324382873217,-0.32922275303389736,-0.3180516161707858,-0.3079797947771847,-0.27413771366358475,-0.19025093582586666,-0.12290806746593656,-0.06672764619062833,-0.018495811436277012,0.023798844406692696,0.06149776982215304,0.09553819479223648,0.12659907718428387,0.15518705447835104,0.18168972714398304,0.20641002573643424,0.22958911217321157,0.2514220757197804,0.2720689613966777,"3.7727609380946383"
-0.18963713078923883,-0.17018056740121784,-0.1744133776168687,-0.1374351145160141,-0.12307340600761106,-0.10623462589635993,-0.07592625782505531,0.006065007251861229,0.06737872214919893,0.11493085846089166,0.1546367967169819,0.189245373342507,0.22022978063015292,0.24847665207829395,0.27456594932302214,0.29890068814785054,0.32177394933518105,0.3434065282656005,0.36396952278201583,0.38359861191376826,"2.6741486494265287"
-0.17273469503696573,-0.14015172221928848,-0.11388696483256726,-0.09128892700017407,-0.07207728307779372,-0.06339302416370046,-0.026597992540427093,0.00822749027824217,0.041144306589120196,0.07497982982891829,0.11061743755511866,0.14667937011279866,0.2043413889175109,0.24523703195072963,0.28096416863746887,0.3135899868556776,0.3440097062046835,0.37272516563891384,0.4000576677811289,0.4262305225332496,"2.9444389791664403"
-0.41888339193926105,-0.37230993027011844,-0.33440761756921733,-0.3016605104850685,-0.27298989998657114,-0.24893819374347342,-0.23810643222019737,-0.19682925879723637,-0.1567890331845058,-0.12217204001222341,-0.089465400108606,-0.05801035598955959,-0.028707527077287635,-0.01113121556380154,0.04147085135896894,0.09296605719611362,0.14103912680853722,0.18881033957519944,0.23528911706073546,0.2794161777962197,"2.3978952727983707"
-0.07213095068947294,-0.05086820042245285,-0.02006124692238486,0.023404163158462943,0.06185026347941624,0.09285083141392686,0.12022572364053369,0.14522676272404272,0.1684793876584699,0.19035886434159796,0.21111507216572947,0.23092602556327319,0.24992470977316747,0.26821404016384787,0.2858758675239724,0.30297672527951686,0.31957166991106944,0.3357069442856205,0.3514218821631512,0.3667503055932507,"2.3978952727983707"
-0.07698308573119009,-0.059689540821914175,-0.021457422598114437,0.015315631724561395,0.05607201842829317,0.08806214385194593,0.116178322265415,0.14182247274128576,0.16566526123255837,0.1881007771949089,0.20938839071650034,0.22971157158259123,0.24920675812643228,0.26797921882683595,0.28611250338439537,0.30367442937709077,0.3207210602483512,0.33729945222378976,0.3534496120583958,0.36920592974870137,"2.5257286443082556"
-0.2014298241543858,-0.18115341360616485,-0.16476998868087994,-0.15770734839320352,-0.05091886999303541,0.013121588014692837,0.06165826707300817,0.10116523818504153,0.13476987774060784,0.16419968796618312,0.19050942111045627,0.21439188612964083,0.23632755955777468,0.2566638995438076,0.275660666111433,0.2935173868351758,0.3103908098685452,0.32640643633102306,0.34166639467636045,0.356254969773155,"2.8622008809294686"
-0.4098562943856186,-0.3745330735490879,-0.3484830517452953,-0.33460257570243557,-0.3049493898895913,-0.2734210492986847,-0.2512169433406921,-0.25253476992141893,-0.20257824189263737,-0.17283896376747263,-0.1503036541577782,-0.15532251347238346,-0.09429166182925564,-0.06198783311465617,-0.0367248764250981,-0.017189491149141752,0.032221526769359625,0.06696906596114234,0.07283173099701092,0.14447781720482586,"-0.6931471805599453"
-0.19810387481732641,-0.1635018181807148,-0.13511083523176107,-0.10978807772606501,-0.08601960540897635,-0.06271818553951951,-0.038946208572477735,-0.013926288760294262,0.012833466799526039,0.04146453721523191,0.07152728297803931,0.09855889206552416,0.1504145983404945,0.22447311430263306,0.27114639842918165,0.31105393140399906,0.347164804568802,0.38065023471425935,0.4121405884815977,0.4420298970051244,"2.803360380906535"
-0.1895383727224151,-0.13558961510305625,-0.0900607459243076,-0.049261343099026966,-0.011701755410071063,0.02342229058925546,0.05661202752984732,0.08820833320870199,0.11845717293361022,0.14754381931184796,0.1756124654380247,0.2027782596460104,0.22913509083252545,0.2547608420881903,0.2797210606429765,0.3040715965784276,0.32786054706439277,0.35112971932077325,0.37391575171872077,0.39625098677201914,"3.449987545831587"
-0.3255644801679803,-0.30225672122845154,-0.2842680156484698,-0.26997207715203286,-0.2599740667319772,-0.27238554302166373,-0.23371579264142192,-0.21852584691724242,-0.20946594778676372,-0.16898247148061593,-0.08503616408266994,-0.01718467376727033,0.03991135128842458,0.08938467506006123,0.13320454325078993,0.17267931993700847,0.20871433646970522,0.24195777307097915,0.27288787991546154,0.3018670424227903,"3.56953269648137"
-0.2785590592164658,-0.21828024284696265,-0.1668474806045343,-0.12043598346684242,-0.07749249542978305,-0.03717363565912359,0.00104893906721109,0.03753624834545481,0.07254991583666139,0.10628778511204597,0.1389043883961807,0.1705235398033583,0.2012465031002691,0.2311575172506079,0.26032766564084814,0.2888176645396654,0.31667992225017794,0.3439600918526958,0.37069826354519186,0.39692989493207753,"3.8066624897703196"
-0.4178652604157436,-0.3690455377100227,-0.3287838886905347,-0.29329043061908633,-0.26099502727336155,-0.23105139456017937,-0.20300641858434626,-0.17682780647843444,-0.15357264474792992,-0.14347554781553123,-0.09635588918166346,-0.0519966192201938,-0.011224264212638134,0.029400599190478813,0.0709262891470392,0.11390164533108081,0.1587303565531489,0.20576284623115096,0.2551829033858872,0.3054319484440754,"2.772588722239781"
-0.3783334881402027,-0.3675810296357142,-0.3585549688981401,-0.3508188169996202,-0.3438119710283416,-0.32094698011119055,-0.24465700557842912,-0.18258374898177643,-0.13006859211748195,-0.08454922389169332,-0.0443688223247685,-0.008393691371159067,0.02418580386743556,0.0539675498488355,0.08140518643055379,0.10685075669353154,0.13058275128242758,0.1528251571073149,0.17376075118791803,0.1935405961548266,"4.007333185232471"
-0.2494194303508897,-0.22890558886118398,-0.2399025291281217,-0.19404853217196472,-0.18586327856766324,-0.15886762864281592,-0.1418249085197025,-0.12432375942322228,-0.09730211581633205,-0.038856316484814364,0.040989806410338676,0.10224674537787182,0.1527024255616254,0.19622413815486955,0.2349117531702619,0.2700097821681097,0.3023157155742934,0.3323735489524,0.36057290009957604,0.38720372077299786,"2.917770732084279"
-0.10028593366499461,-0.08993105292038304,-0.061268889255597675,-0.04366454431752927,0.04114171436692955,0.08511610290940229,0.11876995188190718,0.14709843999135064,0.1720206033317609,0.19452049324589482,0.21518346739368316,0.23439149477049517,0.2524102475593664,0.2694333727688576,0.28560718477951563,0.3010454302111919,0.3158386095930714,0.3300601252204259,0.34377048428259915,0.35702026022913036,"1.5040773967762742"
-0.10509451256465595,-0.08418332867707318,-0.04509242428031219,-0.023062334721847898,0.023520794858164582,0.062239022366405654,0.09454437783079137,0.12362109825148092,0.1505351049606215,0.175824993990616,0.19981781136557483,0.22273405990359402,0.24473277852177794,0.26593419399266377,0.28643239453566094,0.3063029967165129,0.3256080669092616,0.344399430878907,0.36272098434571165,0.3806103565334061,"2.995732273553991"
-0.32248188039275383,-0.2899733483716373,-0.26899038035051603,-0.25579362571098385,-0.21520366161237553,-0.19007834971282525,-0.17939833398830665,-0.1421048890083859,-0.1089480890738016,-0.08408542913417633,-0.07304087933428872,-0.01922373612576314,0.015344766054203193,0.012825000229901741,0.09267506482727592,0.15466033082286998,0.24927241162973604,0.31702110424122737,0.37359584701073784,0.42373194992036023,"0.4054651081081644"
-0.3412177486783851,-0.32731638155449944,-0.29925724025437905,-0.2877643927415998,-0.2588928980647313,-0.2550800875090305,-0.2180533631236125,-0.22005897661249257,-0.17567943868897365,-0.16570625036969647,-0.13036407170083938,-0.12024505732106924,-0.0810825488245927,-0.06716545630473653,0.012373459987357133,0.09992597511744129,0.16954603597305895,0.22818401698971552,0.27952226150912823,0.32566964128730047,"2.9444389791664403"
-0.28163100762608007,-0.25936742351769065,-0.24495883632104795,-0.21133414910744172,-0.19551553427073692,-0.1720192382274478,-0.14238338911835532,-0.12816808244848302,-0.09568587963627474,-0.06556302743716723,-0.06613564573562657,-0.0054052224898651,0.0002111627703368282,0.09883487615177282,0.18071150567262226,0.24260610003780952,0.29449349652370976,0.3403063301235756,0.3819093021528039,0.4203555819764177,"1.9459101490553132"
-0.3452422630385544,-0.33714838995406976,-0.3137113555067836,-0.30154431015384636,-0.28652447740724846,-0.27026476807944255,-0.2657019657334324,-0.24127356471062272,-0.2333667255547333,-0.21418179044372554,-0.19932160047057704,-0.19096936101677117,-0.16830615427669782,-0.1610899369722624,-0.1382814510213184,-0.12335453891211748,-0.10876337733353547,-0.08834868776133697,-0.07919845976849536,-0.05282530938030973,"3.1354942159291497"
-0.4259208647969207,-0.37798381727064284,-0.338610719508986,-0.3041237850974865,-0.2730981641043426,-0.24497325025194913,-0.22005875696173238,-0.20182801539180842,-0.17883673772219744,-0.13160548628961646,-0.0937326486046046,-0.05760125940565424,-0.02170150153016212,0.014506303628317395,0.05110585436183001,0.0875623374685209,0.12078260209053747,0.15616083201621575,0.22562035930210658,0.2873506644378007,"2.6390573296152584"
-0.20122301319833724,-0.17992352982792673,-0.1631890588286726,-0.14922674906610034,-0.09468948817305559,-0.016277664949763418,0.04027748012042536,0.08500844237378982,0.12241846527575564,0.154841919128697,0.1836338833089222,0.20965190384414303,0.23347463540633534,0.25551198220801885,0.2760655279270336,0.2953640088629924,0.31358529005413016,0.33087058999267893,0.3473340292194315,0.36306923989654344,"2.8903717578961645"
-0.3557566424221803,-0.34822925529987414,-0.321143962096739,-0.3085198642890111,-0.2910362392540996,-0.2737566362557087,-0.26668676218639287,-0.24141694690279922,-0.23394295558947137,-0.2108632546528545,-0.19501074773501972,-0.1832688506918719,-0.15970640240550832,-0.15606422197148728,-0.12493150960902495,-0.11038943579008566,-0.08926366622781677,-0.0700452983988921,-0.05060733506014677,-0.030104318130409438,"3.068052935133617"
-0.3406063785653157,-0.32286879236851135,-0.31825814802584945,-0.2963072302658532,-0.2854868162570817,-0.27162611380527957,-0.2578136759825022,-0.24695013843588123,-0.23061415742742292,-0.222012915121727,-0.20281392637730894,-0.19834917848933878,-0.17407138465070854,-0.1727640213781071,-0.14475879290436472,-0.1322722962733483,-0.11744818359642481,-0.09780172425867684,-0.05324489159027721,0.013378356437290476,"3.56953269648137"
-0.4214247704920884,-0.37759745118681765,-0.3428704711408536,-0.31452332555598267,-0.2947442072351722,-0.2742652218033256,-0.22971131593393207,-0.19717273833378177,-0.16957411046638096,-0.14983267081206622,-0.1207911388631226,-0.07423515373261241,-0.03613274153241826,-0.0011979487002562277,0.028511396889448818,0.05917858844534856,0.11967521396679343,0.16877636809577407,0.20600598989000707,0.21776510418921843,"1.791759469228055"
-0.3073413508484778,-0.27383656252985333,-0.25013399979400697,-0.24741490784674308,-0.20234791205079042,-0.17286056936069608,-0.1511707158257717,-0.15458248904597244,-0.09593078616913715,-0.06355907757977167,-0.03746829239328301,-0.021744906714267882,0.03346130805317874,0.07119378757239207,0.10146201786102331,0.18778850544869083,0.2716538231596613,0.3335233011897239,0.3863278285251086,0.43364806455093075,"-0.6931471805599453"
-0.27857675317245617,-0.2367861982649091,-0.20237222971491692,-0.17188798996869983,-0.1438111813129488,-0.1171913164656619,-0.09131155613408921,-0.06561076953968863,-0.03979225417773019,-0.014289035656391542,0.006839540394688725,0.041208392815765056,0.09268837254843737,0.14025675419352432,0.18987350840070624,0.24437504423088727,0.3091106423746329,0.36883409956668683,0.41847731685324585,0.46313204778371025,"3.044522437723423"
-0.3296963710408634,-0.31157182884111084,-0.29833829087645536,-0.2904846440509471,-0.281333244652293,-0.2661904047631937,-0.2615991630994992,-0.2460401561057736,-0.2345775858601643,-0.23086258461776393,-0.2112194632058869,-0.2037234355863884,-0.19043608190063918,-0.1760426104580758,-0.17117022204417698,-0.15355120110641493,-0.14080967340796643,-0.07899750127550192,-0.022235245593860375,0.026889721577985914,"3.817712325956905"
-0.3511245539458552,-0.3329778294757187,-0.3183109927285398,-0.3055883657313854,-0.29421742511454546,-0.2839022557216193,-0.274486615378486,-0.2659062372439011,-0.2581905536049857,-0.24917555805498676,-0.18352538207182423,-0.12325366961010725,-0.07136411498907867,-0.02576121856206045,0.014959844076456005,0.05178796583823219,0.0854449317952541,0.116472441067906,0.14528627855508233,0.17221170795069357,"3.9982007016691985"
-0.2034699238113342,-0.18176257903842383,-0.1652241343436314,-0.15234302651813506,-0.1477788980979976,-0.05369240906971993,0.013595029763152952,0.06479956787338002,0.10664609078567071,0.14240298118311007,0.17386544014527588,0.20212093166930292,0.22787963356067456,0.25163241496942795,0.2737336933033461,0.29444833304567253,0.31397986636726655,0.33248833530641014,0.3501020399987989,0.3669255414222379,"2.917770732084279"
-0.35098572146243046,-0.329492230229989,-0.3280230450568151,-0.29620960381635336,-0.28449520392677763,-0.2645008997325178,-0.24852876284224423,-0.23230067790388548,-0.21228302963379017,-0.20043584223777586,-0.17454923820765833,-0.1788812683185993,-0.13642475909387342,-0.11829311607651845,-0.071939367650366,0.013261650985009947,0.08251059278695803,0.14119989367950195,0.1924927930039666,0.2383625147364677,"3.349904087274605"
-0.25775849337309736,-0.22379809384928281,-0.19740571003518545,-0.1767343719285102,-0.16988952609412594,-0.13245281002946654,-0.10068403686585323,-0.07344371716927739,-0.04888883489987954,-0.03219944604149456,0.0061945828211931704,0.04924962629898914,0.08848460842148848,0.11847859464125064,0.20135237082643784,0.2702309331715746,0.322961491145283,0.3687947766539962,0.4103058741513783,0.4487134783091976,"1.6094379124341003"
-0.3228021644795067,-0.30721229008606277,-0.27811345626308603,-0.2552620494992569,-0.24377568818767018,-0.20871380846756493,-0.19532649203406038,-0.16506385442160249,-0.13891457467222007,-0.12738924341211755,-0.08517778442804885,-0.07437046233408111,-0.027664577982639806,-0.04660039889999354,0.0811930943481352,0.16748667094313524,0.23458524423140711,0.2910279448358423,0.34074169399345267,0.38574872175501573,"2.4423470353692043"
-0.346705374079232,-0.3268391322235196,-0.3109022550295266,-0.2972634234583155,-0.2853461470267487,-0.2749648643902766,-0.26627805224081835,-0.2603638938471257,-0.2651199840037489,-0.2405557495797902,-0.21325155973564397,-0.1417352553437742,-0.0813070790192179,-0.029200356932852608,0.016673792874936415,0.05771792959438489,0.09491910337154606,0.12899620297670886,0.16048693504519668,0.18980246842197865,"3.901972669574645"
-0.3072958318120643,-0.29511670037220106,-0.2900427130084489,-0.2735686895331362,-0.28901980505184255,-0.25373164814124854,-0.25547796119483845,-0.23431469864915905,-0.2370447099465974,-0.21485421838079125,-0.23435172060397116,-0.195117905990812,-0.19664558055400036,-0.17492923560051776,-0.17392573438255243,-0.15411763649199436,-0.1533471882402445,-0.13254897858116071,-0.1398871750689775,-0.11025805984936057,"3.713572066704308"
-0.2423493753289752,-0.22500173295997075,-0.21043880428426942,-0.15377556082257687,-0.06534551946048034,-0.0022237107752907234,0.047075718783385026,0.08774398789533223,0.1225208557624533,0.15301637224347858,0.1802555485838054,0.2049315402161987,0.22753529766337566,0.24842746511834363,0.26788088742845684,0.2861070675164276,0.303273341977248,0.3195144293371718,0.3349404292472382,0.3496425067675236,"3.044522437723423"
-0.15696269264550855,-0.13637911077973777,-0.12316211825136478,-0.1539224846020869,-0.05961424068051536,0.01625998444353049,0.06766094297545218,0.10774045247840981,0.14127696258850564,0.17048617398679086,0.1965855747097174,0.22032320190382856,0.2421951067334941,0.2625489731775273,0.28163897546536104,0.29965718859519636,0.31675269986436516,0.3330438158793523,0.348626175899795,0.363578326447037,"2.5257286443082556"
-0.4091133352482123,-0.36937281496035423,-0.338960727807246,-0.31706273240744837,-0.3085255531101222,-0.25980506836959766,-0.2297203505718337,-0.20685661853512718,-0.2209943752674767,-0.14919988383986665,-0.11466160699426771,-0.08569277073114635,-0.06713453004567195,-0.026269727162413336,0.017917390526484212,0.05492404757390488,0.07818723600844667,0.1352748845387433,0.18362055603800237,0.25350647308119023,"0.9162907318741551"
-0.3747296046767821,-0.3280427723324246,-0.2897195976094622,-0.25603241708960717,-0.22545075872141626,-0.19719772648096404,-0.17101472415639524,-0.14760468497035412,-0.1337297529600492,-0.09503123272578319,-0.05019514200918305,-0.009748525653294532,0.030542527815877393,0.07187565152501132,0.11487536420733836,0.1599968937744104,0.20753342035433547,0.2564482120165697,0.3172993040468963,0.42165070757554324,"2.6390573296152584"
-0.13490978309721255,-0.1059801113389475,-0.08483126352251577,-0.0816428975068516,-0.03824268345157208,-0.00740706843579253,0.02027269373882128,0.04371392664060963,0.0800924522543885,0.13116768603598272,0.1709097246028764,0.20437252846042614,0.23453448936576746,0.26246332473709155,0.288712000033793,0.3136193198124,0.3374142857614834,0.36026202466435553,0.38228719767351504,0.40358719988644004,"2.9444389791664403"
-0.34297507167819313,-0.3209022930669166,-0.3035418165471333,-0.2892007327646282,-0.2776200134888975,-0.27013114426817636,-0.26709811353705926,-0.2446580919918479,-0.23178741326817515,-0.22423417944159357,-0.1901756972714597,-0.111090817085693,-0.04574847446146382,0.009987689272179868,0.058707500465340366,0.10209988151031454,0.1413237116756339,0.17720365468952531,0.2103438031650457,0.2411978770518102,"3.7376696182833684"
-0.17482078653984862,-0.1441831962598292,-0.1193145862025583,-0.09725574144346147,-0.07665035375156941,-0.05672360056505825,-0.03743052023781899,-0.022769076290564315,0.009993402404985764,0.052207396870680794,0.09500881513572096,0.14851267187948963,0.20301495667255348,0.24469161023152824,0.2810642587571053,0.3141105552449797,0.34475988664722507,0.3735516147392654,0.4008370489272432,0.426862528393382,"2.1972245773362196"
-0.15927193913123655,-0.1489067819147096,-0.12388778553900501,-0.11337746667338942,-0.0850428695528175,-0.06912559878568676,-0.04646228753460784,0.03704471775583142,0.09354125073505366,0.13657844880344597,0.17266933735199647,0.2043616183432082,0.23294332085884595,0.25917308094989194,0.2835429379488604,0.3063938424714784,0.3279737315480524,0.3484696650458757,0.3680269327312478,0.3867610675585654,"2.1972245773362196"
-0.11844582721171287,-0.09007994937120951,-0.06705206345148604,-0.04642626047079097,-0.027258787836301663,-0.013143232139131393,0.021114948060312968,0.0645258816029299,0.11281213618027207,0.1526164230399996,0.18549710062504401,0.2148248253310281,0.2417802126260791,0.26696871253485455,0.2907585411045955,0.3133969625709489,0.33506121083879464,0.35588434657513324,0.37596978903947725,0.3954001129478535,"2.5649493574615367"
-0.39299441951888403,-0.3614019949481046,-0.34565674116835743,-0.3153553082256089,-0.2846081350672831,-0.26772384141431055,-0.2423731236090042,-0.2086380391669331,-0.18710835325069394,-0.16990171745879737,-0.12797455934633656,-0.10081441145998399,-0.09490593252502941,-0.037505776998190916,-0.0059855610785754555,0.019830968057747894,0.06869421712240532,0.08753696599613237,0.2046107945978072,0.2925008603752302,"1.7047480922384253"
-0.26413425256892437,-0.2524896287138214,-0.22411479187306224,-0.21589508969852278,-0.1846175305726505,-0.19023051166564048,-0.14325557943347747,-0.14190765618194148,-0.0982194403532481,-0.10034900725323166,-0.04963883128608856,0.022579992078838262,0.1008407946674045,0.16137223361986436,0.21188865413316496,0.25602914683603045,0.2957072367559735,0.3320449949461236,0.36576142711945747,0.39734898937959695,"2.6741486494265287"
-0.15430457590305424,-0.12391574996868335,-0.1014389478848034,-0.09275221747685301,-0.055892225753670685,-0.024667845979422284,0.002300002546993704,0.02500980625477532,0.05212718264684344,0.1000834128074526,0.14210216441767726,0.1870882492435127,0.22343633155206966,0.25590088681206563,0.2858561764386614,0.3139638229651138,0.34061421302837164,0.3660652310467526,0.3905000100381603,0.4140553209317202,"3.068052935133617"
-0.07822753410903659,-0.03339374530730935,0.0033232034615766452,0.0356312355467533,0.06499408730381931,0.09218442963389083,0.11767559080681532,0.14178468070875175,0.1647376171534756,0.18670267369991184,0.20780952225896157,0.22816079937916153,0.2478395243122831,0.2669140632824037,0.28544157141294657,0.30347045003044937,0.3210421454474219,0.33819249417603636,0.3549527478872589,0.37135036722097753,"2.4849066497880004"
-0.3357635030445206,-0.3160096345331733,-0.30039798895841324,-0.2765089780691116,-0.2646927237452235,-0.23853183559608115,-0.2263595212664719,-0.19916753531057985,-0.18668607145691513,-0.1569505154555841,-0.15139614136141677,-0.11183437710206842,-0.09560990030357507,-0.034271006969314254,0.05530157972722409,0.12644600246960075,0.18603942692826586,0.23789347928937854,0.28423693589479265,0.3264483170347394,"3.091042453358316"
-0.3280377668246665,-0.2937419779942626,-0.26968569976790474,-0.2722347015095595,-0.21991997347072054,-0.19057815363161792,-0.1697671161258645,-0.15816170738621496,-0.11166241957978092,-0.08050806028216216,-0.05673937514079885,-0.031114055499355257,0.016473328945570753,0.05202059286581751,0.0780833391222165,0.1384771832983873,0.2357963660607574,0.31088857181926954,0.371045552117067,0.4235912770951029,"Indeterminate"
-0.3475163585411725,-0.30550669496534605,-0.271856777120007,-0.24347033851636135,-0.220250582165133,-0.21096055676609243,-0.16997245277856127,-0.1325121732510327,-0.10015134791633312,-0.06989467854847314,-0.04192573141719282,-0.023754209969971508,0.023113148349854486,0.07246531202529147,0.11822550184992399,0.16277500891507918,0.13623738967077115,0.30045314185620187,0.3804786177935987,0.44289574997805675,"2.0794415416798357"
-0.33791278943738157,-0.3183396234142174,-0.30320517057344415,-0.2913427992722469,-0.28379040905477915,-0.2781177719309925,-0.260329408177071,-0.25131846580377915,-0.24641671140796598,-0.22736674129664902,-0.2174874194585146,-0.2152067661413067,-0.19299045062633727,-0.18075862785388042,-0.13651687654239164,-0.07230710093955967,-0.017502350471910743,0.03040743776739506,0.07306648459270935,0.11160904602653048,"3.8501476017100584"
-0.34538841042489243,-0.3242878289860549,-0.3097005745772069,-0.3065570397279592,-0.2845754356349461,-0.27114838207718606,-0.26602025621507036,-0.24308921257899585,-0.23596953620845215,-0.21701865003006543,-0.20150855616276137,-0.20393712579664,-0.17148747472832296,-0.1570473555326003,-0.1327276333221005,-0.05483698427793726,0.009626250665823068,0.06480439149588708,0.11322646927153172,0.15654392747423196,"3.6375861597263857"
-0.29992833020911047,-0.2760917656678443,-0.25936920831581256,-0.2520736345916244,-0.2336271022337651,-0.21419435239635262,-0.20805890051727413,-0.18462639740795914,-0.16423709455718208,-0.12378846271144167,-0.036480170838146087,0.03205835796462396,0.08895829249538195,0.13793567324484723,0.18121219129047933,0.2201978682977865,0.2558325682818642,0.2887708074892036,0.31948614441599965,0.34833254243923123,"3.332204510175204"
-0.3291385302349865,-0.2905092537631744,-0.26037097151624666,-0.23664680548601175,-0.22638498761189088,-0.18918261772667594,-0.1543189543590144,-0.12559639351250176,-0.10109301518291432,-0.09214289286398841,-0.042225892362849266,-0.001197445431959978,0.035830200948445655,0.06926744309323057,0.09474878248275478,0.16279971050856526,0.22694728748404236,0.3200094281498623,0.38440768764308764,0.4394435382751689,"1.6094379124341003"
-0.1428670330116111,-0.12298834415621178,-0.11353589325748417,-0.09602210296316596,-0.03097971952086718,0.036571356756882924,0.08320903096216645,0.12012907410548176,0.15136108423466596,0.17878202658431314,0.20343605258189498,0.2259714218347425,0.24682170923886773,0.2662930028789088,0.28461045701800514,0.3019451394510737,0.3184304691631524,0.3341727738683147,0.34925834201322786,0.3637582899875432,"2.3513752571634776"
-0.18534398522955822,-0.16404265650176283,-0.147509381297902,-0.13408358717151658,-0.06674962420331487,0.005380835808506781,0.05755407219508136,0.0990765628739304,0.13400848134176496,0.16443445670991788,0.19156506831340886,0.21616873246038282,0.2387656410398687,0.25972539586516574,0.27932068181893976,0.2977588460905534,0.3152015047612539,0.3317772597644396,0.34759025185270154,0.3627260918233632,"2.772588722239781"
-0.33335018736423166,-0.3110054954969229,-0.2934703079076153,-0.27901184536048296,-0.267383279824117,-0.2600725736536738,-0.2556037081672752,-0.23339281607243656,-0.22004277388897686,-0.2604254036659768,-0.12513161190655442,-0.05564035989234959,0.0027454379984936774,0.05323099580249881,0.09783578648636505,0.13791020681762473,0.17439545673866153,0.20796922653033934,0.23913328070112205,0.2682684337349915,"3.676300671907076"
-0.14521908452568624,-0.11500270172687826,-0.0914642170556933,-0.073544195972267,-0.06644974272753565,-0.02210725925727992,0.009136278008071572,0.03925242519215773,0.0689062224771015,0.0465072338346694,0.15668280574572974,0.19605918039698056,0.22988340831703727,0.2605655575229423,0.289065066668517,0.31590018827068034,0.3413958109695826,0.3657746894087294,0.38919900842054694,0.4117920619606355,"2.917770732084279"
-0.22138571295062134,-0.19450022866669317,-0.1781596164104448,-0.1617175722230811,-0.1291933509154645,-0.10706304840201465,-0.09739588419849735,-0.06120966952776219,-0.029326311190050965,-0.004691556116110262,0.023970053670504334,0.0674776735366507,0.14004226110222176,0.2041031730292877,0.2532833817566038,0.29563999631349386,0.3337035943304374,0.36869618751330496,0.40133000402236646,0.43206782230173907,"-0.6931471805599453"
-0.34093290792754105,-0.3217907485195312,-0.31023142482485533,-0.3013325548050365,-0.28242972838002933,-0.2808562878244736,-0.2573491320200346,-0.24763958759291904,-0.23293170451267503,-0.2185772720435635,-0.21010269075127616,-0.18990190745936492,-0.18739191536893957,-0.16191041907108641,-0.14797117460146791,-0.1410833170925391,-0.11993987912715731,-0.04676191567275921,0.01568187499417416,0.06915156410626634,"3.6375861597263857"
-0.33835378023088053,-0.31177492922077044,-0.3139321632243287,-0.2624583979306469,-0.240524144331314,-0.23084045821471197,-0.18971409807737927,-0.1672141971250809,-0.1539005372928195,-0.11136911983227313,-0.0865954130430875,-0.06314628605350679,-0.02148170449734282,-0.006872660348090574,0.04658802209216391,0.11064460049264241,0.20595002623229106,0.2772020329782934,0.33639513442235786,0.3884198510363853,"1.9459101490553132"
-0.30486493530763653,-0.2865472632839101,-0.2716485505028271,-0.2587711073191417,-0.23726630609919985,-0.14402564873272664,-0.07174473422492615,-0.013793678422832923,0.03467862120440371,0.07644231646015487,0.11321933732945451,0.1461468501380172,0.1760125002005144,0.20338351722295117,0.22868176591753736,0.2522295209243111,0.27427857858471577,0.2950294603075912,0.31464448891925045,0.3332569420264648,"3.449987545831587"
-0.3117363763477514,-0.29193944032085617,-0.2691656650363907,-0.24134785625996505,-0.2402643563660614,-0.196946958459377,-0.17454804846798513,-0.16169567717904249,-0.12290779769213976,-0.10424413235468029,-0.07222347184137697,-0.041505872571034774,-0.015350249347342311,0.02097364158510099,0.11241524616988897,0.19285842765714775,0.2561086539703637,0.3098784983364344,0.357607237119525,0.40105709463786315,"2.2512917986064953"
-0.37503792522589846,-0.3102792772574163,-0.2545625694897354,-0.20401321183358415,-0.15705280337482216,-0.11282154948706827,-0.07077912063249182,-0.030555186351810915,0.008119396943024037,0.04544871205916558,0.08159257174032222,0.11667932846434871,0.1508141949317707,0.18408488131119152,0.21656554854927187,0.2483196616228072,0.2794020995947187,0.30986074900770166,0.3397377291453617,0.3690703493071622,"4.0943445622221"
-0.4069834385739559,-0.35600408129971306,-0.3138337333426355,-0.2764463987940344,-0.24209084355420712,-0.20969122146786742,-0.17842532750369558,-0.14756024899208495,-0.1163987954986773,-0.08431119723367661,-0.05081689978573247,-0.015634450897464257,0.021355786704337798,0.0601908387073368,0.1008571759671056,0.1431853914398397,0.1862286379534347,0.2212438981905189,0.29615255230204773,0.38334052167878474,"2.917770732084279"
-0.1942026398417821,-0.20619956303785222,-0.15594245783384572,-0.1454588984581124,-0.11858859738160629,-0.09895420481849639,-0.07812305274008034,-0.0515691135838004,-0.026443071261702783,0.04690222288447069,0.11173120274493135,0.16076573912219375,0.20179963515976876,0.23786595673663352,0.27045342553682883,0.30042218578639096,0.32832359964247154,0.35453700994416076,0.3793370964721545,0.40293058720349045,"2.1972245773362196"
-0.30237634979929906,-0.29578000317976505,-0.2581711897988825,-0.24181015330865985,-0.21877427322100038,-0.19408397854999856,-0.18769139391333262,-0.14766716966360136,-0.13437043326776993,-0.09968440914296145,-0.07705133122781786,-0.045808126994050326,-0.02545767841146816,0.06059839099231382,0.1442840152783396,0.20924264704682966,0.2637516551335163,0.31164563542660273,0.35491214796446996,0.39470864632494596,"2.5257286443082556"
-0.25154188451768095,-0.24891193086983177,-0.2107057601843145,-0.21225689476058487,-0.1713141775631267,-0.15796604472934708,-0.1306398198958762,-0.10988360619689105,-0.08532247001234831,-0.06168970820366271,-0.031007900506255303,0.0502776263791409,0.12287183680043806,0.17951571283769893,0.22723093547477427,0.2692317947715263,0.30719330672480333,0.34210371325434724,0.3746018638770279,0.40512898064619335,"2.5257286443082556"
-0.3674466246948019,-0.3581999290938362,-0.3280531991511907,-0.3258963552083193,-0.29141187807520763,-0.2897797115444818,-0.25570589757082846,-0.24333275820911596,-0.220334701573406,-0.20182068562145367,-0.18487636580898786,-0.1606563089136298,-0.14820959327667177,-0.11827698527349574,-0.10554371719608549,-0.07416036513128578,-0.05415651464468285,-0.03260169653240203,0.06551149235056923,0.13859272207947018,"3.091042453358316"
-0.3683602101104898,-0.3672253112039051,-0.3262729409570249,-0.32521469052973745,-0.28763258568930977,-0.2748164306661377,-0.2506573359621945,-0.23087355738752313,-0.215560470023324,-0.18812978502409455,-0.18960731210059456,-0.14466241858366669,-0.13651845230175527,-0.09874366363210395,-0.08909478814992298,-0.04928742789951949,-0.03271485434329616,0.057938962305449045,0.13844999234903888,0.2043571100115566,"2.970414465569701"
-0.3195020607040065,-0.3055081726729921,-0.2999137796953799,-0.28075687204867855,-0.2952189266950616,-0.2578120935401317,-0.2605662949972852,-0.23515088889037228,-0.2385884703340031,-0.21222137671742639,-0.2210736615836753,-0.1887270720999708,-0.22106139805135636,-0.16444343719953633,-0.16787285515644157,-0.13924055864127766,-0.13406842757129397,-0.11332679649554475,-0.1023732317885222,-0.0881364096940866,"3.597312260588446"
-0.31587391970458106,-0.2979521821518396,-0.2833710159818483,-0.27076437735836695,-0.26377224217069056,-0.16701520347624338,-0.09224125833077662,-0.03232112338066623,0.017759652671511195,0.06086708325816628,0.09878711457098038,0.13270195086148645,0.16343163818404954,0.1915671431135498,0.2175480666336138,0.2417102093543788,0.26431588658503746,0.2855739475525097,0.30565341372828575,0.32469302685216056,"3.5115454388310208"
-0.29915229674073907,-0.27634388256225934,-0.2615432491639077,-0.22739904099109384,-0.21158022497828444,-0.18731849073667714,-0.15773725457632137,-0.14420512898288768,-0.11090089217530553,-0.0810844476408442,-0.0998916620874022,-0.022008276070112978,-0.001402370742519526,0.038802526676755565,0.14149902784897803,0.21586060697906165,0.27510587939434905,0.32606757365025624,0.3716623126079592,0.4133983942751395,"2.0149030205422647"
-0.2265706408829061,-0.1851291869112532,-0.16148536753818915,-0.12120995466904888,-0.08624651363317817,-0.06127115415329182,-0.013911910612850256,0.004329674464095038,0.060752726673832906,0.10388461015601753,0.14126802657762433,0.17570756591454897,0.2081479224660324,0.23906329125676834,0.2687406829766613,0.2973738270202714,0.325103090179438,0.35203532236233587,0.3782548551294018,0.4038301047984151,"3.8066624897703196"
-0.36212718351957407,-0.34253266513823755,-0.34068392719369245,-0.30681694845570784,-0.29246668579240825,-0.2799583761111427,-0.2566560646407197,-0.24541551932838726,-0.2276613062333871,-0.20691667522627782,-0.19767504975412298,-0.17537664690544996,-0.15526366998834495,-0.14861580693055346,-0.12021466049339152,-0.10040059886140565,-0.10094872557092797,-0.06034863464660981,-0.042710632675567115,-0.02144400307653049,"2.6390573296152584"
-0.33955588603373954,-0.29242908838423665,-0.25347870841914,-0.21891223650463337,-0.18705286705390292,-0.15683807987777695,-0.1274224244573595,-0.09803380202810054,-0.06795661295598181,-0.03660473459428943,-0.0036028839673527204,0.03121881783052987,0.06790214228616974,0.10639074675308223,0.1463248391245697,0.1855055751091453,0.22310517483871228,0.3089902908725355,0.4015874440956847,0.46514189279753,"3.068052935133617"
-0.35000919140590936,-0.330003357557819,-0.31391502659893,-0.29999811676496396,-0.28757719893650113,-0.2763160751802654,-0.2660357095272926,-0.256491066864132,-0.1936596271204047,-0.12262563611045468,-0.06316409644700556,-0.011960798210224347,0.03306841876057407,0.07331985134850055,0.10977236726469453,0.14313608119545843,0.1739406043539536,0.2025903476872946,0.22940054388869732,0.25462141672618355,"3.817712325956905"
-0.3592889623714638,-0.3150205995793454,-0.27901843961966505,-0.24779100909503465,-0.2201523438544252,-0.19622986157478803,-0.18039497410286115,-0.15152533908422205,-0.10860925234576446,-0.0724571083740265,-0.03762828546453227,-0.0029002966798751424,0.03197688738551133,0.06617834534649047,0.09220810720379909,0.14820573321011862,0.21003895825647276,0.27121802835356335,0.3611255769961783,0.4330350622996883,"2.3978952727983707"
-0.33608187471713746,-0.32124331570462444,-0.30878721230751677,-0.29811481897464487,-0.23947338300350754,-0.1521714130345159,-0.08435516676722998,-0.02884530775916943,0.01819778574500264,0.05907293816413132,0.09526116005642456,0.1277693701161679,0.15731178792891976,0.184412819337757,0.20946868220106507,0.23278600739522046,0.2546069605949794,0.2751261433135585,0.2945022966158517,0.31286661269389976,"3.5553480614894135"
-0.12280277452809496,-0.10303782504572252,-0.09417346157104685,-0.044576629105670396,0.030285158059795175,0.07696377951387189,0.11277941310986672,0.14266968897182336,0.1687239492673401,0.19204979648766254,0.21331445859569753,0.23295510995087756,0.2512758283714079,0.26849780399177237,0.28478764352177843,0.3002743967778374,0.3150603398877913,0.3292280958318174,0.34284550265132746,0.3559690404497565,"2.0794415416798357"
-0.20909269084334953,-0.1874764926762013,-0.17412818391527754,-0.17271329591677229,-0.14087117993828455,-0.12489752376438935,-0.08439185250470077,-0.0018611954207405582,0.058125911896657355,0.10594330460186202,0.14628570548191688,0.18156859210131754,0.21317421762291516,0.24196732763067924,0.26852733695245645,0.29326329049132016,0.3164758820478189,0.33839336518700547,0.3591935753596944,0.3790180826582847,"2.8903717578961645"
-0.35334348605136473,-0.34392380885901985,-0.33450412438241306,-0.30064796119907067,-0.20008787028032,-0.12466583214182236,-0.06442644208818499,-0.014242954212630367,0.028798400662256106,0.06651001742008408,0.10009383510139064,0.13038678232480064,0.15799460621581232,0.18336972905778287,0.20685894864031257,0.22873394792282173,0.24921153448533492,0.2684674930077165,0.2866463252304308,0.3038682604839002,"3.5409593240373143"
-0.17944286993828173,-0.147813251483272,-0.12198272902130927,-0.09888323103482173,-0.07698837677536381,-0.05517039578789178,-0.03247301663257418,-0.008184714707381831,0.017998095691147093,0.045625871549249644,0.06728039478963223,0.12800970659028,0.1981945302661769,0.24258974211837045,0.28063498942138376,0.31496722652044634,0.3467015805772016,0.3764547111564753,0.404617231038838,0.43145812924921073,"2.3513752571634776"
-0.20632001577385914,-0.18444017316913433,-0.14835808288618949,-0.11819324983481216,-0.1034706731511897,-0.057711255174644614,-0.034040574889427355,-0.0007294833051255383,0.03729352400778389,0.03953781318779134,0.10956784229753785,0.14008979003523295,0.19440471413201899,0.23477478872040483,0.27072953054735477,0.3040283260533025,0.3354214081525373,0.36532654450492397,0.3940109914854572,0.4216609739091119,"3.6109179126442243"
-0.11382133768212033,-0.11183267576620276,-0.0765343463774814,-0.05971004141537286,-0.030785999598726375,0.021004212563169082,0.07891152255416728,0.11828974397745938,0.150590696720091,0.1787310604544228,0.204024997571531,0.22720549270185367,0.24873313993058319,0.2689206451559103,0.28799222699368904,0.3061153444751793,0.3234190872341011,0.3400055193300474,0.35595702869771806,0.37134128202660965,"1.3862943611198906"
-0.3187594546461509,-0.25620361161162175,-0.20263097087851983,-0.15417341900668072,-0.10925771052969989,-0.06702829504945401,-0.026948407229225674,0.011349245239991257,0.04813118460341495,0.08359920872686297,0.11791112106389318,0.1511934935979932,0.1835499505691309,0.21506677645114064,0.24581684566056367,0.27586245656110003,0.3052574256632281,0.3340486678359578,0.3622774105187679,0.38998014166516454,"3.9318256327243257"
-0.194376394877047,-0.18672212137472302,-0.15708014797061914,-0.15714633977679612,-0.11884383447502028,-0.1196994461503051,-0.07634580689432137,-0.07412668863367933,-0.024802977246383886,0.062428594595974635,0.11988248282210152,0.1654973736707048,0.2044410236831726,0.23899467651819015,0.2703754576746704,0.29932189928280506,0.32632244411767336,0.3517203977440796,0.3757681843732228,0.39865796398241393,"2.3513752571634776"
-0.37873339974465436,-0.36757051967101106,-0.3581999340036588,-0.35016849302310366,-0.3428939444475704,-0.30859935031554286,-0.23264166228752292,-0.17047038147541577,-0.11786986759314647,-0.07227318054270448,-0.03202021581099342,0.004024911811227833,0.036673180899147756,0.06652323149603385,0.09402908388100467,0.11954294504489184,0.14334335365049733,0.16565428797581994,0.18665849224914188,0.20650698880548443,"3.970291913552122"
-0.22828384448630074,-0.17140629739531973,-0.1231434198681878,-0.07974572757681077,-0.039694731295137446,-0.002168115654854456,0.033347986786906016,0.06720389842136701,0.09965295447502191,0.13088635806988907,0.16105318680551572,0.19027268634225483,0.21864223403131197,0.2462427199000458,0.2731423102579762,0.29939915697670505,0.3250633959904061,0.3501786527186544,0.3747831968994374,0.39891084273506183,"3.624340932976365"
-0.3740066858620611,-0.3511178537931123,-0.3480232462434,-0.31294240708709514,-0.29389789229594365,-0.3000805764932721,-0.2565864552701738,-0.23883832850735223,-0.23643979868722126,-0.20019034432456384,-0.1819454513235018,-0.17789577498724493,-0.14095518468196214,-0.12143689863911926,-0.11272151629941071,-0.07655726674319242,-0.05663829594776051,-0.03641916227326367,-0.005396135585879418,-0.0007909151567107544,"2.3978952727983707"
-0.3297063145259272,-0.31174491450615627,-0.29065822750306824,-0.2711835034815317,-0.25172970438852066,-0.232619915782918,-0.21109362022758701,-0.1927215657293388,-0.16854134908136298,-0.14869091005990104,-0.12443533405543511,-0.09890780713267394,-0.08797252488019787,-0.005070207219696655,0.08177928898742957,0.1507566411985091,0.20876231626285827,0.25945332638951607,0.3049342191066757,0.34649558274716413,"2.995732273553991"
-0.4099681458224541,-0.37317149003554984,-0.3447242394755442,-0.3234467812055658,-0.34114410901749986,-0.27392915310965027,-0.24578914308671385,-0.2244262402724646,-0.22526155368431838,-0.17530994584275342,-0.14424939400996092,-0.11877441025057404,-0.10175577288035967,-0.07030716015962776,-0.031476677334914153,0.0003942855961588974,0.02568447482531343,0.056404091094412044,0.10393547351805205,0.14034618847749256,"0.9162907318741551"
-0.34397584076744425,-0.3342664840952396,-0.3245572280113077,-0.2762723621528964,-0.17804919240018308,-0.10474744881817848,-0.04619351106664361,0.002599107378490686,0.044463035116573686,0.08115841476155625,0.11385146253118722,0.14335376179085868,0.1702525455102753,0.1949863570549798,0.2178913443420352,0.23923084734021052,0.2592150184998184,0.2780142495673984,0.2957686118134755,0.31259465075939946,"3.481240089335692"
-0.15638875540241712,-0.1492360407129213,-0.1198260903295016,-0.10239774811385231,-0.08503470548207222,-0.0566628421878475,-0.043764714754962415,0.00005355815780080371,0.07504853042241175,0.1257665566724457,0.165830784919007,0.20020708039325977,0.23086319408045403,0.25882561379318436,0.28471417123713116,0.3089388675392034,0.3317884039168079,0.35347556896286475,0.37416276908551604,0.39397742215881576,"1.791759469228055"
-0.341009099298904,-0.3397327497611065,-0.30989451557360964,-0.3098385139958666,-0.28170846233303604,-0.2732695494322282,-0.2551769482299022,-0.2421346827036513,-0.23049882948050845,-0.21265786461218159,-0.21357440680535425,-0.1838455714682169,-0.17557299052321945,-0.15516690696643282,-0.1412318196026592,-0.12607782261839012,-0.10808036371463278,-0.09533400523843226,-0.07441417701569897,-0.06050751028397692,"3.258096538021482"
-0.34467135625329565,-0.3243798405230879,-0.308184535332262,-0.2944575372087043,-0.28268475595872694,-0.2728690337138944,-0.26591983394718105,-0.280387915181945,-0.24587175448744772,-0.23329263243048068,-0.2237605996029473,-0.161315295119524,-0.09573555931862388,-0.03987375086872253,0.008867324069939677,0.05218093172032782,0.09123337473300429,0.1268600571183047,0.15967722627986736,0.19015044097532968,"3.871201010907891"
-0.34559984913207153,-0.325083346824637,-0.30861109387743935,-0.29439047877544194,-0.28173320535541524,-0.2703045383510386,-0.2599404302323211,-0.25196138319737776,-0.17549031917811872,-0.10522094709584844,-0.04638249925385669,0.004306808501328663,0.04890976342283928,0.08880733264034475,0.12496609783479307,0.158085989588724,0.18868820805690922,0.21717029385611702,0.24384190939723452,0.26894877105479886,"3.7727609380946383"
-0.34843178662828955,-0.3016005756272151,-0.2628759138039411,-0.22848393714395074,-0.19674682850673572,-0.16658917946284574,-0.13714146191723758,-0.1075992342809972,-0.07721559685644823,-0.04538344346149365,-0.011707860163274655,0.0240319188489132,0.0620050697367739,0.10244226314478476,0.14571379408253288,0.19242261006048766,0.24361774398741215,0.3014778680989817,0.3733914177659243,0.4455141885166135,"2.970414465569701"
-0.20043174264277758,-0.1788509631741634,-0.16453772398483937,-0.1675346556877726,-0.1347874934535022,-0.11669565182970386,-0.035118734714246654,0.03144580652806014,0.08240662434078398,0.12434964761038927,0.1604454280898641,0.19241752269559798,0.221303438532889,0.2477787560072835,0.2723101142457709,0.29523468722737795,0.3168048640676689,0.33721501084459476,0.3566183411526903,0.3751380063487201,"2.8622008809294686"
-0.15706864011822147,-0.16212702544456895,-0.12034996998564242,-0.11438040566902402,-0.08166165000913381,-0.06652596245413192,-0.035029509925661256,0.019912176224675924,0.08503669632299678,0.13124185709183625,0.16907790173869253,0.20197102203487965,0.23148666370373394,0.25849843246056686,0.28355464339264175,0.3070270751932964,0.3291819937154454,0.35021806200812816,0.37028829178747374,0.38951357004065373,"2.0149030205422647"
-0.1778532920986949,-0.14500763593849153,-0.1180856047042506,-0.09399704444688511,-0.07121113469606796,-0.048597308325236344,-0.025190539773236632,-0.00025732117515218195,0.02655435230874714,0.05501942389350233,0.08212804846819051,0.1268204224781911,0.19908433163735378,0.24335324502808967,0.2811455109575693,0.3153003467388725,0.3469408294591716,0.37667186461077773,0.4048716314707194,0.4317987110013467,"2.740840023925201"
-0.3300901271703936,-0.3064720286264149,-0.2901759760424629,-0.2857750203322784,-0.26253362260991003,-0.24608745394944526,-0.25031855648710305,-0.2140806549166167,-0.19990876695026222,-0.1907815428052731,-0.16352736832951603,-0.11677729036824348,-0.033029831166737925,0.03494555886876777,0.09236990319949016,0.1423614564688655,0.1868718630414093,0.22718572733726908,0.2641830632079202,0.29848880704430164,"3.449987545831587"
-0.34626204257785115,-0.3272406321379295,-0.32007781617881015,-0.3000111176605316,-0.28696827610729325,-0.2749574481220756,-0.2580099314404491,-0.2504723036394254,-0.2292921211139264,-0.2289584376970597,-0.19990789266911904,-0.19619845862878166,-0.16990517819362477,-0.15709772751745418,-0.1411785679491362,-0.1213382794699871,-0.11306026820946746,-0.04708533038310308,0.02114126390130928,0.07873701171187181,"3.5409593240373143"
-0.3194089770261667,-0.302988006871586,-0.29176678229709513,-0.29406989186005683,-0.2710696828889528,-0.2620893232788061,-0.2536542367052463,-0.2399794455896964,-0.246907084086759,-0.21902942622980565,-0.21274483225272256,-0.1986852367642891,-0.18756301227984803,-0.18066058954235967,-0.1638500708479144,-0.15772541256845024,-0.1422014402535147,-0.12887286746844215,-0.12455882639910008,-0.07007987513830456,"3.817712325956905"
-0.34412815730929713,-0.32341907609373466,-0.30700306870094196,-0.29327496298590006,-0.2818491016629142,-0.2732139380292193,-0.273122551454561,-0.25451858578003334,-0.24066061483093826,-0.23147579936013446,-0.23574766646023407,-0.18460978335298173,-0.11258800080098473,-0.05222423869040205,-0.0001021064204582148,0.045856035515490376,0.08704614032222183,0.12444965535526724,0.15877968491014444,0.19056796995477676,"3.8394523125933104"
-0.2098320890556914,-0.1706378094503186,-0.1551701687182564,-0.10593639378359342,-0.07684002645296041,-0.04198283457670393,-0.0032026006778474577,0.01822291320340608,0.07502305827416232,0.1149426219588983,0.1504777016819491,0.18346152661227605,0.2146296871787105,0.24438047399820725,0.27296538793308706,0.3005587673562046,0.32728921268097605,0.35325586302832546,0.3785376911070333,0.4031992123373767,"3.7376696182833684"
-0.35786338974995247,-0.3098986687626109,-0.27020763348600857,-0.23495983257588848,-0.20246186277457093,-0.17163927320811784,-0.14163361246619893,-0.11165443955715987,-0.08095902907689277,-0.04892441028293264,-0.015128552572386112,0.020664060312187326,0.05861109772907406,0.09890584748618157,0.14185274667870823,0.18793720115352658,0.23796121880392943,0.29341639183663837,0.35797574637476265,0.44223440165772626,"3.044522437723423"
-0.23455767381815965,-0.19785620743936067,-0.17038203845959862,-0.15651775473970875,-0.11989111857945305,-0.08529717568870701,-0.05790220037547872,-0.039950840470279504,-0.004894333935129373,0.03605814874247294,0.07094609075059789,0.10041738355632442,0.1342800941630047,0.18972767989143766,0.2349266906348104,0.28997363238455165,0.33390500594372613,0.3732758018742478,0.40975460249474416,0.4441162019172717,"3.417726683613366"
-0.09086701885376341,-0.0649077603978193,-0.049559798012210506,-0.02141097667755064,0.016483941973340657,0.05158091139180952,0.0935400470325281,0.12590450118648547,0.15426916250795042,0.1801188992167027,0.2041489381094854,0.2267629669546039,0.24822460383415018,0.26871931280852374,0.2883844838415869,0.30732582707453576,0.32562707701637933,0.3433561059696368,0.360568967771882,0.37731267952179026,"2.5649493574615367"
-0.3493421334311283,-0.3280396189395544,-0.31528409484552916,-0.3055216722553109,-0.28420961270992356,-0.28206858969065673,-0.2559543243627886,-0.2443054445811728,-0.22857420325229827,-0.21089182894442496,-0.2066082387442559,-0.1782764094158402,-0.16644804030243465,-0.14949095125420234,-0.12699518718219407,-0.05470176338755271,0.015657932021306557,0.07504916371936053,0.12667675853409974,0.1725656206263,"3.5409593240373143"
-0.352587300753765,-0.33913012615455707,-0.3196735195873819,-0.3065412947808177,-0.288410472289916,-0.2773324508559958,-0.257295517928422,-0.2505248466914348,-0.22594684648286123,-0.23369972466843958,-0.1939978140206045,-0.18961693246594313,-0.16090318924004954,-0.15206076974636412,-0.1259594677649959,-0.11794290891552303,-0.08881924281586116,-0.08300964133693965,-0.05124516750700479,0.002286607375858044,"3.295836866004329"
-0.2510807811843528,-0.2400272889340637,-0.1847795705262925,-0.17717130982378712,-0.12222577640274057,-0.09798885566289223,-0.06119617504958618,-0.026992406182109633,-0.0021285921994498446,0.04428571454529477,0.017186981239150446,0.12013038766748102,0.1291331556632066,0.20558130071646402,0.24956257283669256,0.28838013556307746,0.3243004781256283,0.3581953611858612,0.390527800529139,0.4215861714930004,"3.828641396489095"
-0.1761570864687582,-0.13663998429001917,-0.11622950329439742,-0.07274068948391252,-0.03846395776917541,-0.011975944036222928,0.03913133278467685,0.07733155042047545,0.11142271670995224,0.1430371690447716,0.17286247527394877,0.20128076075423745,0.22853745636278117,0.25480471161073587,0.2802105754347719,0.3048543446454901,0.3288154423530446,0.35215893190083347,0.37493913473010904,0.3972021101021276,"3.5553480614894135"
-0.31930871784030274,-0.2969240228102151,-0.2940856447013731,-0.26259616591666585,-0.24925943206983453,-0.22940905413027618,-0.21037624321327927,-0.19638344510285272,-0.17044449705120407,-0.17578083292626695,-0.13038293057115205,-0.11135754084068054,-0.025070007068283443,0.05320649744656224,0.1169699281448872,0.17127146803589108,0.21899435241389142,0.26189438718118047,0.3010989660398561,0.3373692580298733,"3.1986731175506815"
-0.36000088971503996,-0.3433712518703798,-0.32799675206881174,-0.3062003036834321,-0.30267229287551756,-0.2743522610838321,-0.2589358265981077,-0.24979760119540784,-0.22465348009795358,-0.21326818804856582,-0.19482307191078588,-0.1745257048082157,-0.17067306420828232,-0.14012997137826386,-0.12248746156243118,-0.11038783424479671,-0.08269854213623062,-0.07204497492572579,-0.0431176473305922,-0.02485943894094806,"2.833213344056216"
-0.2535097414875732,-0.2513742984806244,-0.21192938710675158,-0.19783149570102987,-0.17374460388019197,-0.15111502561176246,-0.13880303915064457,-0.10458743099825211,-0.10729216327424984,-0.05440179667005904,-0.049808779001981315,0.02708707795825197,0.11109862366696874,0.17302677242885137,0.223868400816674,0.2680547294894872,0.3077138826620899,0.3440331939037002,0.3777524701807383,0.4093698799120429,"2.3978952727983707"
-0.31027893853453475,-0.28203842667469864,-0.27344719390652145,-0.23623366155875966,-0.20947679279784426,-0.19794496159943048,-0.16470174900680012,-0.1344830608262257,-0.11595392132873174,-0.08707883246558518,-0.05035077555813011,-0.027367176837052996,0.010201042280617457,0.04778464358993227,0.0966795787496529,0.19470125883054532,0.26573577921188163,0.32355926637278243,0.37405819037232546,0.4196971714144181,"1.5040773967762742"
-0.3360684041299499,-0.3142119087562108,-0.3250934640219231,-0.27887536774041444,-0.26945803933160284,-0.2447317009758931,-0.23028253300957444,-0.20966964010202604,-0.19038646328680223,-0.17477354957285135,-0.14859663725303224,-0.1456632452008962,-0.10791028247098347,-0.035499792586631405,0.046069268535557845,0.11247196342124306,0.16893956148300082,0.2184912719051854,0.262980044417604,0.303599719231244,"3.2386784521643803"
-0.33748148565280867,-0.3180753052248972,-0.3028864230072328,-0.29060018516507974,-0.2813997440206464,-0.28087327101890525,-0.2626935853197743,-0.2504537562477229,-0.2454457172283924,-0.23235622604602885,-0.21804132361679804,-0.20963822955680103,-0.20472084129485235,-0.18203216466172437,-0.11679139397718542,-0.057609256024026174,-0.006473419278664393,0.03863864631796505,0.07908723964675078,0.11583103456594047,"3.8815637979434374"
-0.21987909798630426,-0.20286538528059891,-0.15639149019057286,-0.15858996455123903,-0.09532508009426614,-0.07726832592366302,-0.034019290284685054,-0.004664998393328732,0.029658207633553566,0.06806976847634466,0.10134737951566028,0.1460360225013647,0.1918030216828448,0.2301626469608678,0.2651106154768647,0.2978267406714942,0.32887750012997946,0.35859711774635267,0.38720704183686677,0.4148653325075414,"3.7376696182833684"
-0.3018248781526223,-0.27009944825745175,-0.24937378520568731,-0.23878191962820797,-0.19737699883789536,-0.17211644672197232,-0.15859938600864318,-0.1266058763202212,-0.09234681234658212,-0.06612058318490066,-0.08962200972702311,-0.002914286410799217,0.03341135121558036,0.03675973037458179,0.11367346290447124,0.2069875622062569,0.2791521558133042,0.3367298740018643,0.38688118696488666,0.43222196132361845,"0."
-0.36473677836494994,-0.34822637834514353,-0.3286049238048852,-0.31122052926506444,-0.29355527942012105,-0.277091346328891,-0.25786793051123363,-0.24359145792746284,-0.22128582087360224,-0.20950270888070582,-0.18346884862638754,-0.1726105925335135,-0.14401297607080826,-0.12961599481113695,-0.10336560480130566,-0.08198063777478166,-0.0641784723630733,0.024167789811210205,0.09934595716785453,0.16200970675579662,"3.2188758248682006"
-0.1260904295959481,-0.09733119536782515,-0.07486323960797,-0.057505423013317326,-0.05016084769299551,-0.0055037701642211305,0.027339837381981386,0.0604014436732764,0.09438704074334481,0.14286807304263902,0.17860214318422876,0.20982524150604126,0.23829469571023304,0.2647941625237738,0.2897685032483782,0.3135044986514,0.33620229015335296,0.3580093675523645,0.37903882384958687,0.3993800437376984,"2.772588722239781"
-0.36502988368716555,-0.3664014876997715,-0.32075526201554855,-0.30869478564503977,-0.28088940314006433,-0.26127724366156424,-0.24462078234884868,-0.21664715180102168,-0.23405741320650006,-0.17255785240818503,-0.15660226568871574,-0.1272525280477019,-0.1039424800582013,-0.0777409226065287,-0.05214186595040163,-0.021359963794001055,0.04782454494349554,0.13649560829166674,0.20719356581008944,0.26690835445877603,"2.833213344056216"
-0.12498797761486607,-0.096545690379331,-0.07309455523233885,-0.05134442476064798,-0.029328654430199125,-0.005430013932245416,0.021647603776887535,0.05311581911396212,0.09147854184903648,0.14252652459769277,0.1791623625061032,0.2108454630914681,0.2395312876640368,0.26608932632992394,0.29101145120887467,0.3146134554289777,0.3371147791332324,0.3586764375377342,0.3794213772703394,0.39944638033189517,"2.3978952727983707"
-0.15704141004551395,-0.1360680014177172,-0.135980651894279,-0.09772129412294196,-0.07479126522017099,-0.06207852448627911,-0.030874921077727994,0.0006073697995395952,0.0182928150734075,0.10124004249518054,0.1516578985959997,0.1914380339113476,0.22585687901836066,0.2567966279271108,0.28521281390803177,0.31167730488363093,0.3365675770506078,0.36014967945257276,0.3826201826181442,0.4041295928155959,"0.4054651081081644"
-0.2654559185414543,-0.24114797731787818,-0.25026754953552993,-0.19600461510909192,-0.1744789917328107,-0.1755154181276352,-0.12718568450795542,-0.10309470032917374,-0.10478086159836979,-0.048816071497839224,-0.021739602464711308,0.006448469902904925,0.04442360484711139,0.12675309571973445,0.20039670799890727,0.2569899599812553,0.305193858381168,0.3481653720003939,0.38743717189292687,0.423895225467848,"1.6094379124341003"
-0.25184453807775176,-0.21347460554423267,-0.18192649369900543,-0.15386337290855362,-0.12772701344578663,-0.10243712756057739,-0.07705874381886699,-0.05074142244990848,-0.022802396636601496,0.00720270191543005,0.0395616140895642,0.07458955150879931,0.1128138677821732,0.1552318920389461,0.20413789118898698,0.27470325422515196,0.33035149383895324,0.37719096021040666,0.419326773230187,0.45827147936821844,"2.70805020110221"
-0.11522786275555706,-0.08712273477703733,-0.06401765844372562,-0.04261852586312782,-0.02104382012621526,0.002023962241249999,0.026700822388104558,0.031007597629502805,0.1197458941849608,0.1572016921973831,0.18893756574251844,0.21744750345616942,0.24373228436073874,0.2683329460776286,0.29158797478365445,0.31372867667438376,0.3349228001276041,0.35529733239818834,0.3749515758717284,0.3939651852167924,"2.4423470353692043"
-0.3328746054693175,-0.3183231202145328,-0.30909404496172255,-0.2911059041991566,-0.286746823352785,-0.2658987878082199,-0.2623909818085947,-0.24105774236073116,-0.2360225327699547,-0.21594414763940226,-0.20901935028768853,-0.1901415826540228,-0.18187587101324745,-0.16325619246730794,-0.15491836149239865,-0.13497515163763643,-0.13045222362495515,-0.10543586965220154,-0.09817923591707411,-0.0761238967930987,"3.5263605246161616"
-0.0970198286695028,-0.07045382960871949,-0.04800330603374289,-0.025588982322774848,-0.00033606587482675246,0.030434015303263694,0.07226457707821664,0.11478526146949247,0.14768883587980158,0.1763254648503889,0.202256147652332,0.22623178554065412,0.24869253260770288,0.269926515792613,0.29013627926019336,0.3094715128641875,0.32804703438380645,0.34595348208727245,0.36326406611341294,0.3800390376227224,"2.0149030205422647"
-0.19860505197730075,-0.17655386518424543,-0.18893910231831942,-0.13578879475568942,-0.11417951818478003,-0.11110166424789701,-0.07008340407953674,-0.043297758192705996,-0.03816456752601392,0.013956871111541282,0.04712908601366102,0.13062600218288167,0.18511238325506835,0.22913130041282717,0.26750869855296355,0.3021457353802378,0.33403989570527876,0.36379818811101916,0.3918254125214259,0.41840890007408454,"1.0986122886681098"
-0.3179843268047386,-0.29971823467591785,-0.2797167096351326,-0.2593645653576527,-0.24119895520625437,-0.22058429543586044,-0.2006500238042775,-0.1799410501433156,-0.15818316889015258,-0.1349210590526461,-0.11557308506248276,-0.08529198253670588,-0.052218598425849735,0.045841387570619646,0.12020723692632883,0.18125533019951506,0.2337611784177667,0.28036820010153296,0.32264087509964295,0.36157052443552734,"2.970414465569701"
-0.34507883204666534,-0.3256161475556102,-0.3151902939255885,-0.30124544589955043,-0.284807725712525,-0.28297891835496575,-0.2574221270174866,-0.254780955301896,-0.23030222919022417,-0.22035336983327228,-0.20313550377518513,-0.18805269146192474,-0.1779756950807352,-0.15614514378994623,-0.1481299573162366,-0.1267687115320951,-0.10120938783293183,-0.02786019216799988,0.03498488081946492,0.08884536954663355,"3.58351893845611"
-0.3549966908807285,-0.33612368435729095,-0.32090704296346184,-0.3077040984438369,-0.29587363745310974,-0.2850882819976264,-0.27516017792766695,-0.2659783593717074,-0.2265031142818979,-0.15476744714842022,-0.09470796400018215,-0.04302472519069917,0.0023862600078646584,0.04293516225661011,0.07961265292432762,0.11313953206839693,0.1440549520509066,0.1727715885974243,0.19961165667409878,0.22483118729076002,"3.901972669574645"
-0.34540128706634626,-0.3267413531348497,-0.3116978694938302,-0.29873500667860736,-0.28728269367288456,-0.2770965716754712,-0.2681336575623437,-0.2606183210529651,-0.25566059466864466,-0.2579634114021024,-0.23503556279681154,-0.1698358594817736,-0.10978350022771127,-0.05803210975882953,-0.012506083532399893,0.02818732563591774,0.06502916393057641,0.09873566107051697,0.12984419775914527,0.15876694960454024,"3.979681653901961"
-0.3706438811610876,-0.3497073902713287,-0.3477479801529413,-0.31142586714640547,-0.2959512874131667,-0.2828669823851025,-0.25746522362626456,-0.24490887002727713,-0.22651102383078225,-0.2035560772536303,-0.19250187989797393,-0.169640042081657,-0.14711311807276187,-0.1380391995813431,-0.10890177671327243,-0.08668409635472839,-0.08688351550871826,-0.042234498160822094,-0.023568312589894464,0.0027775188288327556,"2.5649493574615367"
-0.24897239110487204,-0.23012387103493556,-0.21818358021659556,-0.19294336828651343,-0.1866795136096188,-0.15516137283893924,-0.16307336286531124,-0.1143056674051842,-0.09891381918389774,-0.07223346718155309,0.02514065297237866,0.09284039345212634,0.1470791916198101,0.1931349165012732,0.23370561684304084,0.2703100684580899,0.3038845849114349,0.3350501737763185,0.36424251568531346,0.3917808354812356,"2.833213344056216"
-0.40075723876131236,-0.36360585779821614,-0.33686910418193433,-0.3280512623158789,-0.28678511834643833,-0.25494858146796706,-0.23262009540447037,-0.22843582822576997,-0.1756265013959826,-0.14436612635393017,-0.12104333649025403,-0.10192784845628165,-0.053252494786160016,-0.018349808582024035,0.005558397964393139,0.04913054118140992,0.0953169697588706,0.1131331356131903,0.19437213133562206,0.300894074195917,"-0.6931471805599453"
-0.37007852062397006,-0.3572750593941432,-0.34652730169172097,-0.33731549947600586,-0.32821517335667466,-0.2487671295414316,-0.1743164025716418,-0.11342505977789087,-0.06189025988218764,-0.01719396945213092,0.022292463171098963,0.05768202028519364,0.08976767778431613,0.11913347780783103,0.146221511477136,0.1713742311740506,0.19486219274453626,0.2169028216300871,0.23767345453884509,0.2573206208113433,"3.8066624897703196"
-0.38201955811772437,-0.35681267386918963,-0.3528430079741348,-0.3148660793983234,-0.2934788691824041,-0.3148996947813193,-0.25241758931665204,-0.23177267896359585,-0.24846273617182696,-0.18916862491214217,-0.16723589726462926,-0.1834389845995028,-0.12162487042411231,-0.0977252367210654,-0.09604677652791545,-0.04643060729269061,-0.022628597382291397,0.0031757674891026906,0.03728724485089223,0.06008126802605026,"2.2512917986064953"
-0.1694354923407471,-0.14821425302537355,-0.13208453780577348,-0.1192861486500059,-0.03995645744418523,0.025683859760912392,0.07350628803888636,0.11188700088021296,0.1444050327123642,0.17289033269866666,0.19840987473367763,0.22164417831749364,0.24305594613508646,0.2629752201681873,0.2816463611302681,0.29925577927920527,0.3159492028967565,0.331842909666257,0.347031299977431,0.3615921614957971,"2.6390573296152584"
-0.32254067891440064,-0.313587841709618,-0.2792834717911438,-0.28139480191884675,-0.23815652925810335,-0.23225307617781085,-0.19687860153640116,-0.18075284866606878,-0.1539469543406113,-0.1317611422258086,-0.10664530857936375,-0.08253387917557561,-0.05243996843575565,-0.0022767355402031134,0.09163743293868962,0.16382017175279448,0.22347526296088754,0.2751761199319907,0.3213875174130771,0.3635474239424594,"2.803360380906535"
-0.3605832901212876,-0.3486134407863233,-0.32514964370030314,-0.30887764618956753,-0.29596680340052217,-0.27380320831414223,-0.27269679375865513,-0.24153066806264545,-0.2269435669273181,-0.21289458368701536,-0.19033145961819462,-0.18595360918030493,-0.1557467278427791,-0.13919056790028586,-0.12267635321920946,-0.09868086393268802,-0.0941744102681458,-0.05779609213433451,-0.05980638972484311,-0.01479028314452025,"2.970414465569701"
-0.3306457420193221,-0.3214103342240316,-0.30292734341148986,-0.2953527972045132,-0.2772466325953827,-0.27414118783017327,-0.25236651732115395,-0.253390830988826,-0.2279335168011042,-0.22039064383421217,-0.20378924098148724,-0.19217285687738714,-0.17987409589676312,-0.16470219463491295,-0.15624223816721214,-0.13703086540442883,-0.1327744614884733,-0.10857762392330132,-0.1055336218955272,-0.07901515244548586,"3.417726683613366"
-0.3453726340574441,-0.3309204550488621,-0.3187886950920762,-0.3083903023879987,-0.26268721105033294,-0.17313020867565213,-0.1034843957833962,-0.046492114736519964,0.001786889606249475,0.04371326298607452,0.08080993895464987,0.11411371877819301,0.14436069529639603,0.1720916088490567,0.1977151098847404,0.22154746988068202,0.24383846304690598,0.2647887933570772,0.2845621676810232,0.3032938712927194,"3.6109179126442243"
-0.18662990719623523,-0.1627500672285458,-0.1513561549505504,-0.12665936535387531,-0.09992320397823037,-0.08124318060980808,-0.06996422436389615,-0.028945815349957573,-0.001138280102235341,0.019025386245513226,0.07516880498996333,0.15017891246467327,0.19900692604064743,0.23967557998568445,0.2756408920209961,0.3083807508543077,0.3387058723241424,0.36712377239544747,0.3939796669581223,0.41952223253998205,"0."
-0.3461020080983581,-0.32446490998626343,-0.3093058993611792,-0.3037976743078939,-0.28473580012914934,-0.2698016846117451,-0.27275095868747046,-0.24194741003621925,-0.23152608743095265,-0.21710385554573886,-0.19845765274604268,-0.19226940089463332,-0.17045573801535258,-0.152674112329218,-0.08925091293849612,-0.018352467605185392,0.04139666118379244,0.09323165499590275,0.1391939668686197,0.18065008553674994,"3.624340932976365"
-0.37984818868362197,-0.35542576546604504,-0.3517871980022751,-0.3147471210751538,-0.2941703106608424,-0.31373697647779025,-0.25437040556321705,-0.2347469889319629,-0.23962864719542815,-0.19347966294837296,-0.1728598032216284,-0.17964163486561174,-0.12884880577058908,-0.10650906220283332,-0.10165806741366581,-0.05753141835487679,-0.03501427657866712,-0.011568660361591192,0.021859420927045632,0.036802107194922155,"2.302585092994046"
-0.2621241861533844,-0.24162737452886185,-0.24144596062227122,-0.2057810194653163,-0.20237282571112444,-0.16971212457699142,-0.1562927219286349,-0.1323330207174918,-0.10962863271749586,-0.1016537609105934,-0.00027688914334991093,0.0720066135251252,0.1296159173690234,0.17823089314153753,0.22082388782483822,0.2590851602386893,0.29405632687693095,0.3264253652985522,0.35667253332432824,0.3851480171779444,"2.9444389791664403"
-0.3181267933546718,-0.30231829137156596,-0.29234313534655215,-0.28666198238899787,-0.27005945816671995,-0.2660433584694408,-0.25022455712345054,-0.24144331292413818,-0.23117484753493997,-0.219170268703239,-0.21318439121548977,-0.19717431427216578,-0.20563577179326326,-0.17516965028675746,-0.1675301453443083,-0.1538189719912837,-0.1410392661732832,-0.14102210943605165,-0.11689388365135518,-0.10581921758168925,"3.7954891891721947"
-0.3413191723115546,-0.32201023319642397,-0.3066036268935723,-0.29360032823823345,-0.2825663740598826,-0.2736473121775168,-0.2685301530420974,-0.2619615008932599,-0.2459782927866518,-0.23598151195027292,-0.2310868952708525,-0.22099613731072024,-0.17762910853849878,-0.11256394294916033,-0.05709168021855335,-0.00868900660008472,0.03431786835324429,0.07308292251239998,0.10843473906667202,0.14098636248327795,"3.9318256327243257"
-0.3445532620009725,-0.32303601828730444,-0.3060148286899821,-0.29180264648290305,-0.28000370067006064,-0.2711768181300567,-0.2723736591241805,-0.25113638907124364,-0.23663002802086147,-0.2266464543404393,-0.20798947683183017,-0.12890562586700322,-0.06328074706117705,-0.00733383150166533,0.04153532222937378,0.08502273138448195,0.12429427542335943,0.16018178046375217,0.1932961243679658,0.224097010091986,"3.784189633918261"
-0.3879438353553728,-0.35427119439407934,-0.33343934154129484,-0.3137347570690491,-0.2761352453941104,-0.25277512650346423,-0.2602883740414801,-0.19980114150071543,-0.17099605650586946,-0.15421682684344207,-0.12085476299006506,-0.08356064671125557,-0.05672326507317352,-0.03356115482629864,0.015575582529880252,0.046865084906273696,0.08741810365486,0.11984771320196438,0.24111465467380364,0.3240810235208998,"1.252762968495368"
-0.2225572739648272,-0.19544638988315807,-0.16741348725634914,-0.1312502048093695,-0.11718979415957635,-0.07460546522397929,-0.042773300117457315,-0.06610558729816976,0.021153099075946664,0.05378677144739234,0.0795068160338869,0.13102324110979852,0.15364622315748694,0.2180962340344673,0.26087091236733434,0.29863906943967194,0.3335100124257976,0.3663349385931021,0.3975762569920348,0.42752555923115787,"3.6375861597263857"
-0.1416339081948998,-0.11388255715864028,-0.09146393839218106,-0.07147692188068794,-0.05268282273299334,-0.035071622508236616,-0.03000821576998213,0.017781129461738307,0.05905221037293319,0.10910103820519165,0.16013631433556555,0.19847062930871612,0.23168113723864076,0.2617081745378044,0.2894559009581612,0.3154461384726519,0.3400172992518765,0.3634058081454699,0.38578563952641776,0.40728982198051283,"1.9459101490553132"
-0.06759235366656689,-0.0434737127899857,-0.023106986264517432,0.030873158529699244,0.0674672210883546,0.09753507060981233,0.12418408875669842,0.14854588159361445,0.171207478977416,0.19252767843694132,0.21274789863883187,0.2320412228283307,0.25053747927453823,0.2683374105433803,0.28552128457173626,0.30215442854517216,0.3182909460042156,0.3339763048679809,0.34924919375010754,0.36414288724930727,"2.2512917986064953"
-0.3852779352884382,-0.3645884866760749,-0.34325476944229505,-0.31546164854088676,-0.31324739552148184,-0.2730292408847661,-0.2523353365587559,-0.2402078581398988,-0.20533656429728506,-0.18871330879828935,-0.1632321219731126,-0.13421373025700473,-0.13381458103502786,-0.08270971219412646,-0.06007267055897189,-0.02881283562757336,-0.00016289928938982855,0.03252084056629427,0.11631059744025794,0.2026046051901137,"2.5649493574615367"
-0.09190762846828837,-0.06819668666551952,-0.049486946388638604,-0.03527706629499205,-0.006255192613810274,0.04489520293654334,0.0941304319302207,0.12876406578048108,0.15804188960009075,0.18410420433041977,0.20791644639948334,0.23002400295802525,0.2507747416624228,0.27040835320849993,0.2890991156609254,0.306978884228907,0.3241505225221869,0.34069625824242084,0.356683143760783,0.3721667692851554,"1.0986122886681098"
-0.3333304675708981,-0.3348353009576434,-0.30401416572100887,-0.30152482333594693,-0.27758434324508524,-0.2688529863015314,-0.252883684230917,-0.24008824327469377,-0.23032294950162313,-0.2128218261621278,-0.23167584414486328,-0.1863119411521681,-0.17713641865304652,-0.16025421320757968,-0.1460658715053321,-0.13461268683234948,-0.11581654593704348,-0.1094885774814303,-0.08498595217843909,-0.08149093541811492,"3.295836866004329"
-0.37951811027589527,-0.3551750230951422,-0.34414082929452106,-0.3183488791022305,-0.2962644021691626,-0.28758665973900915,-0.26136025200599594,-0.23964371188245087,-0.22979585939360736,-0.20473656165484028,-0.18153458938643421,-0.1686587613277853,-0.1457755754733943,-0.11988777911911372,-0.10417240641861274,-0.08120449354206173,-0.05280165948673415,-0.03696333951799581,-0.006649792569398986,0.020708738314878208,"2.2512917986064953"
-0.36288734709376086,-0.3243821860093599,-0.29525793031832326,-0.27539136127180636,-0.2577206701777453,-0.21558910692265779,-0.18636863778571655,-0.16409278167214886,-0.15803320709298657,-0.1028656049752506,-0.06755130090179673,-0.03727657001303148,-0.020253606027236352,0.030655365530867812,0.07669068130858667,0.11381435236565317,0.15952249050636888,0.24670552968989445,0.3372656107129431,0.4046729486295737,"0.9162907318741551"
-0.352195537493227,-0.3311866594163429,-0.3241691478658238,-0.3007166532673915,-0.28665301307258856,-0.2722783542451253,-0.2537094897781396,-0.24430639682238237,-0.22066712107490374,-0.22238581631886764,-0.18669186010203417,-0.17730239814192364,-0.1528269622771769,-0.13392246840368544,-0.13515916414805865,-0.054970679588069706,0.021931032715377826,0.08577614781315218,0.1406598511099092,0.18908667297315845,"3.4339872044851463"
-0.28706607934287065,-0.2653640446462917,-0.27028201461474566,-0.23046030426911332,-0.21933078764793654,-0.19602631276982407,-0.17820842678049104,-0.16156824254276744,-0.1357173826061489,-0.1290903590813554,-0.08036113961599212,0.010276843793154593,0.08067458747342963,0.1382634184128266,0.18757750927259,0.23114916395963622,0.27049333969972433,0.30657745695273464,0.34005618095036166,0.3713943395717793,"3.068052935133617"
-0.0749012458550152,-0.0597450009093797,-0.030405319170521115,0.027015531056965723,0.07296260609119735,0.10600326333251667,0.1335770193469564,0.15783476252945838,0.17978445852681227,0.20000073007573327,0.21884994757377557,0.23658349856800603,0.2533831187998339,0.26938543615128413,0.28469635144399125,0.29939998404120577,0.3135645100601268,0.32724612152912347,0.34049179978070687,0.35334131102457716,"-0.6931471805599453"
-0.4246670421706137,-0.3823400773522226,-0.34829192428551553,-0.31961352962230577,-0.2962767319904851,-0.28645367899184754,-0.2479858814320242,-0.2128821903953823,-0.18388704090121236,-0.1587064005115764,-0.14078697364878626,-0.11250591655094715,-0.06937663800073338,-0.03358514756547493,-0.00024978128554711365,0.030320476427269944,0.046223505520936244,0.10368686221314596,0.15267666220826542,0.19703686420867916,"2.0794415416798357"
-0.2307242041059923,-0.19331853848417418,-0.187995228667752,-0.12726073163166346,-0.11103172513795945,-0.061913268061035524,-0.036906272806004586,0.006341149314480012,0.04058495146813867,0.07699292468729635,0.1255293508264792,0.16469447109218743,0.20019219528770266,0.2333906308243244,0.26490185295202956,0.29507438517593587,0.32413458255710864,0.35224211526124877,0.37951614713657666,0.4060493094860446,"3.828641396489095"
-0.11194546110600129,-0.09859479648003609,-0.07770146242133234,-0.05191893387583768,-0.06384857382350105,-0.0032099711517558005,0.07095480460833962,0.11328216726820466,0.14701549366606448,0.17613147538745128,0.20219929215411078,0.2260452103691468,0.24817212377583028,0.2689147203052077,0.2885097974362587,0.30713255662942784,0.32491713672115785,0.3419690545165106,0.3583731550371544,0.3741989142008382,"0.9162907318741551"
-0.0650270633867476,-0.03763655571879263,-0.010000987184962534,0.029907858167347163,0.07177224462279459,0.10322545433517477,0.13017751833079852,0.1543278228018092,0.17648312223163756,0.19711097719254686,0.21651438784212748,0.23490442646709586,0.2524358000324958,0.26922627872644084,0.28536818614850334,0.3009356161819373,0.31598918611158433,0.3305792894330301,0.3447483937022378,0.3585327076537956,"1.5040773967762742"
-0.2031713665646202,-0.16801916814896084,-0.13991990355859527,-0.11650170376782784,-0.09937570498349492,-0.08059652187073017,-0.04092393346692667,-0.009302257532039867,0.02084060177429484,0.050363724820129616,0.0772825712951354,0.10750768032992344,0.1643400411663666,0.21660809467563152,0.2656588834949909,0.3064058505798274,0.34308740170643276,0.3770744973944741,0.40905267685764823,0.439434440880139,"3.1354942159291497"
-0.1364573280510657,-0.10967546152665791,-0.10630725979575129,-0.06039463548907817,-0.03207672553865254,-0.013933326427983754,0.020310667057659347,0.05896136510223645,0.08798923841853135,0.13774407508302267,0.17385307049717746,0.2055680441583847,0.23463701020598307,0.2618160502471013,0.2875289626376984,0.31204748663852283,0.3355609330442214,0.3582088365140812,0.3800983277903703,0.40131424130383125,"3.1135153092103742"
-0.14409683210758434,-0.12607217013496225,-0.1168650140906352,-0.08480725246713952,-0.06641413226650576,-0.04988642329554087,-0.013597796608791892,-0.019180091820259936,0.08388100370387569,0.13337984674507103,0.17204347462616568,0.20529308371792726,0.2350524973985958,0.26229383566401876,0.2875964703932665,0.3113413920204063,0.333796208679324,0.35515802624606446,0.37557732966408147,0.3951722907922785,"0.9162907318741551"
-0.3408984388778266,-0.2949899906556074,-0.25714058562794523,-0.2235933821765115,-0.19268361418992083,-0.1633536319578239,-0.13475982353399593,-0.106131728824487,-0.07675890816967583,-0.04606613911146325,-0.013691350454376569,0.02052561994551139,0.05661770336207042,0.09449516915882329,0.1336094974747424,0.16989758962668194,0.2253267559342915,0.30759122099322944,0.400224778324277,0.4630114442767671,"2.803360380906535"
-0.2514196592632363,-0.22969617005295814,-0.22209966275923462,-0.19860931780144706,-0.18129384183945368,-0.17041199524580294,-0.1428121581915523,-0.13125411989262545,-0.10514777925593513,-0.016802589295223897,0.054117416950855854,0.1105028337721912,0.15793901607598537,0.1993645739291053,0.23646226437025034,0.27027410365774507,0.3014902133948312,0.33059297833623685,0.35793427131516287,0.3837796495129373,"2.995732273553991"
-0.3440514307142821,-0.323093984922856,-0.30639323884488917,-0.2922436868122928,-0.28010453188777573,-0.2699700640803943,-0.2627531785845559,-0.2859080119507169,-0.24210609383253484,-0.22864036292280618,-0.18121806343095526,-0.1096067692757353,-0.04950812419203043,0.002357389042255944,0.04806818276857098,0.08901953878267821,0.1261910414905255,0.16029350298527695,0.19185653922532375,0.22128381723229032,"3.817712325956905"
-0.1781889532774717,-0.15934423944314674,-0.12200096040668272,-0.0941572168686601,-0.07498920406532103,-0.03392085408926743,-0.012965951860527332,0.025538141579101413,0.061334489808881634,0.08834250272978349,0.13954922202658587,0.18128721612927767,0.21690985373123725,0.2493959448902749,0.2797635658971959,0.3085294348610963,0.3360074604398442,0.362409270765347,0.3878875741485136,0.41255795851968313,"3.4965075614664802"
-0.12170532396809428,-0.10101872297601523,-0.09410259577092743,-0.06423036413122306,-0.03750348303042548,-0.016884314480732403,0.015145768424340967,0.07679232317864788,0.12355911420945065,0.15965875976801872,0.19068908814818475,0.2184873235386868,0.24396235604490182,0.2676509840571914,0.28990460776857674,0.31096946128055675,0.33102667974897804,0.3502144714728281,0.36864134515434654,0.38639446924443505,"Indeterminate"
-0.3275185372983028,-0.31880180445114353,-0.30047317712115673,-0.29358926743866715,-0.2754835322568586,-0.2737119776425367,-0.25134532866682907,-0.25023463710130117,-0.22771774128951533,-0.21975309847570065,-0.20447978800107428,-0.19269589693122283,-0.1816885130336499,-0.16628808697687442,-0.15987807514201896,-0.1397135558484763,-0.14319164124692985,-0.11241037885504371,-0.1140081171403486,-0.08393664986724035,"3.4339872044851463"
-0.34987283654982587,-0.33076939089991947,-0.32974395034353965,-0.3010719496767354,-0.2909988036346258,-0.27314216519917967,-0.2598684520910004,-0.24494894731598232,-0.22914096186588528,-0.21616795167731284,-0.19743449912091734,-0.1879347818976555,-0.1644078270775019,-0.16797056953984987,-0.13095383468702856,-0.11585715670955876,-0.10102767952296883,-0.026376699638173236,0.04202733861557197,0.09984082812263069,"3.481240089335692"
-0.16868066195226386,-0.15394906658019822,-0.13373186926336628,-0.1100344146480643,-0.10708021524967065,-0.06829539558951976,-0.0458616335754747,-0.021391450127220758,0.015493217215692258,0.09243877502404488,0.14412064825126858,0.18529310153433595,0.22083839997837476,0.2526845473151262,0.28183916794612446,0.3089124662471462,0.33430934621134645,0.35831581439366633,0.3811433102553949,0.40295367307369806,"1.6094379124341003"
-0.16373358941622831,-0.1198637659528776,-0.08824768830323386,-0.06386448998645824,-0.010633746644987941,0.028395428837349922,0.06308499373230088,0.09515911320529699,0.12533952839002777,0.15402891828351098,0.18148742496490283,0.20789845852937144,0.2333989653466951,0.25809540736518827,0.2820730573638599,0.305401807455746,0.3281400030743725,0.3503370850710613,0.37203547475430515,0.39327195770934764,"3.4339872044851463"
-0.18567012984519182,-0.15025820834420736,-0.1385937492839472,-0.08571163449031922,-0.07337855663884431,-0.020002386765028975,0.0070526609651158515,0.05018298037945888,0.09343100206127933,0.12968988829610054,0.16270760072503568,0.19359584728904522,0.2228885954165494,0.2509016776307848,0.2778451642357322,0.3038696431153974,0.32908877878935916,0.35359164800396325,0.37745007339749215,0.4007232697486691,"3.624340932976365"
-0.2181534817910668,-0.1778107169661722,-0.15753310258481126,-0.11338920022608827,-0.08122613216574573,-0.05090796864047504,-0.008291402093819861,-0.02016797710443711,0.06813403527456574,0.10954815607022449,0.145987915093744,0.17969444958607114,0.21149790398207516,0.24183193447962828,0.2709648706435494,0.29908034463519817,0.3263126424495944,0.3527646524884065,0.37851796619390776,0.40363901309308164,"3.7727609380946383"
-0.33451351186593886,-0.3194618503097523,-0.3107698569353684,-0.29169994986027137,-0.28894357015729466,-0.2659191040343489,-0.2647101265538547,-0.24042008997014744,-0.2375209566000747,-0.21454686424776556,-0.20961524339397872,-0.1878813896632343,-0.18192855198969127,-0.16006184201638446,-0.15566663333537628,-0.13089601218736877,-0.1313022301972007,-0.10085434551724635,-0.08842561997088519,-0.0728305764218642,"3.5115454388310208"
-0.3478913750348362,-0.32988912002916165,-0.315352849081119,-0.30274576705206807,-0.29139978978850106,-0.28077547016276155,-0.2110050844176271,-0.13619003059240659,-0.07484588051099332,-0.0228052002315654,0.022440097688399146,0.06251656484048293,0.09853628956461288,0.13129055166213913,0.16136076044061703,0.18918581107637236,0.2151047707416891,0.23938487380592155,0.26224042878656584,0.28384592399946496,"3.7376696182833684"
-0.3593235695047358,-0.35210456518041433,-0.3235839845229397,-0.3108263789427896,-0.292398709367635,-0.27475735592557154,-0.2667872615398652,-0.24115916611372465,-0.23397304609795,-0.20928935610397453,-0.19310572278769733,-0.18003961665838403,-0.156150413072969,-0.15599806510748349,-0.11954007308229711,-0.1056298154633738,-0.08160283023223615,-0.06344016605484319,-0.04033604841145219,-0.023270274962720612,"3.044522437723423"
-0.3922279236777398,-0.36409647820009605,-0.35876233500182675,-0.31747116382368074,-0.2930098294417621,-0.2957922986805799,-0.24730825557696506,-0.22275439420657167,-0.2208250703508185,-0.1751956180253519,-0.1482132825594184,-0.14028811755636592,-0.09637125659992672,-0.0665415490083279,-0.10179173112156015,-0.005619765581990175,0.02137994372803096,0.0591565178235461,0.0985555408767073,0.2026836090080463,"2.0794415416798357"
-0.11973559157972703,-0.09857298863431577,-0.08199797738214543,0.0009010550868943753,0.05585015908875134,0.0948246870140987,0.12619743257138435,0.1529674661106633,0.17659698861345097,0.1979209004361738,0.21746605072627687,0.23558873186047732,0.2525424968092265,0.2685149850990878,0.2836494428657257,0.29805801639186885,0.31183036535509306,0.3250394438595472,0.3377455170238761,0.34999901859102733,"2.0149030205422647"
-0.30483159852832853,-0.28635738922315385,-0.26761951487265173,-0.2464307521543649,-0.22978493483706927,-0.20764297902063303,-0.1896259255014235,-0.16653388441794004,-0.14784647729761907,-0.12101894368696606,-0.11100639694858894,-0.07241464387624956,0.006730720560220074,0.08772960104203377,0.15226478403673935,0.2066966625847067,0.2543956813544889,0.2972806184572847,0.3365265615899135,0.37290372806218175,"2.9444389791664403"
-0.3065014458140338,-0.26219144296100233,-0.22562576836063872,-0.1931698824015486,-0.16319800499211262,-0.13465885582138848,-0.10669703946847894,-0.07852726881180372,-0.049444336727390625,-0.018913775205600506,0.013365661559496006,0.047501308385845945,0.08346928454544279,0.12099891501024114,0.15847081884550257,0.1816983182547305,0.2718466225177318,0.36003690564448587,0.41981516733458774,0.47119950407080247,"3.0204248861443626"
-0.42653963583746,-0.380368414407513,-0.3426488042286701,-0.30990724479104054,-0.28097312889301607,-0.2559099385684769,-0.23808069754989009,-0.21548898149742915,-0.170921146382274,-0.13588909145512357,-0.10330183810175535,-0.0718996709805426,-0.04168688325996011,-0.014667893205324713,-0.005586802586333101,0.06374756768539477,0.11205404636812093,0.1587484814795637,0.20547133687545593,0.25066931508350937,"2.4849066497880004"
-0.3752932894442551,-0.3653394730426178,-0.3569838256923551,-0.3498222788125508,-0.3433358462370409,-0.3415349434355509,-0.26573374143481987,-0.20422002630079558,-0.15218189000250126,-0.10708082505360952,-0.06727604601665936,-0.0316449079018462,0.0006145832114559475,0.030095024317360983,0.057246363170591376,0.08241801942549107,0.10588657115014616,0.12787456846046222,0.14856367559708877,0.1681040688249617,"4.07753744390572"
-0.26391891431366815,-0.22851972592047645,-0.20052150636933688,-0.17741064077916713,-0.16048547656564746,-0.1470805377094366,-0.10554246826605379,-0.07489852738011314,-0.04653879917868899,-0.01965728204319732,0.0025014405070521665,0.036135887256135965,0.08583236199402987,0.13104617733115145,0.1706256931559579,0.26441109325197265,0.3211593228277902,0.3694114624837414,0.4127455427339135,0.45266638709359963,"1.8718021769015913"
-0.3575692557659072,-0.33981311846740575,-0.3254847120122265,-0.3130285193405552,-0.30182752159473814,-0.29156269982071586,-0.2820423601285324,-0.2717210931335243,-0.20272389991211573,-0.13780792394267682,-0.08270862114602415,-0.03480387692861246,0.007610393699230287,0.045705128569431354,0.08031859404264842,0.11207006962671455,0.14142882071985113,0.1687581364207808,0.1943445400142031,0.2184177434187554,"3.9318256327243257"
-0.21121970966904746,-0.18184739510725334,-0.16000678183228814,-0.14655674267497568,-0.1252562452326514,-0.09314869443631345,-0.06781097700056284,-0.046051114215196434,-0.04866219971708715,0.011531139542808197,0.0491768694730707,0.0802582182944404,0.149463145318165,0.21271796871704787,0.2603791329802061,0.30151065630068674,0.3385844751755418,0.3727618125135318,0.40471298802387995,0.4348719282848487,"1.0986122886681098"
-0.09312048579474803,-0.07969410866484113,-0.05406400602306115,0.01395010923329485,0.0656036036660381,0.10163684093642296,0.13098273829770332,0.15635180117196418,0.17900541643175977,0.19965325885266713,0.21874163968753146,0.23657286361876867,0.25336290477173545,0.26927239484130383,0.28442463180178573,0.29891668808605687,0.3128266033990311,0.326218223468263,0.33914456564444334,0.35165022294040965,"1.3862943611198906"
-0.13812380072713418,-0.1175129873093206,-0.10386921344813967,-0.07761504359931092,0.008799343375866613,0.06162318565695941,0.10119765666910291,0.1337273888258367,0.16178206002595266,0.18669776895625187,0.20926791953971435,0.2300064068027749,0.24926727125490944,0.2673059625532218,0.2843135441426482,0.3004370984212091,0.315792555222974,0.3304731080590218,0.3445549344438013,0.3581012015350319,"2.302585092994046"
-0.10577966249653294,-0.07912136941773235,-0.06211112630476015,-0.04074874046155674,-0.004104930075500353,0.026605550712756512,0.052504306821628925,0.1037760667090943,0.13858273288928774,0.16867256138762096,0.1959810894981728,0.2213290659533304,0.2451717383072577,0.2677987326258022,0.2894104705415946,0.3101537791796198,0.3301407516359302,0.3494596804482801,0.3681818373971606,0.3863659031444986,"2.740840023925201"
-0.20343721748061702,-0.16934519858336633,-0.14138278016904654,-0.11639565570342368,-0.09283443633223566,-0.0695537302343394,-0.045541804205448226,-0.019944587580018276,0.007836781275688223,0.03821271003197325,0.07165621394715546,0.10904491852462782,0.1524563150470487,0.2156946301542145,0.26554220050594407,0.3072643541139685,0.3446701733198401,0.37915743455190337,0.41145650643896864,0.442015998266895,"2.5649493574615367"
-0.33962105566032835,-0.3164100993367353,-0.3000393901302293,-0.2928134487576112,-0.2749413699494241,-0.25742279731206785,-0.25924319651681166,-0.2281613983456491,-0.21316947564826727,-0.20990323015218582,-0.1798491598657971,-0.16382831993244526,-0.0996183022322059,-0.022327941231882253,0.041664925033221806,0.09651723150375564,0.14475066056799443,0.1879990189481303,0.22736809985277784,0.2636330237805114,"3.5263605246161616"
-0.10918437644626142,-0.08694142406835423,-0.06409342481496454,-0.029255602306455672,-0.0076576749803793035,0.027123551379297697,0.06874504435197035,0.10794566704990538,0.1401293979748541,0.1689342671744517,0.1955154957756978,0.22044499720199945,0.24406528923720117,0.2666048585270575,0.28822710387269673,0.3090546982319133,0.32918310496200737,0.34868869174962225,0.3676339024021408,0.38607071248131264,"2.9444389791664403"
-0.31825140824317444,-0.30470474532841557,-0.3024431130827597,-0.2816291613376423,-0.2800935526683843,-0.2602870819015168,-0.2561253828098593,-0.23923332190051355,-0.23458544846734833,-0.21796310481643316,-0.2134478145722627,-0.19624649485701817,-0.19173932716190253,-0.17393856030599064,-0.16849836972962312,-0.15096287559700722,-0.14327120727299048,-0.12744951676227093,-0.11659367054630267,-0.10428131173642828,"3.676300671907076"
-0.2695144398844755,-0.2328562510667829,-0.20349809358205984,-0.17855917787248846,-0.157710114693462,-0.14632438536310932,-0.11469128309786478,-0.07888018532372446,-0.04757109387984571,-0.01718987416005669,0.012905299772575311,0.041429613778832634,0.053175089880470525,0.1246191120902247,0.17859779526909297,0.255593342160868,0.3174496072659699,0.3682714601269494,0.41342223892460034,0.45480262422249385,"2.0794415416798357"
-0.24303036335745493,-0.2256128133192263,-0.20408204013498596,-0.17850885997754892,-0.17712321576039564,-0.13634420300236816,-0.11434691511151607,-0.10030317306341266,-0.0626011456562103,-0.04855587941034437,-0.0065794547444341205,0.03056669448563933,0.12123231235506146,0.18435338953991487,0.23517341737001318,0.2791340233971495,0.3185623856624921,0.3546909980740102,0.3882677036867529,0.41978852846670933,"2.0149030205422647"
-0.2731135159461116,-0.23356677496697517,-0.20415342572305117,-0.19178168987646782,-0.14837977481672682,-0.11284455269744068,-0.0855229468954004,-0.07867149478259498,-0.024813913613891826,0.013796964611366078,0.0465461293465166,0.06782996057416901,0.11660456392165038,0.1646861696960584,0.20552648350375755,0.2405404503720542,0.31132983828204897,0.36290272219954345,0.4075257229804881,0.44838431999700257,"3.5409593240373143"
-0.37148915659186765,-0.354364643555178,-0.32635867796472373,-0.30265417398994754,-0.293057678181759,-0.2568048819311136,-0.2428418830976109,-0.21496664689717673,-0.18903935484290127,-0.18813826348940418,-0.13932806227982844,-0.12004815667610955,-0.08931721433439269,-0.06050106303969826,-0.03397666499312707,-0.0017415503008857674,0.05452985553478629,0.1523619870784299,0.2285271355119301,0.29177749367485734,"2.6026896854443837"
-0.338406596753742,-0.33014091130070405,-0.3087102994556698,-0.2968750719316749,-0.28324618278243835,-0.26761334886094873,-0.2646438377248612,-0.24055455248555338,-0.23257370471893277,-0.21543461898840185,-0.20120940441218074,-0.19476511700327373,-0.17259816809693895,-0.16467270331276412,-0.14520995493735275,-0.13054585634451518,-0.11932213754500134,-0.09863830174753484,-0.1047588986322989,-0.0663669173340914,"3.1780538303479458"
-0.11949007303928653,-0.0943230466713435,-0.09222376615570425,-0.04279970469175919,-0.015668257825405683,-0.006986483546454323,0.04541807244997484,0.08356984983537089,0.12496444435684911,0.15825488263742377,0.18792281157697727,0.21525636415950528,0.24087308569162494,0.26513667883736386,0.28828724557774554,0.310495275315285,0.33188811219321696,0.35256447897375565,0.37260312285589986,0.39206828957092793,"2.995732273553991"
-0.3662213749465641,-0.3552036412888544,-0.32518527921408946,-0.3193485901444599,-0.2866568129254489,-0.2940516532007825,-0.2486953578552687,-0.23791849455971298,-0.21051082071161983,-0.19287137481346314,-0.17115476805705168,-0.14844238067421545,-0.12860210409969328,-0.10305117553428314,-0.08009038117720203,-0.05899063583155174,-0.012396593469791387,0.07860081269784572,0.15198339322089607,0.2134567930130833,"3.044522437723423"
-0.40087480411944054,-0.36054762684085845,-0.32957706293762007,-0.30684853756701114,-0.3056474574770783,-0.24999635741764498,-0.21858645345456304,-0.19398948093847615,-0.18813922907248454,-0.13835408878130254,-0.10106899463039018,-0.06954001424900985,-0.044801455382491355,-0.015236476395825252,0.0358933192011123,0.07685475402852841,0.10761605897099975,0.16054379520492118,0.21365835618231108,0.3211985820331067,"1.0986122886681098"
-0.10647126579324351,-0.08000762452803936,-0.05798594373816151,-0.03673520512864846,-0.013839105245044092,0.012754864848428,0.045316526903960826,0.09569735401150713,0.13548150826617264,0.16787205186590365,0.19645020828438117,0.22249820463507652,0.24667650204566055,0.269386283128335,0.2908960107742089,0.3113972568378784,0.3310331514066324,0.34991439245925277,0.3681289365268893,0.38574820233540325,"1.9459101490553132"
-0.26369677013332904,-0.24191396094879125,-0.22465466095756964,-0.2099999868550944,-0.19724629612441633,-0.16268615637459663,-0.07476578848226838,-0.008837671453581318,0.04434391044779453,0.08914829307166437,0.12805733948476242,0.1625971971471012,0.19376597251691682,0.22225044604531227,0.24854329325832988,0.2730102000064182,0.29593031525913754,0.3175217613186102,0.3379583615350165,0.3573809826673645,"3.2771447329921766"
-0.3536678946045227,-0.33614576318452416,-0.3219915554297206,-0.3097110836234277,-0.2986546556298713,-0.28853148390362077,-0.22998926158281846,-0.15405884396883643,-0.09182134969938194,-0.03903907069758373,0.006831436698549306,0.047440401362454934,0.08391744599520466,0.11706744901958553,0.14748251900802486,0.17561000580106917,0.20179568512790177,0.226312148897589,0.2493780209680555,0.2711712995700607,"3.784189633918261"
-0.22496341312905901,-0.21364586064471747,-0.18523160518051096,-0.16570454880718827,-0.15216280599678145,-0.1214509466873312,-0.11156797811775375,-0.07640162594809416,-0.05418133933570379,-0.02445159601866856,0.011012644184901558,0.10036051272612152,0.16138310065727499,0.2103056274443721,0.2524612115278522,0.2901518577147345,0.32459897969943974,0.35654357205877973,0.3864766668041302,0.4147444086153598,"2.1400661634962708"
-0.3414725833683092,-0.3191184137887682,-0.3126251137925134,-0.28629016049330885,-0.2715283439636496,-0.2552065879057344,-0.2351307445376136,-0.22486198875404295,-0.19815343788336315,-0.20441331391594045,-0.1604418038037093,-0.14369203878805095,-0.12825902893940253,-0.06201835885355565,0.021768011040033397,0.08977615793645922,0.14746915126110932,0.1979521370638216,0.24314965454999224,0.28431178980638533,"3.3141860046725258"
-0.2169071344461669,-0.19567374610598917,-0.17886228312919633,-0.16465091324301365,-0.1242328168538758,-0.03909815602061794,0.02179411267791267,0.06974153495337436,0.10965050146978758,0.14409313830795104,0.17456676619305772,0.2020178055232257,0.22708347616054447,0.2502141421749995,0.27174044190199853,0.29191264268289424,0.31092498394465945,0.32893141011764615,0.3460561163733593,0.3624008383515096,"2.995732273553991"
-0.34499485333120833,-0.32332631094152536,-0.30753608384694464,-0.2979713499448257,-0.2886407717403062,-0.2691444587957082,-0.26151454605209207,-0.2456679802535821,-0.22934902996748185,-0.22858095894537475,-0.20220114488770222,-0.1869224325797575,-0.18356406382164558,-0.148654355555441,-0.06874783158812256,-0.0037371167415273135,0.05186933904339791,0.10062607819446753,0.14420081482975666,0.18373588387179124,"3.6635616461296463"
-0.3674362243674684,-0.3463462364925342,-0.323602551037993,-0.29482491727083787,-0.29323760861342163,-0.2500934166011128,-0.2280439854959687,-0.21532885335476018,-0.1776696802097272,-0.15944999604495277,-0.1313145177169826,-0.10001202103166487,-0.10016965941332918,-0.041704467749668545,-0.027349136407109176,0.021315094115420315,0.08878634706958068,0.18368701989395328,0.2571501866797158,0.3186323361482924,"2.4423470353692043"
-0.35181791625588643,-0.30883268892934607,-0.2741052002656777,-0.24431928780616102,-0.21865974159116125,-0.19887835260351458,-0.18978435733803,-0.13807755772670197,-0.10240477643436734,-0.06937871467794972,-0.03734527052048541,-0.006302091021173628,0.02087010570590667,0.05092643422182688,0.11062964897197702,0.162224863860099,0.21353995432093423,0.26802750766711514,0.3703913706569643,0.43660681384311917,"2.2512917986064953"
-0.05679564881030692,-0.02731635297224395,0.005388985360320707,0.051235642568043284,0.08375880450516793,0.11131092152957156,0.1358786432147201,0.15835648411467526,0.17924959094443804,0.1988802812407856,0.21747079371006167,0.23518282255410347,0.2521387798108368,0.2684342136923447,0.2841455408832303,0.2993351009612063,0.3140545960357502,0.32834750845475213,0.342250847936086,0.35579644372372393,"1.6094379124341003"
-0.3006639685354591,-0.28476814955340574,-0.271424538174624,-0.2584778212787828,-0.16503680747741886,-0.0868460354290828,-0.02604066605738185,0.02380728194437527,0.06614392661020486,0.10302167019652975,0.1357550930017063,0.16523442201149507,0.19208984462425682,0.21678373261877623,0.2396654105958931,0.26100528005176016,0.2810169671816316,0.29987220590388497,0.31771114037916404,0.33464964138229925,"3.367295829986474"
-0.14781378093997535,-0.11844044975892895,-0.09435739012485697,-0.07243750265750082,-0.05095149773704071,-0.02850393389698128,-0.003931356886417496,0.02363903355051209,0.05508261616254456,0.09223160139353882,0.14748217433119207,0.19102466085271394,0.22706901141454347,0.25917402293153563,0.2886341406223467,0.31612229118082785,0.3420501480145539,0.36669486035780857,0.3902552577041294,0.412880614541497,"2.302585092994046"
-0.2599805515497188,-0.22618024942598466,-0.23987527550491555,-0.16495126519337633,-0.13515316966381544,-0.14325920904013031,-0.0739035157917035,-0.042191223453089566,-0.03432532571591564,0.02230853534279925,0.05940236922353758,0.07893767712585212,0.13258537071807083,0.17534791495645202,0.20373390694217164,0.26948206019980236,0.31765935636870957,0.35944744352508895,0.39781562620067484,0.4338379563684715,"3.6888794541139363"
-0.2636901591058777,-0.25218711809333605,-0.2293993219891012,-0.11401079608431806,-0.040000739909540055,0.015391253960971506,0.05981663636882857,0.09702703883151413,0.12912855367489764,0.15741995379905607,0.18275886123761767,0.20574145158209803,0.2267990393062662,0.2462537998584568,0.264352772920451,0.28128957038443936,0.29721877127722846,0.31226576882701695,0.32653369792504666,0.34010841783270523,"3.0204248861443626"
-0.297297235756546,-0.27478248091001684,-0.267016057422461,-0.2425598509645067,-0.225988332559984,-0.21225988027230244,-0.18813975922313303,-0.2061561300515244,-0.14991904252042915,-0.13253402819038684,-0.11514485643310222,-0.015156109102102399,0.0584561602536074,0.11848174161808207,0.16967747085565837,0.21473523819962523,0.2552830041480579,0.29236440491899884,0.32668539190773405,0.3587460587659106,"3.1570004211501135"
-0.33492254238500724,-0.3157966404754841,-0.3016279459153879,-0.29228555687645713,-0.2880636514349138,-0.2685082421938834,-0.2601936382518016,-0.24976668003405547,-0.23449933130073888,-0.231464642121147,-0.21203007232667032,-0.19941809321091036,-0.20699970300092324,-0.17448006276447645,-0.16171083653293017,-0.14421490686025623,-0.07583397106768554,-0.017849053585640984,0.032335526396131346,0.07669437264083843,"3.7954891891721947"
-0.34200947600931114,-0.32253387578214315,-0.30696338840893517,-0.29375586823533945,-0.282423816297421,-0.2729694771196814,-0.2662493288778812,-0.2808190046071212,-0.2472282856351038,-0.23544071518696075,-0.22726153135056654,-0.213514669912356,-0.14257242386667263,-0.08264270041790443,-0.03093689813391641,0.014607067569803565,0.05537421468568927,0.09234022135517776,0.1262165430156279,0.15753583719973893,"3.9219733362813143"
-0.35091924647467815,-0.3322835760453706,-0.3172684651863017,-0.30423791043447174,-0.29252695355494784,-0.2817959141752737,-0.26900598611407345,-0.19042416631006845,-0.12114598398968571,-0.06324151034701936,-0.013445247448362483,0.03029214503623181,0.06934102513415744,0.10466048783455344,0.13694569048057686,0.16671507996884122,0.19436480449176266,0.2202039892734869,0.24447832045225798,0.26738623247712323,"3.7954891891721947"
-0.08395531483299082,-0.05833897873547334,-0.03605781588509631,-0.012079375095240598,0.017763908016328753,0.06640839631260483,0.10506894008913413,0.13600882812676418,0.16305304837838192,0.18754472212549375,0.210168020007564,0.23133505051748707,0.25131967166286745,0.27031612538922123,0.28846875666253496,0.3058886609108409,0.32266371938419675,0.33886499928389113,0.35455102212959616,0.36977071591065847,"1.6094379124341003"
-0.23676795773122075,-0.21626704262730123,-0.2231467771962946,-0.18256325923378422,-0.1710329780444972,-0.148709537775668,-0.12841642186293553,-0.12360667256608462,-0.09032236017082979,0.008128816568228489,0.07419819150114686,0.12697603235728364,0.17163247758353853,0.2108317924025301,0.24608442986413864,0.27832532039877494,0.30817573233111445,0.3360717963115267,0.3623330094645097,0.3872014489520858,"2.8903717578961645"
-0.3433193793367573,-0.32285078418344615,-0.3066729527775515,-0.29324342681955173,-0.28228115865854536,-0.27471964402385624,-0.27733047068938876,-0.2529284644197697,-0.24113901470753601,-0.23514553255269602,-0.22464610944167082,-0.20737897367544858,-0.14805224996598945,-0.08255325204861204,-0.02670927588704725,0.02206111636280338,0.06544366236846352,0.10459989397493878,0.14036155007777734,0.1733416081847701,"3.8501476017100584"
-0.28443055503221826,-0.24801200471224993,-0.21934368159346687,-0.19604157061914007,-0.18065776774227227,-0.1580320154664602,-0.12047386624578822,-0.09062863483948275,-0.06340481973109896,-0.039216358833147474,-0.0693470384473975,0.027167481112778818,0.0701058953802107,0.11077782858165482,0.13868674142411744,0.23094977420957205,0.30308572515544163,0.35868708026590257,0.40716321253788285,0.4511581717176611,"1.791759469228055"
-0.4199708315133434,-0.3791522560381683,-0.3469676493374063,-0.321131110566983,-0.3054022269918131,-0.27737063676631996,-0.24038534377956317,-0.21204101888471374,-0.18942031351022232,-0.19825748062530413,-0.13303224839427658,-0.0973080777828086,-0.06621018593131281,-0.039643075603384176,-0.0355685253560854,0.03148863143744723,0.0737423756575196,0.11111562796669262,0.12284373954942183,0.19991269069653012,"1.6094379124341003"
-0.3354628963974273,-0.3163344920313204,-0.3016084178170324,-0.29023000437930097,-0.28377897347416564,-0.2744464431133677,-0.2592970336520092,-0.2521393007548042,-0.24202424340903975,-0.22686653909870635,-0.21973992657676852,-0.2082709185408802,-0.19262058404826649,-0.183191195221415,-0.17219220954395423,-0.10410484866962147,-0.04551667070517324,0.005136843777484112,0.049853161830917106,0.08997645586298783,"3.8607297110405954"
-0.3154760751742741,-0.30072377166089836,-0.2929581454492395,-0.281418034336741,-0.2696180060040295,-0.26554733692156907,-0.24900479559535577,-0.2552593890763906,-0.22890977252809763,-0.22533012853614473,-0.20870838589799337,-0.20189419851704274,-0.18823458382906275,-0.17876631643703092,-0.16772664297260548,-0.15534250008400474,-0.1487983856057028,-0.13179481333631748,-0.12669932351424476,-0.10926545586633771,"3.784189633918261"
-0.3186640669632148,-0.3037557211830829,-0.27753665659405713,-0.2638104359664219,-0.23733773305285777,-0.2278185860896788,-0.19601238755967423,-0.19515618150198707,-0.15250513123972448,-0.1577018599637814,-0.105759733546599,-0.09136373985323659,-0.057576019606543516,0.024399588792152233,0.10678723089413177,0.172530619091633,0.22809218872456474,0.27688896336370616,0.32085500454437504,0.3611696884409854,"2.8903717578961645"
-0.3587260762239375,-0.3420988556226244,-0.32866485416803265,-0.3169712688661553,-0.306440844785609,-0.29677402554449256,-0.28778948280557004,-0.2793305034168679,-0.22998388055769126,-0.16510982261045132,-0.11006091230079998,-0.06222091291789572,-0.01988807551443504,0.018106944996632887,0.052602201826481725,0.08421794376012594,0.1134251188541313,0.14058898634681477,0.1659980428601353,0.1898838238719512,"4.007333185232471"
-0.36146364952772636,-0.3463109963499084,-0.3223887672446287,-0.3079832757361144,-0.284882263622674,-0.2736514942791991,-0.24713040459222216,-0.24293563051809622,-0.20850425060653222,-0.21742081122020934,-0.1682424007543919,-0.16465385711784353,-0.1254163441792797,-0.13619378035623592,-0.08013533703154313,-0.06151398728736826,0.013002033886117243,0.0952431503329172,0.16236289491432399,0.21964154563684443,"3.1135153092103742"
-0.16931769334086072,-0.15074805952946238,-0.14007699513211533,-0.10890128487696026,-0.09192168006079864,-0.07442871090296302,-0.041655198058288594,-0.02397814135871585,0.013555360538961506,0.07911024301927759,0.13759403989324728,0.18143698086756296,0.21863601836446753,0.25171103323756633,0.28186964204807324,0.3098102741431825,0.3359834371049213,0.36070136280576975,0.38419178575126106,0.40662728680682697,"1.252762968495368"
-0.08828853862729023,-0.06154325022270719,-0.03869006087287933,-0.015256682236005382,0.012063499015479862,0.046938976056521996,0.09437884707001788,0.12802986749437545,0.15685713872021106,0.1827814170011438,0.20665776748022843,0.22896891200097133,0.2500238548892956,0.2700366144185298,0.2891636942301222,0.30752418895764766,0.3252115333744229,0.3423008229872101,0.35885360943145467,0.3749211705990465,"2.0794415416798357"
-0.35305440196344695,-0.33360282345238423,-0.3179384770846796,-0.30436590233254734,-0.292225792487983,-0.2811849652679203,-0.27105755113774715,-0.2617681110520307,-0.21068532849746768,-0.13914957051911647,-0.07929616504984605,-0.02777441525560961,0.017512986408989947,0.05797164054686661,0.09458813886737617,0.12807934176941987,0.15898069924825503,0.1877015642634394,0.2145612775849964,0.23981344267599441,"3.8607297110405954"
-0.331488506084281,-0.3090282075032726,-0.29125021522483746,-0.2762839553204706,-0.263578209318887,-0.2532752116031918,-0.2472426495632544,-0.24153819075976612,-0.20772557572623748,-0.12114480295449506,-0.05245805362168118,0.0052061782502112065,0.05503468231644117,0.09903257056431695,0.13853784828499072,0.1744815827942001,0.2075337989489135,0.23819079194078538,0.266829616788575,0.2937431959923002,"3.6506582412937387"
-0.2999073530045416,-0.26388110115112734,-0.23620587866521697,-0.21559694221569764,-0.224601072449715,-0.16408529902708718,-0.13354596455741713,-0.10784171908608944,-0.0884420201586628,-0.06355653507059437,-0.019172684200157775,0.01723672925007621,0.050212613868064186,0.008390974087984598,0.13533988799987673,0.19609646564585506,0.2854389006308874,0.34669535169284177,0.398874423757795,0.4457024945310413,"1.3862943611198906"
-0.40324703260878103,-0.3704827964212057,-0.3505749743831071,-0.3295458684630196,-0.29424935593772145,-0.2726158265544214,-0.2651612283934182,-0.2200754847431528,-0.19401197404751966,-0.18409931432866408,-0.1434186741929673,-0.11083079708304139,-0.08880600335023116,-0.059933498126653724,-0.018855827758333048,0.008463761190627712,0.0442272567438029,0.08678086642010646,0.11580324348290266,0.22315155015961594,"1.5040773967762742"
-0.3713060977507032,-0.3578500143105678,-0.3468868361287589,-0.3373962232328152,-0.32883665200235124,-0.3209997913313949,-0.26712897560405735,-0.19773407442859178,-0.13987799990925182,-0.09024962840034564,-0.04678155536144225,-0.008093615700647209,0.02678140856243585,0.05854694494065131,0.08772984894970443,0.11473439347157699,0.13987720868253944,0.16341070344581146,0.1855392219873986,0.20643046212161167,"3.979681653901961"
-0.1653219650410148,-0.14266220072520222,-0.11344502037741067,-0.08184717151421446,-0.07630254164164563,-0.026169776302864954,0.0034927792337962342,0.02172293566113404,0.0719033223612251,0.09877978386431492,0.15158545185514344,0.18949143873026747,0.22297026611450083,0.25381323956652213,0.2827761530678624,0.31027797132320295,0.336585947284488,0.3618858766981187,0.38631465779391394,0.4099774735610559,"3.4011973816621555"
-0.27911030147547955,-0.2679492257555572,-0.2514493725929762,-0.14117703547775928,-0.06254327296506318,-0.003739921906459015,0.04335552803349573,0.08274164804442333,0.11666916897488899,0.14652708240409798,0.17323259462380122,0.19742322596481363,0.21956014420434397,0.23998777908321758,0.25897019545857874,0.27671431635197813,0.29338531948276775,0.3091171723331346,0.3240200402856375,0.3381856180213595,"3.1135153092103742"
-0.25271763999008173,-0.22390621487927487,-0.18677369136967692,-0.1582484197067272,-0.12182327484932325,-0.09660104296000034,-0.055424460605647936,-0.03657620188624889,0.01379184038645886,0.023639054569558293,0.0879973846529819,0.10945794478317507,0.1694930948539628,0.21441235182376955,0.2534626092543138,0.289455949384158,0.32336788474099143,0.355694303200927,0.38673670021243706,0.4166986401303583,"3.871201010907891"
-0.06379829043684264,-0.03951604640466181,-0.0203972616859552,0.04626343699407413,0.0831348978472816,0.11249870950684078,0.1379077383680445,0.16071918506995894,0.18163938040752445,0.20109604866770875,0.21937318790284988,0.23667152041744763,0.2531395142471579,0.2688908497303468,0.28401498273222214,0.2985838790463381,0.31265650376318566,0.3262819189372815,0.3395014871948107,0.3523504781889308,"0.4054651081081644"
-0.3380616234387988,-0.321913544945557,-0.2928494349499785,-0.26957445869530333,-0.2584709843308045,-0.22282198890574706,-0.209151613727026,-0.17933669752175194,-0.1530026035471255,-0.14412555837681876,-0.0999791958800081,-0.08456487803526636,-0.043897758176747174,-0.024432524485919566,0.024765366362338195,0.12404444029047887,0.20252890563198755,0.26611333751003236,0.3208400262662616,0.3696835985171543,"2.4849066497880004"
-0.10121132995073773,-0.0828768077608047,-0.08067259674087532,-0.038727519904189434,-0.01279782665490435,0.03119019837680129,0.08693094886017459,0.1240409199424448,0.15480733986786083,0.18186031804904268,0.20635983691664986,0.2289506634820456,0.25003871808153805,0.26990063500730044,0.28873565878793145,0.30669328955985115,0.3238893027065808,0.340415641115935,0.3563468361552927,0.37174434666233425,"-0.6931471805599453"
-0.2232892328160095,-0.20427128445500423,-0.19796968183483393,-0.16865607543504163,-0.17844622919643505,-0.13178282478969122,-0.11877583964321083,-0.09426936139514287,-0.051237645270992525,0.031823403577005326,0.09334143739645007,0.14281059122800915,0.18495734602138567,0.22216482880695496,0.2557769178186178,0.2866281763953294,0.31527623338926414,0.34211473568147027,0.36743353105341797,0.39145322591856424,"2.772588722239781"
-0.24642978033990623,-0.2074996627572429,-0.17547116764873782,-0.1470047560260999,-0.12056030854594411,-0.09509252439821428,-0.0697159149430246,-0.04363210545419056,-0.016201812081505493,0.012958869080315042,0.043977839786599984,0.07673542952453351,0.11034842285508206,0.13301076084804686,0.20497966655309338,0.2848986840028378,0.3374374402287745,0.3824873769605617,0.4233413887637345,0.4612920543153504,"2.917770732084279"
-0.2363486852959969,-0.22368260661150083,-0.19811608939493075,-0.18673943713119384,-0.15940174639501645,-0.1515056751660436,-0.11789869214188413,-0.10819692495024906,-0.07277176014640438,-0.04986213740683581,0.03220524774742468,0.10293386037721623,0.15795695246687047,0.20413930940902159,0.24465233481953677,0.2811602365445628,0.31464764645732535,0.34575161100840623,0.3749120338666303,0.4024478290996724,"2.6026896854443837"
-0.3738216044677953,-0.353749673329077,-0.34151409847241276,-0.31311954128526687,-0.30117690169859584,-0.27967717262562697,-0.25831838147126135,-0.25570438754139624,-0.2224044469393032,-0.2034741842754136,-0.20069549908052414,-0.16380995591560973,-0.1461907701952923,-0.13043293478719803,-0.1013076748697473,-0.08746540127151597,-0.058664935398419146,-0.03480664599674069,-0.015012132156777016,0.015768380182579436,"2.6390573296152584"
-0.18473325525157885,-0.16900458334356486,-0.12688457649430002,-0.10111627124243426,-0.07537513057343218,-0.03887855960422237,-0.02843526399008594,0.023031672940995257,0.05398256817241112,0.08967614154829268,0.1321979444148173,0.17656489659542812,0.21336121856918636,0.24669258441630795,0.2777639131529856,0.3071543767959262,0.3352059391203725,0.36214515951730164,0.3881336293898042,0.41329265796128656,"3.5409593240373143"
-0.12986629591098212,-0.11659698516848709,-0.09615579512512885,-0.07605864491010306,-0.06148352274339721,0.01270147517382163,0.07036091903832026,0.11163313918673959,0.14542765187177442,0.17470313339518787,0.20086699227824764,0.22472046857389144,0.2467713754699533,0.2673655830491078,0.28675121395009173,0.3051134042360746,0.32259462063550415,0.3393072570261531,0.35534181991982183,0.3707724557686573,"2.0149030205422647"
-0.32147526538717824,-0.30446486604593703,-0.2922391270952996,-0.28612321622639986,-0.2740669413898891,-0.26163228949141126,-0.2659180598590351,-0.24133194912787775,-0.2330874312455296,-0.22290032069708182,-0.20963890322623524,-0.22589403225690963,-0.1877243372076027,-0.17842477840529117,-0.1689852750647077,-0.1531353543641953,-0.14488593215678694,-0.1334247451941462,-0.08129656107253207,-0.0262778825708496,"3.8394523125933104"
-0.17048392418858746,-0.16098894134701067,-0.1344896104045044,-0.12693587169324963,-0.0959406092622792,-0.08681893744444841,-0.052580068019217566,-0.006741629838079847,0.06634843336595707,0.1176411010586048,0.1588125199925908,0.19417480255650915,0.2256511492042374,0.2542892204401927,0.2807347786271844,0.3054197016881516,0.3286499796972657,0.350651927688923,0.37159859348204227,0.3916258535524737,"2.2512917986064953"
-0.36144103903433067,-0.34384449210473494,-0.328708446195477,-0.3083828670107176,-0.296562391668139,-0.2752434022178266,-0.26285685409405224,-0.24214647536197598,-0.22789349708103804,-0.20797609902631525,-0.19198946357343272,-0.17170750505333984,-0.15550844742880687,-0.13256536301544206,-0.12157932512548293,-0.09139577064035498,-0.07713949856303194,-0.0014411410890409614,0.07398223523849394,0.13673051620685897,"3.295836866004329"
-0.3941616039892148,-0.3657098641727728,-0.34893900641069786,-0.32836989914662057,-0.2992782472748655,-0.2821593388479837,-0.2673814021938615,-0.23523814816845648,-0.2154404959811876,-0.21477067322801122,-0.16962633630933677,-0.1458006022785356,-0.13627749943231687,-0.09973224677542215,-0.07107687933858521,-0.054218568145244186,-0.020817806784013987,0.011556621569948997,0.017782251627358716,0.07301906668867722,"1.8718021769015913"
-0.17080291706981748,-0.1382067899615454,-0.11529873751794038,-0.07427838707637709,-0.0585049570429074,-0.008257607935335773,-0.011822545437996719,0.06508866221456659,0.10449015949987396,0.13882161816159186,0.17037762308437435,0.2000083613339163,0.2281591849858117,0.255106057575803,0.2810378361583089,0.3060924764803928,0.33037548268374806,0.35397032362386316,0.37694477632629353,0.39935502065103673,"3.5409593240373143"
-0.2310355646386219,-0.2088839587669411,-0.19457474870100286,-0.21773886091414232,-0.16350269645488255,-0.1473307265498646,-0.1511615687954482,-0.07025579643584895,0.006792046783277345,0.06550711355065983,0.1135355892894329,0.15464550609340308,0.1909147434063249,0.2235903627401576,0.2534774607138996,0.2811272680090855,0.30693508824188925,0.33119500977194777,0.3541323918740827,0.375924167832119,"3.0204248861443626"
-0.19454392893745495,-0.16061464452857363,-0.13450154244328083,-0.11621164762457596,-0.09680462465854249,-0.058428583480085,-0.029021304072448264,-0.0029690631973218716,0.015836235511976698,0.05288537318031103,0.09649398215411077,0.13619375669752917,0.17079628574382147,0.2293867407971812,0.27153025446276774,0.30861391905073654,0.3426580904030277,0.3745329046625677,0.40472535097474166,0.43354730888805154,"3.2188758248682006"
-0.28778859432152665,-0.24769218746978283,-0.21490361825098045,-0.18605173141524903,-0.1597068035781903,-0.13508893094635177,-0.11185517686955618,-0.09050192089135017,-0.07690081760430137,-0.04057570251837578,0.002130312401939431,0.041768184683331974,0.08227011267783886,0.12504657452268034,0.1713569899772691,0.22306740570415595,0.29851588222040454,0.36069379108902316,0.4124244656738066,0.45872410480850795,"2.5257286443082556"
-0.33985911590168727,-0.32003071675554134,-0.30671827955962505,-0.3161039318498909,-0.2813361400322709,-0.2708129145734426,-0.2595960284441339,-0.24296586551606822,-0.2542009194384416,-0.21651521878726523,-0.2067523182597968,-0.19176659066840765,-0.17493006909400738,-0.1725048432977013,-0.14707815162263743,-0.13545439385376234,-0.0595232413564598,0.0034766865836847265,0.057393536636515544,0.10469390498993783,"3.6635616461296463"
-0.3559956927307072,-0.33831948911453225,-0.32403994891799354,-0.3116230931195211,-0.3004671910131161,-0.2902612351116582,-0.28082129230540054,-0.27203244785312725,-0.25364092340637134,-0.18312349840574435,-0.12313378892881016,-0.07153538122442732,-0.026227325591423947,0.014197904322815105,0.05073003938647752,0.08409062650643515,0.11482067600817493,0.14333522946482444,0.16995894897881356,0.1949501554854542,"3.979681653901961"
-0.36755852921053955,-0.3684335147084422,-0.3265739206011938,-0.32361737390459977,-0.28910808777973807,-0.2760288283615153,-0.25349370916555797,-0.23382000450882065,-0.22030425346632196,-0.19282329524614608,-0.2192784185014648,-0.15136010350905782,-0.13948617260835797,-0.1078094986950779,-0.09196811834216885,-0.06048798854296797,-0.05713936137838829,0.003991553402764751,0.09307276421149867,0.16500061645628838,"2.995732273553991"
-0.4029543221559122,-0.3679099907753003,-0.3442137852958795,-0.34002703931838,-0.2904045015422628,-0.26365985418265997,-0.2506635713833328,-0.2170436061234083,-0.18366246158950575,-0.15970221250012065,-0.15692571958174026,-0.10018104532220196,-0.06744176918309916,-0.0457082666428399,-0.00791256711646573,0.0345626092132191,0.061388875900707116,0.1099010876822325,0.13346859548601026,0.2625317882107463,"0.9162907318741551"
-0.12359514241715203,-0.11989132249065683,-0.08696645027765644,-0.06998932487085173,-0.045655761682629296,-0.021110239650566506,0.051666524979420723,0.10062200697381801,0.13787458004427885,0.16939081398083294,0.19727220305183873,0.2225686301927444,0.24589884846875057,0.2676655439452504,0.28814889700270435,0.30755350253253244,0.3260343414170376,0.34371224601387496,0.3606836445564928,0.3770269838235665,"1.5040773967762742"
-0.32221720595983144,-0.3099819494653841,-0.2993426879932791,-0.28552110627842137,-0.2775310387918719,-0.2631436689446677,-0.2551748158051449,-0.24146922285320538,-0.2323183380218099,-0.21998942210830988,-0.20919662095119693,-0.19840840955500624,-0.18580229838114054,-0.1764008894596511,-0.16198653504804367,-0.15338918152181857,-0.13758215606030505,-0.12848165224770325,-0.1125658024767247,-0.10128132024115738,"3.597312260588446"
-0.34166163070488276,-0.33316618880388593,-0.31038305548087486,-0.30557839472418474,-0.28150547646983753,-0.29083555130609773,-0.25362858385371284,-0.24639911523071645,-0.22636062382897804,-0.21394347503269978,-0.19964234739588796,-0.18286408565672155,-0.17391485815000463,-0.1517724771270395,-0.15245418296305524,-0.11983958917045995,-0.12204463951653499,-0.08639475162786323,-0.08646023506423622,-0.051522036245008784,"3.295836866004329"
-0.29463804078773276,-0.2753945865473108,-0.2528733995731113,-0.2255796044952059,-0.22450710445681904,-0.18169361144055862,-0.15938776475410177,-0.1464600859026307,-0.1077899855661552,-0.08945533680748378,-0.05598223900454421,-0.026555658385114263,0.004288512097280806,0.06660339205626374,0.1565920033448819,0.22337357297533803,0.2785479651880108,0.3267930118240685,0.3703202531072369,0.4103571764426894,"2.1972245773362196"
-0.26238251992960604,-0.22191526545941956,-0.18877015576201828,-0.15969196406842814,-0.13341632478037033,-0.10955008918146426,-0.08915298512485532,-0.09961113580392761,-0.03248228051666961,0.005922996239658161,0.04266600595849264,0.08002916291752596,0.11888458667913124,0.1597463571796377,0.20274232708161385,0.24394597618003067,0.3203245866336654,0.3716278662129663,0.4164872941606093,0.4575401783239294,"3.1354942159291497"
-0.36808626335774336,-0.34102525252197896,-0.34144167336739534,-0.29089322451902855,-0.26915940814888817,-0.2569801101299588,-0.21780889956633695,-0.19641661512831676,-0.17978696250599552,-0.14054668510678942,-0.1175093396617552,-0.09363096592144679,-0.05399015268255934,-0.03459275904995013,0.009351097197209068,0.03885195551662584,0.092420679303944,0.20015996506494133,0.2776219157780186,0.3412730110365692,"2.0794415416798357"
-0.34335561761639033,-0.3320864689774879,-0.3130813866541434,-0.2984777236376232,-0.28869446113395025,-0.26889354849648917,-0.2652035171812173,-0.24192636325357797,-0.22908898082816917,-0.21878180977832137,-0.19903492761363656,-0.1929233131481755,-0.17120070470904397,-0.15652454414115405,-0.14692173069817102,-0.12442975156478142,-0.11701506206083402,-0.09299956997340744,-0.07811217518034477,-0.06086222321992962,"3.091042453358316"
-0.14718486540558418,-0.12881126017439384,-0.0938894732901158,-0.0659020163949592,-0.05101247184041455,-0.006461004819669397,0.01785054280090274,0.05577155899611129,0.09454569144205363,0.13722837555325848,0.17199021275873821,0.2032333167963387,0.23220407659758857,0.2594957569483921,0.2854569180115106,0.31031770984046864,0.3342418273920973,0.3573518462041712,0.3797430752044786,0.40149178386203943,"3.3141860046725258"
-0.07321378884922977,-0.04664549658296427,-0.026713852663668908,-0.006218072263251366,0.05289216386394426,0.08857209306166049,0.11812462630490923,0.14437632536324285,0.1683993675115183,0.19075860456259774,0.2118019161087157,0.23176439659683537,0.2508150649847851,0.26908094671626487,0.2866607516422308,0.3036332170222542,0.3200624833600556,0.33600171254161004,0.35149561086901143,0.36658224102539055,"2.1972245773362196"
-0.3244594978808153,-0.30684917831053277,-0.2934809374053827,-0.2836854091079571,-0.2829712525762629,-0.26490655950371345,-0.25429738002698854,-0.26861776416349015,-0.2341748875335776,-0.22513282003273738,-0.21881942937838028,-0.2024381501393466,-0.19474138619349687,-0.18467408177554637,-0.16953888781897117,-0.16058485326128358,-0.137813903596866,-0.07683789239436248,-0.024638362730581093,0.02100047998617282,"3.8918202981106265"
-0.2657145847232254,-0.24270746895876746,-0.22791387554782824,-0.23715685415243107,-0.19616102527339277,-0.18176988901980926,-0.1727373848143436,-0.1444741130105649,-0.1102377734798364,-0.02276235149030224,0.04467971063380966,0.0996090977830598,0.14639646804856163,0.187502820164639,0.2244172182960698,0.25809905593371574,0.28920131203116345,0.3181891510312611,0.3454065096522137,0.3711155428721691,"3.1570004211501135"
-0.2804044180391224,-0.22951582586237088,-0.1891174923941447,-0.1607535140179187,-0.12455280194297733,-0.07855038579606936,-0.04924979583698025,-0.008545604410498705,0.04106377318069129,0.08217399177168273,0.11979015400303937,0.15517948514949637,0.18891296473004657,0.22131743112167782,0.25260661792276884,0.28293250887490534,0.31240949691415815,0.3411272542785822,0.3691582381426756,0.39656237943067946,"3.970291913552122"
-0.3381870317622879,-0.31538813551340283,-0.2978386066397709,-0.28406816141115576,-0.27512344924168536,-0.271194582899976,-0.2476139951873642,-0.23495933185355228,-0.23627752477685346,-0.20927047235576213,-0.19616308786002573,-0.11197671182164509,-0.04143363773728879,0.01790571970761057,0.06928253377502486,0.11473989974960912,0.15564340674341345,0.19294338586892018,0.22732266333266923,0.2592857076680332,"3.6506582412937387"
-0.34260975752520845,-0.3242878891665501,-0.3183536617382633,-0.29743388579630925,-0.2855566289104435,-0.27256537113853785,-0.2573156899495366,-0.24785508755089106,-0.2294247317446466,-0.22354869425351226,-0.2008851230580058,-0.2115979318647971,-0.17150745849482082,-0.16286312618273246,-0.14215449360975643,-0.12615436444365208,-0.120432784378859,-0.08637938729017443,-0.014882224916630046,0.04663434081598184,"3.5553480614894135"
-0.13058211724405072,-0.1016612980256223,-0.07969940842428667,-0.06606296367968581,-0.03964404065649591,-0.005487412328731214,0.024735467248294483,0.05418333827352443,0.07240883763732607,0.137577278647595,0.1751739677849158,0.20752090125328984,0.23686207655379019,0.26410704214402436,0.28975069121176206,0.31410450159657066,0.337382558857061,0.35974098962294104,0.3812986139734443,0.40214881904286287,"2.8622008809294686"
-0.09116375949074415,-0.0641615763174081,-0.04163267559843568,-0.0197623738745355,0.003402891352395147,0.023065423165408806,0.08843998872779488,0.12379375148481357,0.15361795927030208,0.18031100439183947,0.20484662593013508,0.2277529551514997,0.24936065758414525,0.26989562270240974,0.28952152465844466,0.3083621162094161,0.32651403512878385,0.34405468239047804,0.3610473325587579,0.3775445920492723,"2.2512917986064953"
-0.3642129574835882,-0.35318492384392935,-0.3189740034622634,-0.300491174825848,-0.28004144323533886,-0.25376105246656105,-0.2631793587823539,-0.20955774003079264,-0.19248060898230504,-0.16691991289967995,-0.1397108815374402,-0.12695285829703626,-0.08718219841812808,-0.09227854410285147,-0.03147027983731878,-0.013268101301509733,0.08029791603746605,0.16670706772434515,0.23591241943764704,0.2947047819680052,"2.70805020110221"
-0.3137238580691842,-0.2689229828726371,-0.2319938406939874,-0.19936395978164786,-0.16951623015085457,-0.14159150977525714,-0.11508570986757491,-0.08991690417442365,-0.06729385428595974,-0.06687892348621355,-0.0042400149736673415,0.039898775875591416,0.08238816784344546,0.1258479251251563,0.1713849385015073,0.21993877895642974,0.2727349591140848,0.3317422990664431,0.4018739556083852,0.45678710238741704,"3.1570004211501135"
-0.2793649032038925,-0.23980257032505725,-0.21102007513142565,-0.21343742155050627,-0.15148042088129607,-0.11772448473293083,-0.09296072447286743,-0.0760969160129615,-0.025727125130547913,0.009765127169783946,0.038453451369339045,0.06087090433436183,0.11752354429495418,0.15994095609943842,0.19204138308697416,0.2462199841546548,0.30258951734603556,0.3573784555653771,0.4034237268740201,0.4452622150318708,"3.58351893845611"
-0.34415074745871493,-0.32250974375430586,-0.3056305902350329,-0.29199285200773517,-0.2817796769135775,-0.28091680408770503,-0.26095769502764754,-0.24649975420838577,-0.23871890341421032,-0.22913087011788902,-0.20976973718839462,-0.19102439990930106,-0.11497200286778489,-0.04935237158484377,0.006644797776164267,0.05560942174278344,0.0992319834326304,0.13867444364121087,0.17476504775526894,0.20811111677932956,"3.7612001156935624"
-0.357550692087663,-0.3413793752436315,-0.32566409342091757,-0.30769465553452036,-0.29465050191867687,-0.2765056215339391,-0.2627272626925269,-0.24574367730417704,-0.22994332364526135,-0.21443102473304917,-0.1963134500276598,-0.18153834273303648,-0.16168042509413574,-0.145738949188946,-0.1262722047151444,-0.10656606603990869,-0.09333848150501228,-0.0662675254199549,-0.011363051274193018,0.06269740956016728,"3.332204510175204"
-0.23432970169077938,-0.23347765022725103,-0.17052715415876576,-0.14984508987729306,-0.11149103271490102,-0.08098930247414234,-0.057093578723268944,-0.014620923433819492,-0.001271977302861688,0.05299397278612259,0.08416765388447014,0.12669242699748198,0.16552311968603037,0.21584924498170827,0.25635632062725594,0.29295971045506247,0.32710666225016244,0.35945380086217826,0.390377581444158,0.42012306820800666,"3.7612001156935624"
-0.2204537372095134,-0.21497537922330556,-0.1816898969090425,-0.2152061299267228,-0.14328700887645915,-0.13371155597328813,-0.10215750472070134,-0.08656955812812744,-0.05493230035244357,-0.03886156877449619,0.05694500385735571,0.12122906633903399,0.17178581349587735,0.2146632948057123,0.25256434942482475,0.2869085611989412,0.31854445960372213,0.3480267913901713,0.37574210985838746,0.4019727930193678,"2.4423470353692043"
-0.34434293630652546,-0.32378556009937726,-0.3097737551654866,-0.31023755813313003,-0.28431995388205444,-0.2723128178004762,-0.263474046425701,-0.2441917434820578,-0.24225513397805856,-0.2176233149604731,-0.20487772500156842,-0.19478371787908091,-0.17370796472247257,-0.16325030978792388,-0.1488738466131611,-0.09413008050621247,-0.02409990979334545,0.0349456675369597,0.08615846845876544,0.13155267288280012,"3.6506582412937387"
-0.27581610868893214,-0.25321132326517265,-0.24242476184676237,-0.22404309007165085,-0.2040805778501697,-0.20385093392031756,-0.16792027921398095,-0.1540850585689557,-0.13584919658138683,-0.09521173573914318,-0.006448786112923932,0.06252462499963458,0.11883241807270821,0.16692839303081938,0.2093104350105966,0.2474813315438456,0.2824048805797351,0.314735082553327,0.34493701172711855,0.37335424565304826,"3.1135153092103742"
-0.2229697540017711,-0.22538125658646202,-0.1830924832119484,-0.17066233472350698,-0.14548631435232412,-0.12426392704706347,-0.10799705972290173,-0.07724556115403201,-0.0634284672298333,-0.026776001841757394,0.038543954679671436,0.11231745628109623,0.16754845393182818,0.2133183271826131,0.25332988183230204,0.2893681991232629,0.3224451116931288,0.35319988046177997,0.3820676458931364,0.40936098323275777,"2.302585092994046"
-0.23794637456054266,-0.20016370457211036,-0.1690733590560739,-0.1413809821943572,-0.11553445946868397,-0.09044315364496916,-0.0651558828293127,-0.03881663640895183,-0.010758748340322746,0.019440401588560776,0.05207079895780051,0.08748835317027208,0.12631326767841808,0.16975937855931267,0.22087297697105635,0.2879092916275686,0.33682370015892005,0.3796432871076215,0.4187535643905665,0.4552125626898202,"2.833213344056216"
-0.3422373023333533,-0.3208113190339125,-0.3036762469208543,-0.2889870076874521,-0.2760684106212477,-0.264648131147668,-0.2547240933164583,-0.2467338176085666,-0.20005887401198783,-0.12213569273819232,-0.05802915603835166,-0.003462091316857989,0.04413611522762892,0.08643853653748342,0.12459148919589909,0.15941060360302478,0.19149411282169243,0.22129232784188546,0.24915200363625195,0.27534555514132264,"3.7376696182833684"
-0.2665130631090145,-0.22708848868494944,-0.19723075509112492,-0.17958841236603781,-0.14606645997955064,-0.10836600665654053,-0.07913970027110209,-0.058913356521493786,-0.027004729135344564,0.016351874176586387,0.05216202528554745,0.08288782786052122,0.1042722898116773,0.16660105026826733,0.21342172449444208,0.24688202861415617,0.3182890268261229,0.3673260651703814,0.41058789331213,0.4504467794888293,"3.4965075614664802"
-0.28386385317542934,-0.24159011305357436,-0.2068162217791413,-0.17611603370666076,-0.14803537194305694,-0.12176736654293753,-0.09690744377407094,-0.07371623476279551,-0.05566402953693876,-0.027995822688819977,0.018867932146840016,0.05999958774131248,0.10138142386266588,0.14453514339918314,0.19049150547144583,0.24047777091541386,0.2964235294674904,0.36244899140216863,0.41419716336042955,0.46019559065010524,"3.1135153092103742"
-0.2183857231635854,-0.1934180431626694,-0.18290227194153524,-0.15450328923593176,-0.1282337615568841,-0.1114984171501634,-0.09187207296727762,-0.05713942875854645,-0.03244102997421465,-0.01515859960534191,0.03162031164513633,0.06454445414784955,0.15339002348653435,0.21023778696111806,0.2564360118495337,0.29687486087384046,0.33348128489920936,0.36726829188056753,0.39885362460042045,0.4286500799418445,"0.6931471805599453"
-0.34509067675211946,-0.32417066447223514,-0.30754188154701384,-0.293540927215608,-0.28169528830211193,-0.2721996169292385,-0.2671902034071206,-0.25848837253228873,-0.2413011572202173,-0.22994086468101887,-0.22969798468296507,-0.14566715492083815,-0.07996900636804392,-0.023984956446703093,0.024887397700299574,0.06834526836538722,0.10755680494759708,0.14335727615331853,0.17636152995590298,0.20703316968650834,"3.828641396489095"
-0.3483597608005303,-0.3276676099446203,-0.3156762351969493,-0.3041818631569375,-0.2847683655604469,-0.29004076298365805,-0.2566911704775876,-0.24746562321493118,-0.2291077486559899,-0.21409899063224935,-0.2031899725877327,-0.18145190436483122,-0.17641980505613444,-0.1504579418512296,-0.1332130561438669,-0.09853584000717085,-0.021274844017891592,0.042661955777447975,0.09747917547401892,0.14568440990416187,"3.5553480614894135"
-0.2405085430534303,-0.2037461215123076,-0.17684231331591221,-0.17230535675652733,-0.12216543397975828,-0.08949692797357212,-0.06425782784375848,-0.10180408255094468,-0.0033043277019243786,0.03335590396999786,0.06479377403176888,0.07672122797213038,0.13916604740549002,0.18537325481177744,0.22040439287755678,0.2840333984355011,0.3298025638818274,0.37029692344372483,0.40763685452288784,0.4427243194346594,"3.4657359027997265"
-0.12523853689067735,-0.09973507818636382,-0.07971585126827906,-0.06311277847560336,-0.056220899543704,-0.020524913293562055,0.014099282423697736,0.05021522195166766,0.10249007792211878,0.1467416280753704,0.18194422393237766,0.21271467318801593,0.24060158610916216,0.266383049429949,0.29052468732413866,0.3133348153254068,0.3350316724189322,0.3557772564183029,0.37569618367170793,0.39488701711319585,"1.5040773967762742"
-0.31987087395457714,-0.3080554112984609,-0.29728922268391805,-0.2841263639498217,-0.27579740134270214,-0.2622852105282007,-0.25393112233201803,-0.24120142441995363,-0.23169554191787398,-0.22040090913330102,-0.20925463228809754,-0.199639529155638,-0.1865767077232413,-0.17868063670830617,-0.1635057569781695,-0.15701191883218601,-0.1398483596317284,-0.13343118691872893,-0.11548022831304675,-0.10693206047589353,"3.6109179126442243"
-0.10156405331324384,-0.07468307116448551,-0.05540088847185997,-0.05404542727280248,-0.0030514179758193757,0.03116323011813785,0.06526027708437344,0.10915656699024316,0.14245192389232686,0.1715853715248984,0.19813380525881544,0.22282096870842658,0.24606313650371744,0.26813065656352136,0.2892130699081646,0.30945046801231285,0.3289504768251959,0.3477982632346162,0.36606281622536907,0.3838010897644032,"2.6390573296152584"
-0.3473744317692703,-0.3260588439267057,-0.31490112375744933,-0.29928567203200473,-0.28124571327573505,-0.2788378616995534,-0.2506220350535207,-0.2468037093055888,-0.22011690459900077,-0.20739920361898445,-0.19015854052481035,-0.17056376523731914,-0.18378386346207728,-0.13586771939425854,-0.15739317308282993,-0.03281673607574051,0.036723158335850555,0.09548402122872059,0.1466388761171015,0.19218696675515118,"3.481240089335692"
-0.340792014382193,-0.32403924430071235,-0.31795667620416557,-0.29447659354001354,-0.3177232276652512,-0.26678731419851465,-0.26905849797460973,-0.23908898275019863,-0.24007623249279555,-0.21069707458994702,-0.2100461988973178,-0.18125679976430073,-0.176133219171593,-0.1506716016438546,-0.13968348858497834,-0.11965867819286759,-0.10270670094734499,-0.09424469222665095,-0.05540991033291742,0.017553589845487244,"3.4657359027997265"
-0.35717166785742194,-0.33946471393393157,-0.32907559142348386,-0.30414478009611257,-0.29370625347026713,-0.2750505743205955,-0.25677895471317363,-0.25635950491456877,-0.22583547577406107,-0.21016490292033807,-0.20503089657964926,-0.1763953987252756,-0.16224886675469022,-0.1483381504093956,-0.12463502079373946,-0.11307182453643906,-0.0904851110449596,-0.0697650191814189,-0.06282012824020071,-0.0291966330260881,"2.772588722239781"
-0.20680271681506124,-0.17439382384036248,-0.15675453649496157,-0.12433202787715435,-0.09090941322337932,-0.06805822202112914,-0.047951214650875554,-0.004729618534986007,0.026500790282572642,0.04355572028610349,0.09281197562005011,0.13477120727006306,0.15848828474820678,0.22437627336761123,0.2672199951486059,0.30483878724593216,0.33942733305560613,0.37187842404436117,0.40267917589524804,0.43213732971615776,"3.449987545831587"
-0.105914765712039,-0.07828807515591718,-0.05590666776043781,-0.03590565888694795,-0.01858206177222652,0.0008391822253335687,0.04856199423106174,0.09686955079236037,0.1353680938500749,0.16715589881633247,0.1954731543232571,0.22146997459957968,0.24573859373471224,0.2686398363763048,0.29041620235971066,0.3112415644969712,0.3312464610079536,0.35053233189193,0.3691801464197608,0.38725593611273734,"2.4849066497880004"
-0.08336706196733494,-0.058198336497562654,0.019220079462889204,0.06590859279872627,0.09910752763592927,0.12621015742792802,0.14964354260339466,0.17055994158694077,0.18961846341171218,0.20722968143522374,0.22367649888051294,0.2391579775209689,0.2538244226535461,0.267789634507621,0.28114425320950226,0.2939603790362606,0.30629748665767864,0.3182045845294398,0.32972312867926934,0.34088818590018616,"1.0986122886681098"
-0.1618182906449659,-0.11008239850862311,-0.06663517623266403,-0.02781943171364739,0.0078359389833975,0.041122798290594544,0.0725333485267097,0.10240155542764015,0.13096790577983858,0.1584132159823606,0.18487798058038193,0.2104742278468486,0.23529317898137864,0.2594104101429037,0.28288945414301697,0.30578438719491235,0.32814173285419757,0.3500018932312901,0.3714002447264083,0.3923679905037004,"3.295836866004329"
-0.3420497633216208,-0.30891751400531037,-0.28777534972214686,-0.27242406140272146,-0.23249896702623812,-0.20761026196697277,-0.20094675961978353,-0.1576602902395049,-0.12551652231512625,-0.10221360320514293,-0.08262268725895794,-0.03571177686966872,-0.0029124604445333723,0.003460974825706312,0.07286674431882222,0.1002681564244513,0.20549698342585937,0.2889614379325815,0.35372092386441456,0.40940743918276207,"0.6931471805599453"
-0.043277844659956134,-0.0010073935849088933,0.041875260777876316,0.07359081944487796,0.10049584604310934,0.12440562064149799,0.14622034006041304,0.16643944291485907,0.18539273763828576,0.20330406865959225,0.22033847812777432,0.2366196772029811,0.25224471476977645,0.26729071405880045,0.2818206740189354,0.29588662157503154,0.3095322979587403,0.3227948185143143,0.335706071482176,0.34829366587058014,"0.9162907318741551"
-0.2907016024322242,-0.2763819545909796,-0.24738440593185515,-0.22552939227428243,-0.21334411247756202,-0.17962637752208227,-0.16697225051630973,-0.13571015988424748,-0.11018743371402036,-0.09320771766822827,-0.055143335897062086,-0.04247545950276966,0.003826349092214271,0.09058316631004812,0.16844651708120398,0.22952439663714724,0.281301827460121,0.32714563948747793,0.36878962791427766,0.4072522674928772,"2.3513752571634776"
-0.145482231119329,-0.1111833903331143,-0.09651338785521314,-0.045871741169032525,-0.030569903250729266,0.024143273693481408,0.06377910044953494,0.09772853642613148,0.12870251080772627,0.15764442466125378,0.18503752649720617,0.2111781572847933,0.23626793633274326,0.26045356053517577,0.2838468660755448,0.3065360831122365,0.32859266416154126,0.35007568187717447,0.3710347974840799,0.3915123415689268,"3.367295829986474"
-0.1390196299426389,-0.1268060702684287,-0.10469712501208531,-0.08817961675921146,-0.06585515309561947,-0.032778448350040734,0.04257224053743689,0.09281148306408739,0.13166031572424836,0.16445321669336319,0.1933342741590975,0.21941853253893406,0.24337449351383386,0.2656406798151563,0.28652326919217797,0.3062460870925453,0.32497864022872386,0.342852949848834,0.3599742155136427,0.37642786817748636,"2.0794415416798357"
-0.15604178476707453,-0.14172222760574332,-0.12160291337534618,-0.09795531932647873,-0.09464625701885299,-0.05538008015111234,-0.03288980248351995,-0.0039890703938197354,0.061629924393225365,0.11906821855267403,0.16171619955975436,0.19766368890387392,0.22947486123649372,0.25837559718216185,0.2850726453362122,0.3100204055356839,0.33353282366656983,0.35583820777924297,0.3771090938894376,0.39747983431635775,"1.5040773967762742"
-0.11115205584081148,-0.09028771583977614,-0.08124552682553146,-0.05386123460689875,-0.024609062179340824,-0.0005165909891470976,0.0472130897651228,0.10182026254322372,0.13930999084925264,0.17073283166061565,0.19855200303963574,0.22386843711402257,0.2472998286751372,0.26923795017983126,0.28995145271684303,0.30963486319048106,0.3284348234038698,0.34646536553507246,0.36381738425669596,0.3805648083631388,"-0.6931471805599453"
-0.19820834571716267,-0.1682578984703858,-0.1449982408795713,-0.12665728266367415,-0.12088347324748464,-0.08548093620639473,-0.055200421257351424,-0.028025779226784217,-0.001921742838106713,0.020639435835644475,0.05521277489880887,0.10567773968427689,0.17227929718675325,0.22575354800256303,0.2689992314612817,0.3070956663309999,0.3418045162527972,0.3740216389988372,0.40428697585412027,0.43295992439574216,"1.6094379124341003"
-0.32019945243027187,-0.30570225757431413,-0.30414734359999757,-0.28318133551631475,-0.27538091078609195,-0.2623821943153086,-0.25255271366392,-0.2417247186023511,-0.23061608149717616,-0.2206870938498378,-0.20857221840616189,-0.19917659744228897,-0.18594310223709548,-0.17739644400038815,-0.1624662836144035,-0.15632390419087316,-0.13813899006111027,-0.14091195711051915,-0.11347889115458933,-0.10332144830359499,"3.7013019741124933"
-0.40519924989398837,-0.3732871996739895,-0.3540569758554183,-0.3328207744339006,-0.29895673956587626,-0.27838341866403205,-0.2678588301526243,-0.22679805922820065,-0.20227261275620764,-0.19748386066554394,-0.15235406314639915,-0.12206366113263396,-0.10275862905146475,-0.07179632473197661,-0.03420857499865111,-0.00932793569099883,0.02520362844457048,0.06580033646952448,0.08669958593592916,0.1510220462482048,"1.6094379124341003"
-0.3609052092926245,-0.3426663926987708,-0.3280609302515852,-0.30652287588961974,-0.2956782110274022,-0.27258220510921627,-0.26133605848734065,-0.23847782718161858,-0.2255212180271738,-0.20306082589733515,-0.18886169728059707,-0.16537814309722546,-0.15255515763740352,-0.12501833328604758,-0.13281045469569722,-0.0838706321609574,-0.04137687121511623,0.043441815705098114,0.1120608785140178,0.17031566768032055,"3.2771447329921766"
-0.10269941678130089,-0.07812915231922624,-0.05848733228352886,-0.04126398542719603,-0.03419493167453328,0.010985228209083975,0.0599620602196116,0.10884484027254623,0.14402405333222143,0.17400398001399214,0.2008254306222871,0.22541955607238393,0.24831633139426426,0.26985574866360296,0.2902731892491969,0.30974049683806626,0.32838815011897204,0.3463182630348767,0.3636126979667557,0.38033838300972544,"1.3862943611198906"
-0.36266302942648393,-0.34574071793558075,-0.3172230313243558,-0.29351484924308213,-0.28335976537069674,-0.24710586151406969,-0.23314838128045268,-0.20451854879412604,-0.17829870231681674,-0.1747301114759672,-0.1272897672069287,-0.10855167739833635,-0.07506829079591365,-0.04752236542081983,-0.016243368486771458,0.004986412132873439,0.11349150662956504,0.1973704199695955,0.26490189107487017,0.322675463459514,"2.5649493574615367"
-0.0441491090132944,0.00720386146517084,0.048980530447295445,0.07991477437877456,0.1061700026169998,0.12937382546785237,0.15051109384524622,0.17003995447136735,0.18831657021839396,0.20555359582779612,0.22192437677668878,0.2375485952215415,0.2525264301537709,0.26693318525920107,0.2808329556823476,0.29427686082793564,0.30730894129049335,0.31996574870631805,0.3322791658550797,0.3442763961600141,"0."
-0.3562544048833708,-0.34582395710080976,-0.310645192715391,-0.2923223199943102,-0.271157356733861,-0.24486889892245506,-0.24960812310767647,-0.199776185941617,-0.18290903740194128,-0.15573924473579798,-0.1286680920941446,-0.11198776374216969,-0.07445102772527017,-0.06015170581172004,-0.01758786244688962,0.03525612031349987,0.13221025194314423,0.20742761134339183,0.26979669161474473,0.32406371396179345,"2.6741486494265287"
-0.33241168656132486,-0.3137607849495247,-0.2994671287609003,-0.28859605502693875,-0.28348814194881633,-0.27132228295781213,-0.2579883577323509,-0.25318513297019185,-0.23915832740750081,-0.22639061980636283,-0.2239118934717035,-0.20558234114237375,-0.19289023422250848,-0.18792238701360295,-0.1724787791320176,-0.13796200475154916,-0.07487510376633755,-0.021158682786266328,0.025804146277889742,0.06762097173463096,"3.871201010907891"
-0.2064940406301855,-0.1721624484930931,-0.1468134288434051,-0.13778841160339492,-0.09677969996512366,-0.06459383714124675,-0.03860774999622301,-0.023023800366909007,0.015822722820899214,0.05533757763044121,0.08990637169891053,0.11718419802812205,0.16422247524069314,0.21715950549541269,0.26441364795896716,0.3042218047376258,0.34029114760197793,0.37385803911134785,0.40554659246834474,0.43573449975749734,"3.332204510175204"
-0.3464529108494467,-0.3172194578363597,-0.30945032472955314,-0.26939086773733817,-0.24250555772590446,-0.2338756500943317,-0.19562940049523883,-0.16644026085025249,-0.15102267131531158,-0.1171737497613585,-0.0829034982296685,-0.0626216616346545,-0.024672313166392797,0.012835380452790047,0.03471842954229898,0.08113010357111809,0.1918156108406144,0.2715520494519804,0.3354125779602937,0.3906443305144486,"1.7047480922384253"
-0.318253485018772,-0.30417338173917313,-0.3044817988577935,-0.28195946839242003,-0.2749300893144237,-0.2614421310923527,-0.25249568409130674,-0.24109623448522507,-0.23106715563601019,-0.22040842874872135,-0.20960822083169062,-0.1992430891323878,-0.18761477726411468,-0.17766101100948548,-0.16477388858648226,-0.15603896940929257,-0.14098621236361594,-0.1365054453529546,-0.11654664471257496,-0.11046418059199796,"3.713572066704308"
-0.18480024671642298,-0.1562926371470273,-0.12457703490592542,-0.09390254069176916,-0.06277349010809491,-0.031522686343628196,0.0031567597534777466,0.03734280573039231,0.07408362946745926,0.11976167232441434,0.15672541876701424,0.1901023590135347,0.22120259001268205,0.2506266148111767,0.27872085132050695,0.30571196191623157,0.3317604965783972,0.35698652520796825,0.3814834519362602,0.4053261348004476,"3.6109179126442243"
-0.20701242187350952,-0.15838265783034045,-0.11999984004044885,-0.09514228041178607,-0.051593891622646576,-0.005024232517752673,0.03396496456909317,0.06953407215410717,0.10284995013112225,0.13446469167546848,0.16470516324828663,0.19379031545012715,0.22187847778133926,0.24909017863214136,0.27552059125474126,0.30124694998806245,0.3263332732560277,0.35083353029691605,0.3747938529452174,0.3982541324015368,"3.6506582412937387"
-0.24698953665225393,-0.22414357403004365,-0.20833060255614272,-0.20270604787070995,-0.18199147050210282,-0.16213709312496088,-0.15106763359380382,-0.09852627907580762,-0.015757414184639378,0.04724054856968826,0.09856636825318513,0.14230487271019196,0.18073886616843307,0.21524680140188412,0.24671895656914183,0.27576363956582545,0.302815863269026,0.3281983219313544,0.3521576158956108,0.37488686338320715,"3.1135153092103742"
-0.15625082775111176,-0.1386050250774596,-0.09717464421790986,-0.08950534213026011,-0.037713214046223076,-0.024329728195261836,0.026439037946564867,0.050084456708520055,0.10225268235630602,0.1392894152486434,0.1720085270624617,0.20217621715951117,0.23052604273788427,0.25746189554209087,0.28324076660936104,0.3080412509337903,0.33199503372636663,0.3552034161188175,0.37774684226116023,0.3996907901159431,"3.4339872044851463"
-0.3621776033237302,-0.3443128571885511,-0.3253317751370849,-0.30575300857661103,-0.2891223247210365,-0.269711955042162,-0.25170671490473673,-0.23359384277610348,-0.2130147586021707,-0.19578218301149844,-0.17291547356223816,-0.15434330199152946,-0.13169707967216285,-0.10836035241334326,-0.0946552294464968,-0.07497716769758067,0.03542140053639685,0.1107033464099067,0.1735358590605871,0.22797438575199244,"3.1780538303479458"
-0.11734809919023038,-0.08962013323725011,-0.06957603445358831,-0.08358485427705606,-0.0210151894404068,0.010528632077148922,0.04017271636018673,0.06329517328868327,0.11991817372391388,0.15595077924481526,0.1870158108631919,0.21519810357159827,0.24136037025249477,0.2659760960369165,0.2893447158227853,0.31167265652310683,0.3331107609602609,0.3537739857327856,0.37375276750879177,0.3931200460784235,"2.803360380906535"
-0.19739606765741277,-0.16267899983917153,-0.13472075769599998,-0.11088354862049718,-0.09119674755037815,-0.08918834247205727,-0.042152506021855836,-0.00818243726827291,0.023619431876928637,0.05551171206422435,0.08790303703747655,0.11876003518405538,0.15734843412432925,0.2235062506700688,0.2692025921389343,0.3083335450977427,0.34385138187036884,0.3768814859083654,0.408021658211315,0.43764334275615546,"3.068052935133617"
-0.3425446249052774,-0.3209418088342447,-0.3037499394115063,-0.2891834411316842,-0.27666998368796586,-0.26618202375859107,-0.2585741933083302,-0.2663161769509611,-0.23785619982896228,-0.20343762319914815,-0.1250635028187744,-0.060169261490269466,-0.004881340615986502,0.04338495392689998,0.08631409779158163,0.12506220063504847,0.1604529052082732,0.19309058631098205,0.22343002531052028,0.2518211169466619,"3.7612001156935624"
-0.3344106447994376,-0.3129192919807353,-0.2957364892797723,-0.2809832653806954,-0.26795726342424675,-0.2563499641583443,-0.24608104783305235,-0.2228262739680843,-0.13698447940715955,-0.06874596449238284,-0.01155738465239416,0.037769975322377226,0.08124045058695395,0.12019190148123637,0.15555668779167772,0.18800720152579453,0.2180426156976934,0.24604295414342867,0.2723039581999559,0.29706023577309704,"3.676300671907076"
-0.41836366538172043,-0.37429138609612134,-0.33900520855706334,-0.30948651898650686,-0.28606997071719203,-0.2875355773196561,-0.231034212837979,-0.19533704732047347,-0.1649871086451564,-0.1384978093282799,-0.12130133606951345,-0.0839468777265308,-0.03904098621603966,-0.00010312193805787228,0.03657236900176281,0.06972671490114532,0.08717328044086,0.16082141439480335,0.21419605481924583,0.2507898664938909,"2.0149030205422647"
-0.37223825792584403,-0.33191368004881744,-0.3007102855221259,-0.27696750994678926,-0.28097519193576725,-0.2231442571922273,-0.18964886408891954,-0.16237809049610627,-0.142931302164039,-0.11609997130589651,-0.07120406101089335,-0.03505969190837527,-0.0028780129616851093,0.016492424968218018,0.07077400956112884,0.1207824962645181,0.16083243573651998,0.19035458890536017,0.32930228201961914,0.40303003179390023,"1.3862943611198906"
-0.30131514280632404,-0.278265397555431,-0.2602491624274842,-0.2453895451442256,-0.23338144453861318,-0.2256113646474938,-0.22476745903641618,-0.1799819353042183,-0.09122057417215033,-0.022281777868405066,0.03463446858115998,0.08330463635030454,0.12600182100815832,0.1641866447361059,0.19884421389587714,0.23066645877391576,0.2601567311916717,0.28769239721509354,0.31356373699619233,0.33799898940745765,"3.4657359027997265"
-0.24858140666723358,-0.21150225864969538,-0.18512603676115075,-0.18439080195865942,-0.12637207338816223,-0.09509472859047781,-0.07273534675935632,-0.04888708597363265,-0.004545922803374102,0.029349316307662892,0.055965000842748,0.0889180382951605,0.13933218941242603,0.18006910406197113,0.20377813628489444,0.27957830931981253,0.3279431536152743,0.36998915638214763,0.4085361601433518,0.444657447472334,"3.5115454388310208"
-0.095022590690738,-0.06969140862306404,-0.06218195958410522,-0.0207070129953052,0.012680274638400733,0.04090811932774804,0.08800161830913472,0.12167726021405069,0.15089726652215238,0.17743799838722862,0.20207553671688416,0.2252461951888209,0.24722971396976887,0.26822063628486864,0.2883619619771711,0.3077631181399281,0.3265104403947092,0.34467370307917156,0.3623104018784123,0.3794686800963707,"2.6741486494265287"
-0.3227130276342623,-0.29901019752482183,-0.2823629766657144,-0.27522750328225826,-0.2566020840868458,-0.2382536871492328,-0.2368113617228879,-0.2081008110446852,-0.19079418584027907,-0.18886850994817966,-0.16949632416477153,-0.068077694844625,0.005528314128963571,0.06653407027881923,0.11891879975818326,0.1650837923486001,0.20657031640861806,0.24441264306796717,0.27933229757768063,0.311850593392713,"3.4339872044851463"
-0.3652565219358894,-0.3464330931491894,-0.3351673585719138,-0.30861502471183977,-0.2974822849337629,-0.27747378397845573,-0.2577712621459521,-0.25636311937405354,-0.22450280192878372,-0.20733394658034715,-0.2030889202016514,-0.17083391049867713,-0.1550845559460104,-0.14038698676161612,-0.11415018009987567,-0.10138516119603969,-0.0762224098091136,-0.05383879933437696,-0.04083729370731522,-0.008520889155485049,"2.70805020110221"
-0.3152109692370731,-0.2935436983714311,-0.2762534305177281,-0.26142463353193157,-0.2483325750772312,-0.2366563479050809,-0.21796388399881828,-0.13082748890541537,-0.060076540622727125,-0.0018523116132056745,0.04775037674815034,0.09108519687784719,0.12967253490419534,0.16454430348772253,0.19642919254646912,0.22585932497179464,0.25323461814666803,0.2788631327636899,0.3029872430236357,0.3258011445352917,"3.5553480614894135"
-0.35884051892769914,-0.3420047401445205,-0.3265675186703952,-0.3075084295953156,-0.29502181677811323,-0.27542187075311736,-0.26226999036855786,-0.24357409611450118,-0.22847053108266502,-0.21091046332990013,-0.19375492068576478,-0.1763843667438441,-0.15813752921969668,-0.13893223292931078,-0.12257375481429711,-0.09868942752441699,-0.11889992474024665,-0.048436912469048125,0.03276482279428952,0.1004223100233045,"3.3141860046725258"
-0.3663053206854,-0.34606037631916453,-0.34414672914964645,-0.309100854040388,-0.2942094553440673,-0.2814116100492458,-0.25710311077042064,-0.2452333520394875,-0.22715401578481623,-0.20535428359970528,-0.1952387150771927,-0.1726657029336587,-0.15140096164140504,-0.14354646634884038,-0.11484382217087653,-0.09387273112814211,-0.09466067156963727,-0.05174017408162886,-0.03350628035566064,-0.009944516105542476,"2.6026896854443837"
-0.28501345646732934,-0.268887410475988,-0.25535053707707506,-0.26514662361114083,-0.13876259138568015,-0.06461082869901039,-0.006915626464492111,0.04042685241705923,0.08068255041286408,0.11579068951557497,0.14699070958013272,0.1751211528108718,0.20077547533236537,0.22438912869345592,0.24629115747043157,0.266736318427993,0.2859259219538197,0.3040218373617103,0.32115618863201334,0.3374382405372514,"3.295836866004329"
-0.22911270734955938,-0.1989268026820057,-0.17672739423025113,-0.16453119805538957,-0.13866266141646155,-0.10763503650222155,-0.08304431497146288,-0.0635112625256403,-0.04635073510530697,-0.0019574028138713015,0.032559010097539844,0.060606795206703104,0.10570224333737399,0.18754716358637663,0.24555705026688132,0.2926679391670124,0.33412806247304827,0.37185126211212405,0.40682333549527167,0.43964121651411137,"0.9162907318741551"
-0.3427400468084243,-0.3212114472927861,-0.30508147248050477,-0.29366298164648535,-0.302393245576347,-0.2692738488865828,-0.25674665484220827,-0.2595614840124787,-0.2303301241876733,-0.2181229099599135,-0.2159377783239348,-0.18959107729853816,-0.175461636476937,-0.12186746270293329,-0.050820387768159975,0.008979079994692142,0.06076783258679736,0.1065928526952756,0.14782794554193723,0.18543351231052396,"3.7013019741124933"
-0.23155523288313917,-0.19466308043347236,-0.16432363226264496,-0.13727394046538433,-0.11195835509752544,-0.087266194577216,-0.062222305641754995,-0.035963411676663004,-0.007841271504458932,0.022550648174320027,0.05552857837405077,0.09154099403182113,0.131418487452265,0.17695461895336825,0.23430875411150434,0.2918999970813486,0.33815186439594386,0.3792387238466266,0.41698578433068123,0.4522809262688525,"2.740840023925201"
-0.4147838741081151,-0.3763689381941127,-0.34659234362843233,-0.3240408539510388,-0.3317143884300776,-0.2734352818686273,-0.24331780018829505,-0.220013053707038,-0.21065871292359228,-0.17120840397989792,-0.13691467389659656,-0.10870159390313396,-0.0867761276627254,-0.06468012641453225,-0.0181288194431459,0.017705880012453462,0.04793721845095118,0.06903744538330611,0.1281903511541458,0.16928583300601868,"1.0986122886681098"
-0.11973078057210604,-0.10138578340635476,-0.06846720970281472,-0.03924954280064812,-0.03202596066128511,0.0222786955483334,0.05082615058165243,0.09743816504798486,0.13204285163436927,0.16251188025744032,0.19046480239137037,0.2166111631039899,0.24135129034886094,0.26494309412380507,0.28756693464214567,0.30935616567388324,0.33041343788286637,0.35082021251156753,0.37064269618843704,0.38993574028408734,"3.091042453358316"
-0.27641911619097137,-0.23610242827694372,-0.20297679985121728,-0.17359680959596394,-0.14639512319540168,-0.12033176510809974,-0.09454086983330565,-0.06823237835975433,-0.04073634630034576,-0.011601411946838475,0.019378388545400544,0.05221144246631515,0.08659824312001044,0.12048656620193904,0.15759176181468929,0.2360109036048548,0.31941621732473024,0.3749688527183115,0.42309337139642333,0.4668224969491573,"2.6741486494265287"
-0.18910642241080575,-0.14234790744325243,-0.10634305244179966,-0.09329684518568242,-0.03400032340786227,0.008939601435458128,0.04608426917792162,0.08019671032847507,0.11221954285119545,0.1426337395851749,0.17173547115653687,0.19972771665192846,0.22675936095911248,0.25294480167303957,0.27837494207828484,0.30312387649362044,0.3272532137718649,0.35081501053113806,0.37385383869669864,0.39640828892502006,"3.56953269648137"
-0.35628888234493367,-0.3194119518204724,-0.2924210931967124,-0.27888905142177484,-0.24569141397073122,-0.21159404813199856,-0.18636501858795648,-0.17522359628628548,-0.1349764538441622,-0.09849829733762129,-0.06886076089479758,-0.05042000428156038,-0.007304993133781327,0.03660345712939477,0.07152654747852563,0.10802366383905926,0.1649367670982883,0.26679309937798845,0.34500343852455406,0.40789772762786,"0."
-0.29065964838208264,-0.2669340472698099,-0.24995485363986256,-0.24051723014582807,-0.2279083013461586,-0.20562293899602466,-0.19410889660454023,-0.18259893466625232,-0.1555394957100211,-0.0720959458935915,0.0023059492103010668,0.06263234854968869,0.11371031169455903,0.15830579915614368,0.19812241310952305,0.2342680566944366,0.26749844131786,0.2983510109394173,0.32722179806869567,0.35441146316028743,"3.3141860046725258"
-0.23141297684187948,-0.19383723478987996,-0.16376734407615037,-0.13876647718697832,-0.12056969652033338,-0.10106361051897178,-0.05992724295391545,-0.02775132467259939,0.0022622748178089706,0.030775176223919135,0.05437630547958405,0.09005725204604273,0.14096460806461203,0.18769185537419622,0.23372849358943673,0.2913420004429207,0.3364238987071937,0.3765599416565041,0.41358921879844585,0.4483578390006383,"3.2386784521643803"
-0.33336322402818147,-0.31005893716884825,-0.2927757830733501,-0.2809264663224116,-0.28765382915834575,-0.2530073674456977,-0.2395083442128039,-0.2419918170153368,-0.2094226898753535,-0.19424545991340667,-0.18968797325914433,-0.11364458685429081,-0.03712201928094011,0.026162834568319974,0.08034466806849602,0.12792412830293873,0.17052270513532952,0.20924016663207606,0.2448494123556688,0.27791094842116126,"3.5553480614894135"
-0.3649501326685571,-0.3497287772958743,-0.3291966661616175,-0.30940915391769125,-0.30506913237262073,-0.2740830063533528,-0.26235725086459966,-0.2427672689046595,-0.22265308352929586,-0.2398591396172247,-0.18705941015189753,-0.17116985940203513,-0.15512158201448614,-0.13011364159055053,-0.12445251626463734,-0.09036916629210709,-0.07247270456967386,-0.04934874059206076,-0.02637462978161346,-0.003623715077859014,"2.8622008809294686"
-0.2939382243914364,-0.2594605264035611,-0.2337280677297533,-0.21755418815209757,-0.1949605861191547,-0.15913586691236048,-0.13242113487087037,-0.11181046556411453,-0.09887319678194052,-0.05075959943211733,-0.0162724781305987,0.013750578338120798,0.010538278810133441,0.09095738782163647,0.13269455379754294,0.2195567559346105,0.2924443223589748,0.3494353619501402,0.39903836954485106,0.44394495384599375,"0.9162907318741551"
-0.13192762215993042,-0.09249095267282162,-0.07231035696239738,-0.024870642547833874,0.016829714677845692,0.05182899041967483,0.08350632890464103,0.11294949466662227,0.14070315781338127,0.1670984977126759,0.19235990889765234,0.21665019040364425,0.24009312539992833,0.2627861031661725,0.2848077685836097,0.3062229484580377,0.3270859775295065,0.3474430303389169,0.367333807237116,0.3867927850640962,"3.2188758248682006"
-0.17017376129512468,-0.14890945347061707,-0.15177662358782154,-0.10984346990311694,-0.08752704698335184,-0.07745134088805221,-0.043911908130268955,-0.014400420745990341,-0.023322238846968737,0.05646399740779787,0.1295841654008638,0.1767095741725749,0.21571209077417233,0.25005901099410816,0.2812278148494598,0.31002639747113486,0.33695904454421505,0.36236786580528796,0.3864986987399797,0.4095358286192065,"0.6931471805599453"
-0.1635634589762438,-0.1325578378706282,-0.10632584520044737,-0.06916775008824988,-0.04605520151118997,-0.0032016715084494615,0.015977828579343857,0.07173946772025186,0.10964419090822419,0.14308442852665845,0.1739329209077928,0.20294372968547658,0.23052652464012915,0.2569403757410868,0.28236484665813366,0.3069322252484335,0.3307442870080611,0.35388190123283686,0.37641094740969794,0.3983861679113683,"3.4965075614664802"
-0.056882588093889845,0.012810297867199172,0.05540522148361076,0.08565054112478591,0.11172998237487135,0.1341606489258641,0.15482267881739092,0.17360447674118493,0.1912622935949709,0.20778135141007986,0.22348887693145814,0.23840298137584978,0.2527084890198924,0.26641911810835156,0.27964529284701406,0.29240772026786843,0.30477334343458606,0.3167617411736143,0.3284187794521178,0.3397609105719384,"-0.6931471805599453"
-0.14415598949847763,-0.13018656584399055,-0.11006976153323687,-0.08629175220694435,-0.08275331154432752,-0.04226552136777459,-0.02050451640397171,0.022930961166871315,0.09387167141110678,0.13888858286578268,0.1755581471403632,0.20750643642552435,0.2362684814108864,0.26267729398821077,0.2872490267190712,0.31033143180781064,0.33217280540374927,0.3529581753379384,0.37283002988307923,0.3919009991282501,"1.3862943611198906"
-0.32544763024036893,-0.31024155084591404,-0.2974769355593279,-0.286505312212026,-0.21520251541377525,-0.13064917897595152,-0.06493385628038559,-0.01112418591698597,0.03450307101950173,0.07417451101400976,0.10932217467017206,0.140918332951442,0.16965205553088736,0.19602908595107718,0.22043149430669526,0.24315496512363108,0.2644330347823305,0.28445338751267735,0.3033691371896082,0.3213068386457236,"3.4965075614664802"
-0.21489602334622948,-0.1841954797222183,-0.16056124512746553,-0.14259714288671826,-0.15902290034275315,-0.09750064040279041,-0.06856187534553809,-0.0426843009332587,-0.01909077277034513,-0.011746877518253032,0.04332291128389025,0.08587336774405181,0.11420269805138364,0.2056865345583238,0.25680598171098573,0.2999193807491113,0.33844438757802003,0.3738046041863648,0.4067778157379496,0.43785173315298,"1.5040773967762742"
-0.3410527103754529,-0.32770383113615725,-0.31191603500286685,-0.29801390287342533,-0.2841026814001963,-0.2710044844971401,-0.25620889512250716,-0.24511006574181243,-0.22804521084866775,-0.22001326016135317,-0.19944931040001027,-0.196241047117389,-0.17011300162045448,-0.1768003072244141,-0.13963354523710778,-0.14556377722418565,-0.1077370313647867,-0.09988176156419233,-0.0750443791875854,-0.05924692475851669,"3.4011973816621555"
-0.19150164189491614,-0.1642510519310438,-0.1448378242968316,-0.14022282080580895,-0.10480690139378444,-0.07746397286745495,-0.054781674984129836,-0.03924398686946614,-0.006553465836920661,0.031728038046630436,0.06294607907640597,0.12700969364708664,0.18805072086765792,0.23361411169436055,0.2727681350224011,0.3079587277131232,0.3403300792221292,0.37054075784120555,0.3990160801912451,0.4260518820021146,"0.6931471805599453"
-0.40168932921082545,-0.37224212517223776,-0.35816959994253245,-0.3285439915126951,-0.30077517628563516,-0.2870760359056373,-0.259908183113774,-0.23092323686150962,-0.21387291866526734,-0.19110755408366806,-0.1578692554283775,-0.13630112430939187,-0.11816613103583311,-0.07821971695491191,-0.05283142567322005,-0.03014812233336069,0.012129602855695039,0.03255275690511292,0.07856058904949419,0.11477839780977478,"1.9459101490553132"
-0.3486737116660901,-0.3407206352004105,-0.31616601910160225,-0.30384091363314647,-0.2880569374330776,-0.2714699718795501,-0.2660962874359037,-0.24143116650038765,-0.2336154196664435,-0.2132621823934241,-0.19807640660574635,-0.18867778183744546,-0.16573504135655406,-0.15919909338612712,-0.13424624651496242,-0.11929934502826346,-0.10278585300964106,-0.08260011309700421,-0.06983876683878376,-0.04543515884174123,"3.1135153092103742"
-0.24248179007001391,-0.2114377842414477,-0.19318697330951323,-0.1481674466701337,-0.12365181985463958,-0.09714379386413952,-0.05716226743492749,-0.03217852765573666,-0.0016031948145280486,0.041057464356844625,0.06923521570275586,0.10819034554524805,0.15414990894003092,0.1586617972789523,0.24512434731447882,0.29088323564630525,0.33093280390757424,0.3678041662738345,0.4024643762097153,0.4354267566167082,"3.6635616461296463"
-0.14308112095017833,-0.1403620315109556,-0.08575157293228927,-0.071148145021169,-0.028819875868623196,-0.0011903902749937536,0.032906186547991434,0.07088914905569181,0.11313839288948305,0.1475468186266763,0.17849190918146413,0.2072021723260985,0.23426000725227863,0.2600071252178035,0.2846691471818971,0.3084066437178957,0.33133995663565147,0.3535627488508883,0.3751500450746374,0.3961633146036257,"3.332204510175204"
-0.23398487917116367,-0.18755755001015167,-0.15273964834312836,-0.16916317496166608,-0.08184083992387789,-0.04774892033234402,-0.021589976515835142,0.03295593517880597,0.07365431795652441,0.11020585639618806,0.14428933010290884,0.1765933637748733,0.20749504110929912,0.23723461623635578,0.26597997237063425,0.293855852499376,0.32095905444308787,0.3473671390812787,0.3731437996524916,0.3983423655678834,"3.817712325956905"
-0.05980370743135569,-0.031681648717491136,-0.007082129015849033,0.044688186097864804,0.0783977070541736,0.10675290968974296,0.13200505336174348,0.15511114805954201,0.1765987096172536,0.196800191866002,0.21594321440742087,0.23419269801179338,0.2516731766010285,0.26848170214212486,0.2846958199750251,0.3003787565129046,0.3155829355847973,0.33035244339552283,0.34472480586647614,0.35873230111300897,"1.8718021769015913"
-0.31779172560721897,-0.30296897674515916,-0.2967711007231222,-0.28188012408678154,-0.2715336572119024,-0.2628647747610403,-0.24969777632648496,-0.24450046231683892,-0.22845260189497488,-0.22685595246411003,-0.20704188682417357,-0.2219335717261223,-0.18516280120810416,-0.18220328933436084,-0.1627796735507962,-0.15474775803415053,-0.14030595746064894,-0.12816025692282493,-0.12013570850410604,-0.10239625831514174,"3.7376696182833684"
-0.22368377337789844,-0.20147177979104242,-0.184692277904724,-0.17196359794009247,-0.16582452554122626,-0.1313160408030997,-0.04278301147603872,0.021602377774921234,0.07242922985485062,0.11484226410802154,0.15155248506336674,0.18413348371572932,0.21357421371131902,0.24053715535541154,0.26548884777450044,0.28877104721315106,0.31064213573111676,0.33130256812761444,0.35091123281899206,0.3695963750583565,"3.044522437723423"
-0.37147469194629545,-0.35848646656441735,-0.34790380653022746,-0.3387420968142437,-0.330478773392599,-0.3228806216825268,-0.2795532967236871,-0.21022389782609452,-0.15241270437438068,-0.10282720468606743,-0.059402136361722375,-0.02075897612056004,0.014068500320324294,0.045783297745806154,0.07491224716936806,0.10185982659229963,0.12694297700889542,0.15041444712254426,0.17247890889956793,0.19330435724069733,"4.0163830207523885"
-0.21315856190018692,-0.19323219713696527,-0.18080578643839326,-0.14922599870720182,-0.13320462148240292,-0.11323334548678242,-0.08290317778780763,-0.06621701945418623,-0.03489322332700411,-0.004550464454486448,0.02623210982046213,0.10930274030372365,0.17094753003271415,0.21919414406428758,0.2606168279399748,0.2976638115981122,0.3315679115118697,0.3630591910850642,0.3926152314309078,0.42057018800997714,"1.6094379124341003"
-0.32966252524119166,-0.3086079144067895,-0.3025082922117975,-0.27125377635869663,-0.28403820227816257,-0.23500518957014963,-0.23210654723739554,-0.19737619583567628,-0.1867775513427679,-0.1580265463336102,-0.13919717726109518,-0.12051953828241373,-0.09273871303965919,-0.008688440527569523,0.07048238854607057,0.13504906921753082,0.1901216930429825,0.23861060389368022,0.28228115261065045,0.32226229252123106,"3.1570004211501135"
-0.05484140633492886,-0.011989531402953061,0.0227790976081165,0.053146697755139125,0.08061504758078392,0.10595660791106014,0.129645406372884,0.15199586859304226,0.17323138192126902,0.19351744030533055,0.21298117538418013,0.2317228447085705,0.24982331770908672,0.2673490036435165,0.2843552893324604,0.30088897165048095,0.31699004126442426,0.3326930095602982,0.3480279195273585,0.36302112595775576,"2.0149030205422647"
-0.1358512601754675,-0.11364376859628686,-0.07699125894626693,-0.0557632685893121,-0.0149454362832957,0.006407534120368897,0.05549892768485825,0.09464095859818858,0.12783452026140513,0.1579850262527511,0.1860807509620953,0.2126228252951016,0.2379160981370084,0.2621665249336328,0.2855230371535647,0.30809856805683816,0.3299818016751591,0.3512442715760488,0.37194491350480163,0.39213312553294105,"3.295836866004329"
-0.35431491737065385,-0.3274090014949282,-0.32861372397659444,-0.27752144242217575,-0.2556293814062766,-0.24455656021781447,-0.20438789067082322,-0.18239307961278248,-0.16724181408643388,-0.12639241339147947,-0.10242677577436807,-0.07883914832517332,-0.03802042775411389,-0.019756410816354462,0.027890454991987158,0.05223881535302088,0.1584067045570044,0.24340049491871513,0.31051112588858354,0.3678521589248162,"2.0149030205422647"
-0.09428085045620724,-0.06720774269673858,-0.0453635403627022,-0.026302246444635597,-0.024153650171115367,0.03256349402715507,0.08177705239776979,0.11915247752303317,0.15001222595637848,0.17746945646869378,0.2026473481229368,0.22612730577540213,0.24826439536763883,0.26929751701393306,0.28939804445165956,0.3086946512322404,0.3272873128999325,0.3452558048600273,0.36266515796632187,0.37956932056912845,"2.3978952727983707"
-0.1418679740099039,-0.11556066918506909,-0.11410364074870868,-0.06348662127986081,-0.03723014018478071,-0.035882582404438264,0.01999649449301525,0.05395327916614911,0.060731017410149385,0.13224610234757164,0.17008736152550757,0.20284288487802155,0.2327236610697931,0.26060123370014354,0.2869445229151406,0.3120473473963521,0.3361114272957478,0.35928396693864423,0.38167717947378693,0.40337945233759465,"3.1780538303479458"
-0.4082498873366954,-0.37394554960813375,-0.34961510763214126,-0.3481057854810798,-0.30151599050558103,-0.2737712811216138,-0.256034352387997,-0.236523754254712,-0.2000565141565259,-0.17475518015555153,-0.16167921295339835,-0.12623320701182716,-0.09197928603427646,-0.06580392158481255,-0.06516604231853418,-0.0025405698507883307,0.03209188670772815,0.045510693611388875,0.10392301928037362,0.1383734795243409,"0.6931471805599453"
-0.33927133208928417,-0.3195854387956823,-0.3052978365526646,-0.2970951527982242,-0.2864156950923497,-0.2702219969447973,-0.2658133215939754,-0.24788436369511363,-0.2353283292357077,-0.23162734899083,-0.20936913629204573,-0.19991694089145562,-0.18755179201812336,-0.16993530546763144,-0.16008405311211887,-0.1291638283524442,-0.05979308364562867,-0.0012203785120561855,0.04950352839800828,0.09437426188236818,"3.7495040759303713"
-0.3463337138004167,-0.32706997927264786,-0.31157544766246026,-0.2982655767745724,-0.2865640218046669,-0.2762475732872594,-0.2673457965286632,-0.260344698324644,-0.2583988401039507,-0.2467433868450865,-0.2318451509329653,-0.15623429709690714,-0.0959435702818764,-0.04397241798710188,0.001763261716201973,0.042662302519582466,0.0797097336920894,0.11362394396254469,0.14494315757477447,0.17407958684932917,"3.9415818076696905"
-0.1720156484178895,-0.148585213490091,-0.13669621250864464,-0.11394975758243941,-0.0866820375895417,-0.06691356220064856,-0.06525042841092477,-0.015033601748675981,0.01478927029054531,0.0408740247717037,0.12005281673172098,0.17183916946489233,0.21305514246915483,0.24890125391973675,0.28124286307225427,0.3110309120886667,0.3388365439002964,0.36503794534708645,0.38990242587861035,0.4136280005907485,"-0.6931471805599453"
-0.18891269461915067,-0.16322066660679524,-0.14678496614653602,-0.13580544202704417,-0.10109938990781711,-0.07777789501744384,-0.06122582963436023,-0.03662817999550024,0.00028589106048204453,0.029373049041201506,0.06182393003393934,0.14050460043770596,0.19401731488293628,0.23693093523199002,0.27442047669291136,0.3083525540132736,0.33968233712676243,0.3689852724571954,0.3966434185261244,0.42292747155741545,"-0.6931471805599453"
-0.3335262553874881,-0.309746330850413,-0.2943096336292409,-0.25923949355429105,-0.2434180776299459,-0.21783811852761772,-0.18836887270727729,-0.17628496845402905,-0.14117375536359544,-0.11204772397272479,-0.12323664402124629,-0.05476333338968559,-0.028980833023710777,0.0067959917994398905,0.03760997877924155,0.13528988786237475,0.21824506352786954,0.28361300508314635,0.33932864120513734,0.3888997543789528,"2.1400661634962708"
-0.1726733560055882,-0.14056308053117256,-0.11420575738225115,-0.09049473073313596,-0.06782732469841496,-0.04496110563016851,-0.020812260600579283,0.005459750652965508,0.034430615137001304,0.06666680491586649,0.10319993477546605,0.14672138912723146,0.20410818130248998,0.24568116356274053,0.2818837551484622,0.31482484595169835,0.34544107203426183,0.37426283963334084,0.4016312501214733,0.4277837831667184,"2.6390573296152584"
-0.33691609656451454,-0.31972618858630464,-0.30573388072688845,-0.2936310891023094,-0.2828041085432096,-0.2128230569564884,-0.13330379566035647,-0.06962481656358246,-0.01645741886174777,0.02924258520743204,0.06937805615677416,0.10521361020818333,0.1376292449811771,0.16726035013366147,0.19458000211024618,0.2199496714622152,0.24365170462219007,0.2659108432446729,0.28690891088051473,0.30679510387231296,"3.624340932976365"
-0.37669385196560623,-0.36457752819173445,-0.3337175310093817,-0.31535515797865893,-0.29732558927657093,-0.27175620236338777,-0.2851147948471107,-0.2309858552335027,-0.21409226758497543,-0.1929275069814956,-0.16640510222096833,-0.17038299259179096,-0.11979795241149138,-0.10429777659886894,-0.07110801399753292,-0.050329510696920314,-0.017427268080984427,0.004089797846539029,0.10465279383424474,0.18330487734586548,"2.803360380906535"
-0.3226212998181083,-0.30820237433672426,-0.3107061216357352,-0.2843069857016926,-0.27992021361424413,-0.2621414490257135,-0.25553451360236856,-0.24015653137613155,-0.232711008935874,-0.2178287563695996,-0.20988843726710313,-0.1949544954674717,-0.18628404115252456,-0.1714631069908051,-0.16136290574807322,-0.1474758760347682,-0.13500629603192257,-0.12381509237894855,-0.1077175763996233,-0.11313229775940117,"3.6506582412937387"
-0.3276005320889573,-0.2859222915068462,-0.2521711305129901,-0.22304219029643954,-0.1975368798891646,-0.17639464130463306,-0.17452009795460618,-0.12353291391876436,-0.08634316579375848,-0.052450453805567926,-0.01921068451663182,0.014043835138995323,0.04694025937497123,0.07537389127348884,0.11838190679588578,0.17962389443526403,0.23822950809812452,0.32368585291899127,0.39215697814866396,0.4488715571483727,"2.302585092994046"
-0.17847596803773857,-0.16400333585389967,-0.061366942355483074,0.011764462284734533,0.06064919165619033,0.09803062130032969,0.12864241813430663,0.1547727524312245,0.17770655574453847,0.19823756882144591,0.2168930502321733,0.23403967271055398,0.24994502765807192,0.2648086514837133,0.2787852835340652,0.29199575242464804,0.30453781110455674,0.3164903540301797,0.3279192114411666,0.3388788648874289,"2.3513752571634776"
-0.3523260855606601,-0.3360038760096732,-0.32271339377391967,-0.3112141279658636,-0.30084899811916244,-0.25507545523685765,-0.17209979935623726,-0.1057224502782785,-0.05033594212635098,-0.002770813378987022,0.03895636932007365,0.0761672824895675,0.10978426080851982,0.14047474747969882,0.1687363877828325,0.19494970962762206,0.21941203446148125,0.24236003134506456,0.2639851514415176,0.2844444610308242,"3.7256934272366524"
-0.2790053156415922,-0.26001545648640634,-0.24458305491038626,-0.2312548081511828,-0.18528478025531483,-0.09708117271540735,-0.030711077041766368,0.02258541302579687,0.06726834880178449,0.10587155231998531,0.139959510413322,0.17056067404800965,0.198385884466291,0.2239467882813665,0.24762400577803348,0.2697084706635279,0.2904276496629107,0.30996282086415566,0.3284608374199295,0.34604236372049124,"3.3141860046725258"
-0.13254435779235627,-0.11465018271012148,-0.10639122057228832,-0.07330675869507075,-0.053823521553598895,-0.036967826111786596,0.0016807413131252698,0.05328362186447868,0.10997655377599264,0.15013001170038048,0.18378808926574816,0.2135395093276654,0.24056916948832585,0.26554770329591715,0.2889020785217913,0.3109255676392046,0.33183065252270333,0.35177751418375025,0.37089067631965955,0.3892693486690489,"0.6931471805599453"
-0.2263522028134855,-0.19023826481676273,-0.1605843312874339,-0.13415803553046388,-0.10941491408098773,-0.08525022077618667,-0.06069389659401088,-0.03488963137911058,-0.007196523218563808,0.02279186141882664,0.05540717915505615,0.09113901744023538,0.1309231102961067,0.17694081570680928,0.24363678302070785,0.29622087400922914,0.34036318163530255,0.3800087372615763,0.4166083393089828,0.4509209880945089,"2.6390573296152584"
-0.40504916380906025,-0.35608277081634365,-0.3156759559888991,-0.2799843918707426,-0.24738117334562731,-0.21693315913122627,-0.18802609882172774,-0.1602646907653012,-0.13355895234848952,-0.1086888187276683,-0.09212347771358848,-0.05191584889397858,-0.0028106570600297,0.04187329154268334,0.08668318858816536,0.13293579324436058,0.18145286763120075,0.2330718196890014,0.2889665625521071,0.35110103123979336,"2.803360380906535"
-0.26213954294506847,-0.2413479227020702,-0.22469647480895077,-0.21038754264947465,-0.19656265515121155,-0.11263789748702517,-0.03932091432244896,0.018019135736520343,0.06532261260972953,0.10577938828590286,0.14127836325588874,0.17302014895267945,0.2018125547376526,0.2282247747298303,0.25267314444803946,0.27547161472039433,0.29686296380098,0.3170389325340275,0.3361536897006932,0.35433311762991687,"3.258096538021482"
-0.38425409432157726,-0.3589833682491076,-0.3474260852261542,-0.32087119797333913,-0.29779240988187955,-0.2882464343925861,-0.26173103352374727,-0.2387989702314537,-0.22765224656221456,-0.20283481514838564,-0.17805218165374756,-0.16362159378149832,-0.14127989625858567,-0.11332917792431342,-0.09590513329317497,-0.07313372747734971,-0.042441617350562746,-0.025178734939129015,0.006744304770722451,0.03534695187265824,"2.1972245773362196"
-0.34561797548945644,-0.32524646632684256,-0.31233270721347545,-0.30762056945527044,-0.2841038872477399,-0.2770239126858236,-0.2587665714333298,-0.2453100032954452,-0.23523790964895952,-0.21565035262379315,-0.21863175264176757,-0.18671035125864016,-0.17366398029492236,-0.16202647814294568,-0.14009021068817948,-0.11670107181740258,-0.041201041521650945,0.022566624621386314,0.07718517184347988,0.12515339354493304,"3.6109179126442243"
-0.3750255174979465,-0.34549390249336,-0.3386458177050745,-0.2968679348103719,-0.27038278456462533,-0.265479696079411,-0.2226930760472126,-0.19489954701388865,-0.18361006915768172,-0.14502725330711266,-0.11332555577795796,-0.09686923012236107,-0.05696917267218808,-0.021759313969367585,-0.01972567214586956,0.048610605737999385,0.05705948813789085,0.1820023908382087,0.2688309960328865,0.33752067610930486,"1.8718021769015913"
-0.2712952195417916,-0.2211878326104911,-0.1817334620334107,-0.15580697282703823,-0.11518727995826022,-0.07177883999421812,-0.046377711600432726,0.0009348342310797138,0.04813514953884405,0.0882978864602199,0.1252340452212478,0.16004805293382252,0.19326164708571522,0.22518101602029753,0.2560094403397851,0.28589290935958134,0.314942055952553,0.34324402816976535,0.3708694959998544,0.3978770696408361,"3.9415818076696905"
-0.3867299333803741,-0.3803307990629842,-0.3739316647455944,-0.36872540527067404,-0.3644284941680285,-0.29392184470951016,-0.22729684239164458,-0.17183206539836643,-0.12431737235532045,-0.08275299600191191,-0.04580803445745181,-0.012551908511295472,0.017691425543038344,0.045428349663747855,0.07104780685080246,0.09485489663103139,0.11709328898079416,0.13796063936238526,0.15761946774191585,0.1762050099834379,"4.034240638152395"
-0.33242746248925387,-0.3236461201214778,-0.28706430442746894,-0.2695118837130287,-0.24726264996002137,-0.2215214523365348,-0.21986955443718653,-0.17543688051841005,-0.15970818295457595,-0.12919687242786657,-0.1034107257015105,-0.07949626918573979,-0.047405871880533905,-0.019396950693266597,0.04899578883319918,0.14039270053404082,0.21111452076176526,0.2700803914991405,0.3216348523237152,0.36805345433413034,"2.6026896854443837"
-0.3264213043371074,-0.3105580228374008,-0.30537116511147355,-0.28717917959403183,-0.2770078714813273,-0.2656993421334341,-0.2528713141167489,-0.2444242156835126,-0.22933197750348544,-0.22297008353799833,-0.2054859487204191,-0.20217496650845268,-0.18096871821404167,-0.18782588143482198,-0.1557706541419618,-0.1480569870042431,-0.13056535714141165,-0.11710649299653335,-0.10976117283872859,-0.08850110479196122,"3.6635616461296463"
-0.33413959854712755,-0.316253983491154,-0.30607380956232993,-0.2948907054176211,-0.2789948985887784,-0.286112841090334,-0.25466154588594164,-0.24915012649128604,-0.2307412590842443,-0.22049529596295128,-0.2069180627693572,-0.19269925969161134,-0.18473574284905897,-0.16489250317688783,-0.16006696054926164,-0.1380840811588816,-0.12365895649707093,-0.12328357983824997,-0.05178123295115617,0.0089719536355655,"3.6635616461296463"
-0.37023917413015994,-0.3481080181518236,-0.34523389380436037,-0.3111795153696081,-0.29286807111337104,-0.29647033488931357,-0.25679467729413863,-0.2399161487343883,-0.23573604820016777,-0.20256418262925655,-0.1854037470702626,-0.17916701040333682,-0.1458643037927657,-0.1276321851205545,-0.11771104607794607,-0.08460869320478505,-0.06595674661168309,-0.0468053005213275,-0.017253912690792746,-0.007502092773724097,"2.4423470353692043"
-0.3549090246795216,-0.3366373959671654,-0.3219040751097434,-0.3091061071750746,-0.2976084704973562,-0.2870837895646228,-0.2773365642191249,-0.27350204834263653,-0.1871947315728072,-0.1226341948859514,-0.0678252161385662,-0.02015942437191076,0.022058716736442947,0.059993929860084505,0.09447928745497876,0.1261295112287115,0.1554098806073365,0.18268026111613578,0.20822428328952966,0.2322692403265156,"3.8918202981106265"
-0.07753268712169728,-0.050724460768568236,-0.02698659977244907,-0.0007124985602522866,0.033201437081404585,0.07996474378255347,0.11302277582574778,0.14123391176577832,0.16653421251133768,0.18978652932347334,0.21147761296977854,0.23191863854853148,0.2513248006851752,0.2698532136896209,0.28762324723372507,0.30472840656386213,0.3212437312356465,0.3372306387331819,0.35274022514458847,0.3678155897926318,"1.9459101490553132"
-0.3229050340483814,-0.31514082459565274,-0.29702287508939673,-0.29146547806477213,-0.27322549923964784,-0.2749857492683229,-0.2503659522286175,-0.24687052729142223,-0.2281298899669342,-0.21957602605225443,-0.20647531208170267,-0.19444107644330605,-0.1857528131240751,-0.16985769967266628,-0.16886183371767402,-0.1452070443341131,-0.14136725730697808,-0.11999761653939979,-0.11195003144332331,-0.093691138890264,"3.4657359027997265"
-0.19385265925607437,-0.16140433939899854,-0.1398969271160112,-0.12099389603924884,-0.08205988354722096,-0.05494662737662897,-0.038373362554634784,-0.0030740894543189803,0.03486171614272763,0.06637538151279383,0.07720063752366779,0.14122050897985663,0.18592340002270172,0.23387251152656519,0.2731076196032221,0.3084111923666956,0.34116436469061145,0.3720312324516129,0.4014037420664714,0.4295411116533585,"3.349904087274605"
-0.2594212635818387,-0.22181688344680225,-0.1911496427348916,-0.16419305154033942,-0.13958648604987156,-0.11662999531837555,-0.09519710022651447,-0.07688981793964106,-0.06821119459259335,-0.01618431677812946,0.022384987639140683,0.06083351038297591,0.10118558182100706,0.1448114123230309,0.1935647378240264,0.2647227570606893,0.32353465839889933,0.3722922793042129,0.4158469716209318,0.45592008426915714,"2.4423470353692043"
-0.3059954174749329,-0.26227952412354505,-0.2273700999719357,-0.1988607220144609,-0.18077942717729792,-0.14844248341822208,-0.10725034461878535,-0.07393507992689374,-0.044612783769001546,-0.02261759288602297,0.010964244132435422,0.05985203038588534,0.10175942369095582,0.14145714336014303,0.17714282005494456,0.2140228883429368,0.28217402868154984,0.3399941832640193,0.401523784419432,0.45216557814169206,"3.4657359027997265"
-0.34305976650759645,-0.3315618498053936,-0.31248340941292774,-0.3019427854859262,-0.2837918010703761,-0.2761274302399354,-0.25560635812861904,-0.25589398321773904,-0.22753897578439222,-0.2241843061255936,-0.19929703454098838,-0.18944469915807055,-0.17048027916341582,-0.15698612250819313,-0.14040945465467203,-0.12458211606268944,-0.10804358525503552,-0.09201731749481716,-0.07285344119373247,-0.06267232278496795,"3.349904087274605"
-0.07528356378889517,-0.04881484888418218,-0.024693266739069384,0.0035528324033092915,0.0439363358134021,0.08567151823882012,0.11738611859344543,0.14472588435138772,0.1693221062231471,0.19195337175040433,0.21307303803352948,0.2329761284111734,0.25186892835755015,0.2699031471240948,0.2871946267078416,0.3038344322436972,0.31989583372521707,0.33543891425370437,0.35051373039371414,0.3651625492159713,"1.7047480922384253"
-0.3376757058190251,-0.3178177379892358,-0.30239822311487663,-0.2901543124260272,-0.28171597488622296,-0.2827056846439248,-0.25956777711124523,-0.2489624462877146,-0.2641210368249576,-0.2266958361261856,-0.21458317393157436,-0.21095265078110115,-0.19352128185740672,-0.17377920673607242,-0.10115497912381524,-0.04199078763444648,0.00915204832680119,0.05429636187177191,0.09480267582170712,0.13162874462135657,"3.8394523125933104"
-0.06715003489800134,-0.039662950797845466,-0.013562583141435264,0.019507232101026235,0.06579127768998473,0.0984682884345644,0.12624368848990075,0.15107980524427045,0.17385360330266425,0.19505962274806227,0.21501360613715745,0.23393354316241688,0.25197830370510393,0.26926837302614937,0.2858979632854148,0.30194255261037317,0.317463817152188,0.3325129891993363,0.34713322006090547,0.36136128909250687,"1.791759469228055"
-0.24079978500437033,-0.22870588832035657,-0.20017873955272275,-0.18008582783312424,-0.16692920069011088,-0.13551217697083823,-0.12465569062214146,-0.0909904002621559,-0.06747396210159902,-0.04136202505735388,-0.013156089407091467,0.0573334721870023,0.13360457006417428,0.19091645859499695,0.2386103945219801,0.2804575765113772,0.3182644464859429,0.3530533462681186,0.38547025836376564,0.41595527541693395,"2.1972245773362196"
-0.3496698350561833,-0.32938121218275235,-0.3200554448223979,-0.3019183111958419,-0.2864661268612643,-0.27749578683485604,-0.25638918696851937,-0.258596015779191,-0.22639397676796738,-0.22164598493354754,-0.19591479189200495,-0.18288384966590865,-0.16622752397752855,-0.1462847869464067,-0.14409291546762998,-0.1119907032781272,-0.0403289829364148,0.029101153896565077,0.08774684552152567,0.13876667482122695,"3.5115454388310208"
-0.3429642114651262,-0.3200290319848576,-0.3063329076350008,-0.29645937071096123,-0.27278173965969477,-0.26881609476917123,-0.24203501551871057,-0.22771083952280663,-0.21314568230115855,-0.19072598048932415,-0.18617389245663307,-0.15657466595369773,-0.13732140635229897,-0.06192022755842206,0.014798224893433033,0.07844002983244278,0.1331345335511672,0.18138062771563243,0.22478656968236294,0.2644317327982773,"3.4339872044851463"
-0.09009960135823195,-0.06867824980436128,-0.04329110814408637,-0.0067333407217444255,0.016759016962036147,0.06655113826996219,0.10059437896935315,0.13000214247906602,0.15667462362767645,0.18141758062621555,0.2046782541555563,0.2267415151181524,0.2478047366538695,0.2680126658101832,0.28747589936664836,0.30628160366137386,0.3245001694695485,0.3421895653607891,0.35939830684827334,0.3761675516151776,"2.70805020110221"
-0.2694118400764506,-0.223161423564492,-0.18985418900466064,-0.16886519039770484,-0.11714748171807988,-0.09139736284561797,-0.04894211772421739,-0.00902092519892624,-0.0006649971512424104,0.07087965143832926,0.11398710062377546,0.1522782210850018,0.1878947388043791,0.22163900369491393,0.25393097628890515,0.2850306696297742,0.3151161621457333,0.3443178379151044,0.37273576040292744,0.4004494376499417,"3.960813169597578"
-0.24818427491159747,-0.2103885942195728,-0.1793868822426473,-0.1518653264635425,-0.12629059797339115,-0.10161906254134935,-0.0769661852530407,-0.051538575223348926,-0.024709412030722144,0.0038880782087225224,0.03435926854493425,0.06650570829243668,0.09884486503270119,0.12528756704064745,0.20480103920878423,0.2841321326367312,0.33642638774479594,0.381623503296388,0.4226313728248029,0.46068987381221005,"2.6026896854443837"
-0.3230780992554771,-0.2995011827935131,-0.28407103807165557,-0.30068280637911277,-0.2529375209717916,-0.2399140146568792,-0.2264434410992892,-0.20374056277560612,-0.1962430293933433,-0.171789688426429,-0.15102973640734202,-0.09192782165392907,-0.010177817271261337,0.056088512239368095,0.11216137946034709,0.1610777431211774,0.20472712142873126,0.24434488472331506,0.28077344644945074,0.31460977045048855,"3.3843902633457743"
-0.253744457406148,-0.2312257459428707,-0.21835072045983936,-0.20761773906811545,-0.1829385870647098,-0.17466959222081424,-0.15098968945569333,-0.12947055588356085,-0.08320993642398708,0.0009474495753996405,0.06498713667347569,0.11732502158837024,0.16208725081460892,0.20156650776847612,0.23713839026249992,0.2696872683893639,0.29981574582438053,0.32795414730725514,0.35442153931798237,0.37946179450120193,"3.068052935133617"
-0.31949562256100006,-0.30290904759565906,-0.2910878833789159,-0.28592338354507774,-0.2725505051360479,-0.26111444269953016,-0.2640517037870603,-0.24078064759732073,-0.23416051347204878,-0.22188939432350807,-0.21046413345009374,-0.20653516693528115,-0.18835270706879273,-0.18189508305908397,-0.16797698495156302,-0.15517570704610067,-0.15383557627928382,-0.13296809350802954,-0.11540156176041572,-0.05460256800856521,"3.8501476017100584"
-0.3412931079933036,-0.29416969180309954,-0.2552287270146635,-0.22072214244310095,-0.1890210214864994,-0.15913163332546168,-0.13031295442928442,-0.10194584749297685,-0.07352793881442733,-0.044796776335929545,-0.01608565695249394,0.010074214217163263,0.029690811550747206,0.09420511663165693,0.1457708650993654,0.19780796452652188,0.2529667854855333,0.31376846661112284,0.38587625486470695,0.45326265431185336,"3.1354942159291497"
-0.18629921482670675,-0.16913919738205668,-0.12543357428680846,-0.12258268374979095,-0.06583324993347092,-0.0492255204452702,-0.004328608649150826,0.023818110903623003,0.06315625898477997,0.09783984339525241,0.1450394306360365,0.18248129863755833,0.21614321951854534,0.247441862945923,0.27701434346070414,0.30522458586741547,0.3323091091249818,0.3584345764668847,0.3837251012323735,0.4082768885463875,"3.597312260588446"
-0.2770045658183408,-0.2582770965978851,-0.24252501497505496,-0.21956674281888897,-0.20680668696327498,-0.18111325976183737,-0.16861815968560576,-0.13965155371830965,-0.1347475672119135,-0.09475356907208027,-0.08061160031217052,0.01683150147645568,0.09125057249005822,0.15068822149443156,0.20098529989332703,0.24518060654819018,0.28499061278322024,0.32146842378886353,0.35530793664173216,0.3869930050115086,"2.8903717578961645"
-0.11468609244451446,-0.08889031416129753,-0.08438592595785527,-0.04038736333328715,-0.010730153689682984,0.011203117085514785,0.045610434821560464,0.0911377752472643,0.12977049733629706,0.1619010228687445,0.19074643182246712,0.21739872682991912,0.24241164732231565,0.26612079766463137,0.28875156717186107,0.3104658091266341,0.3313853657420362,0.35160523051069714,0.37120149682353465,0.390236446287891,"2.917770732084279"
-0.3966971623148637,-0.3576299411047679,-0.3283516354541188,-0.30971530649375356,-0.28545777026698815,-0.246519127401569,-0.2187244237350679,-0.20043589949725668,-0.17389789118578167,-0.1327157513798922,-0.1009875458696029,-0.07610483660495442,-0.05388028076516974,-0.0018586938875111369,0.03714302838121873,0.0662647219567595,0.11331185270209237,0.16441752424473316,0.2335980258335596,0.33728149353845893,"0.4054651081081644"
-0.10446747926143206,-0.104910770824016,-0.06600069609301165,-0.04994600042841335,-0.02048102037506956,0.05611978509781033,0.09882800589881477,0.13228629231821437,0.16086245552897246,0.18625855182083406,0.2093608024010375,0.2307034232255424,0.2506390132725288,0.2694152495587534,0.2872142244497377,0.30417456993901487,0.3204047892412264,0.3359917335141442,0.35100622923845104,0.36550694880839707,"1.252762968495368"
-0.3550161704660918,-0.33690562574269045,-0.32230419797752674,-0.30962416538257836,-0.2982196773419868,-0.2877602388561685,-0.2786440994084711,-0.20775171114399468,-0.13780125323792167,-0.07934979764242835,-0.029099726835611073,0.01501698598175744,0.05438390541161609,0.0899705164681047,0.1224804779058533,0.15243921448184283,0.1802485659499549,0.20622227881551924,0.2306097903735703,0.253612590450082,"3.8394523125933104"
-0.24834881746365456,-0.23643163653349883,-0.19222602773168423,-0.08750911237457755,-0.01810918169826461,0.033905481914162074,0.07570471887197903,0.11078585937319615,0.1411080959210965,0.16787937862003535,0.19189750314090132,0.21371716006612665,0.233739731236564,0.252265095408599,0.2695232526428877,0.285694502641799,0.30092283769809236,0.31532509270934134,0.32899739464177535,0.3420197899931845,"2.917770732084279"
-0.1951787894118924,-0.18545525122754258,-0.15706378581496364,-0.13856374139748576,-0.12401664401746584,-0.09452024865900792,-0.08870469136865569,-0.04759358850991205,-0.03373669626963779,0.02673618888329943,0.10207290001845729,0.15565200552768904,0.19922613457346106,0.23706436358270622,0.2710417259781225,0.3021779776121497,0.33110321437689455,0.3582405396580291,0.38389113417768067,0.4082788494163799,"2.0149030205422647"
-0.09316348324365442,-0.06815447070658302,-0.04733521838400288,-0.026883064925572384,-0.00515185339961477,0.011064376110498115,0.08789460443881014,0.12451116235609849,0.1549007748213824,0.18179643109320892,0.2063109637774878,0.22904572316670446,0.2503749657470074,0.2705526542357057,0.28976156871844116,0.30813901142055566,0.32579154123105003,0.3428040117369305,0.35924541428258566,0.37517281773912403,"1.5040773967762742"
-0.3430756217286203,-0.29885269571782364,-0.2626480570037923,-0.23087731865955016,-0.20208301039183277,-0.1755728598744273,-0.1512988777276557,-0.1309646147361961,-0.13147757279404249,-0.06837814462607944,-0.028081729727435528,0.010704419252394883,0.050097035987877986,0.09094440650301415,0.13378079326242373,0.17895601451548582,0.22568702919835743,0.2811043308844724,0.38230050256626624,0.44644730251729975,"2.5649493574615367"
-0.3283426930042914,-0.3139990589519348,-0.28698218445207996,-0.2744171448280883,-0.246891899383094,-0.24000158289252688,-0.20601473271226972,-0.22996087007531635,-0.1632812573795871,-0.16046917662105273,-0.11738339085592542,-0.12385824647606648,-0.06838891179365655,-0.03700110917494386,0.0634997028265015,0.13830654992762978,0.1998099246293266,0.25280997003468797,0.29995141875252623,0.3427915554852879,"2.917770732084279"
-0.18202290623022885,-0.16683220331631587,-0.1464493690770199,-0.12256843830339598,-0.11999564411969145,-0.08124515454478849,-0.05900163826543793,-0.03807965653871988,-0.004627005558422095,0.05349486404606075,0.12103951171965574,0.16948182894838987,0.20972438735712395,0.24509265538930802,0.27710001967015085,0.3065936720652821,0.33410805504169816,0.3600076073165911,0.3845548500788459,0.40794676067943647,"1.7047480922384253"
-0.1027911938239158,-0.07948060902437268,-0.007936449782599421,0.050564896086575634,0.08900283843665724,0.11921073134397756,0.14472316449748335,0.1671268819102118,0.187289953405455,0.20574387518874268,0.2228424471114076,0.23883303754637825,0.25389767689467585,0.2681736380470272,0.28176821312442457,0.29476643132069313,0.3072374660378641,0.3192381003787529,0.3308158670894309,0.3420108201288459,"1.6094379124341003"
-0.17745136820699547,-0.15099764316114647,-0.11715902398367735,-0.08999505622932465,-0.05558575575663817,-0.02929570691492498,0.010165532827191516,0.039033952556898455,0.08238352612542382,0.12511441075310972,0.16090998457056094,0.19345074877313917,0.22384977395574499,0.2526461722870335,0.2801598308654515,0.3066036234592446,0.332130017458227,0.3568539228352856,0.3808652321799581,0.40423629191892985,"3.56953269648137"
-0.3503358923506188,-0.34041618089529063,-0.3170989578570863,-0.31017700390977865,-0.2862120681190677,-0.2910302873567353,-0.2561726227069828,-0.25054570719814523,-0.2265152705055475,-0.2144606206967445,-0.19697339862591426,-0.18037284120102842,-0.16724495795270944,-0.14622628289572706,-0.1363048851344228,-0.1110959383652571,-0.10057249203332205,-0.07471897565187424,-0.058700903118405146,-0.039411136168339245,"3.258096538021482"
-0.08296508453309993,-0.0569918196474445,-0.016786461745701427,0.024744206152962623,0.05800092825020526,0.08743932884461306,0.11439801667888551,0.13952993920232118,0.16322403620054485,0.185738945938239,0.20725909247833477,0.22792249300338982,0.24783617413696843,0.26708543088381853,0.2857397324962945,0.30385667063081834,0.3214847000865684,0.33866510115026,0.3554334214527794,0.3718205589444356,"2.6741486494265287"
-0.20685038326667984,-0.1745242225033689,-0.1485640255052286,-0.12616825278908647,-0.10660120613019408,-0.09168893075263326,-0.07531853045487742,-0.035885905551347665,-0.003425438157852515,0.02905692088004023,0.06302079831972493,0.09879205651797025,0.12192837384717244,0.21508625638469067,0.26417017171863877,0.3058687056305885,0.34332327858297784,0.37783595508234735,0.4101191803244442,0.44062096577865817,"2.0794415416798357"
-0.22924485363184505,-0.20626985344963644,-0.22744500592658806,-0.16365853559772053,-0.14235911495999432,-0.16183039429034096,-0.09713734380054083,-0.07212684352106584,-0.07718140774777478,-0.01780823594483995,0.009228107188297396,0.046054575681192284,0.12918271610044635,0.19225243619926363,0.24187886568128128,0.28466494010696886,0.32305277342954064,0.3582724342747228,0.39105332949194305,0.4218733794477937,"1.3862943611198906"
-0.41655678838555205,-0.37534726494934567,-0.343225553214349,-0.31829855823840647,-0.3110647684591038,-0.26685121357227454,-0.23263847478537647,-0.20552075722480764,-0.18653682436040406,-0.1616151444022094,-0.11817259019548698,-0.0841845992427782,-0.05462382168719093,-0.03682892056328202,0.010158778478245147,0.05613814838971104,0.09576501273518429,0.12139140323922218,0.18339455981253333,0.23461536581655196,"1.3862943611198906"
-0.3335740087518498,-0.31450850092717053,-0.30007329016670886,-0.2895351330698911,-0.2890433824453023,-0.26916202003946355,-0.2575451430906543,-0.27036869836460703,-0.2355900637889469,-0.22512778844564907,-0.2208393224561593,-0.2006100852614929,-0.19032255263858033,-0.18631541538841817,-0.16476567551511778,-0.12248632423536217,-0.059497439904100356,-0.005684776181612211,0.041386981026903726,0.08332895862540658,"3.828641396489095"
-0.34037579540647445,-0.3227835200059202,-0.30075073260427715,-0.28216943743259343,-0.26159759897732116,-0.24397032045744393,-0.22106092333054897,-0.2050420562465084,-0.1787412783633361,-0.16244512842674133,-0.1343841094392624,-0.11321143064626771,-0.09045486781519835,-0.05676895718564784,0.03624876130157668,0.11505220449190832,0.1795866178670133,0.23493145661860262,0.2839383974068905,0.32830748905515894,"3.0204248861443626"
-0.08942558160324472,-0.06028127645298908,-0.025442677741571627,0.018322874744546264,0.052522407075285764,0.08269081984756223,0.11029741160482759,0.13603227403360582,0.16029941513570184,0.18336504086740363,0.20541797360694702,0.22659907223887757,0.24701734982667983,0.26675957497794783,0.2858963607520359,0.30448621812432475,0.3225783611183456,0.3402147106011422,0.3574313640139491,0.3742596978072332,"2.772588722239781"
-0.3840426867704503,-0.37603027797514077,-0.36801786917983426,-0.3615107262955673,-0.29803854174981737,-0.21555548034799873,-0.14969413145124694,-0.09485864993969945,-0.04787072360816858,-0.006749512582898633,0.02982259107929188,0.06276562986525609,0.0927468574169177,0.12026525664550772,0.14570357563825598,0.16936175951237753,0.19147920188917583,0.21225000704836422,0.23183373442773594,0.25036313732955046,"3.7954891891721947"
-0.18288718779752774,-0.15058492216427824,-0.12411112095977496,-0.10035896257196089,-0.07775097064623392,-0.055081924968247147,-0.031293484526956725,-0.005541100305231586,0.022753136709930163,0.05409476030815932,0.08931454442829252,0.13039458862807426,0.19058609398108278,0.23802443389807365,0.27760062032049776,0.31301344805925085,0.3456168492033529,0.37611727618086943,0.40494816355046215,0.43240203837442653,"2.4849066497880004"
-0.38051429986092933,-0.3638288859073538,-0.3392624399882136,-0.3170149475159211,-0.31004772642850936,-0.27579615843462746,-0.26266535227660437,-0.23882432780272922,-0.21544990046039883,-0.2261821542765059,-0.17265054485287784,-0.15426181202509798,-0.13229428211753633,-0.10390022121647038,-0.10024817601387445,-0.05353831107822173,-0.04706061427035772,0.000012900196243858806,0.008947042216397184,0.11969500067035213,"2.740840023925201"
-0.16326163543522254,-0.1419968911612604,-0.10353600992754956,-0.08593390624518774,-0.043124345963660334,-0.03986983025864585,0.02177774535700655,0.018235351886534117,0.09628773918668473,0.13493307180757763,0.16864004649020578,0.19959666773539347,0.22863765175150935,0.2562056241571937,0.28257633090896533,0.30793886262065345,0.3324313909920123,0.35615952810303997,0.37920674701308327,0.4016407493369703,"3.481240089335692"
-0.33379076145269254,-0.31560209085551566,-0.30401098375567887,-0.2994088878582853,-0.27882046906991437,-0.272750196738669,-0.2563305372895424,-0.24492776988671544,-0.23507695717112181,-0.21908813824253084,-0.21970338717918633,-0.19356710152277043,-0.1858167828859617,-0.16893949833625949,-0.15442074351598206,-0.1577648119324868,-0.12674477637245748,-0.1026517325126165,-0.03474919588044041,0.02169243296881037,"3.7013019741124933"
-0.13626329383653643,-0.11503415659292512,-0.09847412436697327,-0.025431518889521183,0.03801173933453772,0.08171756416531124,0.1162324292351163,0.14529940730975666,0.17070591089384934,0.19345761566455963,0.2141814899961152,0.23329725140948918,0.25110100048723594,0.2678102134944189,0.283589805249221,0.29856812098081353,0.31284722020009514,0.3265097447486967,0.33962365898336266,0.35224560928738596,"2.2512917986064953"
-0.14693869865105255,-0.1224740104340005,-0.10542433613608039,-0.11520805666400703,-0.0645790210920891,-0.03791633987072623,-0.014257262882460157,-0.002641418922568231,0.04918493183901583,0.11026231582160144,0.15850934435441733,0.19663007105829103,0.2298008040566181,0.25976542957398563,0.28739858974450105,0.313222227349734,0.33758095650018244,0.36071804655442163,0.3828136223241497,0.40400592634619403,"0.6931471805599453"
-0.36489624165130335,-0.3476559817068996,-0.32824914317464016,-0.3097368684463856,-0.29247548315864386,-0.27453106493259305,-0.2557941132523529,-0.23959656333448012,-0.21802503432645112,-0.20345672801836667,-0.17890111073078832,-0.16395921669807315,-0.1382472323929225,-0.11919723077759292,-0.09774644414309339,-0.07141603312648748,-0.01465290315717598,0.06955585769060413,0.1381550440913044,0.19652746596044274,"3.1986731175506815"
-0.24868570759777128,-0.2136404665918799,-0.1883467177279314,-0.14628957513501434,-0.12765381867721196,-0.08053209912940404,-0.06210995038631376,-0.012357824382442715,0.0057471576172700165,0.06094120569185666,0.07073818968643658,0.1409794715993554,0.184485487399372,0.22263474179036194,0.2579059166691772,0.2911941394906692,0.3229615058902468,0.353491449484468,0.3829765134542935,0.41155660791457416,"3.8815637979434374"
-0.37507687425632297,-0.32640235983069366,-0.2862048426575901,-0.2505745263157783,-0.2177962145534672,-0.1867995971075592,-0.15674942313576706,-0.12689054716334947,-0.09651205020981589,-0.06500133378653393,-0.03192989836815841,0.0029239465323360175,0.03963910410781035,0.07821726262719349,0.11853172887901689,0.1598568600261727,0.19632150512769905,0.2612238361527449,0.3462122773848928,0.4433657522510777,"2.8622008809294686"
-0.09779494954535511,-0.07075574202886861,-0.049944879233272906,-0.03692039938571668,-0.005500614237971199,0.03379857569018717,0.07429692778175107,0.1143350863020068,0.1463538587786686,0.17463312246131646,0.20049098846838065,0.22457331292700888,0.2472635926095284,0.268815560189836,0.289409247348522,0.30917881048563944,0.3282279205062615,0.34663896945916695,0.3644789168240393,0.3818031804220932,"2.5257286443082556"
-0.19224271934891515,-0.1505266944962601,-0.12398705523016326,-0.08877186740566777,-0.048978075389443126,-0.0550701297075441,0.024962385740781575,0.06585572827734289,0.10162955496550578,0.13461368106711324,0.16565791251710207,0.19520478524316567,0.22352834215199247,0.25081649201746337,0.27720692412667075,0.30280530807177464,0.32769553852672567,0.3519459676478297,0.37561342922180163,0.3987459620322832,"3.6375861597263857"
-0.34279794842139144,-0.32153948201083155,-0.30503287702367965,-0.2918654215566288,-0.2825439979484816,-0.2951469179914683,-0.259577632946768,-0.24714879724188893,-0.2446828395725401,-0.22500266259742716,-0.20979657504636862,-0.20014430400544536,-0.1538086830665945,-0.08226668759177534,-0.0221283382698865,0.029873346993420535,0.07580167215426094,0.11704293645163953,0.15456971581698917,0.18908618173688405,"3.7727609380946383"
-0.33585971035218204,-0.31734392916674725,-0.3025144356792864,-0.2899225733431012,-0.27910825190124294,-0.27006750367694843,-0.2635726175912926,-0.2815256451042905,-0.2458630636257001,-0.23481369324714846,-0.2274548986609727,-0.24407593560683402,-0.18910618389070583,-0.1248938717098281,-0.07034063995551859,-0.022756724077360742,0.019503747269198415,0.05757531658286766,0.09227324457682014,0.12420161021732998,"3.970291913552122"
-0.1575655536488218,-0.13761977913640683,-0.11518998205575605,-0.014153065805227625,0.042889575215138906,0.08462288488016949,0.11818472787954866,0.14660387913998438,0.17146168325751893,0.19369298864440584,0.2138986332185296,0.23248889407397616,0.24975712218887003,0.26592075872560617,0.2811457657106191,0.2955618720762545,0.30927256592074853,0.3223618115256658,0.3348987590664814,0.3469410812178101,"2.3978952727983707"
-0.3356786175350562,-0.3123942699549759,-0.2946854084264491,-0.28126131454573755,-0.2749067354690092,-0.2603005580928892,-0.2418084683481258,-0.2317981862682618,-0.22268845086855066,-0.1996128185913551,-0.17577837374042665,-0.09180766161545242,-0.02186960333505265,0.037007306916028555,0.08803781766407642,0.13324682957017747,0.17398330180916272,0.21118230436775362,0.24551355845129122,0.27747085620070094,"3.597312260588446"
-0.321960413859817,-0.3107806207340207,-0.29772266025731975,-0.28611493365550006,-0.27482178605331686,-0.26382322785798507,-0.2520708754032555,-0.2426678842217061,-0.2293104007185035,-0.22250294689779523,-0.20647090827770798,-0.20459090624347726,-0.1834005308502856,-0.1847510078319155,-0.15986221366331307,-0.15479575922444186,-0.13553489011627098,-0.12855384392610708,-0.11006910660064678,-0.1040354576587971,"3.5553480614894135"
-0.33324852521565784,-0.3232540570471786,-0.3132583580251091,-0.25021468166720373,-0.15534440307544042,-0.08445872047818363,-0.027823085985688546,0.019388450908300957,0.05991493119573584,0.09545621922400607,0.12713753580924445,0.15574154142726468,0.18183442355758536,0.205838982571867,0.22807929804789048,0.24880925968319464,0.2682314829329178,0.28651025270192837,0.30378062381263393,0.3201549712038968,"3.417726683613366"
-0.3284742755019169,-0.3107209692530292,-0.2987812029641168,-0.31472651557683423,-0.275905150294755,-0.2668163420351633,-0.25621168233724323,-0.24214068166773664,-0.24207038066012884,-0.21873305372225937,-0.2126668834288496,-0.19600261111583123,-0.18382164436557172,-0.1765774606742541,-0.15734750474046427,-0.1484455996592922,-0.13491001145667708,-0.11385480641601962,-0.051050077701702286,0.004741438796409153,"3.7495040759303713"
-0.16545137348773048,-0.13371649522067364,-0.10898025333094825,-0.09015982737461585,-0.08571653492785498,-0.03893635375122355,-0.00824161789298438,0.020360077490681458,0.047484812229297194,0.05974087626781075,0.11975311434773389,0.16993780913275525,0.21380429711487003,0.2504631764462656,0.28347635388419845,0.3140514756093351,0.342801815243137,0.3700992900903709,0.3961937024125212,0.42126442063241143,"3.044522437723423"
-0.13936604920189094,-0.10990866063495532,-0.08569297868699642,-0.06354918532827455,-0.04168498508534605,-0.018641366078784,0.0067753984809989926,0.03546779724216855,0.06847622917080694,0.10832947551174162,0.1611622483864415,0.1992086611892909,0.232195434191464,0.26211601269677814,0.2898564722081787,0.3159182921230703,0.3406236497861728,0.36419659052323855,0.38680163807261614,0.40856451826632684,"2.4849066497880004"
-0.15218534628462013,-0.13625443973418558,-0.12246070704028397,-0.09891621085124017,-0.09656076757658494,-0.0595641908216681,0.020727377477075933,0.07715436913935336,0.11974874778817296,0.1551591783474583,0.1860367835906628,0.21372626996341512,0.23901866748237988,0.2624255074266328,0.2842999619680068,0.30489787316644085,0.32441153034121006,0.3429897348258052,0.36075039591705466,0.37778879717607255,"2.302585092994046"
-0.15737856450697577,-0.12827016650969222,-0.10469871705028032,-0.08374323208131665,-0.06408237645219093,-0.045131990522068385,-0.0281230188958686,-0.011459841865889556,0.03469380788861269,0.07636956639550173,0.12794121580042017,0.18052662051832905,0.2204072148792898,0.2550932459503935,0.2865355236390396,0.31564726928185627,0.3429571247215218,0.36880873570367806,0.3934426635024523,0.41703623780157456,"2.0794415416798357"
-0.3450301104683913,-0.3453060281895971,-0.3127552442635454,-0.3045541336145564,-0.2840085466179191,-0.2711366669413752,-0.25792867419930315,-0.24031546620313818,-0.23980978214389218,-0.21086686092358015,-0.20181399434785757,-0.1824321181762036,-0.16695643199570748,-0.15557947419137655,-0.13381730162927732,-0.14369694328278168,-0.10032832915930344,-0.09241127781131007,-0.0652668986513912,-0.05665345802317855,"3.1780538303479458"
-0.11166539519014858,-0.08882794703064754,-0.07305238694455757,-0.07213459414543225,-0.027264254869645635,0.003360859266985884,0.030099651145115362,0.09475844817380986,0.13477141429259032,0.16749905140863888,0.1962447862645706,0.22231321589180175,0.24639861486254797,0.2689286036363273,0.29019107387167103,0.3103919136863017,0.3296849694837887,0.348189104495484,0.36599860250912153,0.38318986052219506,"0.6931471805599453"
-0.34329129021555693,-0.32260708487985756,-0.2995867961162531,-0.27098655812720346,-0.2697284130085279,-0.22595920205771766,-0.20353606725334142,-0.1907089784381797,-0.15210047362339865,-0.1333551687271151,-0.10346254961749562,-0.07176804678547317,-0.056174565356821256,-0.010071071251072879,0.011191966647065187,0.10259613450189912,0.1912446774611798,0.26029283138935577,0.31850872821166987,0.369899629835389,"2.3513752571634776"
-0.32549137292852953,-0.30807290842134744,-0.29590340010393834,-0.2926834437971752,-0.2752370765554598,-0.2643003632176052,-0.2597219470672243,-0.24185619403174685,-0.2379258550285036,-0.22068589687252477,-0.21032271919391476,-0.20140674683312798,-0.18553991250591054,-0.1822824752058168,-0.16254741414163743,-0.15003398208656532,-0.16429403446091442,-0.1268801895537324,-0.06672340103634929,-0.011213679702167726,"3.7954891891721947"
-0.0870667015750495,-0.06918542263509725,-0.02751025359224173,0.044430668049982795,0.08425640543705248,0.1151121023886111,0.14116649235558903,0.16411144311009948,0.184833441020622,0.20386528137422333,0.22155670276692768,0.2381516976931579,0.2538285397660143,0.2687220487722607,0.28293715185575347,0.29655734830082114,0.3096503963708745,0.3222721475302371,0.334469293222948,0.3462813244328805,"1.252762968495368"
-0.24243938356031078,-0.21316143905747117,-0.1932538417750906,-0.19785770814284157,-0.14708578948142806,-0.1213165627295607,-0.10245247485114278,-0.08786010328295753,-0.045968790845411334,-0.015567933953805145,0.006882488809830045,0.04545172497025391,0.08730616658100859,0.1636727846337223,0.23014537984871164,0.2815157509922989,0.32593073098053593,0.3659534367476454,0.402824697283704,0.43726925985859044,"-0.6931471805599453"
-0.26707614855429773,-0.2663753480431001,-0.22531176922233395,-0.2235438756686285,-0.1854705465510691,-0.17082785408092835,-0.14502218547273363,-0.1227193754108414,-0.1010841030943225,-0.07349659177094121,-0.047864435723100916,-0.00311617005582217,0.08723531564942184,0.15409709293564253,0.20839144537199356,0.25515528656874586,0.2968568320925317,0.3348645895498751,0.37002219510451845,0.4028920484167057,"2.5649493574615367"
-0.1448573446094187,-0.13869182873638258,-0.10850282022748302,-0.09128839114014728,-0.07231734213945422,-0.04427613298665689,-0.023172785351505375,0.045045235165604526,0.10193451661195412,0.14372587114533367,0.17867770807436872,0.209433453823666,0.2372541065739148,0.26286404767598676,0.2867272223725503,0.30916296314507236,0.3304026639670464,0.3506206061374455,0.3699520763442166,0.38850466812140055,"1.7047480922384253"
-0.37545861975302036,-0.36314505169598643,-0.33481442230417524,-0.3169884710021937,-0.3007296992465362,-0.276150265687079,-0.2809421509215449,-0.23819804654754853,-0.22192847841413663,-0.20342848030229557,-0.1780484127580575,-0.1839554718294792,-0.1356966279163186,-0.11852514660641242,-0.09255259135044773,-0.06861816288118026,-0.045354358183800965,-0.01927662803931819,0.009089991354401942,0.0882399146747025,"2.8622008809294686"
-0.3341131683669187,-0.3274993641626562,-0.3050682101241872,-0.30373825654126996,-0.27847520833225525,-0.2773175723316403,-0.2530556755828843,-0.24459707400421318,-0.22852421614156693,-0.215855634730965,-0.2051852767392399,-0.18813936628166072,-0.1863160978394737,-0.16058163346157955,-0.1552077984251664,-0.13257112140673558,-0.12198110955608532,-0.10338202099827337,-0.09063565603670833,-0.07217669749033356,"3.349904087274605"
-0.16477339311719047,-0.13726875693137666,-0.1160482473550022,-0.09964373355840363,-0.11130045709764351,-0.056415011027443715,-0.027223965411038883,0.0004395494570675691,0.027712202832934026,0.03066775784812774,0.11652180706178904,0.17332084411446388,0.2152156299635617,0.2512756611997784,0.2837474082661152,0.31366732052162843,0.3416295328927238,0.3680173306177376,0.3930973333675347,0.41706501808211177,"1.5040773967762742"
-0.3291155849520696,-0.3109949274537731,-0.2969679887344714,-0.28598936797223845,-0.2791137221282452,-0.2728792185856137,-0.257211574995728,-0.24946085933332135,-0.24267199300663972,-0.22700393082760453,-0.21938170337434068,-0.21080374659034976,-0.19524876135680583,-0.18626326381884936,-0.18336266692623557,-0.15086570938258181,-0.08901091343137858,-0.03575009135620341,0.010793358079716596,0.05221280324936019,"3.912023005428146"
-0.3349381010368964,-0.30391489283843076,-0.2873586430954507,-0.2603745352002415,-0.22839034548318962,-0.20869119574586598,-0.19145134942546255,-0.15223650551386872,-0.12641232523804116,-0.1300011991812594,-0.06896801109937763,-0.035782511480154315,-0.02172235898732176,0.031688658052988566,0.06671781783725311,0.12105922880374091,0.2219324611565037,0.29560438740424677,0.3557679610021299,0.40845044795092555,"1.252762968495368"
-0.3397287420825373,-0.3203567448653588,-0.30755900668626013,-0.31156218007329795,-0.28202875518152976,-0.27285413526893126,-0.2596572320029069,-0.24492890013423346,-0.24147994859497537,-0.21844776120912274,-0.21228103775992432,-0.19284819989060784,-0.17892890348799095,-0.17327916646291547,-0.14945027142757447,-0.13691864952224522,-0.09825982416186574,-0.029574617664740996,0.028275272349415605,0.07843876316095272,"3.676300671907076"
-0.33643777276370934,-0.30019905404698294,-0.2735105151542087,-0.2589000241821905,-0.22894776396478347,-0.19434106196766737,-0.16850313477813195,-0.152933627484445,-0.12074406265782323,-0.0821574731989836,-0.05088917330259276,-0.027113618812103613,0.006719149013434801,0.054882408161754395,0.09256943440168536,0.13114069254686786,0.21768415726682067,0.30540743324617775,0.3704154487031551,0.4260747129713268,"0.4054651081081644"
-0.23260435957203476,-0.20056967111670798,-0.17024433880842035,-0.13473730845314763,-0.10709207059335642,-0.07057294453842934,-0.04061729529411797,-0.003699027661394391,0.029401341960219998,0.06990330736340125,0.10146178012398735,0.15388091429467518,0.1942265217579047,0.23050108510675602,0.26430514728500965,0.29632417930810795,0.3269402226702038,0.35639807883633984,0.38486876951633286,0.41247898203827144,"3.817712325956905"
-0.34839104084352046,-0.328460959585482,-0.31245111395221903,-0.2986971826810382,-0.28659008453461515,-0.275884526720165,-0.26658173238307414,-0.25908346649400715,-0.25566653344883816,-0.2495983255987065,-0.17539843036835653,-0.10963000982889615,-0.05366534311853715,-0.00488532809159971,0.03841533021759691,0.07741061439283575,0.11294152741017241,0.14562891744780576,0.17594238239544893,0.2042445752463577,"3.8918202981106265"
-0.35350221034037893,-0.3325506497563117,-0.3354299683555927,-0.2993624150274344,-0.2893082392595563,-0.2677695768456637,-0.25375480671245876,-0.235605366903719,-0.2181794446214241,-0.20286628797643114,-0.18103148040416472,-0.1734307759318366,-0.14264003128355132,-0.13001091572485007,-0.10774537455753068,-0.03143486391568093,0.04514170496971763,0.10876281784120775,0.16355182182485198,0.2119994140863764,"3.367295829986474"
-0.2070030690328474,-0.17150089424435455,-0.14250693395884828,-0.11698494150916823,-0.09368905144295486,-0.07213601649755726,-0.05312593746161499,-0.05896765287367821,0.0013274916235648643,0.0391828704634981,0.07650806572490416,0.11571268831535698,0.1582708250776511,0.20608477053391994,0.2610488170224007,0.3042735810876232,0.34261784414999175,0.3778690222881052,0.41086608472837755,0.4420976125096641,"2.970414465569701"
-0.14252774223530898,-0.11757343310853278,-0.08356293976687096,-0.057406614057207275,-0.02133218928087193,0.006964035359953258,0.04804389657108115,0.08936528433904653,0.12359690776225671,0.15452737634880045,0.18329220641262475,0.21044111253680334,0.23630051242748096,0.26108775418316565,0.28495852755588036,0.3080301249091525,0.3303942258679646,0.3521245273046828,0.3732815906180627,0.39391607580247323,"3.349904087274605"
-0.4081045132800364,-0.37257064240603527,-0.34516903299671714,-0.3249323483143642,-0.32609830608019363,-0.27620800574061344,-0.24965570502642584,-0.2299795832420085,-0.23511998763609296,-0.1806320564678894,-0.15205689619407506,-0.12896616475876152,-0.11915457118668979,-0.0784941517727747,-0.04424516554938648,-0.015640755393215817,0.0039881339953839025,0.041786230067874686,0.08274427028220432,0.11505061090024934,"0.6931471805599453"
-0.29345008490554897,-0.2712354993056682,-0.2536267643843857,-0.23867164227313695,-0.22568456657625707,-0.21447609145168686,-0.17034327662314255,-0.08600874814498521,-0.019913673868651907,0.034576092049019326,0.08111178429412053,0.12188394710922602,0.1582969732559922,0.19129796617096262,0.22155317351685605,0.24954833349475614,0.27564843197831335,0.30013478954842865,0.32322896195365514,0.34510867215762026,"3.4339872044851463"
-0.34173739756434296,-0.3215838753484593,-0.3057044657236359,-0.29262734730277956,-0.2821980095353845,-0.2760586702974456,-0.26876581085056117,-0.25180802309591427,-0.24188492223556435,-0.24589044395707163,-0.22048431382602723,-0.207070749016213,-0.18739011164229147,-0.11495669563181796,-0.054955065615523796,-0.0031256762160338978,0.042588724319601375,0.08357116435774249,0.12079525516332891,0.15496941169688236,"3.8607297110405954"
-0.20815870167919084,-0.17332041121358152,-0.144699400884742,-0.11911494032360696,-0.09500857963889613,-0.07123019384079672,-0.046763252409194586,-0.02074688448820439,0.007421842577353797,0.03814353731464318,0.07185430609932221,0.10933179063287536,0.15228377026440096,0.20662118330054818,0.26120861911330384,0.30491672482693916,0.34367750189098506,0.3792435018775107,0.41246675787837206,0.44385144640064894,"2.6741486494265287"
-0.17569384801179794,-0.15790735237398745,-0.15132033953690088,-0.12255225658453431,-0.12054067978387845,-0.08496943100230132,-0.056009865386533006,0.02876927978097198,0.08474641744891794,0.12864632009040433,0.1656716501612637,0.19818412820493164,0.22745523407778426,0.2542574875861527,0.27910072749926634,0.30234194436133877,0.32424242327990127,0.3450000908695595,0.36476905562047024,0.38367203576615444,"2.5257286443082556"
-0.11283466455048505,-0.08850212527736975,-0.06976800565980305,-0.055814429029171456,-0.039370797918854866,-0.0006696931470248343,0.035195671187674984,0.08643394673598494,0.12993361745099194,0.16417008646606066,0.19393584544852166,0.2208148094662145,0.24559721331828324,0.26875359216702943,0.29059426938304217,0.31133816284416055,0.3311472946741681,0.35014597225321115,0.36843228080618456,0.3860853770431216,"1.252762968495368"
-0.40767083723065933,-0.37114031053151164,-0.3449840971186892,-0.3382883883792378,-0.2949996593610474,-0.26433901998931225,-0.24339016945047295,-0.2312144252583075,-0.1860803593666533,-0.15670587845675868,-0.13623432061745547,-0.11005738212774269,-0.06759591494595123,-0.035544540007806345,-0.017625896473007413,0.030905842582361006,0.07313226999075105,0.09355620810119565,0.1557333362900978,0.24020827524129196,"0."
-0.33241177857918924,-0.31231080686081103,-0.2961585836366538,-0.2821823022752358,-0.26966495380787214,-0.25824577786248953,-0.2158518471290289,-0.13348149686753893,-0.06744654098863864,-0.012193017050881801,0.035395962008796966,0.07727519062227735,0.1147466734790745,0.1487168321834474,0.17983948058622595,0.20860052706573465,0.23537046631182118,0.26043810094276476,0.28403289283943295,0.3063402001913639,"3.6506582412937387"
-0.36149431302901014,-0.3320498479928937,-0.32474010193813807,-0.2837102282799521,-0.2569829471515325,-0.25011234755325823,-0.2095823809349446,-0.18106945878421704,-0.16758468298118412,-0.13138669769435699,-0.09840926976696233,-0.0799165274227979,-0.04116365590566922,-0.00468937795850231,0.008290690263406208,0.06790571983022455,0.1343272851551503,0.23222986709543852,0.3056797357872734,0.366852383193282,"1.791759469228055"
-0.36317167341754875,-0.3474187302702427,-0.32770664051114484,-0.3114334019617459,-0.2935048548237502,-0.27846875088075784,-0.25890381279321895,-0.24650816586459698,-0.22359302686576368,-0.21478170662616822,-0.1871972899313022,-0.1815371893106489,-0.14920114357305675,-0.14080612050262484,-0.10946632950580053,-0.09298719057159588,-0.07047897603693996,-0.026140412660229047,0.057679957491825744,0.1253743441632732,"3.2386784521643803"
-0.16080506343062553,-0.13264521063669754,-0.12894637375261067,-0.08177609401204934,-0.05360644984506867,-0.03811251533433069,-0.0015342874713447931,0.033994505531761504,0.06055553270510669,0.09748333521782057,0.14429449352080648,0.18649163595815757,0.2218626701001758,0.25384896843541654,0.2835798596240765,0.31162122480150295,0.33831422701354774,0.36388749837650414,0.3885051564578534,0.41229083277586037,"3.2771447329921766"
-0.33281156277597157,-0.31391961126877466,-0.29868042731875255,-0.2854771463333841,-0.2736073554281562,-0.25729419029193934,-0.1704012062109964,-0.09855781715919457,-0.03961683498022107,0.010428845989468609,0.05399045394922178,0.09262840317565624,0.12740598213233417,0.15907733645176042,0.18819529841930693,0.21517660227586435,0.24034297171456465,0.2639479172362438,0.2861947561851346,0.3072490666529956,"3.6375861597263857"
-0.34225874771390374,-0.31955537383728266,-0.3021899603909835,-0.2888415261961181,-0.28146712656290895,-0.27032369909719595,-0.2513335031111976,-0.2410558419184995,-0.23442244729991643,-0.21118112793060456,-0.19734767835570682,-0.15682526194893687,-0.07799914643751739,-0.012843748817533605,0.04283091219040516,0.09159891575615277,0.13513789379850225,0.174595090184834,0.21078299476080462,0.2442939899131481,"3.6635616461296463"
-0.28776894741568165,-0.26510177634839427,-0.25563742897426783,-0.2341007132083596,-0.2158199128673252,-0.20661600692334073,-0.17851078751492097,-0.1711658934459622,-0.1420950559453549,-0.12055169883162321,-0.05399239886239183,0.027175232505297534,0.0914226971818972,0.14515047384925134,0.19179798450109367,0.2333736429849005,0.27112677541019525,0.3058814637033729,0.3382097326624932,0.36852579833572274,"3.1354942159291497"
-0.3360454583966242,-0.3169372098705982,-0.303191082230639,-0.2960027553714308,-0.2834568741400206,-0.26887333159708804,-0.2685891456499592,-0.24627166131515243,-0.23563499727659626,-0.22680105482986598,-0.20938420416087739,-0.20404406004226888,-0.1857474239353319,-0.17154038359102952,-0.16921345570126967,-0.1465846313987043,-0.09437355980801906,-0.03157750353959758,0.022087762506767143,0.06908788648102059,"3.7612001156935624"
-0.32120001132047504,-0.3109246825024571,-0.30066261297575575,-0.22345108255526097,-0.13217973053183663,-0.06399636235477357,-0.009503052919767288,0.03594532778393285,0.07498165698446446,0.10923756285156339,0.1397921411731183,0.1673956785259424,0.1925908769609674,0.21578299347937893,0.23728266687479044,0.25733326437483384,0.27612901052164895,0.2938273923898257,0.3105578815308354,0.3264282117510755,"3.349904087274605"
-0.2877348628978075,-0.2549614520605975,-0.23156749358457296,-0.225359990959288,-0.18578486625810486,-0.15602685181449516,-0.13349062032785763,-0.13116956250310846,-0.08120648013360535,-0.04729689522521028,-0.019091871145318493,-0.0242258352154895,0.05050487540947188,0.09054762938528658,0.12333405015011331,0.23250692712744278,0.2972808955147742,0.350692673306396,0.39789661005042715,0.4409317791469994,"0."
-0.3390709514577648,-0.3158695230112776,-0.2988386054238842,-0.28782491752701517,-0.2828935829562953,-0.2582055163523308,-0.24688596464292276,-0.23674988559646207,-0.21433519147305857,-0.20243627389342939,-0.19337641883800535,-0.1606672482528392,-0.07710579948395103,-0.006841450126237498,0.052376049296623636,0.10376691236620579,0.14936011449759637,0.19050576034458233,0.22813768139353427,0.2629230635352357,"3.56953269648137"
-0.33503339113284575,-0.3161965422032589,-0.3013542906309855,-0.2891774826927263,-0.27960036366986135,-0.2747172136927198,-0.2649084607772635,-0.2508242123768494,-0.2429146533045983,-0.239299033316164,-0.22070388384176132,-0.21030541341790032,-0.20732399943138924,-0.1924190385158484,-0.13093322554198009,-0.07213938058381723,-0.02136016938754328,0.02341511897347566,0.06353705912408772,0.09995810504922521,"3.9219733362813143"
-0.2241735930322654,-0.19095991702262885,-0.1644261858370665,-0.14186269335923585,-0.12301340449314487,-0.11441149535189964,-0.08049029840209096,-0.04687706323926337,-0.016287102687756783,0.014226924604017978,0.045259530284583994,0.07511639384833843,0.11153576675871664,0.18496393307111214,0.2484496432565096,0.29667608515585564,0.3386669502781525,0.37676639264503164,0.41207092054152894,0.4452145977329549,"2.0149030205422647"
-0.1184581752564104,-0.07029670584544083,-0.030273174533955338,0.005257325669469866,0.03774811622216166,0.06797584643441999,0.09642037036462442,0.12340561121548221,0.14916379086810597,0.17386883143323106,0.1976554024909054,0.22063055359247152,0.2428812065057394,0.2644791905151933,0.2854847465054558,0.30594903747257945,0.3259159921397498,0.34542368786020433,0.36450540723805896,0.38319045861367845,"2.970414465569701"
-0.3312091675635466,-0.31292160928604834,-0.30045574500443895,-0.3022495116057391,-0.27755371150988606,-0.26732303075273617,-0.25839724327766256,-0.24248958393311512,-0.24892781699605132,-0.2189130325810727,-0.21003860733776628,-0.19655722786552762,-0.18188250619790775,-0.1944277809478189,-0.15600243206014588,-0.1436204599687278,-0.14214724811936227,-0.08082516320576186,-0.01956199336392978,0.032817314889229655,"3.7376696182833684"
-0.3530217362756149,-0.3340226671506675,-0.31631236473508595,-0.2945357061360898,-0.279718876563604,-0.2571186847340073,-0.24122770630378837,-0.21894857310402008,-0.20115112722641043,-0.17834548611110032,-0.16008654092767174,-0.1340338270084483,-0.12260869970603053,-0.08718177850172838,-0.04669019470691638,0.046106296039460364,0.12015896162416621,0.18206795138614576,0.23581700176957288,0.28376084250439343,"3.1354942159291497"
-0.2507273707387457,-0.234286267514059,-0.21431359743047243,-0.1958148441903623,-0.17667069968131932,-0.15721093080142715,-0.13636294681621194,-0.11397664053700565,-0.09565600787488164,-0.06547509434245777,0.005284464564612595,0.08202347492744456,0.14126090115944315,0.19054384553775078,0.2334689858642338,0.2719425200874001,0.3070868817064321,0.33962260585752574,0.37004345474870365,0.39870497364689805,"2.740840023925201"
-0.3328125579723698,-0.32927613594145416,-0.30399309545628567,-0.29533658805396545,-0.2785660178012209,-0.2662644246104585,-0.2560080172626018,-0.23938893535571282,-0.2566645428233145,-0.21391259190267092,-0.20448522727987004,-0.18985047022948326,-0.1750914222846086,-0.1696636030178871,-0.147147994813725,-0.140330430951094,-0.11946111041523731,-0.10661504511549698,-0.09124011082718056,-0.07477636646515481,"3.258096538021482"
-0.2705867444996788,-0.22979937794271932,-0.19732302714098582,-0.17092399253475477,-0.1552011053364896,-0.12188148602906641,-0.08343504489685577,-0.05159008490635419,-0.0230287316685654,-0.0003227695974840302,0.02948172643556326,0.0788874226619892,0.12104259710503366,0.16140435679124138,0.1974819358080577,0.24565936218504758,0.3133639926435369,0.36684696211013224,0.41267635800200597,0.45443332608681664,"3.3843902633457743"
-0.3423591901887416,-0.34129311659381134,-0.3109644663621901,-0.3025803340575006,-0.2830720366422061,-0.27031763484612586,-0.2579064709698865,-0.24053312655350695,-0.2421322408063014,-0.2121331515606462,-0.202883991480112,-0.18486389427317723,-0.16952208025467871,-0.15968751980383622,-0.13777678183847195,-0.13843700847121518,-0.10582943240312229,-0.0954198618421157,-0.07249262072627964,-0.05976576187105235,"3.1986731175506815"
-0.04694947772822944,-0.0048714484571930295,0.029247800362037408,0.058949386445188955,0.08577399658881878,0.11048502028647457,0.13355999458653758,0.1553111734444552,0.17596164752343316,0.19567573705683752,0.21457983396035535,0.23277333228490218,0.2503364006958687,0.2673347659679995,0.28382321948310935,0.2998480046561894,0.3154486161889906,0.33065910959386935,0.3455091139454588,0.36002460374429285,"1.791759469228055"
-0.33882993266758926,-0.31619269048751525,-0.2992493484843361,-0.28720959500108745,-0.2926438813462458,-0.26173607343091126,-0.24782689172236014,-0.25773629647172486,-0.22040445137387538,-0.2054994750684159,-0.2018252471090568,-0.1833073137433798,-0.0971151274291516,-0.026731296842678637,0.032534598358924825,0.08390718801593305,0.1294198697839791,0.17043090332761207,0.20788392258160196,0.24245545905768112,"3.624340932976365"
-0.3415160412137237,-0.3191415953799085,-0.30175224590541333,-0.28777990480830673,-0.2775318813652445,-0.28015214413978273,-0.2547648348441536,-0.2401052560935947,-0.23221162114354407,-0.22178235481326836,-0.20099118234940358,-0.13181790794941536,-0.060524340295084245,-0.0005896938234994284,0.05125714846467686,0.09708045152282821,0.138263243822188,0.17577129515906856,0.21030071590765767,0.2423669473473457,"3.7013019741124933"
-0.34566599911690443,-0.32355407911099016,-0.3078660388656,-0.3005688413351254,-0.2842261098110442,-0.26765835118676035,-0.2702436577410637,-0.2403073935099963,-0.22718637137024203,-0.21860642504171054,-0.19535757678163446,-0.18346445094231004,-0.1723461942555454,-0.12742068259026146,-0.04927511983043566,0.015660387902592093,0.07125043601742159,0.12004815456769707,0.16371776768493698,0.20339487360543504,"3.6109179126442243"
-0.2982755910750969,-0.24598153292999458,-0.20390386858045306,-0.17192552715380235,-0.14570367721412714,-0.09274739914253415,-0.05824282380495961,-0.03156702364935487,0.026102454772487613,0.0692489705274226,0.10820302493940849,0.1446868210583817,0.1793937114700266,0.21269878242565526,0.24483921666093483,0.2759800435386498,0.30624364216023964,0.33572493733373654,0.3645000399037119,0.3926315391588788,"4.02535169073515"
-0.2572303467977386,-0.24436960824817347,-0.21568274867267784,-0.1949968588643396,-0.18217732479749893,-0.14999976762716236,-0.13841353253074587,-0.105789642545507,-0.0814039419269014,-0.05855123397052343,-0.02592045313211751,-0.005075602582467357,0.0967289409514683,0.16597547710341057,0.22081837376329497,0.26769190449955166,0.30940331705697804,0.3474137690236752,0.38259454874769294,0.4155154536381287,"2.2512917986064953"
-0.20868280801456857,-0.1532591542551714,-0.1063515687540538,-0.06424135554346067,-0.025424739208326146,0.010911501910769153,0.045274913714089204,0.07801111534821001,0.10936978337491592,0.13953918311123675,0.16866597615731718,0.19686738372350127,0.2242390609062875,0.2508604140640905,0.2767983177652931,0.3021097889878953,0.3268439586903651,0.3510435561912425,0.3747460473039636,0.3979845210530749,"3.5409593240373143"
-0.19528685122757378,-0.16653154194283945,-0.1448995206715366,-0.13031737547710498,-0.11428976097827583,-0.08001875312883604,-0.05366431880780101,-0.029888086666037275,-0.012433624367315658,0.023928454004776337,0.06659541917146804,0.08718292407602377,0.18165526536253732,0.230734421560566,0.2719275113137545,0.30862726761268766,0.3422392089979461,0.37352879845009457,0.40297486753195383,0.4309036584766023,"1.252762968495368"
-0.17227747346993613,-0.1511733137498832,-0.11787229528669228,-0.0880441392991248,-0.08067608782206488,-0.029746977924809924,-0.0036559586936000836,0.0262063234652061,0.0674436741716119,0.02897398756585423,0.1464105933887732,0.18619786784789338,0.2208337161123535,0.25259534258205196,0.2823577029162244,0.31058627871557054,0.3375711964651708,0.36351120569565426,0.3885512816121303,0.41280200901770453,"3.449987545831587"
-0.3353822863117318,-0.31266637453512025,-0.30442072042017493,-0.28035714329744865,-0.2641134278284879,-0.2501481516760361,-0.22766389061060138,-0.22360539003832444,-0.19064312202124198,-0.18147174994654283,-0.1539473442360032,-0.13288522975074207,-0.1072491367995915,-0.013097562705277292,0.060872878540709434,0.12242926333395217,0.17555887866380737,0.22265237755132383,0.265223781042736,0.30427629512843396,"3.295836866004329"
-0.3452946603061417,-0.29791129142138606,-0.2587771413873478,-0.2241710470228532,-0.19251431995851775,-0.16290442260533272,-0.13477282969713325,-0.10785661395742838,-0.08256151512680233,-0.06267348541840136,-0.033300237998094846,0.017872880399933178,0.062270891842013926,0.10654357746658578,0.1522367969633047,0.20024859835986025,0.2514720839700024,0.30714475240377914,0.36927946862039995,0.44360446703506057,"3.1986731175506815"
-0.2763773033633686,-0.25579274298914567,-0.23927414511238734,-0.22504453269721128,-0.21250299574785841,-0.13825724843154316,-0.0610638551315293,-0.0007632450209163978,0.048899437797420696,0.09128952939968861,0.12841031266427969,0.161539688724871,0.1915387251787933,0.21901423880593546,0.24440989021419415,0.2680600141788052,0.2902229637443308,0.31110263060365007,0.33086283519748827,0.34963724663953016,"3.332204510175204"
-0.37285230211677145,-0.3605538034999576,-0.33349311953570016,-0.3160188441892917,-0.30063887474449635,-0.2766384728342877,-0.2792594606894577,-0.2401420814539879,-0.2242644411370275,-0.20699280933547076,-0.18228757249196884,-0.1829773512916721,-0.1420101318157735,-0.12471859792387945,-0.10157390467414591,-0.07723011897575434,-0.058180170583682224,-0.029480183108374813,-0.0069790411011076735,0.03426065817005822,"2.8903717578961645"
-0.0710488938926366,-0.06790398151770426,0.00972527308648985,0.05992549401613958,0.09389628982976445,0.1215681503404138,0.1455648861735281,0.16706663388693374,0.1867279948216936,0.20495736631851444,0.22203092502166277,0.23814541973808667,0.2534473510130938,0.2680490884493353,0.28203925176626765,0.29548910698210307,0.30845705864835044,0.32099164522898016,0.33313375847223714,0.3449182150332994,"0.4054651081081644"
-0.3336494877317001,-0.31715703778945326,-0.31598495120462866,-0.2915016045434642,-0.28279725628575797,-0.26761684349633674,-0.2564368130170797,-0.24371015591599904,-0.23082569264928912,-0.2192788680422871,-0.20476935685794237,-0.19442100218796363,-0.17774356988709425,-0.17022266473471184,-0.1496576190149331,-0.1526997820224407,-0.12118668821981077,-0.10893648190539891,-0.0957620118202618,-0.05849432181355205,"3.597312260588446"
-0.3114846143593295,-0.3219113581110531,-0.26758006058403017,-0.2600781299445928,-0.2268093916293068,-0.20937625103216734,-0.1872577377831509,-0.16175757821900663,-0.14895771284509393,-0.11317358150606217,-0.10882004663606562,-0.06123688850125062,-0.04241207906179547,0.029575665766496877,0.11796079457228101,0.1863102626893258,0.24318063758558214,0.2927906717204873,0.33736497215924394,0.37819610023349853,"2.6741486494265287"
-0.3174098086314287,-0.30600293670349615,-0.2951447586945263,-0.282601948618977,-0.2740010246911275,-0.2612904887156848,-0.25262782315957255,-0.2407876013966228,-0.23099517193563102,-0.2206571037759388,-0.20921274148633245,-0.20072215494632045,-0.18723213079142093,-0.18090048359929128,-0.16489604280624884,-0.1609704522323947,-0.14199863575067687,-0.13946088836421366,-0.1183551958719061,-0.11348359356395973,"3.624340932976365"
-0.33569548573380453,-0.3121908019361641,-0.29537883865264597,-0.2864339483881682,-0.27219698053537567,-0.25257235582646614,-0.2463372632206786,-0.22491799003640417,-0.20701303167904128,-0.2024936101064925,-0.1770811882785191,-0.14220892102818736,-0.05548696462751732,0.01387879966641793,0.07240057521057937,0.12325991088051799,0.1684561497776427,0.20931313821194356,0.2467421863575389,0.28139227497848934,"3.5115454388310208"
-0.129334793455346,-0.11062494792075242,-0.07083920830939838,-0.05748656101589085,-0.009218805669299014,-0.010368601851707787,0.062302088122063566,0.09964927893192986,0.13186319595412774,0.1612524916381075,0.18868663076211317,0.21462491298419223,0.23935294311760355,0.2630662748780675,0.2859075671323256,0.307985656659249,0.3293863845737305,0.35017921492800247,0.37042151795171335,0.3901614696772474,"3.2386784521643803"
-0.33940214867543567,-0.33730936061279665,-0.30887899102221095,-0.3003632832622312,-0.2818261806462732,-0.26920837956164045,-0.25755318770272795,-0.24042746735912326,-0.24479661531021651,-0.213039277509249,-0.20367427429181306,-0.1868867557096141,-0.17171519326895465,-0.16336914088205914,-0.14130003338316927,-0.13763061773241436,-0.11083670351495299,-0.09913870626483862,-0.07922678060220786,-0.0645870533402809,"3.2188758248682006"
-0.32566616933737436,-0.3022543853657183,-0.2887808957786082,-0.2767620796401116,-0.2534264640020074,-0.252231653892321,-0.22070638089269998,-0.20583022048687086,-0.1905375625160087,-0.16599705876641424,-0.15463654749970657,-0.11972381580809296,-0.028963439004047395,0.04403698817445517,0.10471331328966466,0.15700534122933005,0.20327816929625295,0.2450344270088297,0.28327328990444456,0.31868768149931215,"3.332204510175204"
-0.37322620326699274,-0.3613999051656294,-0.32946066226904,-0.31102268806513655,-0.2922096756890116,-0.26637899974407964,-0.29575980678433605,-0.22448510240311387,-0.20747144620616212,-0.18497495297724512,-0.15815583019317214,-0.1548310901263681,-0.10964543668872662,-0.09666059377389037,-0.05848624623700485,-0.04278487090607184,-0.002744684125542902,0.06506837114144035,0.15324192215207008,0.22363814545158558,"2.772588722239781"
-0.18396837898049787,-0.16234775500677973,-0.16903183320434778,-0.12248448776368581,-0.1006006511079692,-0.09358104256485535,-0.05689214537805776,-0.02892072574651951,-0.024285954583915352,0.030780907752267533,0.09747617354135968,0.15722837249586227,0.20241276040785794,0.2409677981091275,0.2753874714397637,0.3068700013328191,0.3361103464062317,0.36355801977201113,0.3895253869437597,0.414240846449257,"0.9162907318741551"
-0.06351045536439194,-0.03571712774753514,0.03911630363027321,0.0763890650434854,0.10540028050897192,0.1300746785298683,0.15196673860871265,0.17184658798964558,0.19020176520501234,0.20733494139778846,0.22346885686242018,0.23875951366245138,0.25332987286177555,0.26727288039074537,0.28066471246723307,0.2935660589326733,0.30602795714351,0.31809260029047864,0.32979617630794017,0.3411694144588643,"0."
-0.13992058052741893,-0.11908373440383363,-0.07315391866875708,0.00979891982072781,0.06042550842604883,0.098112081807466,0.1288073180856415,0.15505644235672905,0.17819959989439685,0.1990344910399836,0.2180771555926616,0.23568198706472454,0.25210378014064544,0.26753228467613954,0.28211302274361766,0.2959601941505905,0.3091652809487147,0.32180275777535255,0.33393418474390435,0.3456110569064812,"2.1972245773362196"
-0.32476744947197284,-0.3098886074760804,-0.3201688282243807,-0.2855889834780397,-0.28004708894021657,-0.2630186597448748,-0.2552904895465285,-0.24057235952722844,-0.23183169203465775,-0.2177205500550893,-0.20824017458203556,-0.19428676318991328,-0.18380472216902052,-0.1702754733199088,-0.1581024965589127,-0.14603942548458834,-0.13113409186690425,-0.123733321894716,-0.10358411708476031,-0.09578861525435886,"3.6375861597263857"
-0.1624275944121463,-0.13615697589243134,-0.11676622003448356,-0.10580981837289521,-0.08200144258399683,-0.05190427334388254,-0.026285500437357796,-0.0028450289077099995,0.006387739771086112,0.0669133520622206,0.1293139604099101,0.17903366916745297,0.21867019807841906,0.25332261503178405,0.28472741287226133,0.3137601298533199,0.3409452607910613,0.3666302022268973,0.3910608585819359,0.4144197475165963,"1.0986122886681098"
-0.06993001457177234,-0.04275549664590673,-0.019103864603208395,0.003933019434510807,0.05953066047806666,0.09359718622007399,0.1222381231677035,0.1477749849490825,0.17117181190176878,0.1929553507224472,0.2134562678307039,0.2329005637388406,0.2514518905283351,0.2692338304436917,0.28634273482728345,0.30285563830228474,0.31883539858450766,0.33433417663130094,0.3493958748333669,0.3640578945274707,"2.0149030205422647"
-0.29678307506905555,-0.2740844595616147,-0.25621391467998395,-0.24123427455361235,-0.22859702795305994,-0.2185487666499057,-0.21513735981141102,-0.12841735113236222,-0.05278557596552311,0.00819209182247476,0.05947389978693784,0.1039083616115253,0.14326984979626575,0.17872713435342735,0.21108549056062226,0.24092142828371482,0.2686614188506793,0.29462983844338875,0.31907929718051736,0.34221050707132683,"3.449987545831587"
-0.2528415432379336,-0.2304258405285965,-0.21299959723465584,-0.19871849754090762,-0.187354489777777,-0.1828846504809564,-0.09230983659737114,-0.019442894312536922,0.037787794151319644,0.08522119180690214,0.1259929486138683,0.16195193081611586,0.19426673848090018,0.22371990271852094,0.2508609363418291,0.2760909265041293,0.29971199442703156,0.3219576979949963,0.343012546307477,0.363024997314915,"3.2188758248682006"
-0.29330614996948545,-0.26962010000252845,-0.25193713187509914,-0.23923727984143034,-0.24025570481315633,-0.21263871948659635,-0.19508192217755213,-0.18476017432333963,-0.13789582441263631,-0.05229395251729072,0.015072549837201571,0.07088918204499309,0.11882406815946824,0.1610739586147451,0.1990382504059686,0.23365342962688176,0.26557377992256664,0.2952738042111229,0.32310872374732763,0.34935168486583484,"3.367295829986474"
-0.25791106430689814,-0.2351324534383021,-0.21768057208156902,-0.20389893402164522,-0.19455507050529727,-0.20132284682532384,-0.14340619066531998,-0.05597242418707071,0.009813919611149307,0.06308219025991615,0.10814828233386588,0.14745869449454763,0.18251034230790694,0.21427723509432606,0.2434269158394391,0.2704369720129248,0.2956613251888391,0.31936994587097906,0.34177376743072946,0.36304095213921145,"3.2386784521643803"
-0.11451735884152679,-0.08900552135769364,-0.06850970702420278,-0.050200199299238725,-0.034060778497204965,-0.02107056503589382,0.02690199393864328,0.07545984965222337,0.12461202602030404,0.16060777562156683,0.19148366004027315,0.21922072660762068,0.24473075193226784,0.26853566929594336,0.29097180607121464,0.3122728715009211,0.33261003650334253,0.35211363818970487,0.3708859399585811,0.38900911386416603,"1.6094379124341003"
-0.2975007590599657,-0.3026643130837672,-0.25414728936292774,-0.24815099537860152,-0.213562927238982,-0.19690334115377706,-0.17362234338226343,-0.14899559353672964,-0.13309916311423092,-0.099875593200363,-0.08520438075410249,-0.04788055663257042,-0.014183762838053785,0.08119951941714905,0.15495211884118038,0.21446745689069427,0.2654486574611886,0.31074426795980775,0.3519284873043438,0.38996269086487695,"2.6390573296152584"
-0.31474871666067883,-0.3029286403300039,-0.29438159589148083,-0.2803717002652906,-0.2752378602461517,-0.25970767069169737,-0.255100154743711,-0.2396496857961598,-0.23393722645871934,-0.2197238058939824,-0.2124283293769564,-0.19966741091484602,-0.19079105676249028,-0.1792424297120381,-0.16895384660725052,-0.15813860873393074,-0.14679546391190249,-0.13594999033906707,-0.12429856981735353,-0.11236043730887986,"3.676300671907076"
-0.38166728292494806,-0.3499496552287935,-0.33389087134076995,-0.3040710957801183,-0.2728156749965397,-0.25510089012747694,-0.23119028594108643,-0.19617042316784578,-0.1734308580503202,-0.15991308013884176,-0.11429436368947088,-0.08555145351970227,-0.09663164631933714,-0.02123734808167269,0.011856498965122779,0.040402602202694024,0.08871168835048497,0.15752052501166328,0.2570122232308716,0.3318948946561423,"1.6094379124341003"
-0.20578342242161332,-0.20638838563096737,-0.1439719623251013,-0.12851054342740045,-0.08548018676189593,-0.058280935151546504,-0.028385034846362348,0.009272495482349373,0.02477902350656327,0.08010647066344807,0.07720627529434829,0.16038017243623814,0.2016914175379113,0.23791305283322164,0.27129739597468483,0.3027046390616831,0.33259069072466424,0.36123922831405175,0.38884451837046363,0.4155483436733664,"3.6635616461296463"
-0.36047212739681506,-0.3434339835933036,-0.3296828280401556,-0.31772861074581177,-0.3069645909535169,-0.2970796205607658,-0.2878962809341445,-0.23959836573144355,-0.16882820216931985,-0.10972407696862309,-0.058938049056571525,-0.014380372771979547,0.02534739706510387,0.06122668528043194,0.09397139966055695,0.12411581116236652,0.152069282588541,0.17815186253714646,0.202618217353761,0.22567415900459015,"3.9219733362813143"
-0.33233789700529104,-0.31349133948468705,-0.29879271067609114,-0.2870223104873889,-0.2785872063171315,-0.30363686318265987,-0.258681985236782,-0.24807817570523621,-0.2490905437379556,-0.22808770447499968,-0.21628305696077932,-0.21218695632562853,-0.1968871829298276,-0.18281069836164504,-0.149735079350033,-0.0864093466346321,-0.03245759349232704,0.014683396559453714,0.056631711538108094,0.09450390419972798,"3.8918202981106265"
-0.11406189023489965,-0.09804523698340831,-0.08374141923203154,-0.053306898151980135,0.019799784210135025,0.07114257385921126,0.10867918908304644,0.13958713021545593,0.16640419053400757,0.1903788985279054,0.21223389736601894,0.23243140164426865,0.2512879445794925,0.26903137034242186,0.285832046650961,0.3018212521519257,0.3171026407039448,0.33175972179263136,0.3458609271710412,0.35946315143384844,"1.8718021769015913"
-0.3416875499220147,-0.3269217954582999,-0.3144292430915849,-0.2974845484038168,-0.2880780193550302,-0.27029874070201776,-0.26069250346043815,-0.2436058912375688,-0.23244844308338544,-0.21667463635676357,-0.20363222058688177,-0.18891945343845915,-0.17422074558417125,-0.15962131913468353,-0.1441903435460568,-0.12809132281564006,-0.11423442067988425,-0.09450428112120747,-0.09383091222372149,-0.060848093733657446,"3.449987545831587"
-0.337539043408758,-0.33754076108630743,-0.3073068739046849,-0.30585140594065185,-0.2799876200400849,-0.2713671169242906,-0.2543652583190566,-0.24142515136773754,-0.23074331820741234,-0.21305507472582197,-0.2186395875834335,-0.1853981943010655,-0.1765696413326283,-0.1580385679802665,-0.14391222739487736,-0.1306626209451814,-0.11221345995712438,-0.10242979140567303,-0.07992287491676994,-0.07008205585453264,"3.2771447329921766"
-0.38812039694561373,-0.35908327949007457,-0.3388229776589561,-0.36440174504912953,-0.2966580674526259,-0.27457339458302765,-0.2632200147468312,-0.23850841563058506,-0.2122446645872962,-0.19427693271959987,-0.18874896843636244,-0.14913296880983257,-0.12547759873932005,-0.11075073484180632,-0.08411926492781421,-0.05324530349639755,-0.030696098974146744,-0.014729098420973646,0.02660049558357104,0.05308602792858962,"1.3862943611198906"
-0.28987631123396185,-0.2695379751146191,-0.25319177337630244,-0.239085222579001,-0.2264403560296074,-0.16398950193962605,-0.0831773439232457,-0.020079487018539895,0.03182181701196384,0.07605218065794081,0.11471905764334561,0.14917177717578944,0.18032136014053712,0.2088102557613237,0.23510814468002134,0.2595688272074951,0.2824655521137552,0.30401384279638444,0.324386764960074,0.34372545053457065,"3.4011973816621555"
-0.09945602092135578,-0.07492901511465767,-0.07417075167187341,-0.022379734926206894,0.007498859417431203,0.021000269523150292,0.08209559753446112,0.11727505108514558,0.14740413601543012,0.17466117676460605,0.19992142136023233,0.22365918461526588,0.24617244236032376,0.2676658148369787,0.2882884463132491,0.3081537949814599,0.327350995710955,0.34595185696155145,0.3640154083223454,0.3815909858280972,"2.772588722239781"
-0.34430727430703373,-0.3418910530236748,-0.3122930526316322,-0.3142250092985638,-0.2832162806180745,-0.27502724028274095,-0.2557436891757842,-0.24262416096309786,-0.22997198971531016,-0.21198599056273143,-0.20993127506690262,-0.1819600206976145,-0.17453876002690555,-0.15189619258992615,-0.13830535789683648,-0.12105978841807319,-0.10365791647094828,-0.08805834239576545,-0.06873200419491318,-0.051252055324027115,"3.2386784521643803"
-0.35377573921796013,-0.3395530802248534,-0.3214416404155026,-0.3032025873205436,-0.3006019290966339,-0.27144401362615506,-0.2605873186022919,-0.24348024187375195,-0.2253146501370762,-0.23336297889182128,-0.19385143166719723,-0.17959419180656816,-0.16637923877401278,-0.14373838150868656,-0.13592423646043786,-0.10982187738313981,-0.09241070562792231,-0.07684802601140636,-0.052653385242053666,-0.043634484065264434,"2.9444389791664403"
-0.3235941685128504,-0.3042961274192718,-0.2887396109383424,-0.27527053752398695,-0.2631707728849917,-0.2405322886177802,-0.14908844607669214,-0.07909694722391196,-0.021651456286585234,0.02715459981905485,0.0696706955544345,0.10741449409275759,0.14141795049793643,0.17241176833126537,0.20093105066088351,0.227378969933064,0.25206673579168837,0.27523958845967617,0.29709424514745664,0.3177909439833305,"3.58351893845611"
-0.10893842158487337,-0.08182931243266325,-0.059244919837914294,-0.03755336617976953,-0.014372769167490999,0.01228840348792528,0.04441574885291029,0.08725189595123009,0.13062171111059956,0.16442103461037316,0.1939488134335398,0.22075654215716278,0.24559259312452902,0.2688966609045376,0.29095717133630566,0.3119772657694803,0.3321073414626669,0.3514629499142762,0.3701354504267811,0.3881987434810538,"2.1400661634962708"
-0.31334015567138107,-0.2684802027046748,-0.23191587863716415,-0.20037337448568876,-0.17311059612365928,-0.15227508708688214,-0.13531442513224784,-0.08605344058307558,-0.04917100404647554,-0.014724524219174891,0.018758774436129895,0.051214932471718405,0.07963454081305218,0.11192651994490761,0.17224964365080378,0.22475649371760498,0.2773789552673766,0.32942887311752816,0.40029764661020517,0.45449635225954593,"3.349904087274605"
-0.417188774553481,-0.37727802820463624,-0.34625716111654653,-0.3224732425379178,-0.3206295684063156,-0.27117591515779216,-0.23902542975230004,-0.2137873050019353,-0.1988761859515033,-0.16640004054826354,-0.1282107809828321,-0.09716586089980672,-0.07120437483663432,-0.07924043118921416,-0.00399957884126747,0.03637261879750088,0.07128185407509233,0.07519427986161281,0.15461342919628773,0.20026320053112937,"1.252762968495368"
-0.30765772908224087,-0.26997818952926783,-0.24045202700327006,-0.21682907813775512,-0.20347913993783198,-0.17340388891051942,-0.1374362032033395,-0.10805672029122602,-0.081943021450504,-0.062039943272428864,-0.03214772805790269,0.014034855696843894,0.05371303204962972,0.09094519780728731,0.10446039228463955,0.18498840255542098,0.27743565616285915,0.3446398637605003,0.4000166794757475,0.4491608258009773,"1.7047480922384253"
-0.32677590962387615,-0.3094854393801098,-0.29802256615720246,-0.30027699659921747,-0.27516791095199883,-0.26719984520255907,-0.25517149557850377,-0.24259240170589022,-0.23777232909606957,-0.21936114399331696,-0.21757309180381437,-0.1965428473540253,-0.18669229925625822,-0.17506845551204867,-0.15973226518788342,-0.15758558038710752,-0.13523077867009922,-0.12183698159611886,-0.08465237787715174,-0.02460648065338206,"3.7612001156935624"
-0.3446611649147572,-0.3221237945848832,-0.31132194593367485,-0.29254443325689633,-0.2743439312737403,-0.26718744863063004,-0.2405381429603547,-0.24174497717417,-0.20660375917427845,-0.19315431857128723,-0.1737059987599305,-0.1514931929041268,-0.144860881008371,-0.08715561356084396,-0.0021948564551642394,0.06693696194545046,0.12547019490390435,0.1765655024667022,0.22219689937811768,0.2636569003991704,"3.3843902633457743"
-0.15923244567324005,-0.1288201013070315,-0.1071812096665137,-0.11269074630234961,-0.05696687524100198,-0.027839225024713258,-0.0033925224904121196,0.002297780206149987,0.057344847427830616,0.09703050670787466,0.13194433464896327,0.182087694237488,0.2199603476894661,0.25341647966002656,0.2841567185117256,0.3129401879168192,0.3401986852366089,0.36621135130554977,0.3911736298447758,0.4152300497993648,"3.1354942159291497"
-0.37963649125945603,-0.35431225809921074,-0.33965442347556885,-0.32025858869352397,-0.29508992571787923,-0.2808227965841385,-0.2647315183198863,-0.23838621622532047,-0.22240010417154168,-0.21159875610044387,-0.1807175772621357,-0.16181021538552276,-0.17215009927172797,-0.12001389646495819,-0.09765316326119704,-0.09010236456061683,-0.05365392324359273,-0.02822830575539906,-0.024885157319648184,0.022188879532669438,"2.0794415416798357"
-0.20092069172305838,-0.1666849244021736,-0.14081911559669286,-0.12556547476415644,-0.09572868580697627,-0.06121758126897011,-0.03334184212930084,-0.010499471163315458,0.006227695376068591,0.05625782060356885,0.094564666554925,0.1296100549311776,0.15192855471400518,0.22433265705079644,0.26884639628777685,0.30732639199759565,0.3424451084655167,0.37523368680145835,0.40624251818054097,0.4358148248158828,"3.2771447329921766"
-0.4002871984819141,-0.3691190469643589,-0.353814620309731,-0.32338460885086845,-0.2933943239282699,-0.27747010962156143,-0.2511006275823381,-0.21879720289919388,-0.19863514176250352,-0.17884840118243442,-0.14002547921231476,-0.1146026667319023,-0.10245721995056503,-0.05264764750785275,-0.022981971923613134,0.0011265473367494006,0.04880037254573865,0.04622327102696433,0.1338828747898615,0.24359864642650675,"1.791759469228055"
-0.3585621888106173,-0.347123390734664,-0.32327938345899476,-0.3142278520293649,-0.2902433969105799,-0.2884576608882223,-0.25784520214455015,-0.255606018376084,-0.22554881025252693,-0.21442946791871648,-0.19289919489089968,-0.1768842078112854,-0.1591555954523789,-0.1394261320487521,-0.122791753594895,-0.10121923227245526,-0.08207268160561638,-0.06374758017695188,-0.038401721221124716,0.026535173124151774,"3.2188758248682006"
-0.33946697843902673,-0.3199418934762376,-0.3044708022701756,-0.2915930992839611,-0.2810197483934573,-0.27350542144073636,-0.28349161567100195,-0.2536122265538939,-0.2422647176739552,-0.23655857725938353,-0.2265431067630518,-0.2107032622592231,-0.1962225287649978,-0.1295744771798325,-0.06996400855614202,-0.0184935535587929,0.026880290784094856,0.06753094202891614,0.10442615691375305,0.13827139976348088,"3.901972669574645"
-0.3456659340060772,-0.32457784535765377,-0.30773447733446674,-0.2933829884881459,-0.28092420039065086,-0.27021448420190175,-0.26161027683504956,-0.2575054455013895,-0.24842198588315914,-0.22447558021364428,-0.14287879860826128,-0.07746552563829402,-0.02176162990302089,0.02683759000069113,0.07002976710858404,0.10898178389950769,0.14452681337267023,0.1772775698987528,0.20769590891153836,0.2361375770301048,"3.8066624897703196"
-0.26211680271599885,-0.21283890463580044,-0.1744013012061426,-0.15165993364609015,-0.10632187845331809,-0.06527002054282359,-0.04615974292337969,0.009694491956956467,0.054942198176585244,0.09418918079736663,0.13043843132827956,0.16466107355749413,0.19733581329491454,0.22875012222859498,0.2590975690006313,0.28851846838834394,0.3171198398954083,0.3449863750913645,0.37218698579929177,0.39877897065260903,"3.912023005428146"
-0.3069528664159283,-0.29158622797110406,-0.26635980286814054,-0.2515702297151229,-0.22631570012696625,-0.21450620127575754,-0.18479300138091817,-0.176998546377895,-0.1408141455666075,-0.13070510382548417,-0.09388651756549465,-0.07244436551546052,-0.020047542602158595,0.07232832744902415,0.14299189650384952,0.20128433463115727,0.2516932282579026,0.29665179365904404,0.33758668327405833,0.37540169654113165,"2.8622008809294686"
-0.31103995395630374,-0.2984183435792788,-0.29402544534150304,-0.27635997612039676,-0.2802435304587979,-0.25602168938547987,-0.2551435861126235,-0.23606354912861993,-0.23528563640096292,-0.2160076937827523,-0.21720974632957332,-0.19561965426193836,-0.20150521796139662,-0.17472740246270313,-0.1882618819780578,-0.15317896672368433,-0.15556409049586906,-0.13089466624165494,-0.12630091319809048,-0.10805277236961167,"3.7013019741124933"
-0.33289308397784756,-0.3211938344709672,-0.30548873174324953,-0.2938320196143233,-0.27963104115729975,-0.26928043762664955,-0.25405681578923894,-0.2464295335809239,-0.22850704049395335,-0.22670978230928493,-0.2028017590538261,-0.20248465726980897,-0.17667533300489913,-0.16956588033415276,-0.14973298332662358,-0.13987682452472786,-0.12144104534160759,-0.11097664045746548,-0.09137869104139944,-0.0852689672423358,"3.449987545831587"
-0.3427170059719992,-0.3220926857585607,-0.3073608515479397,-0.3000897672321209,-0.28565192276340856,-0.27012179287573407,-0.2715228554362477,-0.2451660917575633,-0.23349543697056874,-0.22410693899863426,-0.20437696622191492,-0.19617000720439884,-0.17952801082252953,-0.161951056256322,-0.1652505568393715,-0.07335010884333848,-0.009149744676826301,0.04576163667396929,0.09390035804359138,0.13691129465082524,"3.6888794541139363"
-0.37511649885694565,-0.3534455713474008,-0.3514638951712296,-0.31376049917218574,-0.29765753237788756,-0.2842944694165549,-0.2577035862246534,-0.24439792647994288,-0.22569386770821023,-0.20147190545556784,-0.1894074426949625,-0.16624393379042007,-0.14233207512723167,-0.13201343240543337,-0.1022989600081248,-0.07874267733451577,-0.07731835289070281,-0.0317091559434713,-0.012936614231032114,0.016828578611984852,"2.5257286443082556"
-0.1313754327008609,-0.10028113767292038,-0.07481080317087031,-0.03504329054073094,-0.015511881360310774,0.038091543701293515,0.07480152087405763,0.10701626889571915,0.13659691022668588,0.16430500275994964,0.19055845762144408,0.21562329880667294,0.239684663222171,0.2628792497831142,0.28531232078192725,0.30706750841101715,0.3282128890501055,0.348804957878788,0.3688913450772146,0.3885127385802458,"3.258096538021482"
-0.34834020204001337,-0.3265292473653153,-0.3130803689853246,-0.30568970397525236,-0.2820646559624089,-0.27616388302527095,-0.25392804069515895,-0.24004705062321785,-0.22750186125483837,-0.20671252327594286,-0.20809580625793508,-0.17468963337654528,-0.1587483559411461,-0.15515169638168588,-0.09225262237277772,-0.014379847763675731,0.05005712053394614,0.10532552175178865,0.15395647112649388,0.197594424381805,"3.5263605246161616"
-0.22943354274981143,-0.20703472011921353,-0.19056020178226862,-0.17938026913890695,-0.19209923480201585,-0.14971520231490823,-0.08730232405870736,-0.010322967118108092,0.04813250167539747,0.09574462739964365,0.13630633990196295,0.17192491997846604,0.203873767812175,0.23297863757875803,0.2598062632429928,0.28476345715107865,0.3081528617833036,0.3302062305197106,0.3511053094230596,0.37099549686101224,"3.068052935133617"
-0.22789823404964815,-0.2069442226463353,-0.1635610224845383,-0.1499691679573324,-0.10128221340886812,-0.09443005602763503,-0.03838489945784195,-0.013970314805115819,0.027260158527072316,0.060492031503256646,0.10000947083455043,0.13762623620167982,0.18699990725804397,0.22671518093455653,0.26261787514345614,0.29612603867765314,0.32788004508978397,0.35824616205024995,0.38746257307113374,0.4156971910930656,"3.7727609380946383"
-0.3218544442013918,-0.29853039709101054,-0.28040570203443743,-0.2657247304906192,-0.25456909981541187,-0.25170797539304235,-0.23301198323771322,-0.2149959350914084,-0.201082295398644,-0.12124065722453829,-0.04714081822760118,0.014036071656977192,0.06631998953756256,0.11214760957722629,0.15309573215382574,0.19023363379950484,0.22431416072804625,0.255884928375516,0.2853558578603819,0.3130415872260061,"3.5553480614894135"
-0.07285820201097176,-0.04855597461291514,-0.027314569556457665,-0.011397267316778436,0.059943502403371804,0.09625809112278738,0.12571016874508603,0.15144114369953587,0.17468750707526903,0.19610408527212994,0.21609237065399084,0.2349215434075448,0.2527833785822517,0.2698206762760544,0.2861434099718692,0.30183855247089814,0.31697638270266837,0.3316147103455562,0.3458018064539104,0.3595784966891178,"0.9162907318741551"
-0.3237077051928321,-0.3031962950988797,-0.2867350726784646,-0.2725121632974139,-0.25979721236361764,-0.2482142575544103,-0.19327877423036188,-0.11306152144374129,-0.04861392461346187,0.005341576970201942,0.051848288131222095,0.09281259762455328,0.1295013674794435,0.16279456818669072,0.1933259052296892,0.22156590504762988,0.2478731900615099,0.27252729150192745,0.2957503354555669,0.3177217981248048,"3.597312260588446"
-0.15839823572118156,-0.13531534720244306,-0.12286357413126335,-0.10219604007222724,-0.07406148621791936,-0.05302964114279159,-0.051550109472753104,-0.0008351557579044656,0.03133703641204691,0.08762697060321412,0.14555698595188624,0.18782966624758685,0.2237780566616231,0.2558617720185942,0.2852202944807275,0.31250485222170227,0.3381335505107395,0.362395714161551,0.3855023655812097,0.4076135478031275,"Indeterminate"
-0.23389248952984598,-0.2025382549910341,-0.1923865834458193,-0.1417342850079461,-0.11514329131670677,-0.09787198777983751,-0.05242905897626476,-0.02397388730676309,-0.007416292910334737,0.044334705278215085,0.07762427735457203,0.10240016193937382,0.15805070918213188,0.18988949772951152,0.24949496539351812,0.29296302902382654,0.3316032460167988,0.3673591142644647,0.4010523869096112,0.4331390500197498,"3.624340932976365"
-0.33117843352191223,-0.3251863439362836,-0.3028676265309298,-0.30298994774539906,-0.27701028143115114,-0.2746063039311509,-0.2523680636183326,-0.2436897642731049,-0.2286920044831381,-0.21602697560737968,-0.20642905933498246,-0.18933246522189995,-0.19156926397509993,-0.162859696451767,-0.15596406639572677,-0.1360801977409458,-0.12458195192819874,-0.10832757120689049,-0.0943120717250249,-0.07863159761960907,"3.367295829986474"
-0.17091838172981794,-0.11844742793881517,-0.07430649110056936,-0.03482888134827433,0.0014622177636012374,0.0353626153939252,0.06736743412447303,0.0978128973804449,0.12694129297474113,0.1549349087345259,0.18193546431707594,0.20805602390426572,0.23338869598573206,0.2580098250758092,0.2819836156468554,0.3053647358837674,0.3282002348579069,0.35053098419544076,0.37239278218564886,0.3938172130409577,"3.349904087274605"
-0.11117544828065903,-0.09316326750595892,-0.08793511797294266,-0.0505479168165385,-0.02754443262109867,-0.00333276896168398,0.06124388003175656,0.10789732767327,0.14334525987924548,0.17356484477157066,0.2004865374318259,0.2250564713744752,0.24782941449615165,0.26916635550865614,0.2893189466285617,0.30847147465056957,0.3267639897978362,0.3443060518191154,0.36118538730576355,0.37747359873630293,"0."
-0.2137929734841591,-0.17813973434494723,-0.1488351394998957,-0.12267719550804466,-0.09811930238624762,-0.07403897760896862,-0.049446172544527815,-0.02348202092818427,0.004475369333061145,0.03482090778826952,0.06791442747725947,0.10433318287812733,0.14522505339500805,0.19350385848485058,0.2569212556080248,0.30309308801942575,0.3434471121508714,0.38026251480497836,0.41455064621212045,0.44688438569889644,"2.772588722239781"
-0.3776193650461706,-0.36042605378558934,-0.3330930098588747,-0.3095496868679525,-0.30056309407934273,-0.26453019963547564,-0.2506562043160517,-0.22365424840388265,-0.1981773967019283,-0.19997146686281866,-0.14996697582131505,-0.13054939152223646,-0.1022967250568937,-0.07295996011291653,-0.051238760832007894,-0.015102270510414847,0.011595782455004915,0.09912430173033414,0.18616443581578787,0.2559412049047246,"2.6390573296152584"
-0.29850538321874676,-0.2552207994615294,-0.22044899241027738,-0.19150021511062443,-0.17002482256851878,-0.15154850911316797,-0.10446950514576159,-0.06968049773141897,-0.038446184614464717,-0.010540397706140502,0.0032711177271854434,0.056184855229409296,0.10276365656053764,0.14588522295395698,0.18760877779049467,0.22362024765727898,0.27967949242949364,0.34877449280282513,0.4057583825179515,0.4544616983653985,"3.417726683613366"
-0.3423382285852419,-0.32216037932857455,-0.31185200012855413,-0.28491553750450244,-0.2834008269300721,-0.24918926925441393,-0.2528371121719373,-0.21244270183717373,-0.2510007356282937,-0.1737388139539772,-0.16646011610266853,-0.13331828216969727,-0.11449115543522136,-0.09662885534358873,-0.019230752534467575,0.06217081666210477,0.12850514008617117,0.18498587472468428,0.23462409499554743,0.2792622126694792,"3.1986731175506815"
-0.2720952876047361,-0.21779801502937055,-0.17301767568803395,-0.13569312727961153,-0.11436487601808007,-0.061761659258836824,-0.014271183880993455,0.026650345005401407,0.06440763835470958,0.1000349142138598,0.13403192995793325,0.16669753203933968,0.1982333900239946,0.22878634371670448,0.258468934075556,0.28737062104117733,0.31556447434484103,0.3431114389816215,0.3700631994599441,0.39646418439862835,"3.8918202981106265"
-0.349914198872249,-0.310490864679537,-0.27986186029299587,-0.2561511091543105,-0.2507376177407137,-0.20540441765570105,-0.17138523407783363,-0.14341786626889233,-0.12107501867788953,-0.11053564463917334,-0.0557569586663991,-0.017625691311689742,0.016937958924532193,0.04540773943257477,0.08501862103929479,0.14111017079067828,0.18294240593893812,0.2817590479157407,0.36092479561112906,0.42344884624729207,"1.5040773967762742"
-0.14330802274289717,-0.12666177130238512,-0.1162164223368644,-0.08892573216457651,-0.08024340128796963,-0.012792720159270542,0.05286706292330026,0.09874027495637466,0.13555712359758557,0.16705854659182526,0.19497143604306366,0.22025701816416762,0.24351455493446217,0.2651470584554705,0.28544071475087107,0.30460726782623704,0.32280850019170065,0.3401712605134065,0.3567971463778037,0.3727689945991297,"2.2512917986064953"
-0.33508635240223444,-0.3175650225215326,-0.30966056771039135,-0.29342129003572803,-0.2805002832528971,-0.271839180858035,-0.2547808393961767,-0.2521648932001082,-0.22942296251323485,-0.2350950952065421,-0.20365618963462467,-0.19741127166410427,-0.17743259004904527,-0.1656845196514774,-0.1518282227760963,-0.13473229028925746,-0.13801470734451612,-0.10574828311428801,-0.07111393934387236,-0.005350309569064241,"3.624340932976365"
-0.3648659532389104,-0.35276152703942465,-0.32816768308117245,-0.31149658401914804,-0.29780937403756014,-0.27505097321026784,-0.2748810038521035,-0.24144164425565956,-0.22643043756182915,-0.21139723129266721,-0.18813813638362964,-0.1847306261109577,-0.1517895117431844,-0.13489236880394706,-0.11643987064132237,-0.09219433842188958,-0.08191782019452673,-0.04898769241461735,-0.040119392894872735,-0.004008191457547883,"2.9444389791664403"
-0.34063514026381736,-0.31960794692102645,-0.30275792900600956,-0.288246612917567,-0.2753756470127028,-0.2638178711983208,-0.25343797289837283,-0.2385566369259329,-0.1566791137833397,-0.08729475372297811,-0.029173786187112076,0.02092455473477947,0.06503798501234252,0.10452904689075683,0.14034954009984363,0.17318731985795505,0.2035537966713999,0.231838646677553,0.2583452384114654,0.2833142434239604,"3.7256934272366524"
-0.16023754736065132,-0.13542589415133174,-0.11864296266034144,-0.11944019584108391,-0.07607948791687998,-0.05083121066655408,-0.02953158860487775,-0.023976084704539602,0.031089639291361635,0.04873355981468948,0.13834504202551354,0.18376486679766268,0.22143908094590603,0.25476137474582267,0.2851200160868441,0.31326526636361085,0.3396636504143325,0.36463142382768027,0.3883959933669573,0.41112805637004557,"0.4054651081081644"
-0.27400308329089473,-0.26039446038667075,-0.23153612109179306,-0.21025233109081598,-0.1977479168027401,-0.16478765414015786,-0.15261557446316806,-0.12075055325537641,-0.09571814940927967,-0.07587895084240347,-0.040239789906595845,-0.018173033729508167,0.04628463380172707,0.133472084580738,0.19794520279895828,0.251050379449244,0.2973513679526858,0.33902201652400993,0.3772717530539681,0.4128536283862678,"2.302585092994046"
-0.3287036787109293,-0.2999236719133889,-0.2917382592012494,-0.2530251055549545,-0.22617727732164933,-0.21601322565478115,-0.18025697138680793,-0.15055285533473606,-0.13349017008077238,-0.10213261157541731,-0.0666801375666571,-0.04493188217637198,-0.007495755571746583,0.03046088028213298,0.059803248236585616,0.14608900056709997,0.23415065239403132,0.30102545973110334,0.3574410577615581,0.40751061616640044,"1.6094379124341003"
-0.18714445516552233,-0.15412759579775626,-0.12702170758959114,-0.10269865036017915,-0.07957459793930315,-0.05644114142622174,-0.03223572943999911,-0.0061087087815614475,0.022513824817899788,0.05410645156602803,0.08940539335563963,0.1300384679424848,0.18170229609978156,0.23363356292020065,0.2750776459393766,0.31176182159275895,0.34537693798904917,0.37674444192992645,0.4063500742570504,0.4345143577132065,"2.6026896854443837"
-0.21950568046472518,-0.18489322333059582,-0.16098989908456895,-0.14814576939033225,-0.10301286062892585,-0.07402327905774914,-0.05431435652388985,-0.024926060628939418,0.015464476734722251,0.047968420552410344,0.07124758404334251,0.11453623205220682,0.1614953565937196,0.19773152977698025,0.2557384749524054,0.2989950955640162,0.3373830022110784,0.37281367245185715,0.4061192155036834,0.4377677601622857,"3.4339872044851463"
-0.37485973399603284,-0.33081209236197573,-0.29530903690872623,-0.2650471211186721,-0.23943628437436784,-0.22176375900598258,-0.19769520915820235,-0.15397113168600562,-0.11935957991672137,-0.08731746424209916,-0.05693872259801676,-0.02971555932271217,-0.031246430736930314,0.047177465631042734,0.09579609832941605,0.14260673022405698,0.18832602346096822,0.21487468867796383,0.33257978426881696,0.415123944740156,"2.1972245773362196"
-0.07042451558357793,-0.026234968899505978,0.00983206645743396,0.04149782222930945,0.07023368585478615,0.09681296745792811,0.12170865186024375,0.1452369540461066,0.167622830956469,0.18903360675264994,0.20959807346801623,0.2294180637047181,0.24857587004508172,0.26713920294631643,0.2851646259742672,0.30270000582333656,0.3197863045272444,0.33645891868851097,0.3527486992182141,0.3686827405784568,"2.3513752571634776"
-0.2973971183936067,-0.27586519419429334,-0.29993739643081196,-0.24024628316033453,-0.23180635813434428,-0.20515857686300004,-0.19014093205700822,-0.1690192411093651,-0.1470679416502501,-0.13917292118569283,-0.10389875839118154,-0.03788989727304101,0.044298582833811294,0.10943110044085372,0.16400994342180286,0.21150863305070672,0.25394571577159164,0.29257061411789703,0.3282045480701086,0.361416291124895,"3.091042453358316"
-0.21778173520214408,-0.17297577856540117,-0.14075768675118286,-0.11908703262198143,-0.06796493266416671,-0.039366266652208604,0.00013547338982093784,0.04704501852086616,0.08572537691487844,0.12093182082621234,0.15390753081889444,0.18522291119966797,0.21520816782066673,0.24408066757439334,0.27199550714225246,0.29906956904369103,0.3253944587585959,0.3510441091702373,0.37607956171249607,0.40055213473868767,"3.7495040759303713"
-0.11690579176840657,-0.11226667622615064,-0.059836864710822314,-0.04547469136794764,0.00017212738920718146,0.028590207346681024,0.07454969252397273,0.10901381689862998,0.13942680129008655,0.167362913888602,0.19351446492131433,0.2182731775312588,0.24189212072087757,0.26454873086177094,0.2863745077297483,0.3074708833558495,0.3279184955085732,0.3477829821279728,0.3671187950210331,0.3859718162213937,"3.1135153092103742"
-0.18217629576040387,-0.1498189467550871,-0.12632047237010646,-0.12603038726539437,-0.07625713611915631,-0.04578335302217231,-0.020707670703018745,-0.008150894821067244,0.0362715813279552,0.07543164509059372,0.11037122889150212,0.11079442588407848,0.19991941996519705,0.2419955410509387,0.27849202524238875,0.3118263239871876,0.34295493165455415,0.37239360844861025,0.4004657934611526,0.4273935636914808,"3.2386784521643803"
-0.15322226352277987,-0.1283131154117544,-0.10793071565731426,-0.07160823916873675,-0.05068890193442555,-0.02297046368048314,0.013997580702642343,0.03816077760159337,0.0772073209321607,0.11901506485036084,0.16157643229662327,0.19665069237685542,0.22824411444406495,0.2575618774455385,0.28518961766191003,0.3114749182455039,0.33664857428633915,0.3608752822939368,0.3842786170257728,0.4069547860337437,"3.295836866004329"
-0.4158440586619174,-0.37679063570608107,-0.3470056483565725,-0.3259780447933931,-0.313052754181908,-0.26861400684291137,-0.2398323088382939,-0.21879195088239617,-0.20823653738590062,-0.15974782313501334,-0.12759596059255063,-0.1012337867757151,-0.09594914257537142,-0.0391264414692709,0.0004573838567186386,0.03376496039477624,0.03934478220976018,0.11209305717086356,0.15654576399647235,0.19228960808978718,"0.6931471805599453"
-0.22767561349068657,-0.19278054973688175,-0.1698786842932576,-0.1479515541393285,-0.10791158594785143,-0.08036722532333368,-0.0693927549895436,-0.023870848062031647,0.012491328229654448,0.041750728907768646,0.05483521651443253,0.11615443172474078,0.15736094673872097,0.161312613437481,0.2519554529430707,0.297643927692481,0.3375576870081441,0.3742002464564412,0.40855606086678414,0.4411546282433922,"3.481240089335692"
-0.34617853629266226,-0.33405750786516475,-0.31484377038534955,-0.3034848906662685,-0.285329524261623,-0.2765588643537059,-0.25621826909782813,-0.2536969149807853,-0.22711959500182016,-0.2266294688438661,-0.19771249696420487,-0.18889326114980226,-0.16753705222008103,-0.1549412951316015,-0.13586729308445547,-0.12141093331897451,-0.10182051033289924,-0.08874649576656905,-0.06542687037053627,-0.06255793848096987,"3.332204510175204"
-0.31566057665757935,-0.3020107661061318,-0.3052405907054544,-0.28015740651601756,-0.27392222439795555,-0.25997966771157194,-0.2519045312744325,-0.24000947575879497,-0.23101781889403736,-0.2197464042284722,-0.2101832035256704,-0.19903060060382355,-0.1888734450138114,-0.17784824955339879,-0.16672980747269556,-0.15634753929945205,-0.14357331563133563,-0.13524980100916786,-0.119555471241931,-0.12494359873307584,"3.7256934272366524"
-0.1447356981134174,-0.11587489185846747,-0.09738543162122468,-0.07703942144678974,-0.04163941086295194,-0.015028973709179182,0.004004589449843926,0.03799986225890685,0.07957929997707261,0.11505405959085312,0.1619599542653449,0.19816267721531414,0.2302215281228719,0.2596971761829448,0.2873009160730697,0.31344132022981464,0.3383840500426413,0.3623158275695049,0.38537510841739725,0.40766865115263984,"3.091042453358316"
-0.20006325024664268,-0.18079420081552894,-0.1916390653148503,-0.1469559635268705,-0.1366289476707257,-0.11235987939071089,-0.09057079973328802,-0.039410878347587414,0.03697243205223074,0.09286859368069808,0.1379938368761584,0.17655197257884045,0.21064511183653598,0.24146670839938225,0.26976459324234203,0.2960422606679879,0.3206572300281332,0.3438739059229564,0.3658941896835882,0.3868762880075727,"2.70805020110221"
-0.1947693989760182,-0.17394555846040005,-0.16353440665707467,-0.14785045577347855,-0.12526607184503494,-0.11419448469932264,-0.05586315381831705,0.020214405010833054,0.07575112911912614,0.1203323060330126,0.1582014828532533,0.19150588567492666,0.221472374906749,0.24887163393409362,0.2742227079712663,0.2978938174183951,0.32015683374865683,0.3412189355588099,0.36124209826819437,0.38035566725676967,"2.772588722239781"
-0.3656899865035297,-0.35081353138002525,-0.338696011985476,-0.3282083196005996,-0.31875120647081945,-0.30499201510819507,-0.22364339510738845,-0.155042836283211,-0.0978303171865449,-0.04873445847355551,-0.005708537542888933,0.032613683120475676,0.06718842255399453,0.0987097227357459,0.12769631819163266,0.1545455282298566,0.1795681090064419,0.20301155362916626,0.22507610954603047,0.2459260597325841,"3.8607297110405954"
-0.16393192771100193,-0.14360697209107567,-0.1327766114449549,-0.11951066602067845,-0.09347531802538725,-0.020286884122122692,0.04333544398344726,0.09019057713289588,0.1282419380986246,0.16083228629914204,0.18965052972003119,0.21567773685145578,0.23954001273391742,0.26166427852653795,0.2823562637200863,0.3018433418614826,0.3202997718281002,0.3378624163355646,0.35464097677873613,0.3707249072923399,"2.5649493574615367"
-0.03885950753697238,0.002201067291422527,0.035684523884610776,0.06469270500730691,0.09087185803440333,0.11494420279587379,0.1374030357325919,0.15855173131478845,0.1786156875323608,0.19775640895083973,0.21610018203375578,0.23374502064521413,0.25077056963253447,0.26724168393360814,0.28321260325981434,0.2987289390938188,0.3138296961680795,0.3285484362601858,0.3429143703680743,0.35695307201552645,"1.5040773967762742"
-0.09897103494863595,-0.08289223669340341,-0.03909013957092941,-0.029326255215979976,0.030700552829382166,0.06768293832989115,0.09905182028454622,0.12739233771052433,0.15365899872604138,0.17835267798078894,0.20178351292995822,0.2241630147077232,0.24564484600809863,0.2663457308479034,0.28635732087636423,0.3057534486857747,0.3245948201483351,0.3429321888074396,0.360808582410354,0.3782609118829263,"2.917770732084279"
-0.11905207727005385,-0.09181314861924358,-0.06933550840643334,-0.048235562997882085,-0.026423159650550414,-0.002170662846665773,0.02597702043267034,0.05995040669459587,0.11164069513791845,0.15241089246234038,0.18581838372779075,0.2154007091217095,0.24243268506720106,0.26757343669363326,0.29122449440938347,0.3136552087109062,0.33505819724800745,0.3555776500981998,0.3753252827649822,0.3943900057319185,"2.0794415416798357"
-0.2226116985447987,-0.2095023738423377,-0.1853738185095966,-0.1725798670289774,-0.14709522754221058,-0.13547184918190028,-0.10563750085467906,-0.08947729734688911,-0.06192988036980867,-0.0074605476854549815,0.07222746153136005,0.13070690534937887,0.17835859115528246,0.21946468569589006,0.2561205104246989,0.28950367001182353,0.3203494751720709,0.34915293062526936,0.37626613579144136,0.4019502087220954,"2.5649493574615367"
-0.3558756628777397,-0.3376003226466746,-0.32285021189693397,-0.31003702746457357,-0.29853903609482507,-0.28803652860353823,-0.27834270145051,-0.2693446934908349,-0.24150442712311693,-0.16940153120285611,-0.10931402400096318,-0.05762009618318678,-0.012215147690468858,0.028311182892710323,0.06495028227671105,0.09842427204703276,0.12927398387271294,0.15791386224379544,0.1846678004229998,0.20979332834759512,"3.9415818076696905"
-0.3263840951488751,-0.30878106056280796,-0.296027071235726,-0.2889958817823967,-0.27824855191874764,-0.26454786682409487,-0.26282152751058413,-0.24419555859603706,-0.2343373118809722,-0.22661268492184758,-0.21085874526423062,-0.20733800586368387,-0.18919081986959282,-0.17740301474401038,-0.17655094305633595,-0.15315501320040598,-0.14164523559692585,-0.11207920591324737,-0.051259340393051134,0.0007080446227364694,"3.828641396489095"
-0.3313876012272945,-0.3128194291410419,-0.2991612926091435,-0.29057051394936406,-0.2834780453807119,-0.2665721253023144,-0.25996540775316984,-0.24696666760338354,-0.23380921431164325,-0.2511763628787924,-0.21081858229360295,-0.20065032940902586,-0.19240217759111217,-0.17438586546300575,-0.1646979810815519,-0.1561731047881683,-0.10956039533297977,-0.04748438414674805,0.005584175554791214,0.05203120862564177,"3.8066624897703196"
-0.11098381665882978,-0.11627637642572394,-0.05501939983217208,-0.0337345903732041,0.003543475806884978,0.038177743207285994,0.08013905694223249,0.11338462035621248,0.14295579552451193,0.17019095859381722,0.19571539511945316,0.21989330367106727,0.24296391536629985,0.26509673529208233,0.28641827493286326,0.3070266030286832,0.32699996383194235,0.34640221702333457,0.36528644632055873,0.3836974505628852,"3.044522437723423"
-0.2727715561391644,-0.23928151487390842,-0.21410619001706005,-0.19737284163945426,-0.17913431172498642,-0.1421794974861063,-0.11508164773307747,-0.09286101351514875,-0.09520061294632544,-0.036592489781732296,-0.000053127466076900884,0.0324102136022161,0.051557907141278475,0.10976677560012513,0.16756231410733022,0.25339175069622955,0.31166869816834925,0.3611313760771382,0.4054179449663233,0.44610587266878177,"1.0986122886681098"
-0.27733931875666834,-0.23549126488833733,-0.2014165697264346,-0.17196458513945495,-0.1463452524007412,-0.12624938071534977,-0.11435938964496098,-0.0645124088520992,-0.028477707444963894,0.005554024049481811,0.03922463893030645,0.0728290576996186,0.10521634396691974,0.11797386361155605,0.19079541965854618,0.24841773342566578,0.3072524888775165,0.36646885133991647,0.415303373636006,0.45926365564958593,"3.258096538021482"
-0.3897477947581031,-0.3623679836327974,-0.34633325673733606,-0.3261101983852509,-0.2984006945157147,-0.2822893091912781,-0.26686852400701394,-0.23687842971823517,-0.2184352585477916,-0.21247928681716985,-0.1740020566867546,-0.15194785925079887,-0.14699188414403766,-0.10731068445686184,-0.08096605616807356,-0.06686785543328277,-0.03298458751009645,-0.003104121047453663,0.004042118043132037,0.054238756941875084,"1.9459101490553132"
-0.354047730232081,-0.3343649641307655,-0.3421259546980809,-0.3019047264465876,-0.29566172622911396,-0.2711413950305041,-0.26115311323976936,-0.23992056900382946,-0.2273616116531737,-0.20771015838863938,-0.19206602229074635,-0.17490425543486238,-0.1547719633022101,-0.1456473039994556,-0.11672675403914276,-0.10283098741051488,-0.040031450385581084,0.03598733816427645,0.0991305574182689,0.15345460781692857,"3.4011973816621555"
-0.14585923392686959,-0.12298702616599204,-0.10987172183433896,-0.09153887972908738,-0.062014919546351216,-0.039430704164684374,-0.0271988887786757,0.01439524779891125,0.038301985702405714,0.11977791994415501,0.16394293231958207,0.20030735060050767,0.23232632116392732,0.26140283908839373,0.28829150593184844,0.31345975934181575,0.3372234435615027,0.3598090187219176,0.38138603437976015,0.40208569133803357,"-0.6931471805599453"
-0.363989793408476,-0.3468859833461987,-0.3308659292021419,-0.30840211959856295,-0.30500087517350194,-0.27540513837164554,-0.2594386701406711,-0.2499560384118873,-0.22382130383009652,-0.21191334977423937,-0.1927730431376592,-0.1715740527391792,-0.16747344328889344,-0.13557907238410413,-0.11718309010997272,-0.1037695420527647,-0.07533578115115296,-0.06604096014730558,-0.033269468023759914,-0.016196314225312692,"2.803360380906535"
-0.3516264673769749,-0.33000736912427936,-0.321561261908333,-0.2995360227975166,-0.2840983074269349,-0.27140977172876385,-0.25065423928657216,-0.24521704396192628,-0.2170166020283615,-0.21649747286211715,-0.18269351920882287,-0.1683110718462324,-0.15024718441444662,-0.12693696650640565,-0.09593348335729507,-0.010451709632242958,0.05945866608792951,0.11861079629485748,0.17019783937511188,0.21622370551116832,"3.417726683613366"
-0.10151486918295842,-0.07836078455474099,-0.06129274882695073,-0.057787814988693044,-0.016143655452644023,0.02048747072951806,0.07120474047882609,0.11431586492767246,0.1477961369255845,0.17671437502409798,0.20271459783281476,0.22660965586633236,0.2488804671192124,0.26984259428945934,0.2897177026920464,0.3086692418808833,0.3268222049534242,0.3442749296701107,0.36110656643757355,0.3773820257986917,"0.9162907318741551"
-0.17639312086740405,-0.14603790189447974,-0.1293846589894049,-0.09915619219996166,-0.06675361529669857,-0.04355091571150793,-0.02999065448826829,0.017217255682442312,0.050068214934878334,0.07253107724922134,0.11902582278857222,0.16427452333353748,0.20918317270980902,0.24637720424895632,0.27992299516387864,0.3110716944897669,0.3404368364820464,0.3683841658839539,0.395157066673556,0.42092939871171503,"3.3141860046725258"
-0.31667430441760297,-0.27241405239122174,-0.23586864847014677,-0.2034012869657544,-0.17337404558948105,-0.14471322525205255,-0.116529601518657,-0.08799675800797675,-0.05837249572789127,-0.027095099090810686,0.006175849575240232,0.041647655876999624,0.0795368672165859,0.12018242747406016,0.16414994035534464,0.21243718314921395,0.2671268316054259,0.335293039423953,0.40367375952996365,0.45900903149914485,"2.917770732084279"
-0.22941509570154944,-0.20893179851401156,-0.1959716064314369,-0.16397296952328697,-0.1480767059521688,-0.12720854772095927,-0.09722142187870982,-0.08113183494024762,-0.05009418939811884,-0.019477951553985445,0.0036387323611699234,0.06344520307420855,0.1436409796576053,0.20100243290596395,0.24814300923738083,0.2894199098788745,0.3267287813748182,0.36110055808741837,0.39317374020904017,0.4233784461537246,"1.7047480922384253"
-0.16631987984740668,-0.13861181302023204,-0.1393489565284155,-0.08523833017384745,-0.05896004510551979,-0.07019040368476093,-0.002609196275606358,0.029252178124407825,0.044360524682716104,0.09692842346911087,0.1362775966132339,0.18168570408357415,0.21832126444103417,0.2511809516420742,0.2816224852237032,0.31028551686260264,0.33754374301813905,0.3636428857236125,0.38875712166266546,0.4130165000648242,"3.332204510175204"
-0.4142088246326567,-0.3777242961957185,-0.350075212054182,-0.3313536527089515,-0.3136499036640159,-0.27594691878378996,-0.25037918331649234,-0.23375264288786762,-0.21103506386679124,-0.17449488412000483,-0.14725707023284212,-0.12715261191441762,-0.10592692776285735,-0.06350257399114884,-0.031515332112037386,-0.006381313762100251,0.020665582733868336,0.06832982562315312,0.10404085120383069,0.1284922499029172,"0."
-0.09136563828677792,-0.06952049846806298,-0.05564393188744314,-0.03466256841833282,0.0055694293335321185,0.05658768324547399,0.09982989516113798,0.13283351989056946,0.16110578407959408,0.186388693271334,0.20953327164601593,0.23103879065531222,0.25123068343941724,0.2703362869369703,0.28852243857880433,0.30591619297640077,0.3226171415908376,0.3387051789918967,0.35424563010771465,0.3692927646981233,"0.4054651081081644"
-0.3843681224283942,-0.35506568635888064,-0.3487169325257734,-0.30669469796763066,-0.28070583216331785,-0.2780385706536038,-0.2332684936731813,-0.20641650383960838,-0.19771688166382326,-0.15690324307301393,-0.1266719608535158,-0.11263436392264131,-0.07155532173377963,-0.037963469949602514,-0.0521003661885857,0.02945448893383391,0.05184466699337808,0.1129923475688,0.22194459111849058,0.3001672358034484,"1.9459101490553132"
-0.3514657551807566,-0.33272828528645004,-0.3176059884789789,-0.30451133213177045,-0.29283570729143615,-0.2822811420801096,-0.27270112526884566,-0.2640598519738509,-0.25646094139729136,-0.24403214040581112,-0.1700574130431716,-0.1096246249342017,-0.05758403327640678,-0.011834538058656436,0.029032975390037297,0.06601020582363368,0.09982037468653795,0.1310056059626,0.1599814866844294,0.18707276573119389,"3.960813169597578"
-0.1526529065529923,-0.116983393613199,-0.1166314299662157,-0.05189357579109695,-0.028655657674497074,0.016473486290935424,0.05790532026989219,0.09275955395998176,0.12442854191014587,0.1539750667690718,0.18192189509305332,0.20858283697504518,0.2341686951863882,0.25883159690381585,0.2826868767565463,0.30582517100508266,0.3283196741310719,0.3502307728702013,0.37160915345745177,0.39249796830868117,"3.417726683613366"
-0.34214997950195114,-0.3212472395487633,-0.3050925149516813,-0.2923861218777429,-0.2840665583557849,-0.2801481989582565,-0.25943493971695647,-0.24885582514641297,-0.2508053391636613,-0.2241127804615107,-0.21155403984348398,-0.20790386279334414,-0.1912565302993111,-0.11797197297605883,-0.05283997124106815,0.0027565447082180863,0.05138087029773549,0.09470610608101201,0.13388404981196664,0.1697371837552772,"3.784189633918261"
-0.24259973385662315,-0.22020845449832513,-0.2065327720800519,-0.20223632383589357,-0.17298572371433388,-0.16003076389347637,-0.14660374889774713,-0.11774443196606645,-0.03304593508771076,0.03657752157716745,0.0917764474145346,0.13805440556772486,0.17832097594928345,0.2142542274935727,0.2468987396425602,0.2769484729432612,0.30488924527289574,0.33107561311748407,0.35577510844097193,0.37919514565004675,"3.044522437723423"
-0.10422928451718735,-0.08069998993197727,-0.06476843744181418,-0.025366892012632283,0.0009256072537423195,0.024326243034476967,0.0757738731940987,0.11276183523452293,0.1438884966749972,0.17191202791703267,0.1978317126781819,0.22216679714620274,0.24523618906329955,0.26725587288578645,0.28838184394615435,0.30873202077111755,0.32839861881500715,0.34745567620093476,0.3659638987507158,0.3839739227217003,"2.8622008809294686"
-0.26291991541000076,-0.24120443700066121,-0.23609064650528638,-0.2086416666638755,-0.1932846772619744,-0.17724083752336683,-0.15375349828487997,-0.16066995199160553,-0.11491160162626773,-0.06797396908723638,0.017775826901046895,0.08297464790268728,0.1364054386387214,0.18224868922329882,0.22281333417833735,0.25947616366474757,0.2931185928644979,0.3243397506579172,0.3535669709640872,0.38111699197474724,"3.0204248861443626"
-0.3973506388283874,-0.36785260897696276,-0.3503444579867133,-0.32952782034871114,-0.299025899587443,-0.2808715552243148,-0.26706050756718347,-0.23252167329063417,-0.2113142694924015,-0.22685968443657328,-0.16421849724853355,-0.13850921291008458,-0.12542483822636816,-0.09111225780381338,-0.05993195379956764,-0.04044981950617439,-0.007212933622628373,0.027750664574072922,0.02570110416307628,0.09358982284855946,"1.791759469228055"
-0.39891466799072284,-0.3682600670449561,-0.34800739866573355,-0.3371695234521828,-0.2996696192214781,-0.27790648735314294,-0.27748497633793195,-0.2342942757305871,-0.20878397943593735,-0.19312467341536435,-0.1696804596045348,-0.13729388676869572,-0.11438886570613599,-0.11710111622309435,-0.06065370108589456,-0.03150024147309105,-0.01850440738443917,0.02685279946886866,0.059858610846002434,0.08300264033567777,"1.5040773967762742"
-0.19960775107259854,-0.16725102962764304,-0.14737867777030264,-0.1213991338836239,-0.08591412377218555,-0.0607356543432016,-0.07637544020881143,-0.0028394822638242927,0.03129678484505111,0.058180848728068627,0.0893246751193305,0.13858504135500088,0.17562935490068793,0.22870840560988362,0.2694898823092576,0.3057993879408323,0.3393475407508332,0.37089749265979494,0.40088346942331265,0.4295864865150427,"3.4011973816621555"
-0.3258706373836808,-0.3082137281806694,-0.2950765736658235,-0.2862911695523697,-0.2830248191379225,-0.26460420263830725,-0.25682781223899714,-0.24755447209667064,-0.23363015420886207,-0.2317401509863449,-0.21308289895059188,-0.20233031268789303,-0.19866890680834845,-0.17895645093585483,-0.16921101695884347,-0.16322475800698114,-0.14408336844275196,-0.09350047260104792,-0.037237944334825225,0.01143476217000064,"3.8607297110405954"
-0.03037103557556438,0.008882958459886669,0.041834393167442196,0.07007675842326508,0.09565673541216022,0.11909015063793014,0.14096850331039965,0.16153640940826408,0.18104638448900728,0.1996422838931674,0.2174580631895459,0.23458494939492508,0.2511051938238821,0.26708050921588977,0.2825658537429447,0.2976052635258653,0.3122377892925155,0.3264960675110896,0.3404091427933093,0.35400197970382336,"1.0986122886681098"
-0.23450900032365862,-0.21260285420229308,-0.1954638697324194,-0.18122843996737698,-0.16943265982846922,-0.10661686251066385,-0.028861321581155754,0.02994573306207294,0.07760224002437192,0.11797781714858713,0.1532369053282984,0.1846966933239339,0.21321559639347484,0.23938449346607338,0.26362810446362145,0.28626246575523057,0.30752945159991035,0.3276185364485008,0.3466810797355993,0.3648400268055802,"3.1135153092103742"
-0.34387297063187033,-0.3369612282044635,-0.30027854305794,-0.3210685792257636,-0.25939735165826333,-0.2498818185509987,-0.2190872365258685,-0.20089916109121242,-0.17832059884091916,-0.15338993638356957,-0.13511054132500572,-0.10451165818037819,-0.08413208964941661,-0.05455319603462276,-0.02190770602953892,0.0823575403499097,0.15861594348901326,0.22140054648652327,0.27560239804893366,0.3239036101215119,"2.8622008809294686"
-0.3453576238088184,-0.3262368541718092,-0.31084248080208776,-0.2974934475098799,-0.2855072420068179,-0.27453610363618336,-0.2604559366674104,-0.17198704955061914,-0.10366863370237181,-0.04655012111405469,0.0025901329832259544,0.04577407523924851,0.08435257302163456,0.11926967732724872,0.1512085960585479,0.1806782399662619,0.2080671485805192,0.23367836511413453,0.25775268953624236,0.2804846015513842,"3.7495040759303713"
-0.28966575519790044,-0.2682918537385636,-0.2512377427479084,-0.23660995563400875,-0.22366529687446793,-0.21760284740047844,-0.12212302687933735,-0.04993564294080967,0.008149880176472652,0.056915909060333475,0.09910019481188076,0.13640314183811325,0.1699441040383396,0.20049537110729193,0.2286111244327236,0.25470233309583357,0.27908227306418204,0.3019953465466511,0.32363600606818543,0.344161586682847,"3.417726683613366"
-0.3812641207645756,-0.3423186846014982,-0.3129999371746624,-0.29365635413992264,-0.27232032851943194,-0.23187278036506048,-0.20327071575227024,-0.18275184073382214,-0.1636462390870277,-0.11802075651276071,-0.08447918135161873,-0.05662220736383637,-0.06356848028468266,0.0147220732068606,0.05702207086856878,0.09055278553126059,0.13554386709088243,0.1905155139457592,0.29593004904274534,0.37630878290312003,"0.6931471805599453"
-0.1474352871817163,-0.1217468143308391,-0.10767782610900778,-0.06725192186103779,-0.043324363101183094,-0.026027414273768125,0.01764013412240498,0.04731628680444314,0.0754740574649848,0.12606682998071225,0.1659783310826544,0.19984176036942544,0.2305575881659527,0.2591429855941844,0.28612004145530995,0.31180761334911056,0.3364211471152392,0.36011618104011933,0.38301037742859956,0.4051958931872695,"3.2386784521643803"
-0.2649368710345591,-0.22291662253348013,-0.20110313999054363,-0.15677590401089347,-0.12406977132231423,-0.0934010744734119,-0.052191533413975054,-0.033184472709950626,0.021785572226595617,0.046152117775169074,0.09839367340680354,0.14392068155164223,0.1831321537465654,0.21925237129170072,0.2533074583863285,0.2858000985170718,0.31703004100876464,0.34719751943529664,0.3764465063667655,0.4048859672030686,"3.9512437185814275"
-0.09503133302517215,-0.07600170890511145,-0.04460442914835253,-0.011922304367909288,-0.01485452453732467,0.06031865125748805,0.09582657628086964,0.1261172125756009,0.15349281230665704,0.17885313348688864,0.20268043292456916,0.22527610257116373,0.2468465563883953,0.2675420286526204,0.28747671333273744,0.30674027998268755,0.32540494605039366,0.3435300653984299,0.36116523785538956,0.3783524924047244,"2.803360380906535"
-0.2444905779873898,-0.21788282571545586,-0.17886781742197333,-0.15402889174058584,-0.1146011054015865,-0.09589693108262558,-0.04916340700739788,-0.058105374399512764,0.01912740678032695,0.035509396675917904,0.09303129941047858,0.10487833899199282,0.17605459749621358,0.21900487696862292,0.25697465464432884,0.29214282112603424,0.32534925963309014,0.35704019859827774,0.3874936781720526,0.4169003588095053,"3.8394523125933104"
-0.3153723790136294,-0.30226684693820804,-0.29876639344901096,-0.27965007587791396,-0.2801701268162236,-0.25876455450709873,-0.2560668466154644,-0.2382159720708904,-0.23526027810848005,-0.21751161940986583,-0.21525412691362913,-0.19641703018443588,-0.19501725954039162,-0.17476967046979658,-0.17295857966976771,-0.15244677368856324,-0.14798023182932488,-0.12944961768345545,-0.12125058689466632,-0.10619515750994632,"3.6888794541139363"
-0.4032563597178794,-0.370527881117842,-0.3465598284336136,-0.3352270033163433,-0.30482355841085584,-0.2767095044059688,-0.25740286666919576,-0.25638017625227205,-0.21026778829339174,-0.1847508548659491,-0.16693642067293243,-0.14870167094450357,-0.11176492995637344,-0.08511789622554712,-0.0672256051646332,-0.03675116346522468,-0.00014379725450008554,0.02766119438753606,0.046465203788203825,0.09635360442523902,"0.4054651081081644"
-0.13518894800425718,-0.11770441884958295,-0.11375524868743125,-0.07988293904435174,-0.05241571289568993,0.026366573488987327,0.07729020227448631,0.11612130302314451,0.14852776502162843,0.17681630710198776,0.2021856311123014,0.225351175149018,0.2467795973705677,0.26679480612958323,0.28563223475213056,0.3034692145672589,0.32044315986693034,0.3366630493775543,0.35221699324888817,0.36717740015919487,"2.1972245773362196"
-0.2923241708658093,-0.27366366298909073,-0.25849181751636796,-0.24538305934530838,-0.213855226962436,-0.12053482956526503,-0.05111423602629384,0.004580493017121003,0.051212543212161836,0.09143944980882603,0.1269080119592486,0.15870319045960865,0.18757554325039064,0.21406536502597526,0.2385744950222515,0.26140997526965726,0.28281177037310135,0.3029710399102029,0.3220425784089296,0.34015352354181905,"3.3843902633457743"
-0.13584561295407827,-0.10698634164881643,-0.083233296068485,-0.061373184976296534,-0.03953929155493305,-0.016202358512598814,0.009869450044065475,0.03967784862798452,0.07472851359569127,0.12027239386700676,0.16618500954804247,0.20237456433039414,0.23418663823366542,0.26319370606721537,0.2901571838930852,0.3155259393327923,0.3395953165186377,0.36257391912947784,0.38461659907232554,0.40584262904313784,"2.3513752571634776"
-0.3781521652901818,-0.3665775537864315,-0.3568613436375559,-0.3485336711594941,-0.3409930016660606,-0.29552504685107533,-0.21955507077950254,-0.15744554609674008,-0.10489429149958433,-0.05933616405277522,-0.019111989451837497,0.016913331321280728,0.04954992167474892,0.07939551067801809,0.10690322049855022,0.1324244278087289,0.15623693606342262,0.178564089317744,0.19958809226699364,0.21945951089455695,"3.9318256327243257"
-0.3268424440778322,-0.3121430290427182,-0.3074355657655135,-0.28649945185555814,-0.2910785732000802,-0.2626767797080777,-0.2617275225199851,-0.2390744097307136,-0.23776005072076722,-0.21512125184091638,-0.2143109023066935,-0.19052474064084263,-0.18900889547133792,-0.16509094912191713,-0.16026302458951264,-0.13879052752755372,-0.12937303017200427,-0.11216211566957358,-0.09799231435784682,-0.08874686790936251,"3.58351893845611"
-0.3787243273338753,-0.35173178081351203,-0.3515006023084303,-0.30177558750735967,-0.28035410644674613,-0.2673411891567664,-0.2293123887103793,-0.20865118649935185,-0.19088920559924108,-0.15331101674582748,-0.1313473097539347,-0.10718151979061105,-0.06902564764775182,-0.0495824903159146,-0.008473670035697135,0.023374523700739103,0.06014949127734877,0.14522313928378175,0.2365727924842724,0.307967110036342,"2.1400661634962708"
-0.1943217839116851,-0.16481490515557295,-0.17019935004209952,-0.1092748873932523,-0.08223716043006911,-0.10058688671789257,-0.025027822157610635,0.006095730283864189,0.019766607064652462,0.07017502269360164,0.10839235747588427,0.12215686353955263,0.19336576933483168,0.23558300699885834,0.27224780251206043,0.305840417621186,0.337303905230576,0.3671380988496575,0.3956537410913516,0.4230632369716057,"3.4657359027997265"
-0.21012309943366272,-0.1931248221134162,-0.17814790457673457,-0.1563073556841779,-0.144011880782926,-0.11744271627661351,-0.11358401643342736,-0.0746163601164915,-0.02360611286313709,0.05425273670645902,0.1113106281192942,0.15760144528181547,0.1973567510944208,0.23266893765441476,0.2647194612259248,0.29424718004635336,0.32174948472965537,0.34757987552805114,0.3720001683352424,0.39521064513088433,"2.6390573296152584"
-0.30909556852181364,-0.26465963447889246,-0.22800252075822783,-0.19552801726255767,-0.16566136752170188,-0.13743069569615232,-0.11010497683367927,-0.08308458246362628,-0.05593850113879183,-0.028630163753544293,-0.0023332103798630066,0.010472102028244086,0.06767543741790903,0.11832836858300737,0.16801639891049094,0.220359487955089,0.2779812090041156,0.34637615069881955,0.40990494236784353,0.46274881831504644,"3.091042453358316"
-0.3492369012983974,-0.33646796393021144,-0.3171334453522642,-0.30491703824527616,-0.28677254705244865,-0.27687249613818066,-0.2566959888842694,-0.25192354579954906,-0.2265151858755763,-0.2325986088258433,-0.1958841483285465,-0.1886828874715814,-0.16429406388102197,-0.1530871181383157,-0.13100972158611407,-0.11871794181376556,-0.09537024538989611,-0.08896141264769986,-0.05808797573575064,-0.03958650908572524,"3.3141860046725258"
-0.08264381119691785,-0.05810321700946775,-0.037273361940325135,-0.016109197303685565,-0.011864169157826619,0.0736862355596728,0.10996255412912233,0.13977098595435808,0.16600225198497953,0.18981694908600558,0.21183696603196603,0.23244690780718535,0.25190642280930997,0.270401569387941,0.2880715815657024,0.3050241536626998,0.32134478446347053,0.3371027999957315,0.3523554032758472,0.36715049340937755,"1.252762968495368"
-0.3487038336552173,-0.3576837523487074,-0.303922599828882,-0.2931804098260222,-0.2631631905810439,-0.24403959934489558,-0.22515845533497103,-0.19772696159845546,-0.19777116421913582,-0.15138292552108976,-0.1389768660587534,-0.10265616864918735,-0.0842375576581328,-0.04885993253365896,-0.048339657909295314,0.061232827726813994,0.14638945885266896,0.21451873843563168,0.2723030289519441,0.323252491108789,"2.772588722239781"
-0.4139391657965105,-0.3683034296392536,-0.33139690873995686,-0.29985206195582587,-0.27296451284758483,-0.2531500043057102,-0.2362788057478495,-0.1882211402143351,-0.1530102102450014,-0.12109450548695729,-0.0913783380978679,-0.06542782708815897,-0.06352373205258814,0.0086460028116526,0.054774468849653084,0.09856104612153382,0.14139462050055857,0.18023360947875827,0.22978436970356217,0.30102087070546923,"2.2512917986064953"
-0.3273191949500382,-0.31661830876908403,-0.3010559394840061,-0.2907082006402728,-0.2764383726578711,-0.2676968217464255,-0.252274825581559,-0.2469164450954311,-0.22828557861008789,-0.237536954120922,-0.20429938737177353,-0.1993330577044752,-0.1801025146213877,-0.17083945363609734,-0.1553738905340496,-0.14342361637496817,-0.12957731135549966,-0.11594484750566271,-0.10196531450617914,-0.08834098336600057,"3.481240089335692"
-0.3029113971716933,-0.27732135567993865,-0.2820742721879033,-0.22979627232102862,-0.20798680769098793,-0.202158854720423,-0.15866583251014205,-0.13532121595988228,-0.12711245481476124,-0.08021723054880019,-0.05409413036597567,-0.029708546213746603,0.012282107646068683,0.0307082230399264,0.12111031074604825,0.20559936666273324,0.26962429625288825,0.3234725703992991,0.37114548271265996,0.41453274597989354,"1.791759469228055"
-0.42253564547358863,-0.3771342819148676,-0.3402416662521033,-0.30849190357392137,-0.280964588869464,-0.25870569191845866,-0.2652885423300721,-0.20281093881292364,-0.16625387729571522,-0.13398939478533198,-0.10381995588266765,-0.07584646729084034,-0.0543355907924669,-0.020450680105050294,0.03004077694080527,0.07390285549832058,0.11652518482269973,0.15834495026804085,0.1950521076492644,0.249731214798285,"2.3513752571634776"
-0.17989524880379357,-0.22313043292317145,-0.14252212395340455,-0.13325275328841862,-0.10524014948911145,-0.08667411083328407,-0.06317024433224637,-0.04037541140724608,0.009700553765577158,0.08285867930708533,0.13460250514199804,0.17642623221339648,0.21256106483325052,0.24487807824662683,0.27439544127051624,0.30174150772966957,0.3273374154874744,0.35148229951935517,0.37439799220311093,0.3962545641999702,"2.1400661634962708"
-0.3252781671803874,-0.3170419915841761,-0.29881649011137607,-0.2925955722459932,-0.27442809534015694,-0.27420727321033633,-0.25093747117430903,-0.24843294658578402,-0.22801653876225342,-0.219715995169204,-0.2055829286389167,-0.1936521756531905,-0.1838287671752216,-0.16817727555820455,-0.16409569135197402,-0.14258153146681898,-0.1432237488922843,-0.11633347296308867,-0.1107525426289209,-0.08892560121824171,"3.449987545831587"
-0.36621309004679475,-0.3016998209773814,-0.2462336502700443,-0.1959349937661708,-0.14922376938019438,-0.10523947216355388,-0.06344145651113008,-0.0234592629379481,0.014976284450650185,0.05206924835477887,0.08797939250660554,0.12283500463866798,0.15674122463397222,0.18978568633962198,0.22204247363701737,0.25357497536420115,0.2844379963693667,0.31467935147954496,0.34434109106841904,0.37346045846654935,"4.069026754237811"
-0.4046546803075129,-0.3708282739994682,-0.3459713003810958,-0.3334522007176001,-0.3035141988149081,-0.2739219203678197,-0.25331695593059245,-0.27696337274895044,-0.20560466346258385,-0.1782344498669238,-0.15818006422061814,-0.1461677140336797,-0.10284033709791934,-0.07369070285589756,-0.052093789292694745,-0.026299129857579925,0.015225463042562525,0.046188118135835586,0.05989167255024304,0.11845434332322478,"0."
-0.34813194051653756,-0.328827301690475,-0.3132844916124157,-0.299890705198568,-0.2880444058910525,-0.2774807070571175,-0.2681334735799011,-0.2601753871113429,-0.25445587230347294,-0.2639927159175732,-0.18994616035771317,-0.12431642989880477,-0.06848327857089066,-0.019835909908763626,0.02332664971697083,0.06217568738859885,0.09755119157588286,0.1300742292412557,0.16021531363642955,0.18833829611984954,"3.9318256327243257"
-0.24893661174730053,-0.2186199589407476,-0.19510203106828003,-0.15359125578622693,-0.13212153492603337,-0.09847507726740533,-0.06210393930388675,-0.04294116302154764,-0.001605047164043122,0.03615858110168845,0.053944995266247374,0.10743479480874069,0.14714574348064918,0.18143461693870291,0.237567929994723,0.2856539921542871,0.3268321734896236,0.36450943776789096,0.39982906378534644,0.43336751765234877,"3.7013019741124933"
-0.4032272013154291,-0.37131914287454504,-0.3501254248231229,-0.3401833171698092,-0.3000968257571451,-0.27705606115563086,-0.2725779440712241,-0.23223583106304552,-0.20487726191991631,-0.18710614007521348,-0.16587042257378803,-0.13005602548754155,-0.10483690918089208,-0.10360945500601067,-0.04937568976448919,-0.017290702355270506,0.00014514027824281503,0.04453165406618994,0.08011854607939577,0.10904756626062548,"1.3862943611198906"
-0.25844844037049247,-0.2194251104039369,-0.18942374607617324,-0.168934956328949,-0.14465684317790484,-0.10390919082258124,-0.07325240378667454,-0.0485225789608067,-0.04423642751486145,0.01685013848240492,0.05559146961874215,0.09043922767117067,0.11790259173296623,0.16307356934074987,0.21711217997452167,0.26310444116722387,0.3223581328330009,0.36902576083118316,0.4107758925833724,0.4494394844927405,"3.449987545831587"
-0.3316670871751346,-0.2850681898265593,-0.24676437184014632,-0.21316865691271042,-0.18291626581896295,-0.1555907981494481,-0.13218005288430382,-0.12686106555845023,-0.0735814352317361,-0.031839657267817845,0.006721881110719559,0.04502606556721225,0.08399476573721029,0.12399224860511124,0.1649619113129554,0.20564496383163466,0.22405278262281017,0.3155487080667576,0.392596243591941,0.45478889103889913,"3.2771447329921766"
-0.386724851335017,-0.3645322582245527,-0.35066971511289396,-0.31907217101216656,-0.30566237530632206,-0.2816850641239094,-0.25735604813084867,-0.25245592778520426,-0.21681120339233526,-0.19465066325318797,-0.1962204540143247,-0.14926395734061895,-0.12827711395925384,-0.10996247072937368,-0.07597039269685552,-0.061956963619102856,-0.02398722554156583,-0.00008844841230418917,0.03294229342473375,0.06742429935640129,"2.5257286443082556"
-0.3593892121744826,-0.34351124011359024,-0.3197966515707087,-0.30428130226431177,-0.28155189848359097,-0.2686544851183766,-0.24281190257776356,-0.2350134358177217,-0.20295971168193888,-0.20468633044107098,-0.16123677383688806,-0.1670341214688194,-0.11692870000734551,-0.10440280986757926,-0.071425066442965,-0.02931193028606715,0.06245849127144836,0.13616523420612575,0.19784981347046995,0.2514763620285747,"3.091042453358316"
-0.36201371742370675,-0.33773130210954394,-0.3220423619978237,-0.28665744029110013,-0.2710343619954044,-0.24475088376877252,-0.21579054872993245,-0.2053697897687675,-0.16886288385470383,-0.14083338631702025,-0.15569669713254528,-0.08554482938050496,-0.05928506706952973,-0.029940599706834457,0.007094096857293274,0.0370716406022622,0.12407461101732566,0.2144030751812258,0.2848800495692143,0.3444288251833627,"2.2512917986064953"
-0.3680787660853724,-0.32243495343489825,-0.28512087661655877,-0.252501700687062,-0.2231743340781984,-0.19664676144714213,-0.17358649021606887,-0.16164602408404727,-0.12172063000237689,-0.07944199365805957,-0.04154492173873339,-0.004156559016118542,0.03381696302369243,0.07281380955643782,0.1128477951915867,0.15283417829157908,0.17620684794689132,0.2613385750360737,0.34862034247718116,0.4295030443357337,"2.5257286443082556"
-0.18568862254599966,-0.16509481413052227,-0.14850439199063592,-0.11372978777457005,-0.0266456304521657,0.032398543002683494,0.07739825184977539,0.11424611814759478,0.1457516836168254,0.17346457607606403,0.19833311451438868,0.2209818567493824,0.24184502878709538,0.26123737689827986,0.2793947245519724,0.2964985910829575,0.31269185959159285,0.3280891450965286,0.3427838841382695,0.35685331972569717,"2.740840023925201"
-0.36126902573309466,-0.3463861673800489,-0.3267053147349685,-0.3074538408822215,-0.30370738625487265,-0.27337764452809477,-0.2619539005372817,-0.24324247385788692,-0.22381343056289899,-0.2364756207050783,-0.1896870716415928,-0.17436413472641774,-0.15936904189941142,-0.13516957085970344,-0.12833206042756773,-0.09753341904082559,-0.07962460272047729,-0.059355079216994594,-0.0356583219791562,-0.017140911914160305,"2.8903717578961645"
-0.2647418698499747,-0.22459565677653448,-0.19151730132122416,-0.16209581905668644,-0.13475691880463397,-0.10842707636312628,-0.08218674980122014,-0.05519000402647636,-0.026732498762241534,0.0036599220527525284,0.03627134005940351,0.07135351688398936,0.10928713506500995,0.15073986631033476,0.1969942484103871,0.2512437227861181,0.32229345413994204,0.3742423282358132,0.41978569246060665,0.46142869855502044,"2.8903717578961645"
-0.32911718089278424,-0.30690073679280677,-0.30841120365254016,-0.27186801578510367,-0.2603452633834969,-0.23796059789293453,-0.2211644384393796,-0.2034041603259275,-0.18101214854299688,-0.17229160750402445,-0.13956204458295973,-0.1246019730209293,-0.07939211624114406,0.012138857331675792,0.08411062529705085,0.1441371005276627,0.19609550886381436,0.2422888779040518,0.28416176409329647,0.32266613832646096,"3.2188758248682006"
-0.34531118676384887,-0.3356378703904059,-0.29969629277527726,-0.2816991163256455,-0.2599491725378837,-0.23386209009876627,-0.23509543022985482,-0.18817680179841545,-0.17175807248271455,-0.14297091417476476,-0.11637467671332379,-0.09602381888082305,-0.060960791718535134,-0.038729601959175124,-0.007304323587400948,0.09303167323006664,0.17539503467855816,0.2416150057198454,0.2981595385717021,0.34830989442946847,"2.6390573296152584"
-0.20846264406111864,-0.17981268123816269,-0.1608745512346785,-0.1196139939502875,-0.09677461263475076,-0.07032340140037349,-0.032243375341756676,-0.007965603952093966,0.023224179966268976,0.06493917727850577,0.09152457524141074,0.1370574468553844,0.18007571375458564,0.2282091777048691,0.2676586535567721,0.3032931768728222,0.33646720275463277,0.3678222650263251,0.3977342425708789,0.4264508543309786,"3.5553480614894135"
-0.21936347698719402,-0.18741801016328702,-0.18049669863492443,-0.13150260157835106,-0.10153563684982414,-0.0892848723936562,-0.04620810765857573,-0.01217816994421297,0.010724025515051616,0.04593807665251557,0.08839306433958151,0.11890423219350238,0.16171289587541224,0.21061251889504323,0.2585043982943519,0.29861359220234157,0.3350123401802076,0.3689623505535279,0.40108309730039765,0.43174425157278573,"3.5409593240373143"
-0.3286061665263875,-0.3104785439525412,-0.2969094935076366,-0.2875245321240188,-0.2891687646871888,-0.2661252243967927,-0.25706820182519335,-0.2505005411251019,-0.23418962718951428,-0.2283563326309731,-0.21433115231784702,-0.20142619049483165,-0.20150668718396475,-0.17916998570115908,-0.1667901082551393,-0.16315094222488236,-0.12462624763856224,-0.06272382651954775,-0.00997122647841967,0.036173369188495785,"3.8501476017100584"
-0.3251359446910731,-0.30148761205300695,-0.28360941394315997,-0.2702705599641535,-0.2654513483469924,-0.24716454376320474,-0.2290725057701487,-0.219268308135165,-0.20860631736996968,-0.1843188124426861,-0.10638691573305888,-0.03154252283387944,0.030341761287092775,0.08331733442282703,0.1298363931978168,0.1714840931365801,0.2093328023877332,0.24413541701327374,0.2764381619793487,0.3066490436390878,"3.5263605246161616"
-0.32724168184648766,-0.30531906652394486,-0.28783943189526806,-0.272888514962922,-0.2597683995657208,-0.24820797835679395,-0.23823418873917873,-0.19967220422992377,-0.11667634262915452,-0.04978290047321986,0.0063118501571443,0.05473517230401118,0.09745106039710914,0.13576731566316189,0.17059291028434986,0.20258198354502488,0.23221951359250598,0.25987447635276145,0.2858339635386024,0.3103257478570632,"3.624340932976365"
-0.3532512065931485,-0.3358431275676833,-0.3217605525418733,-0.3095127217295886,-0.2985179375662905,-0.28847685049133154,-0.27921579518050244,-0.27063169041661495,-0.2626694408989824,-0.2303533826637764,-0.16506056368938196,-0.1095399859136088,-0.061242555674275945,-0.018466062285680106,0.01996033513128404,0.05487681820379739,0.08690593800890713,0.11652077627655677,0.1440883770633351,0.16989862234404002,"4.02535169073515"
-0.14404932920302913,-0.09376744783721946,-0.05170121432083022,-0.014206281997414456,0.02017889366179003,0.05223905956767723,0.08246096077349005,0.11117425665408463,0.138615954016275,0.1649640011883976,0.19035648987909276,0.2149034072705701,0.238694220188526,0.26180298144153286,0.28429188931855986,0.3062138417909405,0.3276143149501703,0.3485327739560495,0.3690037524686046,0.3890576918589897,"3.1780538303479458"
-0.25198808591568717,-0.20756613156146075,-0.1773347863257701,-0.1472598466093857,-0.10377938512966095,-0.09169375614736074,-0.03349791774049129,0.000489007032613414,0.03378554997891581,0.085041530661591,0.12554942195608576,0.16222405179418484,0.19654501598252216,0.22915039717954608,0.2603970710887401,0.2905146635716568,0.31966438238572287,0.3479662768463023,0.3755136027682734,0.40238112589625397,"3.901972669574645"
-0.3450076213550864,-0.3296140058950972,-0.3173691084396821,-0.29937437360711194,-0.2905956192392029,-0.27135441216337386,-0.26247313370795466,-0.2437176475912498,-0.23326772131504753,-0.2156894348236643,-0.20342108222928298,-0.18665499258466275,-0.1730156820670114,-0.15593994114879353,-0.1422761538543871,-0.12308048185584397,-0.11334056845851526,-0.08868707152362092,-0.07920502585655229,-0.042694384029894734,"3.4339872044851463"
-0.08209585850230254,-0.07131642978115213,-0.024597502000926155,0.0062358057976488425,0.050097306189340704,0.08314543484068927,0.11201902603826625,0.1383094367035203,0.16274060659525377,0.18572804960602765,0.20754170798092958,0.2283710345400352,0.24835620794858781,0.26760501885827487,0.2862028212745641,0.3042187855135753,0.3217100280827312,0.33872445031216813,0.35530275419989776,0.37147991346697085,"2.6390573296152584"
-0.3023592987113911,-0.2823164592958185,-0.2661881532218893,-0.25225058306047865,-0.2397593110384172,-0.189650039353249,-0.10539774105596278,-0.03972776282391452,0.014238399049334204,0.060170293833993985,0.10026803898438372,0.13594516108346363,0.16815824172314817,0.19758259402488743,0.22471206102071206,0.24991858650104037,0.2734893304306181,0.2956506903691515,0.31658438031756153,0.33643851588809215,"3.4657359027997265"
-0.17291660813991663,-0.14562792045672124,-0.13252923330921373,-0.08974261086016101,-0.06545961837572763,-0.048342572711505084,-0.005252284538221764,0.02324083787650523,0.04352708992748397,0.09445935957132297,0.12662456958243107,0.17741458562587367,0.2156746917756875,0.24963718602078383,0.2809784683806585,0.3104322519316457,0.3384122116467044,0.36518472853364886,0.39093606314284557,0.4158039695226791,"3.3843902633457743"
-0.3540513988511125,-0.3386108362614807,-0.3227786133524163,-0.30591710300542035,-0.29251237984015993,-0.27578055281244057,-0.2615945416842184,-0.24624981911700128,-0.22998909679361856,-0.21645277445194436,-0.19763466616188066,-0.18544266420989375,-0.16428559994921252,-0.1516508060106149,-0.1298374110874167,-0.1139314614190512,-0.09542391210882155,-0.07391101400945156,-0.05864386544865836,0.02238674592965096,"3.349904087274605"
-0.3132139498181368,-0.2999729213094952,-0.3124609939502399,-0.2784753894712529,-0.27305313522583147,-0.25863826015167307,-0.251413780881343,-0.23904736807876167,-0.2310494410345362,-0.21921592325280745,-0.2108274125193625,-0.1989693818518857,-0.1901979301498802,-0.17825002176909147,-0.16875538697741738,-0.15709377371935832,-0.14624407281734864,-0.1358021299110947,-0.1227132951029994,-0.11601215360673722,"3.7376696182833684"
-0.15685166630016434,-0.13824078802559775,-0.1523395080425534,-0.10433548695932932,-0.08733334933546175,-0.04060299940577381,0.03331896703175935,0.08404312924383013,0.12405271279042417,0.1578894588581677,0.18762712625061873,0.21440050304549696,0.2389074106478076,0.2616120772848178,0.28284126311293817,0.3028349571726676,0.32177537363573505,0.3398046042483404,0.3570359111684201,0.37356124920995587,"2.4423470353692043"
-0.37752067619386936,-0.3538489192808908,-0.35049782797934137,-0.3143910817702589,-0.29457601439756104,-0.3049384688842204,-0.25599071123924827,-0.23731386454239897,-0.23760568331344326,-0.1973282277165483,-0.17791675273321086,-0.1774143687228349,-0.13540366385178298,-0.11450183812496602,-0.10740906118006316,-0.06760802658363062,-0.0463770276218775,-0.0247399425252998,0.0076358813887674485,0.00826406588181887,"2.3513752571634776"
-0.05599901504467144,-0.03333276637176642,0.031905279984336794,0.0702179260353523,0.09987136682466419,0.1251858911753792,0.147722062801468,0.16826610137615144,0.1872884814524184,0.2050949642590833,0.22190046431747046,0.23786174688162323,0.2530983251391782,0.2677033727828845,0.281751556760798,0.2953036580402767,0.30841007466649745,0.32111309215915246,0.3334486573145736,0.34544761296690407,"-0.6931471805599453"
-0.423657407973031,-0.3800335103884403,-0.3448809185365002,-0.31512768450230105,-0.29051065216635735,-0.27653662539120877,-0.24399186033142303,-0.2058857329996387,-0.17487660153206255,-0.1473346797761454,-0.12435407149158378,-0.12203905930663081,-0.05896954273750298,-0.019015609426614816,0.017945267174019487,0.053065703753304765,0.08363911554925425,0.11759381625323424,0.17847680594368098,0.22967180676396265,"2.1400661634962708"
-0.25212037947954646,-0.21329881463571865,-0.18307359622459357,-0.16067599132511506,-0.14870820630712372,-0.10089126111243066,-0.06868502788536855,-0.04127281639722505,-0.02235910813747598,0.013688245428294601,0.05740141559103902,0.09557986580142204,0.13071839908066146,0.14045441242819465,0.21910945975356982,0.2737121496038033,0.3276328687822416,0.3725204945317266,0.41310308608130947,0.4508472181777745,"3.4011973816621555"
-0.32515802051321385,-0.3149088954219626,-0.2994037659109969,-0.28964610618101944,-0.2753358896592132,-0.2673378267142853,-0.25179227094699236,-0.24762241024577547,-0.22848728921720127,-0.2337927387229948,-0.20525731648808868,-0.19919303129079488,-0.1819188098238541,-0.17203507454268416,-0.15820447711371097,-0.14560831065018962,-0.13362369369689267,-0.11898716341992494,-0.10730689563708787,-0.09191690184093862,"3.4965075614664802"
-0.2772708112085034,-0.25862137070789387,-0.23640574813430548,-0.20967952458794664,-0.20856139862722622,-0.16637045286832888,-0.14417749739993455,-0.13106849222659334,-0.09262331228990667,-0.07492484551156034,-0.03954112994130959,-0.012539941477111205,0.01753107772710781,0.11834335406988072,0.19005129324617803,0.24701885750399422,0.29587132793463883,0.3394670269676069,0.37928848339127397,0.4162190524851082,"2.1400661634962708"
-0.32828945271663257,-0.310170800853199,-0.2963499033981937,-0.28602152995105634,-0.28267346312274677,-0.2678436231247224,-0.2559804773694548,-0.25496834764342513,-0.23633907355712014,-0.22551326479660308,-0.2281618186097876,-0.20357908081152418,-0.19330381661573182,-0.19296706931867988,-0.17012738316145928,-0.15807551920395824,-0.10550770916080046,-0.04840945992139814,0.0009612529382190611,0.04454656384301552,"3.8815637979434374"
-0.1874132139112703,-0.1550727762512521,-0.13247624709291275,-0.12486323729082015,-0.07851810352190944,-0.04981743555673407,-0.027792619259380133,-0.00885749047879577,0.03668498406519462,0.07167019572592291,0.10078704374155749,0.13965276438546606,0.19303130233344154,0.2374990557512635,0.2751946854074883,0.30939532415962057,0.3412366898841644,0.3712998942042091,0.3999391212087546,0.4273932590432922,"3.295836866004329"
-0.18844410617511484,-0.15852895426470365,-0.15350746795105213,-0.10537214724509382,-0.07656107733092,-0.06297850233371963,-0.02326001396390617,0.011003062668485454,0.03548268794647829,0.06969255909183125,0.11386779771742365,0.1427789034171466,0.1994889000896383,0.2398252276849454,0.2754307671703821,0.30822446207475485,0.33901518799186214,0.36825121557192303,0.39621829951970633,0.42311490509443606,"3.417726683613366"
-0.300644586942627,-0.24429528085986404,-0.1973540829772114,-0.1571890642490564,-0.12635676847670735,-0.09244080667776416,-0.037710204079087956,0.005842068602853657,0.04550148700709066,0.08276033971641299,0.11824918733442102,0.1523195732005403,0.18519908330728999,0.21704913293235412,0.24799130149121293,0.27812108770415805,0.30751583941168786,0.3362396779530101,0.36434673757435476,0.3918833959576479,"3.979681653901961"
-0.1978186241427598,-0.18060562372148978,-0.16773127040917943,-0.14430320112551343,-0.13624997811191233,-0.10546005128380513,-0.09905443326646421,-0.06064476376133845,0.02269707455472031,0.08478535264879243,0.13319317780648035,0.17385286748295872,0.209484564975237,0.24153481291829462,0.27087172842246604,0.29806295661737003,0.3235033349262163,0.3474804818546996,0.37021152832526205,0.39186511505051874,"2.6026896854443837"
-0.38816536882862385,-0.3812667133353062,-0.37436805784198846,-0.3687553949205025,-0.3566395489565995,-0.27117751523850975,-0.20439194928275997,-0.14879250512575118,-0.10116028442256296,-0.059489591286175925,-0.022445540154753495,0.01090503179916174,0.04123977866480157,0.06906605638544158,0.0947733883173097,0.11866722088723053,0.1409914362356137,0.16194382518169853,0.18168699910848066,0.20035625962628245,"3.960813169597578"
-0.34656833294169587,-0.3351511483273335,-0.31537112538868906,-0.30046101191155833,-0.2901270911602711,-0.26990888201464097,-0.26655591622296754,-0.24201284252755886,-0.2288597423384682,-0.21792030500586335,-0.19767295515857514,-0.19169592283485748,-0.16869132575128354,-0.15363606110283362,-0.14291991800471976,-0.1201166155511925,-0.11380629864916235,-0.08706104421118412,-0.07249915305849858,-0.05283017819057147,"3.068052935133617"
-0.32029164569131446,-0.29774629329123575,-0.2799099849916975,-0.26487017718662215,-0.2520393746965413,-0.24147799926479369,-0.23457051264817472,-0.2335810287242149,-0.13612537298843758,-0.06295891811786232,-0.0026587472343636382,0.04877906778129113,0.0937725710367393,0.1338876034071821,0.17018826410272592,0.2034257809160549,0.2341480263045215,0.2627660291939011,0.28959583115654247,0.31488567048975885,"3.58351893845611"
-0.35030126411670587,-0.33701499000717355,-0.30823592365739516,-0.2979935175629048,-0.2680492945804397,-0.26835139099703115,-0.2276840720039353,-0.22354637168151983,-0.18612496992804797,-0.1727587251711586,-0.14198230569816134,-0.12562917155343198,-0.09361561801533119,-0.09004950689156026,-0.03926305555078002,0.053692330742364104,0.13277883731758625,0.19762233660458486,0.2533195758108297,0.3027240945016663,"2.970414465569701"
-0.2382260293179278,-0.18063578265386449,-0.13170919560230568,-0.08768105801136782,-0.04702552108963205,-0.008915776384376104,0.027165143838994103,0.06156985789772338,0.094553481693396,0.12630864538578368,0.15698559863164216,0.18670456836539984,0.21556376627692336,0.24364480090597262,0.27101646400683244,0.2977374569041482,0.32385840208049504,0.3494233588124586,0.37447098609976737,0.39903544931731355,"3.6635616461296463"
-0.2555483835041244,-0.215832710904464,-0.18380942081567203,-0.15671775057427498,-0.13490637041140793,-0.14713027442912927,-0.08004909942585264,-0.04500295465616892,-0.013182394448161714,0.017332416953798467,0.0461572580535166,0.0647090445081006,0.11601199856103063,0.16612203181565355,0.21435136682055775,0.2620517014733247,0.32355251312874705,0.37131021816037335,0.41380737221386343,0.4530185781479338,"3.2771447329921766"
-0.3454716767419885,-0.3362900749426649,-0.3132790157600367,-0.30741999869600667,-0.2834635369899992,-0.29702785288045225,-0.25457674173416844,-0.2480257357738619,-0.22619059793188423,-0.21392535293794107,-0.19813992648351675,-0.18144507419319264,-0.1704425451363894,-0.14891670970373197,-0.14308723284416094,-0.11545411416236881,-0.11183403691729721,-0.08052537051633864,-0.06968037621797442,-0.044936807215984705,"3.2771447329921766"
-0.24043298355181467,-0.2057616238274548,-0.18682993399660217,-0.15235386304296344,-0.11745878055437554,-0.09453475820693312,-0.07008100260256661,-0.02799403270817395,0.002412559903458774,0.009291966010259821,0.06956556182766675,0.1093821898369377,0.13605878041807554,0.18865108305357464,0.2366665740066529,0.2882631509865167,0.3308683484474609,0.36941662923880514,0.4053283385651641,0.43928477558691337,"3.56953269648137"
-0.24961412106021774,-0.2300576325153119,-0.2141863147021651,-0.2004574105648947,-0.13008492814395867,-0.050863948533801974,0.008739772394949835,0.056749960199698614,0.09715868209276954,0.1322106607128438,0.16328166014112053,0.19127343090071913,0.2168090493020939,0.24033733700147658,0.2621925540306353,0.2826305076463482,0.30185144448883433,0.3200151417755383,0.3372511882147854,0.35366618682463163,"3.1570004211501135"
-0.22022117666111288,-0.20377628345254564,-0.15892243490968772,-0.13262352619970652,-0.10439104762310908,-0.06816519701960824,-0.06699537152532602,-0.005618359938363485,0.02390521100705374,0.05708927593325641,0.0996436186174765,0.1254342024266162,0.1820098666297781,0.2261593954806843,0.26423010305377365,0.2991399059497127,0.33190212416312814,0.3630336546142428,0.39284934489663687,0.4215618554165825,"3.6888794541139363"
-0.321365223088367,-0.3050607554772888,-0.29458931493966334,-0.2904360378468794,-0.2720584561652363,-0.2665680484270162,-0.25205565788948847,-0.2420742563075913,-0.23309540721854186,-0.21945004435036475,-0.21677063858348725,-0.19708011408927403,-0.19352948016977514,-0.17489666599579978,-0.16465372713474116,-0.1544177002624849,-0.1387200397615822,-0.13281820842843103,-0.11586306005702982,-0.08770301021397255,"3.784189633918261"
-0.3492724975355494,-0.33048576597392626,-0.3153299401429896,-0.30223590999372785,-0.2906104394665978,-0.2801776718361297,-0.2708323938985171,-0.2626319708227919,-0.25595597215060323,-0.25267035232934315,-0.20469735131636085,-0.13893521120872304,-0.08300971207537035,-0.034297276723017946,0.008905629778293926,0.047772037050634486,0.08314383245089288,0.11564429894313615,0.1457463186303716,0.17381606062316468,"3.970291913552122"
-0.34187802541523243,-0.3336806103671504,-0.31127821180736326,-0.2992728693501141,-0.28496753781832457,-0.2690230769306483,-0.26525796576458693,-0.24101894700814436,-0.2330584424992915,-0.21493725694968507,-0.2003951867277024,-0.1930229529608146,-0.17061543655294256,-0.16296294690148858,-0.1419497919446406,-0.1271237902614314,-0.1142806873357719,-0.09370961991112707,-0.089210617117467,-0.05982682671485263,"3.1570004211501135"
-0.3232065614410765,-0.3116308310372249,-0.29862936418469266,-0.28646019342795576,-0.27533417339869626,-0.26364284644832275,-0.2520868165713055,-0.24186965766641758,-0.22875289298508944,-0.220856654202552,-0.2052802753295372,-0.20107474641264106,-0.1815134027360207,-0.18927020521942814,-0.15720423126987734,-0.15560221250158776,-0.13203771583511367,-0.12865721938959757,-0.10573710759354195,-0.1152412262031834,"3.5409593240373143"
-0.34637624988626675,-0.3259207129655858,-0.3095321016357492,-0.295504804944757,-0.283231460714466,-0.27250405669384636,-0.26344508335202776,-0.25696810182961544,-0.26827444332861744,-0.23375123636230513,-0.1591270171798258,-0.09365764320875528,-0.03792768885993295,0.010668991589446841,0.05383080063320444,0.09272630709519473,0.12819142204380155,0.16084212088963723,0.19114352736349663,0.21945436036179664,"3.8501476017100584"
-0.3936551941327401,-0.34910919866968576,-0.3132863513749523,-0.28294188070761417,-0.2577562051740873,-0.24340473532290038,-0.20944138534768209,-0.16916852796244114,-0.1357663462950061,-0.10514297088134407,-0.0773248024821922,-0.059329187637761675,-0.015027051696843655,0.033568262066629405,0.07755286039339782,0.12024757769205452,0.15977601310133707,0.20214858878306075,0.27564402219698825,0.3789470357603673,"2.1400661634962708"
-0.36316406926917016,-0.3755840322876316,-0.3253940452096122,-0.31914895661618903,-0.2912535469471324,-0.2778524263767922,-0.2593947168620753,-0.2402639231039067,-0.23163199733879503,-0.20396636727619136,-0.19860612039647968,-0.16789153539842633,-0.15251153032759684,-0.13104508981806814,-0.11030478498274603,-0.09150472604654086,-0.06782263587839422,-0.04659225586748509,-0.026762714250772573,0.030343484429891165,"3.068052935133617"
-0.18015973383074232,-0.12695054195713504,-0.08211527064619291,-0.04197606249477519,-0.005049888855274027,0.029463210230959477,0.062061375139474004,0.09308313811548453,0.12277261638146418,0.15131358547350424,0.17884899961286888,0.20549296431841724,0.23133847835053964,0.2564626560376361,0.2809303740115728,0.3047968923189277,0.32810978505229416,0.3509103926202898,0.3732349343251031,0.39511537447212186,"3.4011973816621555"
-0.3314836878285852,-0.3141530866793684,-0.30462713240929257,-0.29260245716488775,-0.27786824175161434,-0.27727700418838924,-0.2539151402965726,-0.25122594520860125,-0.23035619952441716,-0.2221346432406146,-0.2066883356263641,-0.1946732415855522,-0.18344590873480207,-0.1671755911932312,-0.16815803707038052,-0.14000229398918815,-0.12892815264339771,-0.11653642248663339,-0.08997886625166027,-0.023001665866902877,"3.676300671907076"
-0.3882445323064545,-0.338103766702309,-0.29655136694341233,-0.2596500226360952,-0.22567619553784518,-0.1935560724097336,-0.1624513555215343,-0.13160016374213265,-0.10027524228282057,-0.06783318392553597,-0.03380140928286034,0.0020959749738545387,0.04001334025418031,0.08009365435529363,0.12254744995296589,0.16770352738667557,0.21607299912102917,0.2684898676197416,0.32649795171894747,0.393892582878417,"3.091042453358316"
-0.25793252249261694,-0.24096483789866655,-0.22672149634548663,-0.18442598111932276,-0.08977070386238303,-0.022616076086263672,0.029739628209185933,0.07282974968232289,0.10959228484819637,0.14175933062595997,0.17043432556824073,0.19636324469956876,0.22007418101580992,0.24195485504829378,0.26229843882373427,0.2813320700699237,0.29923535804961615,0.31615282316388255,0.33220251143322566,0.3474821145219688,"3.1354942159291497"
-0.3747539444594307,-0.3625639160313419,-0.3331226640739466,-0.3150952933383823,-0.2980431918476517,-0.2730723423955994,-0.2809984623729411,-0.2339024322917466,-0.21737938099801515,-0.19768919014723899,-0.17183745237423825,-0.20932124395935842,-0.1276098540083653,-0.11103562582824061,-0.08194695938350094,-0.0591448119135905,-0.031556984069822484,-0.010141718460057398,0.04846575474777834,0.13722198503589583,"2.833213344056216"
-0.34308478353920185,-0.3206318968202824,-0.30451078105865514,-0.29579435715282487,-0.2823944236933803,-0.2639967176908349,-0.259105144523107,-0.23767469211184267,-0.22204862856904317,-0.2370703485561036,-0.19195205772338506,-0.17648854110251577,-0.16702237812243764,-0.08318386036379874,-0.012467246021853022,0.047132709494149015,0.09884855572209182,0.14471964152535807,0.1861071728451324,0.223955132351287,"3.597312260588446"
-0.08608505671349882,-0.04060452779238227,-0.003235094626116216,0.029714294101361265,0.059702115271657814,0.08750077115125984,0.11358429294758403,0.13827083423960265,0.16178737750791616,0.18430320397588373,0.2059489045867999,0.22682794442027093,0.24702408589302785,0.2666063617217381,0.28563252566689284,0.30415151818932956,0.32220527264637444,0.339830066993646,0.3570575543400381,0.3739155615731868,"2.6026896854443837"
-0.15411507989922604,-0.12598433427504696,-0.10349605783424586,-0.08399845429323835,-0.06701493308657853,-0.05824022899018138,-0.024759140166632304,0.010078324913201575,0.04462535798703421,0.0827755537576699,0.13844349611606643,0.18523068657430286,0.2230594955358964,0.2564030036787916,0.2867952605266995,0.3150150651498901,0.3415318902918638,0.366658431450924,0.39061713839957657,0.4135738635367599,"1.8718021769015913"
-0.32075333455287564,-0.3067649426497778,-0.30629941367847974,-0.2832559782877672,-0.2801649899243083,-0.26148026949668657,-0.2560404276286846,-0.23994056502980277,-0.23383126253426986,-0.21812149741792192,-0.21179018917689396,-0.19580265665947605,-0.18904701399245197,-0.17286765181499303,-0.1649105213254437,-0.14931379627639482,-0.13913418646131548,-0.1254969684204392,-0.11215877515679523,-0.10353481713976592,"3.6635616461296463"
-0.3489906967476488,-0.32487269941818686,-0.3092448573772086,-0.2739001636235889,-0.25813525313886126,-0.23209651057118041,-0.20279909704142024,-0.19151309051043902,-0.15560006271738022,-0.12694415663536887,-0.1384797545728389,-0.07056193090169373,-0.04424911373656452,-0.011886855572119864,0.022830155320647534,0.0717476110019387,0.17706006222777465,0.253052706262976,0.3153667128493235,0.36960798043809484,"2.1972245773362196"
-0.265686962844657,-0.24251912605674,-0.22504271199752443,-0.21190899861539814,-0.20642387166590398,-0.18987979785381542,-0.1689129641296109,-0.1007679947460426,-0.02345839791962696,0.037366557361863124,0.08783786044090447,0.13127207645058905,0.1696320080002101,0.2041577480200812,0.2356773270709969,0.26477021789342176,0.29185807677237013,0.31725774872088097,0.34121374063727383,0.3639189786100157,"3.258096538021482"
-0.08733339803258214,-0.09709958420461338,-0.028706617995871906,-0.0047518489862016676,0.043841697239306,0.07799626393935687,0.10761241642328988,0.13452223228109453,0.15951174714483096,0.18302034767849004,0.2053294009512658,0.2266346726399042,0.24708020983765874,0.2667763672125688,0.28581030577143957,0.3042525331305069,0.3221611952733191,0.3395850118445477,0.35656535259979694,0.3731377480729317,"2.740840023925201"
-0.09606770602301071,-0.06448663002447548,-0.034938849999471375,0.011732498473018224,0.04692892342450853,0.07784200529903387,0.10610162413041221,0.132440939911854,0.15728091697244967,0.18089610957318067,0.2034801191555339,0.22517685424757639,0.24609743751728735,0.2663301886428858,0.2859469154884068,0.3050070831207204,0.323560689155015,0.3416503124832228,0.3593126130542632,0.37657945517772534,"2.8622008809294686"
-0.3225012631115931,-0.3075549775626295,-0.30457995803316107,-0.28471394616386975,-0.2761319756257746,-0.26363363023371533,-0.25286588848463804,-0.24267946118518277,-0.23038728102362213,-0.2213303698513968,-0.2077293038851504,-0.19957783094192771,-0.18444329044881871,-0.17796039368312605,-0.16032708908595664,-0.1604767726917579,-0.13550984741436742,-0.1287212278857475,-0.11090141276552178,-0.09777346132147104,"3.6888794541139363"
-0.3207438869462919,-0.31135603154452673,-0.29599058810636253,-0.287346424943408,-0.2729849414464338,-0.26642559444477404,-0.25061900918691954,-0.24922781565186997,-0.22860262133037706,-0.22710650170315858,-0.20679248501836664,-0.19939476617515173,-0.1850740866013461,-0.17438820511279401,-0.16333057405843784,-0.14979339279385062,-0.14133087088128976,-0.12493000655094885,-0.11820788491863278,-0.09941360313499448,"3.5263605246161616"
-0.3459288208290495,-0.32593886977545833,-0.30986879255685906,-0.2959569894503052,-0.2835107465557726,-0.27217951446937516,-0.2617577778825441,-0.2145641549971011,-0.13752098496421195,-0.07420267724445444,-0.02039862956401536,0.026451453281405055,0.06801197246297838,0.10542317613927124,0.13949715432088552,0.17083051839504507,0.19987320977613005,0.22697234387653004,0.25240107422514285,0.2763781245200799,"3.7612001156935624"
-0.335305654276355,-0.3166735636636104,-0.3018729064353861,-0.2895191740103605,-0.2793171734719433,-0.2718698343848601,-0.2787227236870837,-0.25374078279151835,-0.24272867875643367,-0.23708375666853448,-0.22810811060889238,-0.21308981140538158,-0.2032246337385145,-0.17729997265875488,-0.11340955500418992,-0.058857464198177147,-0.011241506979938415,0.03107852807253699,0.06923386234059291,0.1040375187722344,"3.9512437185814275"
-0.24784809000071292,-0.20800225798974292,-0.19662299274546743,-0.1415432268363367,-0.1150422509068066,-0.07644391257061631,-0.04269136861638256,-0.009794664426299825,0.03261387488840133,0.049487523374166134,0.11305365668774331,0.15499996983410716,0.19230061558438813,0.2269623676691552,0.25976494891901375,0.29112355020762265,0.3212974792044596,0.35046507808767063,0.3787571401421593,0.40627406221301193,"3.8918202981106265"
-0.2501274838627328,-0.23795141937343625,-0.2109816071973527,-0.20111495780698602,-0.17187517641424918,-0.16891779157422337,-0.13043616971112162,-0.1348258933965035,-0.08512096752807823,-0.0695959738900802,-0.019511386904328257,0.06769253763027776,0.1324771990653896,0.18493029708073805,0.229961375934521,0.2699984318924084,0.3063944319690595,0.3399851410954721,0.37132803286267546,0.40081675510204245,"2.6390573296152584"
-0.2555668848378998,-0.21578274746142445,-0.1831291799430007,-0.15432586000516202,-0.12798540599262048,-0.10336984433811752,-0.08024317699499736,-0.05961596639847538,-0.06154576230232214,-0.0014150140074542384,0.03921398455162505,0.07872729101555229,0.11958942216025607,0.16300702648905244,0.21023114214243255,0.26315862981732574,0.3251367754535877,0.37376326702191015,0.4169587150300429,0.4567235368521787,"3.068052935133617"
-0.10273433936708574,-0.07530605784736571,-0.052638958088358036,-0.03122880823973575,-0.009054789858953454,0.014803612636997981,0.02915129445742306,0.10361027341620829,0.13990770133192357,0.1705952575227123,0.1981136844209064,0.2234474527479492,0.2471295191461091,0.26949341115014697,0.2907670045707887,0.3111154885935889,0.3306638414489792,0.3495097304376432,0.36773144368443383,0.38539303387882423,"2.3513752571634776"
-0.32882085778103226,-0.3055134597531399,-0.2906729068560874,-0.2896271121626205,-0.2586620294651457,-0.24800249079601963,-0.23009177033418932,-0.210671339170861,-0.23619883457566143,-0.17630279476099525,-0.15933386744195607,-0.14710196948069143,-0.052768949193000035,0.02137257025915249,0.08289643545292436,0.13580290179877727,0.1825052682436739,0.2245490004983065,0.2629678904456445,0.2984809544321286,"3.4011973816621555"
-0.36101192929417814,-0.353678762765716,-0.3239222648221732,-0.32680934600433675,-0.28969944344527265,-0.28462346539794375,-0.2566780423087914,-0.2437009878424144,-0.22445882233440745,-0.2058958910332473,-0.19333114053930922,-0.1684439950652686,-0.16617026769705975,-0.13003319844062142,-0.13298572372989406,-0.08959478975729251,-0.08921226607460081,-0.047192516870163854,-0.03176400498339544,0.05184534667644148,"3.1354942159291497"
-0.32134477046239973,-0.29519029736110575,-0.29850932318375295,-0.24663436594471627,-0.22471505170326606,-0.2167369283833967,-0.1745176685829804,-0.15155390271796632,-0.14048852245836838,-0.09598311725193971,-0.07046972396938722,-0.04679853606811001,-0.004647536851464829,-0.010337542625937349,0.05974716116209464,0.16553255481036533,0.24236143383223466,0.3037372297234159,0.35668104553638524,0.40416002652429356,"1.8718021769015913"
-0.13014971066598016,-0.10265483613252653,-0.08020436527939527,-0.05965167342149508,-0.03925886179135354,-0.017732627381878068,0.0056396007771650075,0.029248944601205484,0.0691587218444186,0.1359339364124909,0.17523795399435818,0.20851158156090102,0.23831046810958978,0.26570135114669413,0.291269457583147,0.31538322370546545,0.33829505833138734,0.36018812948430734,0.38120104355052803,0.40144208577938334,"2.0149030205422647"
-0.26239573383712483,-0.20887952448496153,-0.164924056712005,-0.12874953872978273,-0.11516421965612553,-0.052677947081388385,-0.006827644243487497,0.03324717050871133,0.07034050896043689,0.10538099514796144,0.1388342821590657,0.17098446473603598,0.2020255809679818,0.23210000346081927,0.26131740903476625,0.28976528878393454,0.3175152830633518,0.344627253031726,0.37115203208428366,0.39713336118269094,"3.8607297110405954"
-0.2083185649167275,-0.21426259115560592,-0.1692712416552301,-0.15776657745693431,-0.13184965403599527,-0.11138420305294391,-0.09295597784563689,-0.06408389558495843,-0.043790565668787355,-0.007491242095425678,0.08066271184441276,0.13967695678283823,0.18677083053938048,0.22717504090612703,0.26317131372384367,0.29597323560842975,0.32631704581697973,0.3546901580598954,0.38143568933378386,0.4068063858436031,"2.2512917986064953"
-0.35818209529263273,-0.3411632452021677,-0.3274108812936781,-0.31547514557617057,-0.3047255291970039,-0.29484584327059593,-0.2478159551016137,-0.171087315310778,-0.10817631912008854,-0.05483608156843887,-0.008496765104432194,0.032509256433813465,0.06932452686132379,0.10276411789187535,0.13342832563619506,0.16177108821230568,0.18814348113984816,0.21282236904829638,0.23602983831635774,0.2579467136518667,"3.828641396489095"
-0.37431781235343387,-0.3257658420358097,-0.285605039599874,-0.24996186444930873,-0.21713085948024957,-0.18603860888203783,-0.15583621375740092,-0.12574623826981673,-0.09503267336545072,-0.06306326488703468,-0.029394191088756186,0.006226852871396023,0.04395642227573707,0.08396875185281089,0.1265333136608048,0.1720773500737036,0.22129347974371727,0.27541825586188956,0.337233547323882,0.42519493064995423,"2.9444389791664403"
-0.21479204553612116,-0.17995866705924268,-0.15952713945597247,-0.11460107868781877,-0.10769010469596436,-0.04956598937149424,-0.05650377139605723,0.01933546670274359,0.042540973092027326,0.09389685007720645,0.13694246429777968,0.17391117643607273,0.20784039009308444,0.23972614262951875,0.27006379449417345,0.29915134022635215,0.3271888828615807,0.3543207277410946,0.3806562524614699,0.40628144729043125,"3.7612001156935624"
-0.16709505544030248,-0.12467598186348376,-0.09255713215732937,-0.02396364872626554,0.014454476108244723,0.048058084545628106,0.07899926153972325,0.10807133602756835,0.13569253035957235,0.1621248786332009,0.18754980340414418,0.2121012293193605,0.23588249031471964,0.2589759318259668,0.2814488060917015,0.3033571121028378,0.32474821508332347,0.34566270074501604,0.3661357281291493,0.38619804173272837,"3.5263605246161616"
-0.33425147635513713,-0.31830296819689635,-0.31121212263057263,-0.2897286690078478,-0.2938209473433793,-0.2630434581308657,-0.28324395112906775,-0.23645153558686857,-0.2613343293318905,-0.20928091144028324,-0.22283252477860668,-0.18114496799462826,-0.1866694446863495,-0.15181862349632605,-0.14587705745697774,-0.12154730103546912,-0.10839692023881262,-0.09247973633380385,-0.07268686637097913,-0.020209692604271814,"3.481240089335692"
-0.19703265359722705,-0.18353794536627982,-0.09317866035556525,-0.0114634883050182,0.04272357149713704,0.08381129107310127,0.11721803410960732,0.14555649345088634,0.17029101207891928,0.1923256892114141,0.21225888063335857,0.23050708979884096,0.2473725885931704,0.26308137708220086,0.27780744872659724,0.2916872319172133,0.30483017398024975,0.3173250608556796,0.329245310718947,0.34065202586363813,"2.5257286443082556"
-0.3454232928943301,-0.3232665471599995,-0.30696947705708727,-0.2964286322635219,-0.2910793355215581,-0.2683166969270107,-0.2582610827255429,-0.24672376441470278,-0.2273689984783469,-0.21905515015946403,-0.20257173166853412,-0.1838198981896609,-0.1729179916478757,-0.10371863352936894,-0.032299883028812426,0.02784713931207452,0.07998257594958422,0.1261655282463601,0.16777486127707542,0.20577096731033803,"3.6506582412937387"
-0.3242229091639944,-0.30293194206034907,-0.28590111018972786,-0.27124793688492516,-0.2582483943583982,-0.246560667723323,-0.2386758968752623,-0.15261708943344587,-0.07997312512505081,-0.02022803722769391,0.03062607015712978,0.07500620222660304,0.11447773026913581,0.15010622584413402,0.18264582478135666,0.21264794678217502,0.2405272425329165,0.2666031453822577,0.29112692503997967,0.3142998324093257,"3.6109179126442243"
-0.41758030293246684,-0.36895836194093956,-0.32898502303906596,-0.2938822755730288,-0.2621360956166346,-0.23303685749282096,-0.20649391138319342,-0.18379657017082757,-0.18193042561102635,-0.12462582265504804,-0.08255949593967159,-0.04372849905760185,-0.005237402095975395,0.033846482527186486,0.07394293588918618,0.1152044453634618,0.15738713169826785,0.19855626477405067,0.2278074919961194,0.31952048314161735,"2.6741486494265287"
-0.37347445064778245,-0.323609848053843,-0.28233331615554763,-0.24570107523345114,-0.21198641043008107,-0.18011440752031552,-0.14924835042599124,-0.11863250357687356,-0.08755305848781342,-0.055389246302385585,-0.02170040831054283,0.013745453452907562,0.051032861328186456,0.09017228395121508,0.13108156378210034,0.17328803466488626,0.21379376143308812,0.26189888171767184,0.3475899532197602,0.4444398328126591,"3.1135153092103742"
-0.3076343308037793,-0.2842576652441597,-0.26612586993646536,-0.25145628016767296,-0.24034622609029957,-0.23785907028443287,-0.21833493211971988,-0.19973500409865036,-0.1367829427711553,-0.05766334244644193,0.006220083583077635,0.06000138590025884,0.10664551995569908,0.14800523033182372,0.18530293785611804,0.21938060794982112,0.2508400515684324,0.28012552280387193,0.30757421536676677,0.33344823490615344,"3.481240089335692"
-0.16027729060293333,-0.12326425225204335,-0.11849664413751217,-0.05841221690186464,-0.03056914060896361,0.008187787837173898,0.051910891753327186,0.08779382348791075,0.12023808364890441,0.1504552550341779,0.17901478696907236,0.2062506231455166,0.23238402014159695,0.25757324899378875,0.281937592180587,0.3055703994020172,0.32854683045285477,0.3509287560571542,0.3727680213297841,0.3941087089285088,"3.4657359027997265"
-0.1314540867979396,-0.10427255425122149,-0.09198129211781843,-0.05831080274572774,-0.02781560054760276,-0.004546048060797657,0.015136066904320846,0.06254421827988875,0.09896623319653743,0.1429565211375983,0.17762019767626824,0.20840473065037687,0.2367335394646795,0.2632707870987505,0.2884023471080823,0.3123808473757747,0.3353846660178467,0.3575465045296626,0.37896893231424017,0.3997335796100533,"3.044522437723423"
-0.19802160603983865,-0.15030903182888747,-0.11306801293446934,-0.09247944895395781,-0.04255139109072265,0.00206709478068204,0.04012141484756843,0.0749625644348429,0.1076355068340906,0.13865462970290998,0.1683307700259625,0.1968746277635573,0.22443969419692586,0.25114337818778254,0.2770786922545496,0.3023212889815871,0.3269339775199075,0.35096977018273734,0.374474020321244,0.39748597144201114,"3.6109179126442243"
-0.049573580320881806,-0.019715418744741343,0.027798744713702386,0.061304448153692244,0.0896685268681112,0.11495753685478172,0.1380980330518547,0.15961051520658484,0.1798269624949189,0.19897588215564127,0.2172234832422058,0.23469549854676383,0.251490040861045,0.26768554356344776,0.2833459756703034,0.29852437553436567,0.3132653404381056,0.3276068215075986,0.3415814526226267,0.35521755209102895,"1.7047480922384253"
-0.25554048376782457,-0.23265183425215355,-0.21735218739168066,-0.21854433722554478,-0.18789322062562425,-0.17084961394800974,-0.1724056018057559,-0.13896146238195456,-0.0584095424405333,0.015383903194984718,0.07370209365126713,0.12239337903386997,0.16458370604755287,0.20209593078110846,0.2360691630448123,0.267259774517239,0.29619606212893895,0.32326249811822705,0.34874836364662387,0.3728773331815062,"3.1354942159291497"
-0.2843560002540131,-0.24197830049689903,-0.20760449828654384,-0.17818920832057972,-0.1533958773051428,-0.13858750711446216,-0.10443908329430637,-0.06460725589910167,-0.030392960116860476,0.0021742583989448967,0.033736312406272694,0.06286762524317875,0.06539034885610365,0.14384686898962804,0.19499794048392097,0.24549181792704733,0.2954835648876446,0.36176439488794015,0.4128434971515617,0.45827696923007916,"3.3141860046725258"
-0.22357432928748305,-0.19514780913316726,-0.17553204554152993,-0.19820347398280438,-0.13151753560863896,-0.10550710827627376,-0.08541020246688326,-0.08549784019539391,-0.03183595216643815,0.00029175586956156976,0.025870931459407463,0.06298146215987396,0.11645302644355389,0.19555823578991682,0.24816353096647248,0.2924400813674189,0.3318672216722633,0.3679433620025602,0.40149507562997644,0.43304228572488396,"0."
-0.3993881839507091,-0.3677819633643968,-0.3455569635120256,-0.35165337957790227,-0.30037643159179106,-0.2756305848543413,-0.2611834018059542,-0.238321081123739,-0.20769767604338896,-0.18629995561311075,-0.1877394793718646,-0.13906358250857226,-0.11078451646719636,-0.09033681647735965,-0.06990857659102079,-0.030490858882490982,-0.0024264391606939354,-0.005013864860034447,0.060912241547586204,0.09230869747420786,"1.0986122886681098"
-0.1860330719293424,-0.16510267580374421,-0.15294807381906228,-0.14468520603695542,-0.1172140210760927,-0.09510463269746255,-0.010796234630091913,0.05053504066161224,0.09780685227737335,0.13700663682800315,0.17095462993219612,0.2011758058568922,0.22859127775098895,0.25380396270361893,0.2772324218358474,0.29918046640448226,0.3198764292652075,0.3394967818204187,0.3581810797347211,0.37604182295647304,"2.740840023925201"
-0.27783980590910873,-0.24292371682421543,-0.21594898555819117,-0.19533427209966814,-0.198231943990635,-0.14735281321778235,-0.11639132627509764,-0.08996132415391336,-0.06756995900266449,-0.06903605251625558,-0.005251741297479523,0.03363909558137892,0.06952360101365171,0.09315885765642193,0.15570383373834326,0.24368308121078966,0.30727857791158,0.35945266152329874,0.4056382946531466,0.4478371225778648,"1.5040773967762742"
-0.27754669404702326,-0.23639849029087429,-0.2038911194362071,-0.1782454931906224,-0.1723217150124591,-0.12261861946145303,-0.0867474996479947,-0.05639505414559467,-0.030779922188488597,-0.03854522098486344,0.0369555247000315,0.0788083662108322,0.1175178928333916,0.15297843678990897,0.1755109957358231,0.2491087413454452,0.3050857613465776,0.36260081396026883,0.4102067487958011,0.4532073742512022,"3.4339872044851463"
-0.35187011771445525,-0.33250445099629483,-0.3169011105208192,-0.30341784301290964,-0.2914305073447065,-0.2806423407586173,-0.27092483374546145,-0.26229248322096615,-0.25499534583900113,-0.2281909544111052,-0.15601505265848215,-0.09541015896240225,-0.043206900992241004,0.0027019133398738094,0.0437299406703803,0.08087161294131552,0.11485133999188639,0.14621137948132404,0.17536686017747927,0.20264181199221698,"3.9219733362813143"
-0.3406184851010801,-0.32217570150059627,-0.3072906469332909,-0.29438701766927344,-0.28277974744450535,-0.27361484526029617,-0.19092357086823317,-0.11753429466204063,-0.057345475782884535,-0.0062651882370476555,0.03816838883123646,0.07755047560314798,0.11297008338457507,0.14520087389903877,0.17481063197922775,0.20222763998946897,0.22778263095477494,0.25173622874135393,0.2742974392982317,0.29563644790402027,"3.6888794541139363"
-0.22083318438287308,-0.1842112618794311,-0.15412458214941116,-0.12734663211372768,-0.10235954875213354,-0.07810424253423319,-0.05367136513131398,-0.028265938299662497,-0.0013087745919291858,0.027482196718682773,0.058087388754454364,0.08986233337568969,0.115893929777305,0.17628169602716398,0.2529116520073741,0.30232949674009263,0.34464559608506595,0.3829796287638228,0.4185590831114589,0.45204414735282455,"2.8622008809294686"
-0.16591681856451615,-0.16745298718728643,-0.10797305835933274,-0.08807517157058271,-0.0528738700503275,-0.02233010576560624,0.0006951609604675894,0.04460686873654999,0.04793491799219129,0.12055061965476122,0.15969934282559756,0.19370995680048028,0.2248897343609879,0.25410808880328417,0.2818236731924759,0.30832117004649634,0.3337951918904756,0.3583875555877568,0.3822063955554828,0.4053369940330075,"3.4657359027997265"
-0.25561274394273265,-0.21844439077038408,-0.1929519797802434,-0.1765777702193697,-0.13066806727594768,-0.10091475459595624,-0.08386821563822448,-0.04618190817326609,-0.00737411589488003,0.02357875267974263,0.035868533290283215,0.0929969300100816,0.13619123895200064,0.17035037923915747,0.21605692114355107,0.27261839728414033,0.32397544418202834,0.36749612331893156,0.40711300146651164,0.4441181489528186,"3.5553480614894135"
-0.3812807301793838,-0.36413605866133125,-0.33760255064779454,-0.31435421527314245,-0.30601276079893924,-0.27038321613102706,-0.2566771877851421,-0.23063791739654224,-0.20573775240413084,-0.21029554849272386,-0.1591775328108135,-0.13989982870246437,-0.11390101979125679,-0.08453061936652766,-0.06785659301053368,-0.028688828456254,-0.008877309438405312,0.03121894421659732,0.13760510891076838,0.21543268343006153,"2.6741486494265287"
-0.3267572007638221,-0.3136387919255341,-0.30337714034239177,-0.2880891683442895,-0.28104734626386707,-0.2646052890734512,-0.25773302380685176,-0.24170437229716052,-0.23355972881556497,-0.2188182483336391,-0.2089872647863557,-0.19557986056010726,-0.18409507611723752,-0.17158582710293527,-0.15878114197489965,-0.14630659678300315,-0.13301929786289843,-0.1192809576572191,-0.10733620718151644,-0.09069100874562344,"3.56953269648137"
-0.14753876402831317,-0.10577328695139199,-0.07836829451549011,-0.04237063470355323,0.0035497027961955366,0.04045536382403943,0.07361160535290587,0.10436159361374184,0.1333265152556794,0.1608696329591603,0.18723177638149627,0.2125853880676611,0.23706049296178644,0.2607588280109591,0.2837622410867705,0.3061380235515676,0.3279424723837429,0.34922336740088766,0.37002175117567304,0.39037324292218395,"3.332204510175204"
-0.22349861829269319,-0.20128664679366245,-0.18622219323475045,-0.18382634727316657,-0.15817298547166433,-0.1389105207707104,-0.11639997030889723,-0.025172864825431147,0.039274597924943616,0.09038674050107948,0.13326522658531828,0.17058020168061375,0.20386905238466296,0.23409255241814103,0.26189227268229914,0.2877194107508379,0.31190444086707114,0.3346973895001916,0.35629247068116077,0.3768438726110784,"2.995732273553991"
-0.33238505684431746,-0.3154286504978022,-0.30838169867015286,-0.29148105283926223,-0.2795242110890511,-0.269770888611656,-0.25432371103495643,-0.24887251970122068,-0.22955605429695428,-0.2306517482773497,-0.2043923505852312,-0.20337360424823284,-0.17863018039865727,-0.16990951476295488,-0.15273889725900805,-0.1387443301037053,-0.13010350169942023,-0.10893370300667259,-0.0983786598363202,-0.03967393771165923,"3.6375861597263857"
-0.3540805098893661,-0.33548055433771534,-0.32046707683283265,-0.307442676801153,-0.29578826942465053,-0.2851909888963352,-0.2754781329503155,-0.26656261624210514,-0.25834190163224274,-0.20425642715412662,-0.13851217847236671,-0.08264436505312871,-0.03402125933355251,0.009070432082053437,0.04780948256711637,0.0830409385798924,0.11538976037229112,0.14532977481786555,0.17322779987372636,0.1993730124139493,"3.9512437185814275"
-0.13687386320269088,-0.1112154322645924,-0.09150836967211183,-0.07660037296123828,-0.07050813304444244,-0.02945553251981472,0.0008123758060326886,0.03138952800103542,0.05563340245717697,0.12794212073563813,0.1697634490396941,0.2045563365293056,0.2354192187702862,0.2636026845503236,0.2897808756378304,0.3143730523779192,0.337663732723229,0.35985778540606594,0.38110921695328226,0.4015376549575318,"1.3862943611198906"
-0.14015486131734717,-0.11028292190508444,-0.08659449980416861,-0.06704387484441753,-0.05610942613480665,-0.02450918743306995,0.009961385651133876,0.042393513897162484,0.0759600218761393,0.1104149020422942,0.16160855009702926,0.19885186178125383,0.23138667511627878,0.2610660142591842,0.2887071074451275,0.31477163238127465,0.33955641734747366,0.36326827984068166,0.3860594730557203,0.4080466667249254,"2.833213344056216"
-0.13819889535440547,-0.10932844587579661,-0.002100835887078994,0.05302003156635449,0.09138623815608092,0.1216309921874458,0.14701962923051728,0.16912680202093228,0.1888692598109333,0.2067970225483946,0.22329998943913806,0.23863405800081705,0.25300315023693665,0.26654801575183273,0.2793892487416891,0.2916133964884708,0.30329784748517286,0.3145000940531299,0.3252729057679024,0.3356566760435209,"1.8718021769015913"
-0.26077730878839034,-0.21540573060397683,-0.1835391740351782,-0.15744365543368563,-0.11036624094741865,-0.08950113196260961,-0.0409689046924607,-0.003940948755157654,0.021191986191929954,0.07818186643137329,0.1199365045534032,0.15742110377716603,0.19240117682078658,0.2255900389668684,0.2573742566801304,0.28799800015185223,0.31763064921624046,0.34639730594204204,0.37439457982905355,0.4016995879343028,"3.9318256327243257"
-0.34398177678072106,-0.3221079854326416,-0.30528736874044315,-0.2921987206190354,-0.28420681761068306,-0.27653740553829015,-0.25691048102354225,-0.24643824069554823,-0.24319418096748738,-0.21912365331533457,-0.20599704641285033,-0.20125652265554744,-0.13660017857430012,-0.06488638954474006,-0.004584867208680967,0.04759287589650063,0.09371642884880248,0.13517474179685376,0.17293970215129983,0.2077128493596479,"3.7256934272366524"
-0.28578266747332337,-0.26227595930480635,-0.24449239502738385,-0.23104558093779168,-0.2248512817499492,-0.20965606423887095,-0.1888314884362517,-0.17257843625020033,-0.08776860683268908,-0.014378999398008992,0.0450011721734483,0.09515592436950095,0.13882711288137223,0.17770919234254884,0.2129088455066503,0.24518377772841624,0.27507434935617503,0.3029794871929311,0.3292023914024938,0.3539792051346819,"3.349904087274605"
-0.33140699551345487,-0.31374910592573524,-0.3027213955340996,-0.29623153473839126,-0.2777264126063553,-0.27352855171525975,-0.25534576824517236,-0.2454210568716775,-0.23380217953042226,-0.21989522577402618,-0.21411558911861545,-0.19464706794606731,-0.19213703818230765,-0.16971348893453908,-0.15804414475821557,-0.14783273748603634,-0.1291514049377574,-0.1189767871502513,-0.06890572445770853,-0.008311141906627849,"3.713572066704308"
-0.35369671492376,-0.3347964068946936,-0.31956930607985207,-0.30635484686218634,-0.29449632103730156,-0.28365654934652856,-0.2736359200253838,-0.24965642317551867,-0.17194818903136264,-0.10747834433809399,-0.05273241969101071,-0.005105320537505163,0.037096868487854866,0.07503710733929962,0.10954624926609335,0.1412365596392917,0.17057090292173363,0.19790694876464018,0.22352642341239337,0.2476550125793195,"3.8501476017100584"
-0.34595418669271044,-0.3319181161428243,-0.3160512700417743,-0.30120922367143416,-0.28738179350253135,-0.2731498235558595,-0.25847005972247733,-0.24603783981432256,-0.22916451825479212,-0.21931488559527426,-0.19932215813845502,-0.1926084135380891,-0.16863577067419502,-0.16432967023440226,-0.13674369555836347,-0.12985032542216707,-0.10359370375989627,-0.0903300943511889,-0.0707345329192636,-0.051484636128425784,"3.3843902633457743"
-0.337439862148503,-0.2904747590235329,-0.2519467234006375,-0.21831843486262084,-0.18837354961499225,-0.1621660359306335,-0.14345823652622763,-0.11595582651917004,-0.06970794489677523,-0.03139102442956529,0.0053945405537462136,0.04200954638683072,0.0788255776040038,0.11542528805327636,0.14862524190447152,0.18654723010049173,0.2547475556018587,0.31649918291583673,0.380879104924871,0.4478939458704354,"3.332204510175204"
-0.18581939560859584,-0.1599558071832089,-0.13554103986001764,-0.09980006233254304,-0.08198179357097164,-0.04715398031281854,-0.013645939451909844,0.0023426870107292174,0.048284046937607294,0.08455203527632192,0.10961233422719559,0.1662384942053532,0.20835270464804365,0.24455974152747037,0.2776371339239602,0.3085782519980988,0.3378965290061488,0.36590686153418867,0.3928227235711482,0.4187986831275272,"3.481240089335692"
-0.3247870156136695,-0.3082322014183215,-0.2983582575218913,-0.289485418471704,-0.27397378027384456,-0.27620783213923483,-0.25214609780244235,-0.24525155479348695,-0.23085239685785133,-0.22038974559833802,-0.20981919631560272,-0.19600608813239687,-0.19054814528164518,-0.17151033655420642,-0.16776190970220475,-0.14741345474466938,-0.13545132908857127,-0.12784376799032723,-0.10818094786575252,-0.07285693174888556,"3.7376696182833684"
-0.3228036211928321,-0.3060797648289369,-0.29516113021178786,-0.2932942582460606,-0.2725379392870443,-0.2657876347887384,-0.25255815529492776,-0.24137639054728402,-0.23411015291744144,-0.218528235189018,-0.2289634791720426,-0.19596952442865748,-0.18877514357243635,-0.17397352016131928,-0.1613789515004892,-0.15692166717752976,-0.13608648366617895,-0.12577782966559703,-0.12105345271824806,-0.055215717839154556,"3.7727609380946383"
-0.27247288176546475,-0.24915083264728244,-0.2318460287913677,-0.21968201990861919,-0.22704631808431672,-0.19179826838551836,-0.17434071093921866,-0.15931726993071427,-0.06306422517864774,0.006794445967298136,0.063412458247204,0.11134561702609402,0.1531902144794214,0.19053888258458243,0.22442678226545698,0.25556132649510876,0.28444701194243355,0.31145664225499464,0.3368739463724246,0.3609202302885067,"3.2771447329921766"
-0.36143078854608285,-0.34493538915441424,-0.3316020542861829,-0.3200267500038804,-0.3095988297449261,-0.3000164575774004,-0.2646034575870293,-0.1871505833389009,-0.12378562105650848,-0.07007132336917263,-0.02342026042147667,0.017846520517993462,0.0548800313623827,0.08850221741568703,0.11931908228165852,0.14778928976969122,0.17426779934804823,0.19903465390781944,0.2223145405388009,0.24429041949595903,"3.871201010907891"
-0.16762531459639854,-0.1355194984015022,-0.10946180225764902,-0.08661254213785176,-0.0659727538529527,-0.04807052195684583,-0.06543848804640715,0.004175945710261286,0.0403038922648357,0.07662153967215925,0.11568767452496287,0.15961801263571807,0.20891456781053355,0.2477946994859939,0.28223494314046504,0.3138501202848491,0.3434045880101394,0.37134509615330596,0.3979647225099203,0.4234704151113985,"2.8622008809294686"
-0.17710588912147604,-0.15029552913751115,-0.13086368269234075,-0.12253156281364934,-0.09307289380431355,-0.06455508407970786,-0.04042833993849491,-0.020349147467443922,0.0038615602725991212,0.04841748510986493,0.04169718208211329,0.15926549446708713,0.20644840807637685,0.24583303914069915,0.2808034000433905,0.312753011955913,0.342438079914426,0.37033033988924946,0.3967504538085343,0.4219295514292652,"0.9162907318741551"
-0.2252486022147575,-0.17487351786290464,-0.1344204742815492,-0.10429999488121142,-0.0719100597003319,-0.01988451951359467,0.02109441326879622,0.058133279464841474,0.09272440896619812,0.12551163347049726,0.15685886488333153,0.18700346676425852,0.2161142863311556,0.2443184943421683,0.27171578836489757,0.2983866696358852,0.32439762619333745,0.3498045635065583,0.37465517660038017,0.3989906490732801,"3.7256934272366524"
-0.18823504892946621,-0.1667127530816118,-0.15073525446359623,-0.1394208272774006,-0.12048658711339223,-0.028991764192425343,0.03310230772574943,0.08060496245119218,0.11967006811196808,0.15323506624120825,0.1829043674864894,0.20965154311497253,0.23411460749895083,0.2567361189375363,0.27783666228445997,0.2976565341186525,0.31638089182808926,0.33415569429080005,0.35109822305060706,0.3673042651334398,"2.803360380906535"
-0.35039792120669117,-0.33093934653988555,-0.3152781549672596,-0.30170214311491017,-0.28953578547371894,-0.2784342649494385,-0.26819695576421504,-0.2333045084353794,-0.15519220071502704,-0.09119149740856121,-0.03682754008627911,0.010486616105793625,0.052433131964961015,0.09016587860136034,0.12450804188712647,0.1560653413360726,0.1852951342712053,0.21255053010149802,0.2381095158642639,0.26219472199801575,"3.8066624897703196"
-0.12196748221887137,-0.09430100916825528,-0.07576998120004107,-0.06014315384740205,-0.022009637688846978,0.00699196748402468,0.032247122276212285,0.06002769943355092,0.11406115317649101,0.15212226681182528,0.1843193933501003,0.21336361460216502,0.24025912803684701,0.26553241852224424,0.28950819997015026,0.31240685601082757,0.3343877416204425,0.3555713964444061,0.3760521286748505,0.3959056837749018,"2.8903717578961645"
-0.2406953380567232,-0.2070853933590962,-0.1790643387639147,-0.14039467109156759,-0.11653603495539903,-0.07530701766554107,-0.050048843464554606,-0.007645263262144429,0.019603165299526226,0.06585231869137832,0.08621728271869825,0.14774816721150041,0.1895795493150403,0.2267830254582581,0.2613268136162127,0.293990939989862,0.32519472821433043,0.35520131386624815,0.3841920643782846,0.4123000845549213,"3.8501476017100584"
-0.3747105645259081,-0.35369126608130186,-0.3313667235607668,-0.30284919149830536,-0.3010671577571472,-0.25879251996416985,-0.23716561561750513,-0.22462618767313777,-0.18785167278392942,-0.17013266942317595,-0.14294769588565817,-0.11231926691835903,-0.14697855566159262,-0.05632821078926172,-0.036535060422950676,0.0040640882849949465,-0.003688809158800316,0.132461907296272,0.21650979359679565,0.2842662561476059,"2.4849066497880004"
-0.330662252522757,-0.3166152454794364,-0.3069697630659258,-0.2899791773324153,-0.2844754624624583,-0.2653745024312148,-0.2603712218528885,-0.241213428160004,-0.23479317018347326,-0.21687871209666856,-0.20866333477696103,-0.19196378612366347,-0.18226191544366072,-0.16605857435219662,-0.15565627063407564,-0.1387605119703731,-0.12945344657610802,-0.10997379365258912,-0.11224853037588599,-0.08054087221808971,"3.5409593240373143"
-0.36424610734708024,-0.3505186662682848,-0.32633501664075654,-0.3140573455212715,-0.29034924997276146,-0.2825083270124137,-0.25454035531996505,-0.2648535744342067,-0.2182928191193638,-0.21165545048745565,-0.18092300547739643,-0.1681933564626792,-0.14139921978404021,-0.12680012747371278,-0.09865965511534677,-0.09253445412531243,-0.0537829766297369,0.0011226012049794067,0.08331134470282144,0.15035987259037734,"3.1570004211501135"
-0.059342089776190786,-0.04546477600166904,0.0136783856418818,0.049270163791185664,0.0791500657196437,0.10578852130592623,0.13019670496859626,0.15292456432291265,0.17431691690101533,0.19460934861136656,0.21397244401114596,0.23253501237274984,0.2503974712513773,0.26764009408816075,0.2843283688322916,0.30051662685220726,0.3162505862011038,0.33156918514832406,0.3465059363208283,0.3610899476038709,"2.1400661634962708"
-0.15332198308602926,-0.13805113056651533,-0.09819592953229121,-0.07240599081903293,-0.048925890449219744,-0.010952890690973738,0.004520803300692072,0.05328314936518658,0.08552158550279977,0.13214789125429607,0.16820748985932965,0.20033788035946318,0.23003594347339887,0.2579696684841574,0.28451926012236406,0.30993110451287603,0.334378320665642,0.3579894500344107,0.3808638306528188,0.40308059316753225,"3.367295829986474"
-0.3180799690037566,-0.294989134106746,-0.28409711110783187,-0.26476016132762037,-0.24560284206607835,-0.2394207085082247,-0.20984561406738272,-0.2036642410933015,-0.17427690796655915,-0.15536808905119695,-0.15047919118520425,-0.09479726117728442,-0.004352485705733451,0.06646836923158347,0.12545426225659123,0.17642566807055748,0.2216571920534014,0.2625812081291888,0.30014513668535064,0.33500481083441047,"3.258096538021482"
-0.2695073357445511,-0.24615218912092648,-0.2296954987988368,-0.22186361143250863,-0.20530425029739313,-0.18444775553181653,-0.17344899650813358,-0.16056468210951047,-0.0847743415964357,-0.006598041798720096,0.0550682317637591,0.1063887169570736,0.1507000682743869,0.1899687944042681,0.2254308672814943,0.2579080238120176,0.28797361768361784,0.31604408392714933,0.3424320435524706,0.367378670958304,"3.2188758248682006"
-0.4142796059054605,-0.3783520283967119,-0.35275217423008254,-0.34843087518865584,-0.3029505718468136,-0.2733692919973561,-0.25376875131621573,-0.2369467447148793,-0.19624787642110006,-0.16859162820059825,-0.15129582211463757,-0.1198125641865352,-0.0814324596555006,-0.05199506473558377,-0.044659729897840714,0.013707708812508516,0.052460585997688346,0.07086453247689692,0.1303837647410332,0.10889918818530987,"0.4054651081081644"
-0.3465782964178016,-0.32566910888655437,-0.30890591397813927,-0.29448687325508005,-0.2817386505050573,-0.2703616788583835,-0.26027089849060453,-0.2516255569767744,-0.2190070024257385,-0.1403869444651364,-0.07557948361488133,-0.02044177270324764,0.027624023534418857,0.07030939860233525,0.10877521407867569,0.14384923135868924,0.17613977278449539,0.20610540609307898,0.2340995616182535,0.2604000239099503,"3.784189633918261"
-0.23621391704754383,-0.21725809201633473,-0.2077440369354036,-0.18079064706048523,-0.18163488127006122,-0.14334176818816854,-0.13818704410945587,-0.10341651401513355,-0.0828407794996036,-0.011392671131917624,0.06312144465428479,0.1205118198601382,0.1680944343820925,0.20939112902993667,0.24628408016407777,0.279886792570613,0.31091559666766094,0.3398617065401649,0.36707877176705034,0.392831226448186,"2.803360380906535"
-0.3001883857694595,-0.27645725524892134,-0.2589869497009404,-0.24725793554260173,-0.2500912647530447,-0.21737294907969784,-0.20241597411315584,-0.20306784902458894,-0.1731452214059469,-0.0966574609323482,-0.01957370294287668,0.042826816351762956,0.0955493299570967,0.1414680923846866,0.18236659952673623,0.21941147832403124,0.2534007587361095,0.2849023382654207,0.31433443293946156,0.3420141583601545,"3.3843902633457743"
-0.3608098120899038,-0.35169734077487197,-0.3425848699297602,-0.32679531012031904,-0.22095613257301588,-0.14382614556830875,-0.08222824694391483,-0.030923182329011874,0.01306741660422695,0.05159755093134747,0.08589778607153518,0.11682551160931716,0.14500150441735413,0.17088949144607607,0.19484495992811907,0.21714640528803172,0.23801607105287403,0.2576341474343745,0.27614875568600217,0.29368313479926145,"3.597312260588446"
-0.1118184214108141,-0.08418283818950076,-0.061264027012569784,-0.03955869774320729,-0.01684181797528818,0.008726840773897194,0.038745526300157505,0.0758071058722275,0.12537130442280778,0.16081027175768686,0.19137175337424098,0.21898628051473676,0.24451252702153534,0.26843596902368366,0.2910680393059489,0.31262495236819493,0.3332652078406463,0.35310971720483764,0.3722535712507391,0.39077337738016454,"2.302585092994046"
-0.3292715278588867,-0.31092388431038626,-0.2978467531936758,-0.2918423904417534,-0.2778037405682553,-0.2647122341341803,-0.2964704309614845,-0.2422795582458769,-0.23365668429462275,-0.22185794782025,-0.20744650641415627,-0.2160074156661254,-0.18331450280509523,-0.17204679652458593,-0.16548902741620197,-0.14509234459660197,-0.12739522939804235,-0.06275005813725286,-0.006245648527390192,0.042683204554739354,"3.7727609380946383"
-0.3510641990148785,-0.3327260631153512,-0.330196564813349,-0.30139121847018435,-0.3004727899470418,-0.27186572925876007,-0.2665233413293012,-0.24210446775543099,-0.2347726328692439,-0.21143814503777664,-0.20171550376601124,-0.17968357774203195,-0.1662528000102655,-0.1473802222760481,-0.12886857814580846,-0.11933805554325441,-0.09177154349126403,-0.04791538986307814,0.026765902956372156,0.08884362378717789,"3.4339872044851463"
-0.421712436363568,-0.37680498092073145,-0.3405534971760532,-0.3097198840961009,-0.2838127829743415,-0.26655784525500364,-0.24047361971238518,-0.198345727974762,-0.1651554386854153,-0.1352614686224278,-0.10847121244268165,-0.09092618906269213,-0.050944571966802236,-0.004502723666218499,0.03661824580646192,0.07613654499085373,0.11365021305329208,0.13645104723362328,0.20527905378725197,0.2654591569419713,"2.1972245773362196"
-0.3581850113025615,-0.34212093215703077,-0.32913527934508163,-0.31782612846048597,-0.3076361252244812,-0.2982757017323714,-0.28956918379656754,-0.28140633845157076,-0.24216600518982764,-0.17748110855255095,-0.12262354488658335,-0.07495798927296354,-0.03278885032722052,0.005048766977272806,0.03938995549434576,0.07085317749902115,0.09990842019630002,0.1269205065178368,0.15217780038757817,0.17591186368181141,"4.04305126783455"
-0.13684267096599415,-0.13991140956632087,-0.08065802374838037,-0.060508999199764595,-0.025550131948715044,0.0062414634544672755,0.03347004426014774,0.07848057845910547,0.11813573510562343,0.15142137659001045,0.18155001117371927,0.2095723316064955,0.2360133186480718,0.26118942996716465,0.2853130291184141,0.3085368657961543,0.33097626681866543,0.3527214707389269,0.3738450462940486,0.3944066305207672,"3.2771447329921766"
-0.18314438393964816,-0.16418003957186533,-0.15288597688504243,-0.12174544954548815,-0.10520148716464357,-0.08693854209729503,-0.05527120607281201,-0.037583848678250056,-0.0032888499758806505,0.03113878858641974,0.11111630500903226,0.1641725388830389,0.20675474002801078,0.2437107994115864,0.27695169414864995,0.3074780888049143,0.3358975281128865,0.36261423198318044,0.38791447614872043,0.4120104340571299,"1.3862943611198906"
-0.2925731820209204,-0.25071328514552466,-0.2182910807238531,-0.1951829075530398,-0.1742824703677357,-0.12879503980085227,-0.09612157197961674,-0.06987345493912543,-0.08713891178223919,-0.003961448073102138,0.0360036661799076,0.07146807138733734,0.10045428152414039,0.13841703453039092,0.19439162687283645,0.24191004129569843,0.2715905631046052,0.35270645104483495,0.40481713518222456,0.4506664951934137,"3.5263605246161616"
-0.3173724445662222,-0.29381563195736493,-0.27964815869974374,-0.27111396871423527,-0.24518932861165305,-0.2380446769510857,-0.21356865916472967,-0.19573712158225479,-0.1899029633593695,-0.15792519199734295,-0.14076289353925306,-0.06690348335126559,0.012894574551517114,0.07769086907017364,0.13263348636566247,0.18068288892316905,0.2236665163214145,0.26277071413711994,0.298801308255789,0.33232863446448213,"3.3141860046725258"
-0.23311293165891583,-0.20153332691337023,-0.1774241052671573,-0.1598210589854548,-0.15532623277424118,-0.11120417357887297,-0.08308540665983173,-0.0583593679858766,-0.03796686439067408,-0.016179916883734984,0.029833726726354093,0.06794554482513945,0.09872312901504021,0.1740477726438467,0.23988198590411722,0.289903974593574,0.3332362568806693,0.3723930338317727,0.4085599509464826,0.4424232067623458,"1.3862943611198906"
-0.3364620539779312,-0.31458101313270764,-0.2971334819731387,-0.28223925773994224,-0.2692320865392922,-0.2578913653534829,-0.2483768736949466,-0.24176135926716788,-0.1797192259662765,-0.10303001956445136,-0.03989745615525254,0.013871416267784846,0.060808935592674904,0.1025616922017821,0.14025538942727328,0.17468903882017967,0.20644751700669,0.23597049738733092,0.2635962989389617,0.2895906365549689,"3.6888794541139363"
-0.38730278789461897,-0.35915597799370536,-0.3407422234319287,-0.32890829188681847,-0.2959157631040957,-0.2765650252860287,-0.3024088015304546,-0.23567833709509367,-0.2135063961688747,-0.20209113795512976,-0.17558425882539927,-0.14856725671569465,-0.12992707533931902,-0.11592552787175812,-0.07961356589613759,-0.055585844084789816,-0.06562806700761499,-0.0030307872280206623,0.024792057095361874,0.040758655690115005,"1.7047480922384253"
-0.38935210112511165,-0.3605788866714987,-0.3547502298453277,-0.31297827674370055,-0.28771980418871584,-0.2875821501131269,-0.24104755028427294,-0.21533307805910268,-0.20969222508771482,-0.166697418261815,-0.13810251909235471,-0.12689291461190993,-0.0845938231660276,-0.05287812534895062,-0.0883715689385121,0.01122153531551401,0.03747390424346994,0.08084808732655255,0.16403348335193402,0.2548684193602816,"2.0149030205422647"
-0.21362278285913763,-0.17799531663938317,-0.15006461260694487,-0.12847756838298952,-0.16877965183888705,-0.07610062267691288,-0.04414634322477131,-0.015937131771235718,0.009088934225913451,0.008632286734123723,0.07444495694978374,0.11688226810899154,0.15714975276490317,0.19128316639984325,0.25471926418682933,0.2990338265410651,0.3379652528940443,0.37369602956454423,0.40715146665889196,0.4388458871064001,"3.258096538021482"
-0.17198710656153254,-0.1271407098703102,-0.0939019667203282,-0.07892695962420075,-0.01810585405169033,0.02208991379961817,0.0575610044946286,0.09029486822712797,0.12107538664375943,0.15032825001261807,0.17832446048207753,0.20525342685809422,0.23125579972616822,0.25644052585444116,0.2808946536292812,0.3046894078598566,0.3278841736837875,0.3505292284399047,0.3726676833078435,0.39433690440229663,"3.481240089335692"
-0.344687418761614,-0.3230214484485943,-0.30582891917744764,-0.2913630174170159,-0.2791272715243336,-0.2693244277623424,-0.26419421086745765,-0.25516453134907036,-0.23697206194570344,-0.22481726567753638,-0.16500324918516904,-0.09319090489379893,-0.03292160779665994,0.019118936881789523,0.06501557004020954,0.10616691543595295,0.14355303954751317,0.17788344350369273,0.20968565276218015,0.23936111060219017,"3.7727609380946383"
-0.2672510060414384,-0.2353763281381643,-0.2124082101076183,-0.20368441450555508,-0.1690075555241003,-0.1390321662649694,-0.11581598248359043,-0.10383054247927503,-0.06717404636375197,-0.031426250140765985,-0.0013245640178261688,0.016062923328659957,0.06761840784630228,0.10920862344705547,0.19054956217851493,0.2601527264457184,0.3142707936498377,0.36122488579421075,0.40363942822803206,0.4427880466568448,"0.4054651081081644"
-0.09965058340595132,-0.07259562190437643,-0.04991847685773471,-0.027757606786161678,-0.0034931199482105685,0.025134819869552818,0.061048288480117854,0.10941448732860476,0.1438599954724381,0.1734713048222735,0.20016727923698094,0.22480169186128007,0.2478569131628668,0.26964208034400794,0.29037158136383306,0.3102024006647269,0.3292541591782692,0.34762082833332314,0.3653780316720629,0.3825878301681184,"2.1972245773362196"
-0.3439748852397103,-0.32418878253134437,-0.31193333007333895,-0.3047508206772917,-0.2838385087188952,-0.2790944784314131,-0.258516647786633,-0.2469222750695247,-0.23422495110412264,-0.21750531068330442,-0.21479898252010005,-0.18853011954755633,-0.17935171907863368,-0.1612641186791794,-0.14388575820006122,-0.1380926698530978,-0.08026164444627498,-0.011140706500101223,0.04716636466688862,0.09777162594713508,"3.624340932976365"
-0.3169728555634251,-0.3015426543917474,-0.2919901227159415,-0.28514376051983237,-0.26982884335735374,-0.2676201267029323,-0.250086993119915,-0.2424355142359594,-0.23099712526657495,-0.22034926629898083,-0.21237798862542834,-0.19861436079202502,-0.19624934430331598,-0.17677466009498358,-0.17269722568284535,-0.1551032062222012,-0.14470039168443607,-0.13569777615380021,-0.11967267358467716,-0.11182492983017704,"3.8066624897703196"
-0.25481209348774625,-0.2204555283552085,-0.21127375484727187,-0.16115581831358053,-0.12950940310055178,-0.11797159992237585,-0.0713841144479148,-0.03676518767273487,-0.014999695358774967,0.022899085365450794,0.06469012661800842,0.09478654838303953,0.13265932754548523,0.18267166253383074,0.20869851889386898,0.27803162009607063,0.3242780213776719,0.36514020204077213,0.40287410635350795,0.43839606402701864,"3.6506582412937387"
-0.20190747615494395,-0.17753349179638594,-0.16660349840819352,-0.14005899512599743,-0.11366027979387472,-0.09599192666424229,-0.0799114410256283,-0.04287679591679383,-0.01676738983382571,0.00023122338888230463,0.048703160689860886,0.1180179554264936,0.1798361247797206,0.22695341644041472,0.26735687997332835,0.30355353252014494,0.33675093436603226,0.3676512525984413,0.3967097592418989,0.4242435374373617,"0.4054651081081644"
-0.38553590810302535,-0.3793691769582581,-0.3732024458134909,-0.3681852667857826,-0.36338861457439714,-0.3042600291961875,-0.23780233887778005,-0.18247680055300763,-0.1350820857407661,-0.09362387903845076,-0.056774970818219514,-0.02360731826275438,0.006553371919581009,0.034212264272962194,0.05975744164159376,0.08349338133034431,0.10566329017940015,0.12646446845793766,0.1460591559262406,0.16458236187570957,"4.069026754237811"
-0.3493112117480504,-0.3321779436746884,-0.3093696620902928,-0.291732572484876,-0.2702266106465576,-0.25411013791125986,-0.230014034822772,-0.21647094860439353,-0.18821655917168562,-0.17598105316021453,-0.1442768956716933,-0.12797673301512574,-0.09876597804442012,-0.07388401911382486,-0.017705873258840658,0.07337957537923621,0.1456935247791973,0.2063471547705591,0.2592104051266961,0.3065377871982631,"3.044522437723423"
-0.23800650376257718,-0.21533652873820824,-0.1991400341738223,-0.19011137745189366,-0.17834637350324675,-0.15458950998444287,-0.13578582838370476,-0.04959580656656875,0.019311410559419734,0.07376174653116169,0.11923256524822082,0.1586319040167147,0.1936490080887036,0.2253413588257429,0.2544139466941857,0.28136121868228736,0.30654427273282936,0.33023554303975305,0.3526461034752001,0.3739431307369222,"3.091042453358316"
-0.10287889066937178,-0.06930474498663719,-0.045899919166754476,0.00494717461535637,0.04120588105309229,0.07287952763349745,0.10179726285174316,0.1287422679143153,0.15415456077734288,0.17831787715696215,0.20143099094056682,0.22364106921412483,0.2450614649251223,0.2657821229845374,0.28587609381651635,0.30540382844470887,0.324416129924543,0.34295625046463685,0.36106142338666203,0.3787640086582757,"2.9444389791664403"
-0.37251376074554876,-0.34823140381260387,-0.33260253248346755,-0.2973963651634419,-0.28199207072199534,-0.2556669829567828,-0.2271928312147237,-0.21768285089762332,-0.1807955302427044,-0.15352471873741244,-0.17729786643856796,-0.09950853672898431,-0.07367767285771493,-0.046965521415382336,-0.008968014456945467,0.013667227422151495,0.06374367826108869,0.16666811697268455,0.2476933272578285,0.31356590863476924,"2.302585092994046"
-0.35650954619438147,-0.3446814892022695,-0.32226239668112877,-0.3063698352850436,-0.29418049977125427,-0.27257204118435985,-0.270722111097694,-0.2415393629242774,-0.22735339249789902,-0.21419872208409574,-0.19228894428975699,-0.18726627273887964,-0.15931636897460222,-0.14313450256853774,-0.12833305728275438,-0.10463336136848259,-0.11330712627040201,-0.06594900273141438,-0.056474249967876165,-0.02514959872236285,"2.995732273553991"
-0.32593034721259273,-0.31061959595705013,-0.31685219771724743,-0.2859951659186368,-0.2794018403012594,-0.26309730185456226,-0.25429087005490547,-0.2402674405644622,-0.23026124597510425,-0.2169760960470624,-0.20598492293875095,-0.19309215370165633,-0.18081581929446455,-0.16875242402923793,-0.15443098658994997,-0.14482675090652639,-0.12697502047458306,-0.16113663865973632,-0.09947540128992584,-0.08733117984220684,"3.624340932976365"
-0.17812940817916648,-0.15712273875902905,-0.14348716838210843,-0.1592985919642384,-0.11209905363212722,-0.046153292848409584,0.023782213318897297,0.07477376805713926,0.11575752077004756,0.15057384777490287,0.18116814263110279,0.20866252705325355,0.23376776571396918,0.2569653289132155,0.278598063571757,0.2989196951109695,0.3181238363317964,0.3363619633859819,0.3537550690713836,0.3704015038966786,"2.70805020110221"
-0.29661400514560493,-0.2668210713957171,-0.25027891830876065,-0.22622056817975578,-0.19427636608082044,-0.17369378139339037,-0.1643977963294566,-0.12032578940026993,-0.09282951812277557,-0.0790182377822222,-0.03759396565294913,-0.0014641288324398869,0.016951591367203075,0.06952053837184377,0.1293725152753427,0.22005839455872264,0.2850130758521773,0.3390635828315153,0.38683930352041446,0.43033978109995097,"0.9162907318741551"
-0.29058881514836427,-0.2673833875093993,-0.24940179878458954,-0.23484169654983883,-0.2237684025222345,-0.22084673203350189,-0.20223043973347182,-0.15308513031800125,-0.06852932968995552,-0.0020143159000599806,0.05297037569295287,0.10006839799122395,0.14146456204517424,0.17855546230062386,0.21227939206656857,0.24329411474163162,0.27207786814219526,0.2989892928004243,0.324304460698261,0.3482406348804071,"3.4011973816621555"
-0.3597936675028694,-0.34616443145364695,-0.33472348403351376,-0.32491755245760146,-0.30412167629299114,-0.21260809822979232,-0.1401429695946053,-0.08086397787580878,-0.030676693678602648,0.012872736566152052,0.05137022781352759,0.08589788874622124,0.11722542457032756,0.14591897460894832,0.17240668280348004,0.19702001440688938,0.2200207693842874,0.241619311385646,0.26198721343113707,0.2812662467311337,"3.713572066704308"
-0.3498769199663046,-0.33831470660285895,-0.3177078535784984,-0.3024790364954996,-0.29156126168552277,-0.27090095700958317,-0.26795421097650873,-0.2420173668509715,-0.22853288065684857,-0.21691085868776494,-0.19613437686708313,-0.1903620539744045,-0.16591641913566438,-0.15047782178265304,-0.1385348582096143,-0.11541865109524019,-0.11114989475518106,-0.0806104619998132,-0.06673459566594203,-0.044217972935113196,"3.044522437723423"
-0.35349235894262543,-0.3477659523201762,-0.30987328426128674,-0.3240465250738831,-0.2692131755919307,-0.25848443831268914,-0.22944474400925727,-0.2105423981806379,-0.1898153466369272,-0.16390056156768085,-0.14916575555944395,-0.11590739118267102,-0.10149075313899061,-0.06559396069309638,-0.0418758735538366,0.030057292515699822,0.11833159656030519,0.1886175382314075,0.2479029400330388,0.29989744052348555,"2.8903717578961645"
-0.13372903593418947,-0.11101132273654658,-0.09716133536796968,-0.08180436400339433,-0.05017425108358154,-0.02570299486807856,-0.0077820168316008985,0.032263192647562645,0.09310403189537156,0.14046219832633228,0.1774874971472993,0.20952676860101827,0.2383595005679085,0.26487265732931803,0.2895930868783423,0.3128673124900511,0.33493914375614864,0.3559885782211963,0.3761533982042945,0.3955420924028965,"0."
-0.07884664461188211,-0.09266869028864218,-0.028787997533737644,0.03654854021268537,0.0786449523205038,0.11040015124690983,0.13710378313984428,0.16062800077381176,0.18190572755721804,0.20148426961657817,0.21971808583726235,0.23685264648933643,0.2530664352607465,0.26849411757119207,0.2832403159412498,0.29738825054429374,0.3110054262009902,0.32414750440649215,0.3368610298324702,0.3491853960861082,"0.6931471805599453"
-0.34762258051627026,-0.32917964048859094,-0.33172481752812444,-0.2999462861690683,-0.29123210806690075,-0.272473869181782,-0.26077666750720613,-0.2447703129152449,-0.2309447536193143,-0.21636270956058373,-0.20021779088584232,-0.18761463454883034,-0.16806779037804456,-0.16175615912967262,-0.13489240148569234,-0.12493818770194279,-0.10333277732093457,-0.07019877851217922,0.005334051485678316,0.06729786412878272,"3.4965075614664802"
-0.37742856123011354,-0.36707224603217764,-0.3583787244570876,-0.35092758875200797,-0.3441788640404971,-0.329919373745881,-0.25586355737356004,-0.19396989945540016,-0.14160865520116386,-0.09622537646928461,-0.05616862726412007,-0.0203084105535924,0.012162420776372834,0.04184011299118646,0.06917723323343097,0.09452511756871658,0.11816177964574963,0.14031087283887894,0.161154930762172,0.18084483052446962,"4.04305126783455"
-0.22464302226860106,-0.19431837161820462,-0.161921097504194,-0.12951309754332024,-0.09870523249564618,-0.06654504290682164,-0.03258371676852016,-0.0008114066400368663,0.037422069929399726,0.07289424000062858,0.11173589212654764,0.15958517618993906,0.19860790171387077,0.23399623800532232,0.2670779180254507,0.2984602991815202,0.3284930228648839,0.3574044679943867,0.3853561988786843,0.4124689493539654,"3.784189633918261"
-0.3437125719157081,-0.3225378766392883,-0.3067909954480204,-0.29605453908131973,-0.29713722532946857,-0.2706761676628114,-0.25981269093530074,-0.2528825119997742,-0.23225425865913707,-0.2229035342921686,-0.21043613492451166,-0.1917633353577113,-0.18100875244308254,-0.16399201820684353,-0.0871814837323615,-0.022239970119180896,0.03326809481703822,0.08189224829144585,0.12529851152945787,0.16463138253549486,"3.713572066704308"
-0.2894195478247171,-0.23779930419730155,-0.1965256631776631,-0.16619115785950672,-0.13460086520760733,-0.08555233773731241,-0.05337500220740803,-0.019093572946554317,0.03372365630636565,0.0758248277701605,0.11411490067051439,0.15006268011146884,0.18429585293169867,0.2171641266558175,0.2488925136262342,0.27963934075559654,0.30952291800445764,0.33863551282953336,0.36705139916621765,0.39483183725190873,"3.9982007016691985"
-0.31303603096449745,-0.30156998459170087,-0.2928009483539397,-0.27942566384099626,-0.2737159703874119,-0.2591762596351846,-0.25385978410702953,-0.23957303614852285,-0.23323057514435633,-0.22016002415525937,-0.21232782821259583,-0.20069247605989746,-0.19129911672674374,-0.18095526523621525,-0.1700629903061381,-0.16065156743433043,-0.14848116660122526,-0.13932431587961397,-0.1264632359710732,-0.11649550356900815,"3.6888794541139363"
-0.35847608606328035,-0.34128688474031205,-0.3274068565584459,-0.31533218289321346,-0.30446577682282194,-0.29449827315515115,-0.28524297953668165,-0.27683736174445284,-0.21680917474986047,-0.15185202482021048,-0.0967292820158101,-0.04881551577723665,-0.006406341545181057,0.03166948269063283,0.06625099211246831,0.09795865230530634,0.12726312567631187,0.15452912206546765,0.18004449204749046,0.20404012687293288,"3.970291913552122"
-0.2437258526450768,-0.19623217449870298,-0.16006041547499653,-0.1501310835582156,-0.08978805859931818,-0.05324319604615893,-0.038431231345908486,0.025667135920364174,0.06778983137023517,0.10528113043968251,0.14014564028750898,0.1731517165362747,0.20470694080953336,0.23506630395880884,0.2644059432601427,0.29285572522856845,0.32051587845131296,0.34746639843607363,0.37377278687273224,0.39948976658259805,"3.8501476017100584"
-0.33611953528023497,-0.3224844764143104,-0.30964178139574416,-0.29449882809915434,-0.2842021082054899,-0.2688182900225391,-0.2582096741812296,-0.2438316429539054,-0.23169631289175746,-0.21891178140184464,-0.2047629779826538,-0.19359126680822308,-0.17728861067443613,-0.16716118133388275,-0.1490651988423167,-0.13845681826127354,-0.1200377879363442,-0.10680035020715867,-0.09099922566085329,-0.0733997615396155,"3.481240089335692"
-0.37885879804476674,-0.3371008524976088,-0.30424946703081746,-0.2778456665537811,-0.2617460741663361,-0.23254808250857872,-0.19325603760410884,-0.16238299640838763,-0.13606210874902536,-0.11984349030692777,-0.081320827412877,-0.03770880985535258,0.00011055400395023334,0.03494765150631177,0.06025672878676207,0.11254215786938396,0.16785325469127824,0.20925653154484508,0.3146073179501981,0.3967218098427047,"1.7047480922384253"
-0.26987560841433844,-0.26604951157204054,-0.2273516943326328,-0.21245045576846422,-0.18873040318140039,-0.1653734233576086,-0.15496042530946672,-0.11888465208660698,-0.11150913594022219,-0.06935799724073143,-0.056672050617431406,-0.013447090225472757,0.06967537657748607,0.14471800155273218,0.20343379058685007,0.25305793778210717,0.29687330379626287,0.3365799618356479,0.37317856401901617,0.4073155735470526,"2.4423470353692043"
-0.3523445393466143,-0.35714936162094124,-0.31800535798804075,-0.3103010979236933,-0.2872538967276824,-0.2741089425552334,-0.2590446924388263,-0.2408326668357445,-0.2368885432640459,-0.20890450835995278,-0.20053434296398878,-0.17772288437173814,-0.16200998089641483,-0.14716509296069136,-0.125583312568777,-0.11758278505950816,-0.08856986334130701,-0.08547221035845803,-0.049922186065380104,-0.037784866318717865,"3.1354942159291497"
-0.35317109729017154,-0.33912710014825437,-0.32733798502185363,-0.31723368025845133,-0.2853147907172201,-0.19327214497035045,-0.12209802867828803,-0.06386657698494144,-0.014553867362656717,0.028251583721323782,0.06610714058248336,0.10007432452252825,0.130907495207024,0.15916114275002088,0.18525443932230679,0.20951184140518136,0.23218959409261,0.2534935957877382,0.27359178193924677,0.29262292386446315,"3.6635616461296463"
-0.13503391120638028,-0.11071024734535466,-0.09321868450373327,-0.08868655999652089,-0.054209721765739634,-0.025413996403478686,0.001092980249818298,0.021992461691962957,0.07998551339834256,0.1346144958050101,0.17376384719028884,0.20709572267529655,0.23690003946014546,0.2642196871357455,0.2896473928825797,0.3135629640076204,0.33622910112121335,0.3578374507803506,0.3785334430966013,0.39843084150378966,"0.9162907318741551"
-0.3369684277044266,-0.31987456801885733,-0.3168107135424039,-0.29376660037156305,-0.2840201301248254,-0.26946975533132994,-0.25702869831089153,-0.2451376809719908,-0.230642992152975,-0.22033235713076713,-0.203727923113486,-0.1954986912532724,-0.17583770761150222,-0.17471351658504827,-0.1470626445863644,-0.13902783219635123,-0.11866429221272436,-0.10290477530673836,-0.09497176500585804,-0.021670731846979766,"3.58351893845611"
-0.3068824802554193,-0.2919075848900206,-0.2628407873619501,-0.2404709471624126,-0.22862862741889145,-0.19422274907523768,-0.18117471378714287,-0.15044771465465398,-0.12457199252309473,-0.11035927595144328,-0.07016622987052086,-0.08008062334923033,-0.011713218788481453,0.032278053478919023,0.13035267081629234,0.2019931983240363,0.2604721409386177,0.3111280787589442,0.3565321247020767,0.39809792524010945,"2.3978952727983707"
-0.36512287640771457,-0.3622636955986897,-0.3223498008319674,-0.3239877483966279,-0.2828962969327364,-0.27058144013078933,-0.24488033142113722,-0.22523881810013544,-0.2081725515239544,-0.18109009543599117,-0.17526877729018914,-0.13596910896401593,-0.1395767532848849,-0.0881629631542297,-0.08702876224685699,-0.03769933538668768,0.016103235582431104,0.10694376515712471,0.17892479597448727,0.23944340951117674,"2.9444389791664403"
-0.13204554027172843,-0.1027596297802459,-0.07894498627318848,-0.05765920174417479,-0.03765733887545114,-0.019089121494173113,-0.028060983796404697,0.038609841712964145,0.08102549652048542,0.12988058386527224,0.17118858552308225,0.20533422913751587,0.2358281921724831,0.26388633932417727,0.29013009757371133,0.3149368579521599,0.33855988521293984,0.3611806748113104,0.38293549073565286,0.4039302615809584,"2.6390573296152584"
-0.36079203373084884,-0.3564093241808603,-0.31742859866286327,-0.323243206559312,-0.27722805785292526,-0.26557628501280334,-0.23820940835305088,-0.218820836418189,-0.1999204045861835,-0.17328685123975812,-0.16255204075879637,-0.12655674117194865,-0.12179801731023732,-0.0771165107574305,-0.0603491327101601,-0.023077197107796245,0.07119446679641575,0.15057652078165817,0.2157341181359219,0.27178348383402634,"2.917770732084279"
-0.3391838570521022,-0.3313248349625344,-0.30867030433189596,-0.3049381403188061,-0.28058213046734987,-0.28403118382693643,-0.25356053077008855,-0.24580363639321107,-0.227248822291583,-0.21470004820111294,-0.2017000741673394,-0.1848117548404723,-0.1779423797804922,-0.15496153380771904,-0.16038691648173978,-0.12438616944562474,-0.11810879335687725,-0.0923498576067051,-0.0863218233195463,-0.0585029081887608,"3.3141860046725258"
-0.2721885332396271,-0.245253063691157,-0.23589753178684053,-0.20208324975832273,-0.17563630821251522,-0.16179700076301592,-0.1337327201369209,-0.10238368555881215,-0.08132946320862365,-0.05746417402836984,-0.01769916955340686,0.006764206721646249,0.047313880445752146,0.10570045353783741,0.19256061449460204,0.254778506784445,0.30635466010779966,0.3518144301054135,0.3931157595329246,0.4313244066344728,"1.252762968495368"
-0.42929501311940965,-0.3846709761405438,-0.34846421614044787,-0.3174266517948201,-0.2907918717430896,-0.27022988078689797,-0.26489304097465394,-0.2112888909702171,-0.17707894483569045,-0.14670137002149963,-0.11884605550320627,-0.09498879129700011,-0.09359344079988284,-0.02688069173519558,0.015251747451719257,0.05476971882878713,0.09314648193246669,0.129201554176177,0.09492910120163027,0.22367529641402026,"2.302585092994046"
-0.08089694380650882,-0.056314982473545716,-0.06438016310786583,0.0004157342448530344,0.03781906113344217,0.07791585356021115,0.10946087231025936,0.13718381056492734,0.16246353201978303,0.18596302285702707,0.2080723331757976,0.22904814952850044,0.24907195146842456,0.26827861878833154,0.28677216167210623,0.304635093624155,0.3219343664523803,0.338725311787601,0.3550543611846284,0.37096098360089924,"2.4849066497880004"
-0.19904857469605194,-0.14436093677062023,-0.09814073168327396,-0.056683839134324565,-0.018493663144607434,0.017238504302083815,0.05101703903146289,0.08318518626292812,0.11399076793950576,0.14362055581659508,0.17221998071024508,0.19990523102024957,0.22677108228831658,0.2528961825929335,0.2783467459537217,0.3031792087780995,0.3274421877721134,0.351177953625715,0.37442356064835214,0.39721172664093296,"3.4965075614664802"
-0.4002921590637218,-0.3522185229074415,-0.31280152307430453,-0.2782595740090352,-0.2470992584280781,-0.2186862587868404,-0.19320467724839024,-0.17355476600722253,-0.1546894295176052,-0.10311941131508423,-0.06288364419107138,-0.024173542429873494,0.01473831910653612,0.054517728969793865,0.09543666795028574,0.13737302301629334,0.17883463511754136,0.15857098399731634,0.29579487233523244,0.3862807880713412,"2.6026896854443837"
-0.12367253659331853,-0.09939882917632284,-0.08135555703045694,-0.07123569014940045,-0.04506800716580066,-0.012991784184363059,0.01720825334206498,0.04289450562189477,0.11079736538392024,0.1515795870233571,0.1852491518158474,0.214981998548247,0.24204753373623739,0.2671261449049437,0.2906391615341993,0.3128714956578929,0.3340276760922451,0.3542610411607902,0.3736904124380288,0.39241029251506016,"1.0986122886681098"
-0.23597173915267372,-0.21195146925024458,-0.17095567783713736,-0.15072163571097896,-0.10764693262039442,-0.10195702320986579,-0.0434305176136115,-0.027186455974714883,0.02363613445012373,0.05075430714024847,0.09700466870248778,0.1265041237678157,0.1816745282793103,0.22287816738305594,0.259764642227033,0.2940702190473677,0.3265244301176668,0.3575303014509754,0.387344626308634,0.416146041596509,"3.8066624897703196"
-0.23838119052019266,-0.2160295118215939,-0.19885517034244055,-0.18516184685808443,-0.1753766578680758,-0.16172137139229875,-0.06715473559033876,0.0015225231025165307,0.05557591406040406,0.10050909102883748,0.1392542363514097,0.17352648463946324,0.20440594887117544,0.23261555935033074,0.2586634750951438,0.28292115837755566,0.3056688710826916,0.3271236193376809,0.34745709797341245,0.36680765344797983,"3.1354942159291497"
-0.14925572704209852,-0.12333806152588841,-0.10383522722415252,-0.09075851016035165,-0.07328954922724709,-0.040214239595713665,-0.012630829105586336,0.014108018103695384,0.031436541970360374,0.09770687074395494,0.15324671464332948,0.1936776215161171,0.22830365239224243,0.25938276530625204,0.28795051812535133,0.31459822431196993,0.3397061840011005,0.3635382583579076,0.3862874648179775,0.4081006297114178,"1.252762968495368"
-0.3408934386546014,-0.32109836827192706,-0.3053727144049238,-0.2921977862459942,-0.2811975673094418,-0.2727831082773347,-0.271477122914094,-0.2555963249271656,-0.24231111061555172,-0.23376521677281198,-0.2516999335993089,-0.21272004845669804,-0.16255641378835375,-0.09750438829880995,-0.04207491185686507,0.006310267948214973,0.049323998033685236,0.0881194719601035,0.12352375932948134,0.15614768637780066,"3.8918202981106265"
-0.38810147525973565,-0.3417471897988371,-0.3039087019315515,-0.2709593428357307,-0.24158363175030348,-0.21555840464550685,-0.1947736124138173,-0.190485563473332,-0.13171264121309145,-0.09307290048283731,-0.05689165531886958,-0.02113923042381811,0.014814085864216966,0.05092211185160053,0.08581970279225519,0.10264005872628021,0.17710705971009102,0.2396235868093802,0.3027460281433495,0.396117010897015,"2.4849066497880004"
-0.30934584952270017,-0.2854538646692359,-0.2681232785835159,-0.2575131828974449,-0.2491502796059954,-0.2248885284211218,-0.21263796008890515,-0.20385717611491427,-0.17755734638187975,-0.14832820422498544,-0.060025439556038465,0.010879002899109045,0.06964329155569515,0.12011287542872577,0.16460050674135443,0.20458456222614538,0.2410551831899414,0.2747032997617899,0.3060289113732094,0.33540543986886107,"3.4011973816621555"
-0.3482000885712783,-0.3285450011288619,-0.32026724746631663,-0.3011375533910412,-0.2869235375158962,-0.2762179245507526,-0.2573840073195364,-0.25295944220700056,-0.22799182303219787,-0.23396386944012254,-0.19797482503766717,-0.18871264690356165,-0.16779142803615138,-0.1515031383207972,-0.14245794626704136,-0.11664519388059892,-0.08423577588050671,-0.007727262828907212,0.055288916588452974,0.10935195031567857,"3.5263605246161616"
-0.21556120119332572,-0.19344104779255983,-0.17777794086468715,-0.16978444561376546,-0.15548442963693765,-0.13219534506825706,-0.06081911314339007,0.011151999329590895,0.06601698686410985,0.11090704200053492,0.14932782804425626,0.1832043187123689,0.2136956569364756,0.24155427724373257,0.26729791954487414,0.29129929910096636,0.3138364662406171,0.33512289414295654,0.3553263916891578,0.3745815011656812,"2.970414465569701"
-0.3730717307925635,-0.3235003265940909,-0.2824681940233718,-0.2460950483187275,-0.21270562112225277,-0.1812890015318592,-0.1510999019742472,-0.12151322337872597,-0.0919914186455603,-0.06215138146195103,-0.03196052163831816,-0.0022903956304580237,0.02118069483137805,0.0640772623371508,0.12124102956706544,0.17414388397751512,0.22838060029915316,0.286103783655759,0.34978039500994856,0.42522536411146766,"3.1780538303479458"
-0.32213553867291134,-0.3049928972829106,-0.29231804781677584,-0.28417236784036004,-0.2782800799539897,-0.26234671369100515,-0.2559631383180906,-0.24459655046207074,-0.23248374502774585,-0.2434879538924637,-0.21165843770060444,-0.2030168694291742,-0.19373533761418518,-0.1788774235364771,-0.1725331455184552,-0.15888810552312047,-0.1449164114669772,-0.12648359239692775,-0.06558385142749426,-0.01414545282992173,"3.871201010907891"
-0.08345527021003132,-0.056721671609186106,-0.03542473189462035,-0.01991305742983816,0.015458690017601945,0.06727991905583174,0.10373056352897123,0.13385044749481356,0.16062165716374713,0.18514294956542796,0.20798715415760435,0.22950526882303765,0.24993385343584942,0.2694427377519365,0.28815947055367913,0.3061831479248979,0.32359282251802746,0.3404529101746146,0.3568168229512616,0.37272949960549717,"2.302585092994046"
-0.34618566333006245,-0.3236946063198305,-0.31076573932726187,-0.2984682575749031,-0.2769650284002804,-0.28036533550530157,-0.24596140214664675,-0.23441114496465132,-0.21574340529848413,-0.19685823816525946,-0.19386359921367527,-0.1610196663304519,-0.1454150689099837,-0.1119362147917976,-0.025420130940486712,0.04445639510596638,0.10352871738491234,0.15499126979316416,0.20084980425453075,0.242427188865919,"3.449987545831587"
-0.15973359948452964,-0.1284020833401745,-0.10273748681267911,-0.07966821669182755,-0.05762229286620471,-0.03541102434837386,-0.012053737125969244,0.013086203352764295,0.04005173356523547,0.06680329211497775,0.10490100605417049,0.17629807374408696,0.2184700707834509,0.25441140642232435,0.2868503906665613,0.31686948110135527,0.3450521655008888,0.3717632920310765,0.3972523006718873,0.4217002724163658,"2.6741486494265287"
-0.3564862213732537,-0.33553169994647747,-0.3125793261738155,-0.2838057876833003,-0.28239815815091723,-0.23879848563856043,-0.21650685621617644,-0.2037132277757307,-0.16547930304237124,-0.14693056515911862,-0.11793297207265364,-0.08629403664694721,-0.07728664291959852,-0.026091911864267257,-0.029813414505300555,0.04444420542963126,0.14569726129755456,0.22579247021374918,0.2907985288020132,0.34686894383171757,"2.3978952727983707"
-0.31681668570185806,-0.2936611161227482,-0.2755504624039017,-0.26063570071987696,-0.24865234693926058,-0.2411940496281744,-0.2367831330988991,-0.21257055050990778,-0.16083281362031934,-0.07924535546340278,-0.013491994717117848,0.04180022467048859,0.0896840872696337,0.13207380722960554,0.17023805441491158,0.20505371407375644,0.2371487965535182,0.2669872425258772,0.29492117306050286,0.3212241629234436,"3.5409593240373143"
-0.38135896581457557,-0.33613669023789744,-0.29942798992044223,-0.26774305196328213,-0.24002709899867597,-0.2169623995472838,-0.21033047584394818,-0.16290261227993216,-0.12363975616490834,-0.08874570963379802,-0.0551763341138171,-0.02226468466745312,0.009365602278684623,0.03371069817708304,0.08020977380902325,0.13686168174544946,0.18983097595801515,0.24296891862099879,0.30188929605269393,0.4067845999591114,"2.3513752571634776"
-0.39150913462423803,-0.36518801821558483,-0.36402340627151764,-0.31658432816509663,-0.2961303076046819,-0.2821270611494928,-0.24669087470670276,-0.22773607616481348,-0.20856667435406775,-0.17438968527973772,-0.15483043375127648,-0.13028364251162108,-0.09557841114225224,-0.07755114668739799,-0.04059664129080582,-0.00864219952524207,0.017357213675908766,0.057621497795980976,0.1267118815725212,0.22181743958011646,"2.2512917986064953"
-0.3299098392626168,-0.3173376397687817,-0.30434527652112137,-0.2907784334728773,-0.27995162016853925,-0.26655621676205243,-0.2553517654801599,-0.24320845434106972,-0.23047788066599437,-0.22024922597443322,-0.20533207947311208,-0.19747744695397174,-0.17976149956294044,-0.17463704120883633,-0.15351287972385017,-0.1502186694380716,-0.12632985695962867,-0.12058945922393476,-0.09820558848091353,-0.08729409572537775,"3.5115454388310208"
-0.3185212513490172,-0.29624890033873125,-0.27854963900889945,-0.26348507520483605,-0.2503767239464535,-0.239026198371826,-0.2296973865753002,-0.17673103119858613,-0.09569514645621903,-0.030471427822718708,0.024263933457892992,0.0715611391147182,0.11333257209330885,0.15084778992286907,0.18498662361484014,0.21638096604837548,0.24549879206153077,0.2726959997337115,0.2982495171505196,0.3223791189280053,"3.56953269648137"
-0.25353597649589504,-0.22728272177275471,-0.2175510098173996,-0.18552711262363217,-0.15921321327598567,-0.1443669809246663,-0.118963378367598,-0.08683446404927377,-0.06460674645711365,-0.043203270947165806,-0.0014511426315914826,0.022669022542240787,0.06781375471297506,0.15433983147258257,0.22079637481239037,0.27334769629603006,0.31882579255719273,0.35974410265027973,0.3973693068584633,0.4324535031350417,"1.0986122886681098"
-0.3088271480058231,-0.2990571965840379,-0.2661775869712201,-0.2646821620353349,-0.22530497168925792,-0.22238209673129955,-0.18388167944860623,-0.16940309646993462,-0.1402252896567735,-0.12029969123902097,-0.09164696239299841,-0.07364433737359194,-0.039611121285014546,0.05326521419128847,0.13156671883566043,0.19433065843467046,0.2477009488998549,0.29483420936743104,0.3374911761195008,0.376743846290769,"2.772588722239781"
-0.33808098053001157,-0.31884537716164907,-0.30364531654792204,-0.2910812021527674,-0.2809662253284755,-0.2745720861281279,-0.2698289882906633,-0.2525667033850635,-0.24288240570768002,-0.24432029167203195,-0.2230986460694017,-0.21044932715181794,-0.2022815228981431,-0.1642195647468261,-0.09971399527140982,-0.04471372690333382,0.0033121365212439757,0.046017567410195234,0.08454341577868615,0.11970886154062188,"3.912023005428146"
-0.32451306139022457,-0.3118437428682076,-0.3013701461146662,-0.2868426440132883,-0.27927366825538275,-0.26391769005718807,-0.25643166104625426,-0.2416377804701856,-0.2329300410970754,-0.21946333437247664,-0.20909863403640025,-0.19705835282652417,-0.18496529234605694,-0.17404660967010951,-0.16039728155107524,-0.14985936272634637,-0.13527658541904763,-0.12384274194280953,-0.10976013010822004,-0.09592386010797734,"3.58351893845611"
-0.35242837904830393,-0.32099464420976376,-0.3045259076950501,-0.2763664721902391,-0.24449188191490698,-0.22535912083905535,-0.20542739092162535,-0.16774557267361312,-0.14285253993548366,-0.14727195645010577,-0.08456712613452888,-0.05281698464847781,-0.04358785508129999,0.013476133770914476,0.04869873638514574,0.08579176544512836,0.1710285142282929,0.2618230349798812,0.33090416047120047,0.38934584609420564,"1.3862943611198906"
-0.1936722321410436,-0.17207278369081452,-0.156852685409389,-0.14957491359676434,-0.13398264475529326,-0.07354309975478678,0.002912550733464976,0.058470529678542056,0.10277102645601152,0.1401390313224246,0.17278979556472218,0.2019984021725141,0.22856838296839377,0.25304125214502676,0.2758008299952603,0.2971299998041665,0.31724383496917735,0.3363100484206736,0.35446220283154434,0.37180857073517276,"2.833213344056216"
-0.19236764362400274,-0.17370123266364654,-0.15881893142232273,-0.06680191705165157,0.003189507175816569,0.053478012713199095,0.09322493231357946,0.12640717268042265,0.15508874212301813,0.18048096668116992,0.20335727645459561,0.22424251615121113,0.24350970744888187,0.2614337974361841,0.27822349606830127,0.29404112555249223,0.30901553103160617,0.3232507741953428,0.33683216818227024,0.34983057147760666,"2.70805020110221"
-0.40625605682339105,-0.37205877131308307,-0.34907981580618846,-0.3422609732719606,-0.29616515359978357,-0.27056464187729584,-0.26003621913403074,-0.22407488525201463,-0.19272773346826774,-0.1707562226935069,-0.1576737051973752,-0.11167026320112315,-0.08148536534231764,-0.06413142194266631,-0.022959738788466567,0.015814986797775845,0.04008792706178106,0.08613556447470072,0.12499417323995538,0.19740512216221132,"1.0986122886681098"
-0.3617984339372713,-0.3458755453187665,-0.33301420240572965,-0.3218247844022602,-0.31174111551544353,-0.3024725127597048,-0.29384133371438764,-0.2671043972683349,-0.19608114540740482,-0.13698743439963018,-0.0862279088411259,-0.04171403157989499,-0.0020487044867574375,0.03374920085663882,0.06639443175805625,0.09642286051968599,0.12424579361754141,0.15018526214342695,0.1744977821528912,0.19739080777006826,"3.9982007016691985"
-0.2860096487299052,-0.2443537858660746,-0.2100078494314967,-0.17947408996711767,-0.15115252933088816,-0.12396721227299504,-0.09700626022807447,-0.0694256508389198,-0.04050213722027065,-0.009729723998498656,0.023189521307292554,0.05848211504945699,0.09645807024453087,0.13764185033459522,0.1829761684857974,0.23444369139380736,0.2987944383079779,0.3633654610337197,0.4154964194512663,0.4619458383044969,"2.8622008809294686"
-0.14928297548159797,-0.13008165360290722,-0.12674542516385084,-0.09792808913731756,-0.07906335936746925,0.003975026151728499,0.06114302992795587,0.10382972596704737,0.1389389888881206,0.16928487425562155,0.19630173849384952,0.22083249515299802,0.24342036728383315,0.2644387651839785,0.28415692280747396,0.30277624491285465,0.3204518770648265,0.3373062210311487,0.3534377831652842,0.36892718100657806,"2.3978952727983707"
-0.17922417448061626,-0.16744981236068904,-0.11921042957912768,-0.11487972112466044,-0.06086197877857363,-0.03792824651034085,-0.0010043403659281101,0.032046086917831916,0.06517288842272118,0.10649192909955703,0.15015162305744503,0.18632611583121736,0.21910484574542918,0.24967320250824565,0.27859784990353526,0.30621253777750673,0.33273817747025586,0.35833231478543953,0.3831132607086348,0.40717328437639116,"3.5553480614894135"
-0.24677456405691675,-0.22316587676004507,-0.2361680619557723,-0.17934164300436656,-0.15797312714640016,-0.16655612925233104,-0.11178967451377812,-0.08730707197739329,-0.10709149708582764,-0.0332479290647647,-0.005977639754952064,0.025421636234392878,0.08277029334409364,0.16511248138364082,0.22407233340312158,0.27274585582592814,0.315513375243252,0.35427457046884747,0.3900629385391669,0.4235192915876291,"1.5040773967762742"
-0.23981301008142353,-0.2181291669908807,-0.20866012919570087,-0.18894848891880678,-0.16961593511531134,-0.1698166990145959,-0.13278246997977622,-0.11564483240053837,-0.05481255317484038,0.023810148384828377,0.08393139943758857,0.13329162684969925,0.17571487772782177,0.2132936863557106,0.24727577111844576,0.2784634796391349,0.307405054453627,0.334493372873883,0.360020757827762,0.38421137311534365,"2.970414465569701"
-0.22478305459133038,-0.18771050459935523,-0.15784820737287078,-0.1325196951807899,-0.11195825650963638,-0.11798950881779402,-0.059944677897482604,-0.025792455089280644,0.005715421042190265,0.0366067469961388,0.06693877039563238,0.09294452247868275,0.13378573712085134,0.18925161232491952,0.24317319265133822,0.29515311039120584,0.3382208894133336,0.3769892992082335,0.4129191073966147,0.4467359146941565,"3.1780538303479458"
-0.1356788230515662,-0.11348154791464439,-0.08723686594760792,-0.0549021062916182,-0.04008472843092756,-0.00033647733224227347,0.03321347709870734,0.04670460954951599,0.10872930657050234,0.14661855810781615,0.1791684612285084,0.20879662037573984,0.2364119276339116,0.2624938069941129,0.2873395273867991,0.31115192131213093,0.3340784299555864,0.3562311580533663,0.37769825142472857,0.3985508427013701,"3.1986731175506815"
-0.23414689366693067,-0.18531570879689963,-0.14539241285049703,-0.11305395586373436,-0.04074924233806216,0.00038952523771597694,0.03675111952972973,0.07049951612507033,0.10241221104625085,0.1328925116478501,0.1621910991910149,0.19048112634817121,0.21789055893532727,0.2445184503289892,0.27044407976620977,0.2957325165688565,0.32043822433391894,0.3446075114420533,0.3682802630471666,0.39149120452924974,"3.828641396489095"
-0.1555107211727906,-0.12698694633308885,-0.11471269973832943,-0.07905457941111185,-0.04897457217705711,-0.02785253163320955,-0.003578692094317486,0.03743773717771925,0.06930985631042474,0.0897894971319835,0.15116194958944942,0.19100741023231724,0.22524260557264286,0.2564070577439512,0.2854570044649278,0.3128973623348186,0.33904118310642234,0.3641019240175058,0.38823460552974964,0.4115569786104164,"3.2188758248682006"
-0.18850902055873614,-0.1549043993046509,-0.12864735089753285,-0.10854270089240273,-0.11024104340039183,-0.056864910369622115,-0.025802939819824663,0.002317897544698118,0.028073288888420173,0.03633175905932287,0.09509011275506561,0.14003463073372696,0.18327227051285952,0.23381961730502687,0.2739927506284552,0.30980502138389454,0.3428429437789143,0.37385155972462186,0.4032651838009843,0.43136865355018444,"3.1570004211501135"
-0.15923646688620754,-0.13530820904918914,-0.11019761185233569,-0.0765052718091376,-0.06023211016146085,-0.023755028046583596,0.009289102404930107,0.020762450559033543,0.0754188455036947,0.11053586725837806,0.15684703424738533,0.19326619467738632,0.22578828526500483,0.2558672411374291,0.28416552555890173,0.3110639042558099,0.33681041950632506,0.3615798690157975,0.38550226244721647,0.40867817203350076,"3.349904087274605"
-0.32364629183895144,-0.2778636599343448,-0.2406781548929323,-0.2088879289291792,-0.1821902146474001,-0.1665356721894525,-0.12969558453786204,-0.08790579536038445,-0.052386225772034604,-0.019132450958121855,0.012233843924256025,0.038596647240834524,0.07019453440379715,0.1273056835157366,0.1762473196295097,0.22427501878559877,0.2715431730765682,0.2909108560110387,0.39769023356907607,0.45523670270030536,"3.4011973816621555"
-0.14887192227029566,-0.1376073049840588,-0.11401349147775892,-0.1005946349338704,-0.07485226178603445,-0.05347807350424323,0.0037965923395204644,0.0688872768849951,0.11475833172318037,0.15198044400067973,0.18411068309120088,0.2127809610743532,0.23890068984164622,0.2630388839144024,0.2855799360463804,0.30679809791298346,0.3268972262581389,0.34603377084009973,0.3643309156867443,0.38188771382448583,"2.1400661634962708"
-0.138256172749973,-0.10550117223131156,-0.08444448188234113,-0.04019807586633947,-0.045654966741877995,0.0312924654837482,0.06934535823719248,0.102386294720408,0.13263626755388677,0.16093894741850986,0.18774246645629267,0.21332704217296367,0.23788558075707322,0.261559512871753,0.2844572196596787,0.3066645180363045,0.328251090100847,0.3492746576887916,0.369783818026248,0.38982004144951676,"3.3141860046725258"
-0.3525014328195912,-0.33395802373227923,-0.3250131346515317,-0.3002638962015494,-0.3009935378396134,-0.2684610527720933,-0.2750744117659285,-0.23635995131555088,-0.24515421507813817,-0.20310969631642634,-0.21352942351080026,-0.1682771183692487,-0.16140035104421052,-0.13214105328904616,-0.11593617368603337,-0.09817200041310113,-0.06276343207028257,0.018567064390287342,0.08627952185475339,0.14365889197542117,"3.349904087274605"
-0.1215847923184488,-0.10707188452946234,-0.0888186331770198,-0.06430113792935814,-0.025085219516135713,0.0466195444334383,0.09168212788700213,0.12699512053595172,0.15693463611536382,0.18334579429692732,0.20721378887960032,0.2291379538237965,0.24951489878870037,0.2686230869716028,0.28666683745750215,0.30380127388767136,0.3201474251900593,0.33580184849062233,0.35084302230681214,0.3653357430239531,"1.9459101490553132"
-0.12660813105123714,-0.09913731874404075,-0.0829386189294402,-0.0576467232141018,-0.02440474812975194,0.0020408958847995323,0.017414157223438628,0.06400686462597212,0.10717189400109524,0.14771763537918603,0.1810878497250654,0.21098179845978685,0.23858425948799847,0.2644840788420369,0.28903437282368016,0.3124707270341802,0.33496155693109225,0.3566332375276946,0.3775840631023229,0.3978926311581374,"2.970414465569701"
-0.3147209036324316,-0.2988594752005794,-0.28815031445771166,-0.31069978279102844,-0.2676476231282464,-0.25964544828422786,-0.25001215697114926,-0.23783286564534442,-0.23598314711131477,-0.21722516031791672,-0.21373878273795086,-0.1970134928369953,-0.1879024630632362,-0.17779420955831715,-0.16420743458162312,-0.16964633732680895,-0.14186073149599385,-0.1312756961352527,-0.12598892271803533,-0.10334789234400968,"3.828641396489095"
-0.07308797337665511,-0.0515716658119944,-0.044902167742728594,0.013578922016096371,0.06667685649748309,0.10117740037400232,0.12963728655190138,0.15460532843919794,0.17718785551744742,0.1979946127933042,0.21740736298241187,0.2356852425174461,0.25301431947760056,0.2695338610656205,0.2853514963037779,0.30055254970787126,0.31520608406366224,0.3293689746398977,0.34308874982937154,0.35640562811682747,"0."
-0.3702792402180939,-0.3563528644669673,-0.34500731780225236,-0.33518630294579277,-0.3263292135998481,-0.31799331055937136,-0.25361727157540376,-0.18433460536651922,-0.12656425330557805,-0.07700412701096972,-0.03358921299874923,0.005059173872982669,0.03990694292098466,0.0716561890573387,0.1008324368235106,0.12783870046044762,0.15299047446255384,0.1765391754737949,0.19868829763999898,0.2196048178780178,"3.9415818076696905"
-0.3403736256410405,-0.3198213044609632,-0.3042925954924636,-0.2929708414347552,-0.2923023376001112,-0.27106599087540595,-0.2582313035969176,-0.26276506051996606,-0.2345441907371427,-0.22217910044348604,-0.22886843897065387,-0.1964221900638263,-0.18300671213769226,-0.17530641899341573,-0.10409237725320367,-0.0396336807698598,0.015427422079368872,0.06362146105948066,0.10660124957816944,0.1455045678804666,"3.7612001156935624"
-0.3994468848916852,-0.35703374197854587,-0.32377350299603047,-0.29734734359895104,-0.28330546259581146,-0.24848287793214896,-0.2105314345407116,-0.18037625617637187,-0.15568623743388402,-0.1574846615206546,-0.09415802513740551,-0.05403902162406661,-0.018417214421767893,0.01307809953014335,0.011882527722096083,0.09585558379204566,0.1455126217898162,0.18475380353732512,0.2097715688739098,0.36177654990051106,"1.6094379124341003"
-0.05470876276638113,-0.024482066459164824,0.015261511979648857,0.057639072658110656,0.08909639497553513,0.11587361754022842,0.1397615903319867,0.16160587615937258,0.18189396316184123,0.20094013531039412,0.21896239336628773,0.2361198722096884,0.25253329148026327,0.26829698010356756,0.2834864249611713,0.29816322002997403,0.3123784492115767,0.3261750676583046,0.3395896267338187,0.3526535507620955,"1.252762968495368"
-0.2720164060375777,-0.24914310607747714,-0.2314103943970958,-0.21699623905358903,-0.20586237313952108,-0.20148831259331504,-0.1704249635343622,-0.07995099773666006,-0.010565690753709027,0.04551256120761803,0.09283859269371125,0.13401165668199153,0.17063295227328143,0.2037481292967645,0.2340745258332908,0.26212511198267463,0.2882796077700832,0.3128272750320413,0.3359938076822711,0.3579588929218516,"3.3141860046725258"
-0.4107941819027814,-0.37569659835188834,-0.34917788893647367,-0.33161499169107034,-0.31256306996555094,-0.27752317557310885,-0.2535122668739201,-0.23925435748934204,-0.2132408414891848,-0.1802011118082898,-0.15520843154163091,-0.13871523524270987,-0.11101588383937437,-0.0744532536869398,-0.04564120191291601,-0.025140244981337777,0.008050852026311547,0.048964743750545804,0.08069506321089284,0.10558367016288156,"-0.6931471805599453"
-0.17790827345041396,-0.14390261042991986,-0.1253992439910621,-0.07968971570949866,-0.08761662971818981,-0.013849628115618202,0.0064025615365268795,0.0578630959415513,0.0989429351804607,0.13415795280033035,0.16638818992128115,0.1965994513738784,0.22527742228032901,0.25271644641080654,0.27911521786473886,0.30461756326479145,0.32933277998912436,0.3533469409408353,0.37672969849965654,0.39953863643218734,"3.58351893845611"
-0.39214870384081224,-0.3648216282935807,-0.35996324788286677,-0.31945798809680714,-0.2959044260817812,-0.3022630192942635,-0.251456968932509,-0.22813216998825323,-0.23121791139465547,-0.18193207041339132,-0.15659328031391523,-0.15275447517464683,-0.10660204742629167,-0.07870696548885125,-0.09025315688626216,-0.020946291722027763,0.005546880749978627,0.03869139880912112,0.0721330277450278,0.14145620158809513,"2.1400661634962708"
-0.14946824972175818,-0.11917813600070162,-0.09611013171317348,-0.08117176886491809,-0.05702589677365445,-0.02258254316797698,0.006433669966370474,0.033668322100379275,0.05421900743125078,0.09966683587833498,0.1498062906880447,0.19151193469642075,0.2264877167109948,0.25799643383237625,0.28717407205048046,0.3146028184158455,0.3406374158290658,0.36551682205709574,0.38941294944166793,0.41245537406663324,"2.995732273553991"
