-0.06060304093894573,-0.015526665797436785,0.021596185601497165,0.05419226172126791,0.08362187473554986,0.11059937510175384,0.1355490358562614,0.1587351769706632,0.180318150973381,0.20037780895764526,0.21891678562064254,0.23584255165914514,0.25091040801884623,0.2635577412967473,0.2722822827622581,0.26948004466596864,0.2864576195990287,0.30581574829996866,0.35948509339727747,0.41193320617222273,"3.449987545831587"
-0.05806967098506598,-0.013087591059979822,0.024495240312770745,0.05777003101129754,0.08797714193481347,0.11577466763781795,0.14155804060921046,0.1655780817623746,0.1879931736165229,0.20889351278777601,0.2283102058676551,0.2462127639876457,0.26249278056641057,0.2769235587248315,0.2890665016207885,0.29804327884775034,0.3020868398503631,0.30406306357274,0.32814974531162877,0.35046409102075204,"3.6506582412937387"
-0.3874130783958863,-0.32837773798843917,-0.28833423580037837,-0.3133864232356976,-0.20535952035060245,-0.15876427499455234,-0.12707819138126458,-0.13064907893417646,-0.0436873485759795,0.004940460015657276,0.0465575466356135,0.08440451451192053,0.11967577310243524,0.15298772911843628,0.18471803041135104,0.21512313372973804,0.2443893752883559,0.27265869321531855,0.30004301712908366,0.32663297277486963,"2.6390573296152584"
-0.04745729382843999,-0.008750980483397265,0.02129567166242375,0.04540883290964388,0.06360155940637423,0.07117827102273885,0.08822894209198787,0.11057316854529518,0.11441344051301361,0.1514258867341759,0.15120157466653095,0.19411331033311485,0.21072382564699693,0.23797511099293844,0.2796259486053532,0.3167663849392771,0.3463345959266761,0.3723002960220614,0.39592818583714223,0.4178382036625426,"2.3978952727983707"
-0.12374745028409798,-0.09746581012514179,-0.0638863750641199,-0.04194737297797683,-0.003858945858187913,-0.025767105785859917,0.054388602851711584,0.07986476167564091,0.09887549555806902,0.15015277440853209,0.1852125611765388,0.2152642145489817,0.24241016355457684,0.26752314732369675,0.29107976822890697,0.31338074770208424,0.33463342804860513,0.354989544199416,0.3745649689085512,0.39345105654260015,"0.9162907318741551"
-0.270325296926191,-0.24028216205506323,-0.194870633326127,-0.15248829231523986,-0.1951127425469309,-0.0807694758751659,-0.04771668956114711,-0.045887617220359146,0.0254605076581326,0.0614369998563544,0.07312451822371696,0.127544202583154,0.17597219567636085,0.2153628814042365,0.2506491311767824,0.2833042670283647,0.31402301300103086,0.3432091395228028,0.3711274197223117,0.3979655248762066,"2.1972245773362196"
-0.09385691070135442,-0.053402000781875375,-0.027311606795887684,-0.0635915902896661,0.019678554333116674,0.028803236937581893,0.06580015518437611,0.07711623410141408,0.1145080998874142,0.1177272304115763,0.1658047198955706,0.16839192135229444,0.2189456769692447,0.24348200366619716,0.2711071076852953,0.3153041795148894,0.3482556303733439,0.3770463754115137,0.4033138344327542,0.4277762371296042,"1.252762968495368"
-0.042873392819104815,-0.0035241503548721254,0.02789167965663483,0.05441132102364491,0.07701747914673052,0.09581616431440731,0.10981152307349606,0.11247183286567598,0.1323516528137674,0.15063613234208065,0.16096844931656218,0.1931691662711843,0.2029864011925605,0.23205679245351607,0.24826430076518985,0.30279703348944126,0.342842374989946,0.37468991303990573,0.40247578892985125,0.42762296783435216,"2.740840023925201"
-0.11554015197311218,-0.06535313885875058,-0.027642950296309494,-0.0005851808054240962,0.0017341709770179695,0.046782327137863525,0.06931010000025463,0.08995075793731551,0.12246523905675263,0.13470275805720885,0.17438496880889826,0.18502060141313423,0.2270176164109385,0.24207155231779204,0.28084429226226304,0.303472627111389,0.33555640734399295,0.3675793411022544,0.38875159645526325,0.4345086537959868,"2.0149030205422647"
-0.08307152953490486,-0.04986335926601435,-0.022913649921062016,0.0006312412927843093,0.021898018734312456,0.04147733736808773,0.05972893576277361,0.07689170761467327,0.09313382868446915,0.1085840087933685,0.122627874612195,0.1533540297018827,0.20094519569439676,0.24583145463551606,0.28570390076840735,0.32158652933162923,0.3541713744238438,0.38402556544913335,0.4116033010362697,0.43726552912735406,"3.417726683613366"
-0.08797107486256753,-0.03634440282717552,0.0050687883333007154,0.039835590911581335,0.06893142122796266,0.09187234099901806,0.10432778983555091,0.11879028176742529,0.15118626125555076,0.15018750112889634,0.19384479252777048,0.21135794574595929,0.235256976562848,0.2624513289724652,0.2759744716105103,0.3125846634043659,0.3152833610555853,0.36383617237090293,0.3454638510257155,0.41743898784145167,"2.740840023925201"
-0.058000684230140445,-0.010202697704247558,0.02927472319055109,0.06384734466399218,0.09485773766876045,0.12298567782477482,0.14859632065782852,0.17185664558967573,0.1927630523652848,0.21109842832315356,0.2262478480902477,0.23643301199724837,0.2306379759586823,0.25446190593823875,0.2305019242286729,0.29798845776405025,0.3175850784490934,0.3106848852661779,0.35879738501041936,0.3755749652121903,"3.349904087274605"
-0.21719362292239153,-0.18437904387038814,-0.15778975062127,-0.13465622745781428,-0.11377350578705814,-0.09454454530211517,-0.07659587253733893,-0.059683282988199485,-0.04363231097384387,-0.028311164875895273,-0.014786914846293213,0.035472674348631106,0.10688869285782174,0.17230952997170657,0.23189809977115983,0.28657225966577615,0.33704506843166177,0.38389085654161786,0.42757995025013423,0.46850260236016555,"3.871201010907891"
-0.1445875035811816,-0.0945246553917192,-0.053368208367121,-0.0171138756101586,0.015826223014226464,0.04629610287229482,0.07481448827268312,0.10172950514712928,0.12728902525605768,0.15167713106519407,0.17503482957560335,0.1974726320817797,0.21907858503524305,0.2399235861570547,0.26006511746378275,0.2795312956533172,0.2997217234275966,0.3348810880543255,0.4071150489033062,0.4698787425430422,"3.8394523125933104"
-0.1663883559574315,-0.11179567405573436,-0.07278797088623626,-0.05260035269731936,-0.020217379601180644,0.0158139973517613,0.022524972120284693,0.07532968788923303,0.0605777636759929,0.13372716189187386,0.12274765735922312,0.19257087590962482,0.1995319496401441,0.25183985086022537,0.27253021305467556,0.3104561529449139,0.34318618800310835,0.3639495151868336,0.4125641189333406,0.4205599071867446,"1.5040773967762742"
-0.06527874969901615,-0.0162775588089898,0.023877257228728205,0.05867030306646878,0.08941503534331563,0.11669141619114258,0.14065876075695347,0.16104841483732985,0.17672951409425078,0.18241520442795117,0.19699476511162772,0.2199272370687067,0.2213598741388801,0.26204568508266557,0.27294177374754425,0.29906189736769806,0.3231850805298699,0.3274249795250214,0.36919121288057255,0.3779989398333796,"3.1354942159291497"
-0.4090945231593455,-0.3421058428759169,-0.29156175257488876,-0.2548865055372024,-0.16668719137628216,-0.11288970734929471,-0.06754865835949249,-0.02666276626302066,0.011200665894098485,0.04677811470973233,0.08052122873381636,0.11273696366129958,0.1436482169345371,0.17342443938951474,0.20219884516844147,0.23007887976100452,0.25715297899007283,0.28349514131022646,0.3091681382677407,0.3342258383432784,"2.6390573296152584"
-0.03950922637359984,-0.00208516462577365,0.027658012435240457,0.05265532788789149,0.07381681162483619,0.09112752302438729,0.10314869222526055,0.09487031922281444,0.12968192111569202,0.14261729209093624,0.16226416574684915,0.18897903246117967,0.19129125151425722,0.23571148914997236,0.28501126604659816,0.31856395211294525,0.3467774208999536,0.37185889533682887,0.3947620314056738,0.41601295440465313,"2.6741486494265287"
-0.04573497301653441,-0.014760279421193028,0.010163585384638602,0.03174258908622252,0.05102846713880822,0.06855222882422023,0.08460952026503316,0.09936590947056716,0.11144541450550034,0.14354773414529975,0.18317302006567043,0.2181505420000649,0.24785747975673997,0.27384620808643273,0.29712639637101257,0.3183427312637453,0.3379213530214409,0.35615923451477083,0.3732726595999584,0.3894250331081534,"2.917770732084279"
-0.09558782054635254,-0.04569178989247825,-0.006928858579095153,0.02373975583088862,0.045331490141829696,0.028808626822374377,0.08945234577848483,0.10719548678110968,0.13012975574641064,0.15860520625225014,0.17082121447258156,0.20853307045097957,0.21372810759642344,0.2594496177165008,0.2631142365832848,0.31245125861542117,0.32133147544737234,0.3683497295676532,0.38576900181462,0.4282861344424182,"2.3513752571634776"
-0.31619482776128055,-0.28743268901758295,-0.2341449515704663,-0.19342658617431802,-0.17900642063634048,-0.11512781570915932,-0.0889821407361417,-0.054321132532484405,-0.005182141512133325,0.018846261933268604,0.05346493837736432,0.10525043328893756,0.13816231459841197,0.10872427261103323,0.21437884547718863,0.2618256516184861,0.30209867353326614,0.3387165601703572,0.3728943770108565,0.40523768547700634,"2.302585092994046"
-0.08614947253678652,-0.03967676438084692,-0.00447594040552184,0.021744562489276795,0.03382622569698322,0.05802224380232638,0.08568548933497704,0.08842344721045177,0.13275027278965432,0.09804741543463896,0.18074356115693715,0.1729095394174957,0.23112783777507578,0.21536168798593566,0.28480749597031024,0.2827541309572546,0.3428963179904183,0.35978395111659695,0.4106865781713604,0.4522012834188552,"2.1400661634962708"
-0.08793409006759915,-0.0671576812008763,-0.049717099748280924,-0.03476978196412864,-0.02019211693728846,0.01895878132550691,0.07301830444350367,0.11589329590263837,0.1517535020144725,0.18251108204817776,0.20947316104128677,0.23352876033354414,0.255292140638298,0.2751989185886529,0.2935680925471203,0.31064031221208604,0.32660195843211515,0.34160065720735,0.3557555940382082,0.36916456930948655,"2.9444389791664403"
-0.08208900107898513,-0.031122987133135268,0.01007711578454979,0.04507475351685286,0.07501998965446599,0.1000100310395303,0.11875532253326207,0.12199109105287038,0.15137248710021706,0.17372750815624363,0.17704282969545326,0.2183544715474757,0.2229419980263425,0.2611911842372563,0.2794075707298201,0.3036738835607811,0.33053710421398375,0.3462077983924855,0.38164999302496955,0.38787288979831597,"2.8622008809294686"
-0.09276752694691824,-0.07772184524832859,-0.06282297784300767,-0.024688581983958843,0.03716191617259823,0.08453765368471347,0.12177876519775972,0.15250643464218636,0.17875974741698258,0.2017549679465872,0.22225926555576048,0.24079085958259283,0.25771739991948905,0.2733098400006679,0.28777499363820114,0.3012753175580452,0.31393983924434016,0.32587255791833436,0.3371597420720848,0.347873802139584,"2.6026896854443837"
-0.22797744692972954,-0.18468655789006588,-0.14952635270839928,-0.11877236430296072,-0.09094042869599768,-0.0652560864875178,-0.041245894136177894,-0.01859426446175191,0.0029229908265094584,0.02347230922518918,0.04318161011490378,0.06215284904552264,0.08023123394796956,0.11422807326419833,0.1894201657410458,0.2639961681548728,0.33233778885160914,0.3954319289737821,0.45397658898147886,0.5085478393643138,"3.9318256327243257"
-0.14877719909338968,-0.13433576028654268,-0.07815716861805302,-0.04238469778936814,-0.05950485186668208,0.030618482071139836,0.07266988405276008,0.10736543333149194,0.13814245749505877,0.16628737820370607,0.1924706182032654,0.2171028680098414,0.2404610282252213,0.26274406351212737,0.2841015424628078,0.30464975093888996,0.32448149947824023,0.3436724377397632,0.36228530032932377,0.38037286693041017,"1.5040773967762742"
-0.09205818433174175,-0.0495456305792887,-0.019838280549182654,-0.006204801436146761,0.02025570841178144,0.046485978597812644,0.059590292486743364,0.09418251563176003,0.10518771599076512,0.1423235527011728,0.15832178558942714,0.19164291791220875,0.21600275406367322,0.2412372752067523,0.27691559115883907,0.27771920936504535,0.34326624679093165,0.3794471467149668,0.41018846031350037,0.43795363588665054,"1.6094379124341003"
-0.038054332960833825,-0.0067644821937581,0.01821499593555586,0.03962904116419788,0.05850187144483143,0.07528133442834355,0.09007766047967208,0.1033533518367905,0.12489091418242391,0.16987268777178435,0.20347427980265254,0.23112086249731226,0.25509123086644153,0.276521948827058,0.2960517147221021,0.3140841146780143,0.33089429573466556,0.3466807800507891,0.36159293137990994,0.3757468410161543,"2.6741486494265287"
-0.12034148462743567,-0.09605818993548673,-0.07626840069444893,-0.0591327735576684,-0.04367511227663361,-0.029467183565179432,-0.016181535428906543,-0.021608672079385712,0.055399547914198884,0.10773882760315888,0.15345201807522224,0.19384139867551986,0.22997004799618145,0.2626305413684092,0.2924309388938752,0.3198441431683503,0.3452414166471799,0.36891679507611175,0.39110544786627044,0.4119975153740388,"3.417726683613366"
-0.234027543360795,-0.22137547261733784,-0.20872340187388064,-0.19842982777513454,-0.18874702304330992,-0.1801062474215925,-0.17168766466177854,-0.1365235504615779,-0.06305418492244493,0.0002888513564769506,0.056531038807414516,0.10708331472575593,0.1529765666703979,0.19498667721571802,0.2337129222607204,0.26962800249176827,0.3031112763073884,0.3344716171058742,0.36396361941207017,0.3917993924090659,"3.7727609380946383"
-0.057172778725978195,-0.010392635498089312,0.02816760623857649,0.06198828379963027,0.09244755854205315,0.12026145628078565,0.14584362573397583,0.16943445724287326,0.19115206081578506,0.2110042473109097,0.22886581832656697,0.24439442984044568,0.2567637714692607,0.26348807111493266,0.2227621124078386,0.278842458195016,0.30159837383194626,0.3340019400010082,0.35369826739872956,0.3680739358922941,"3.4011973816621555"
-0.07893666838128793,-0.04041547254744471,-0.00894131798136106,0.01865079587953832,0.043610080364947644,0.06659608592070532,0.08801032517942597,0.10811830318928733,0.1271046186601374,0.14510103899290203,0.16220178640436855,0.17847201858656017,0.19392261012344109,0.21050895694230132,0.2430667953435843,0.2955297844136384,0.34072484473545595,0.381605938347055,0.4187977194402738,0.4528979924114659,"3.4965075614664802"
-0.16288625521720157,-0.11971951008594445,-0.10803020165047533,-0.0593546509065106,-0.03908972947199208,-0.0012532274734333782,0.01664851168648128,0.05788111175828737,0.0585084571889268,0.11705383356629276,0.12853383827167233,0.17394505406249416,0.20455487493081684,0.21754254185046526,0.2716704091831981,0.29817417215880837,0.32426779194349,0.37736456941020985,0.4160105923350993,0.4498706820867436,"-0.6931471805599453"
-0.1882064321209425,-0.1524818182839424,-0.12353567367401255,-0.09828131400593097,-0.07545989194056256,-0.05442393554631881,-0.0347761484252066,-0.01625302880509985,0.0013326057560121161,0.018119288248149883,0.03425921284051816,0.038148223265294955,0.11702947770426014,0.18349954716410224,0.24401819755439563,0.2993078109740866,0.3501535664312778,0.3971805310284077,0.4408996922354248,0.4817344976949102,"3.817712325956905"
-0.05979028328617822,-0.014787870423189624,0.022655197582966982,0.05574965108022209,0.08578256225510059,0.11343809032947322,0.1391302085839214,0.16312592858078212,0.18560041420330767,0.2066637533288365,0.22637320649780748,0.2447357885752145,0.2617015508984013,0.2771436717007921,0.2908138321678697,0.302243274194592,0.31052467374033593,0.3141978299870402,0.32012186686597666,0.34532494071362374,"3.6375861597263857"
-0.17464077643202736,-0.16739659101688115,-0.10460207453646551,-0.09928406443589922,-0.04273728285669515,-0.014179303009168033,0.0036523873110561093,0.054220566150165635,0.08002880860922033,0.099298977506129,0.15479896953444172,0.19284481153405775,0.22566600404870574,0.25547600359975325,0.28317998978660913,0.30926823434740874,0.33404878291760676,0.3577336694125992,0.38047805150228237,0.40240053113415836,"1.6094379124341003"
-0.23122760718169433,-0.17174330083568287,-0.12288876160288571,-0.07985522163625446,-0.04073924104723447,-0.00453048793320467,0.02939182712883915,0.061444653755757576,0.09192548625503956,0.1210560828175656,0.14900731725758856,0.17591430793047683,0.2018861310180149,0.22701232589367373,0.251367409158984,0.27501290461207417,0.2981512289599882,0.3026803018896742,0.40410383167942965,0.4879204773196444,"4.007333185232471"
-0.05933848207433075,-0.01592063068877455,0.02043366563185551,0.05271046755550029,0.08211288162949804,0.10928512616683424,0.13462153699797386,0.15838161064725265,0.1807422128287371,0.20182404778492247,0.2217056418185213,0.24043020721748667,0.2580075284042217,0.2744112990203496,0.28957100095716914,0.30335600695264603,0.3155490350262997,0.3258173988917294,0.3338081774407205,0.3404020792705185,"3.7727609380946383"
-0.1089998930402182,-0.06759251622342041,-0.04270725928680846,-0.032175498524716246,0.009811791428379988,-0.013392463853470184,0.05949728175965054,0.046874295379924866,0.10997077713744544,0.11943388959828465,0.16107518268744458,0.18441872377186352,0.210162879870602,0.24767920987054667,0.25035106805542645,0.3102831587005737,0.34870035150961654,0.38063249824543655,0.409294083768541,0.43578140983812286,"0.9162907318741551"
-0.07544011419810785,-0.025876305781353616,0.013820670462672609,0.047147201596639134,0.07509142651526048,0.09730023873967965,0.11034543393800411,0.11758228250654265,0.15265884257054463,0.15563064096550897,0.1935793725549721,0.21238929211040714,0.23323046604989586,0.262141756321257,0.27094210114057543,0.31166692138144797,0.2923897861227654,0.3629710009700903,0.36721102009323514,0.4174511415266815,"2.740840023925201"
-0.15932502925381098,-0.10464289978204801,-0.06516134736221271,-0.04258038203215254,-0.016725832105206,0.023091441615784646,0.008232025363791806,0.08123033438797067,0.07630344154876392,0.13890407730815393,0.13498083466898383,0.19765236327087227,0.15595952977358019,0.25751932429530827,0.26733086887387986,0.3177868239909966,0.34341155829400816,0.37631058753110325,0.4159593772034506,0.41480979993698497,"1.6094379124341003"
-0.06819133611226953,-0.024843673644531706,0.008526393974387158,0.03459784702599257,0.052182158656585535,0.03128675400687046,0.09118343751010949,0.10229547381195431,0.1301190601842271,0.1506817214156849,0.17097945402730888,0.19797753062815363,0.21537370251468435,0.24724206135715834,0.2650494638750874,0.3007096337777388,0.32010506157482055,0.3671373962034951,0.4064716865532317,0.4384621454942548,"2.302585092994046"
-0.04468485948261536,-0.009568411909326497,0.01496230974700409,0.027742803379900642,0.04216049086387991,0.069104033405457,0.07751889416509472,0.1148397276185113,0.12010440988410685,0.17281128483063146,0.20548804365121567,0.23188203005811303,0.25504847995995644,0.2760698865351487,0.2954994620913203,0.3136731274135541,0.33081653318663123,0.3470916234296898,0.36262016007335185,0.37749690152116233,"1.7047480922384253"
-0.3642870092529717,-0.3122747091706044,-0.29089589175093833,-0.2353448048902258,-0.18719899716130042,-0.16228087982214215,-0.12461652935527406,-0.07038819914843619,-0.03457998575570619,-0.024976982213984613,0.03643261329778555,0.08782043115024712,0.1300226630056527,0.16799331603639864,0.2032354379771718,0.236460768064995,0.26808406622328496,0.29837800334508924,0.32753634857003894,0.3557044062558562,"2.5649493574615367"
-0.08521472737066056,-0.04772746450370702,-0.017149381372872155,0.009642516229129454,0.033879591241286755,0.05621145827581426,0.07703420757406038,0.09661090298999955,0.11512612077141919,0.13271393178722926,0.1494734678937206,0.16548304025401556,0.1802798528462309,0.20854100490476285,0.25701144011614324,0.3047803271500826,0.347591759888365,0.3864481946810745,0.4219720258513493,0.4546925008949993,"3.5115454388310208"
-0.038296719992936254,-0.007883226365301598,0.016334806043852075,0.03705293208259167,0.05531523111417612,0.07204741193134272,0.08633503960975594,0.1386743909093284,0.17140029817054925,0.19797753989708863,0.2208425500963608,0.24117092930953535,0.2596029125065405,0.2765446062961116,0.29227304946044813,0.3069889266894652,0.3208435226157047,0.33395460330254906,0.346416048426148,0.3583041625786388,"2.4423470353692043"
-0.07074543919473801,-0.020801633599886588,0.0202094020960077,0.055790074287023275,0.08726230378413788,0.11521144171850851,0.13980116721181174,0.16076800170142116,0.1769920905789347,0.18325367512441315,0.19804984457720176,0.22202728819388673,0.2152453847282537,0.2630954363226744,0.2755672433401729,0.2993701441190648,0.3243504727587683,0.32637208917946264,0.36945785451061075,0.376833787711482,"3.1570004211501135"
-0.3604505222701753,-0.3027912063149205,-0.26729626995554406,-0.24303867550217045,-0.17433841636735992,-0.13246053056845383,-0.11061248706290339,-0.06612865681358134,-0.007297935837055501,0.03827480622637752,0.078584011970969,0.11564575023085227,0.15035922323498035,0.18323364379380078,0.21459825990516138,0.24468441730683746,0.2736640894512122,0.30167037959514953,0.3288094664826035,0.3551680586660161,"2.5257286443082556"
-0.06164060805049057,-0.030086980321488443,-0.004552031325491324,0.01769475842053956,0.03772840807104148,0.0561092261654685,0.07317470870705564,0.0891443702237036,0.10417315587279316,0.11758424021683044,0.1467685870772457,0.18950755074089498,0.22927040938073293,0.2639036617338661,0.2946384211506381,0.3222812651829701,0.34746753493859656,0.3706686668372591,0.3922334188444855,0.41242349503142584,"3.1986731175506815"
-0.06672538974915652,-0.028361899321454803,0.0029923414050186527,0.03045708527826102,0.05526338710149054,0.07805929710366057,0.09923602998186898,0.11904774646807909,0.13766493768085844,0.1552004645498708,0.17172171087416466,0.1872533017000275,0.20178060949338103,0.21422482353518502,0.24519175151746928,0.2920431294970475,0.3362590227500001,0.3758128603154675,0.41158188293575754,0.444215448429808,"3.417726683613366"
-0.04041163851812303,-0.004649905258758913,0.022535284077404388,0.04348623421010552,0.056866113177665656,0.050144622816786305,0.09056301720609498,0.09468301050107915,0.1294007342600312,0.14794821701996552,0.16886930286501892,0.21154147366730588,0.24584176308815717,0.27314823267599,0.2970248542648336,0.3186572999011663,0.3386367190634149,0.3573168876664089,0.3749331594816468,0.39165332384735596,"2.1972245773362196"
-0.4302601095992434,-0.34563801120828436,-0.2785742564922208,-0.22108310676029613,-0.16985608933819388,-0.1231079449151033,-0.07975544188440419,-0.03909130393485721,-0.0006263540094553195,0.0359940753319159,0.07103691965567949,0.10470909664430514,0.13717489665224666,0.16856741148948612,0.1989963079498241,0.22855327025972275,0.257315912796153,0.285350659353014,0.3127149041202431,0.3394586616746408,"2.4423470353692043"
-0.058887807699472605,-0.014873650449034497,0.022063970642077456,0.05487877663509475,0.08476043845239156,0.11234426546084578,0.13801648056014149,0.16202760599514912,0.1845434759340521,0.20567040419144803,0.22546735444750907,0.24394993430242506,0.26108737018715367,0.2767908875992433,0.2908882709209754,0.3030731459051432,0.31281427053179917,0.3193445335928119,0.3240365550226394,0.33899737095108146,"3.7495040759303713"
-0.07797074080381151,-0.033334993577739544,0.003893827481191587,0.0369217922390302,0.06703882985554926,0.09493739236482397,0.12104503342613536,0.14564836961539812,0.16894974729121823,0.1910966444635611,0.21219823531809795,0.23233518409733395,0.25156548943970025,0.26992775560269966,0.287442526451905,0.30411185247971306,0.31991685889223753,0.33481258773955,0.3487186225784233,0.3615027939110118,"3.8607297110405954"
-0.15708325209474588,-0.12257644739584042,-0.10020221840631376,-0.060363743505950807,-0.03892949100820963,-0.004684716921028975,0.025021445349336462,0.042510629184117396,0.08689382575221861,0.09803010804907523,0.143224673031459,0.17778921128798778,0.1827686804468479,0.24068869295946033,0.28186942412529703,0.31587290257537926,0.3463756653250262,0.37457960077046104,0.4010741089944573,0.4262091651725425,"0.9162907318741551"
-0.08720520921854598,-0.047108354859904215,-0.02054765295670511,-0.021187158383827336,0.023587027964674406,0.03861927803823447,0.06779055598513133,0.08613694821698757,0.11559687846252094,0.13122609053782533,0.16697572232955532,0.16658265543856532,0.22143866889957659,0.2374909146341361,0.278913009852318,0.3176032888587522,0.3486524171773154,0.37618774077580164,0.4014595211173316,0.4250666048248998,"1.3862943611198906"
-0.2234294192633316,-0.1965318645238595,-0.14852239734753536,-0.13111503379555825,-0.07915626387666652,-0.09061719866809971,-0.014594390851827132,0.010983879094111205,0.04010742981011407,0.08417360621912276,0.09908780597575281,0.1444962296938227,0.18548815495332593,0.20683109972038044,0.2436555201271286,0.29461705751413697,0.334017149120948,0.3689405745611741,0.4011285815615679,0.43134829670316904,"1.7047480922384253"
-0.462928835389569,-0.3792377167534948,-0.312382112969057,-0.254804498947635,-0.2033731151864271,-0.15638308572899678,-0.11278464158383084,-0.07188231587534659,-0.0331901009833132,0.003646497908022571,0.03889521188387391,0.07276404268317888,0.1054183898944976,0.13699236591712655,0.16759653231510394,0.19732334231957066,0.22625106608731488,0.2544466848076403,0.2819680661924847,0.3088656277821462,"2.5649493574615367"
-0.24466533124827225,-0.23200101554207855,-0.2193366998358849,-0.2090331633812668,-0.1993409874119394,-0.19069179192456862,-0.1824628134586058,-0.16056760121547706,-0.08869707051715105,-0.02237602834587516,0.03650525078042515,0.089438356698546,0.13750030234326394,0.18150117301952484,0.22206634886499987,0.2596890305235137,0.2947650858763916,0.3276169688423617,0.3585106364032062,0.3876678297837963,"3.817712325956905"
-0.14713423716258328,-0.094465284863232,-0.050860653408846636,-0.012292263846832118,0.022848028218825554,0.05541985949495456,0.08595392558298953,0.11480773142429439,0.14223665397948487,0.16843090131877958,0.19353657074527938,0.21766847764754862,0.24091837446437903,0.2633604176720418,0.28505489984257726,0.3060508304471883,0.326387709891053,0.34609667992934695,0.36520378617125654,0.3835127065335902,"3.970291913552122"
-0.11651083209336542,-0.07490103300605487,-0.05106603436035793,-0.033202445969442856,0.003770227642596227,0.007742732073686825,0.054738616761585174,0.062337285978761155,0.10558280943691462,0.12371102086146575,0.15580443107344838,0.18515995659458778,0.19930208114640233,0.24600543169663217,0.2645261770747319,0.3037628564175219,0.3461146536483399,0.3797240057194023,0.4095437792748891,0.43696610860474566,"0.6931471805599453"
-0.06704939519272438,-0.019354613810446213,0.020484153591003754,0.055670619339529125,0.087480361516115,0.11657695864798397,0.14334126228470268,0.1679891992816259,0.19061705989008496,0.21120905569724052,0.229608016009724,0.24541332359345877,0.2576353340382577,0.2628227056260608,0.26344199821916575,0.2838945457723469,0.3028267174803706,0.3287858035943762,0.335944782621433,0.3599953313228168,"3.5409593240373143"
-0.05741067602132956,-0.01005729713933213,0.029150926816472418,0.06359854053950476,0.09462712864183666,0.12293106063768006,0.14890594466152163,0.17277252221232003,0.19462306932632578,0.21442632640239054,0.2319894611242638,0.2468307866481698,0.2577432339257807,0.26029340799445816,0.2623779783435188,0.23029877287797085,0.31358529069284363,0.33503666065901283,0.3348805886498811,0.37178360101312496,"3.4339872044851463"
-0.07607802669256221,-0.025406682456088278,0.016409616799637303,0.05285909014485215,0.0852780897394937,0.11428966571192166,0.1401354626343705,0.16272997476713363,0.18148621357540914,0.19433723336954337,0.17832881660377656,0.22436713210413828,0.2372899361996203,0.2574207108109197,0.28353241017117503,0.2618025632668492,0.32392244723156915,0.3383144850036028,0.3613631241690404,0.38695597132222015,"3.2386784521643803"
-0.04697794121625065,-0.008924476541651604,0.022035994119923207,0.0489606274627727,0.07303820787675809,0.09486844298332274,0.11477530412331505,0.13291015013906016,0.14927222962811257,0.16365463215957696,0.17540582532895418,0.18218143583442328,0.174244917081092,0.2010725759151739,0.25692274741303694,0.30149154989753646,0.340660329854261,0.37502285435283594,0.40559121687920313,0.4332915197838609,"3.1570004211501135"
-0.07450759293620142,-0.029719246574177998,0.00754928143132206,0.04055424781994209,0.07060334663378057,0.09839683359805522,0.12436554435462029,0.14879673018076603,0.1718914351033071,0.1937940937140671,0.21460897820083893,0.2344095980760719,0.2532438143195868,0.2711358828448328,0.28808573813900923,0.30406504803930845,0.31900850711486256,0.3327968565393037,0.34522385916543213,0.35593019155012023,"3.784189633918261"
-0.035832681841509575,-0.0007869395599969407,0.02702040649813134,0.05043781991441776,0.07037269497220774,0.08688497240366877,0.0988508214747722,0.09713676694527697,0.12327525526097431,0.1409458448013095,0.1488945968368801,0.1872073544878751,0.23609223293062037,0.2689665001381454,0.29628829880329516,0.32037493207980927,0.3422274039894821,0.36239577646121096,0.3812251412904892,0.3989511014513125,"2.6390573296152584"
-0.06041511771762561,-0.014178134532758447,0.024458305981156316,0.05864087638988854,0.08962941067352556,0.11808848524085175,0.14441227620175007,0.16884367506333403,0.19152548842487765,0.21252165248144217,0.23181984038480666,0.24931509495730686,0.26476108284547495,0.27764138558868556,0.286769846559336,0.2884130978605084,0.26357518352440046,0.31411065640504227,0.3409528272638637,0.3550158540068399,"3.6109179126442243"
-0.2759274032052214,-0.2619565661771507,-0.19542866099875184,-0.1648859565836853,-0.13069951832847448,-0.08524721863295888,-0.08093866821101121,-0.018146196451489738,0.018386409539174198,0.004172675799608252,0.08769243903064249,0.12671433604970142,0.14621082347757378,0.18827557222893185,0.2402400362897211,0.2811067266544896,0.3174953712982994,0.3511176040080487,0.3827381678361567,0.412788531668361,"2.1400661634962708"
-0.05862492412755067,-0.010943268805548837,0.028428658679064075,0.06288450335738015,0.09375451678670045,0.12170689477017986,0.1470920600002465,0.17005439162285715,0.19055001654223558,0.2082767657127355,0.22238807771860594,0.23006017195049921,0.2197738611886389,0.2536296296579768,0.2617975923052061,0.29802662519777134,0.3121534523753629,0.3281842522861878,0.35772283251113873,0.36380532177374786,"3.332204510175204"
-0.24274356776004502,-0.1894328193333467,-0.16712709692404673,-0.1121928311378679,-0.05223854941261152,-0.006283409585998346,0.033618331266046846,0.06973441608055386,0.10313018649966067,0.13442334103013687,0.1640162335977192,0.1921909119950389,0.2191554640075868,0.24506934172142184,0.27005833067004,0.2942239645949071,0.31764975365109754,0.3404054679551076,0.36255017533124734,0.384134453544481,"2.0149030205422647"
-0.059779888442716304,-0.038940441076977604,0.05303403563356633,0.09007879891847398,0.12382817946960227,0.14755063258390871,0.1679281508645848,0.18614140569178092,0.20300888174638468,0.21742918978822898,0.2304760092626939,0.24338559307829408,0.2558097811353806,0.26681573254313506,0.277081813743524,0.28743540606506623,0.29746634604381456,0.3066710774760957,0.315449342406493,0.3242251221333551,"1.252762968495368"
-0.06768417101610588,-0.019807978689434003,0.020250652391870953,0.05568746158501458,0.08777840343178477,0.11719140552246175,0.14431536972016523,0.16937923953762637,0.19250036966039588,0.2136988674048531,0.23288461382223816,0.2498019375275958,0.26386306337429616,0.27352013581767265,0.27085525763682944,0.28728480471386036,0.2731569667609977,0.3289533830294997,0.34603110679966403,0.3439558759871164,"3.58351893845611"
-0.17523512885310022,-0.13648692289967512,-0.1050298248183984,-0.07752487826307339,-0.05264160674976479,-0.02968579983781705,-0.008233120694575737,0.011999238525490116,0.03121213572259775,0.04955464333991575,0.06714176162594528,0.08394554487222866,0.10985583797213193,0.17259398033357837,0.23800802792727035,0.2973463105792369,0.3517274349059444,0.4018584708315371,0.448319573501939,0.49159050075232136,"3.8066624897703196"
-0.12161050984483958,-0.10528489978694103,-0.0571933102417105,-0.10737413676977958,0.0032285394029918564,0.02912490811760762,0.049776164648701264,0.10187807874634977,0.13752765898636615,0.16791912908048148,0.19524656419710065,0.22043316905020496,0.24398632508272816,0.2662269696851564,0.2873764152144519,0.30759640238041525,0.3270101640507766,0.34571458492194,0.36378772342434107,0.38129371943256357,"1.0986122886681098"
-0.0629252004872069,-0.01887706062071303,0.017860421651704563,0.05040947444294618,0.08002542814474563,0.10737958904203897,0.13288283454978184,0.15680600815605505,0.17933455952344116,0.20059630219545643,0.2206761817107164,0.2396236932675407,0.2574552204185295,0.27415176910643263,0.2896510942291555,0.3038313047104401,0.31648020473920196,0.3272440395937559,0.33559625390043313,0.3414666430184155,"3.7376696182833684"
-0.23326734756854814,-0.199637306538812,-0.17238582710943876,-0.14867515843398416,-0.12727064276750075,-0.1075605282317966,-0.08916213778473038,-0.0718252481046343,-0.05537108875044618,-0.03966853311156048,-0.02437612328545506,0.0023333839542537113,0.08403312590546694,0.15367253316406104,0.2171742566584555,0.27545937443748497,0.3292832909781557,0.37925259309754916,0.4258634629956904,0.46952746966594927,"3.912023005428146"
-0.11270920970855869,-0.05991825008957861,-0.01879122154389598,0.013825185236258758,0.036859542511705305,0.014776814316827354,0.0844746584064396,0.10362031354516625,0.1268100108787,0.1574423896722483,0.16791533573790007,0.20914060754910882,0.20988118612739107,0.2613968733746142,0.25870836905218625,0.3152301511636917,0.3189780828607245,0.37116093767768,0.3850127532196505,0.4295195575281133,"2.3513752571634776"
-0.057699063793068626,-0.010931392097180827,0.027787092687544073,0.061848228870485335,0.09260171751412828,0.12075427309659292,0.14672045100708886,0.170750207283574,0.1929821519485156,0.2134626444767076,0.23214075878347695,0.2488323440029849,0.2631174922394562,0.274028222131586,0.2786803446898648,0.24195540082581052,0.27942820781405237,0.3275814419140107,0.35065921892340385,0.36141455053156807,"3.481240089335692"
-0.3523335083044426,-0.3015669567437956,-0.28566773640024584,-0.22288843495163446,-0.17723341077058646,-0.15690146881865083,-0.11048594911529282,-0.06007044985239864,-0.026647275238727463,-0.04088900107452615,0.04964544815688579,0.09851128774807238,0.13965840019475245,0.17692160436708815,0.21160139001837563,0.24434267998191922,0.27553103042466365,0.30542398388387093,0.3342065153671537,0.3620183708215231,"2.5257286443082556"
-0.10342109002741176,-0.051267148030802734,-0.010040807049131701,0.023654246720706776,0.05007773394225596,0.06519844860669777,0.08110643594064418,0.11608729163485053,0.11700174873260952,0.16112747239428096,0.17866060160153532,0.20570868516777044,0.23126853409327983,0.2515879144205059,0.28293128090839126,0.3003375551342676,0.3354743563285558,0.3533069690988094,0.38980908825650307,0.4110483999288106,"2.5257286443082556"
-0.0941894243424138,-0.044427189160001025,-0.013030714379196427,0.021991337946090685,0.05509728120482452,0.08390473485279117,0.11013238595723991,0.13540932093814728,0.1598946211396527,0.18303274283121265,0.20493976720305715,0.2261597339129133,0.24681041679379767,0.26670851912505505,0.28591397369948757,0.30463440659539326,0.3229117588914516,0.34069747270895157,0.35802901280388627,0.3749873663743976,"0.4054651081081644"
-0.09305264394099044,-0.047609073037914236,-0.010187853287650145,0.022771765210549647,0.052685754259235065,0.08030717185754074,0.10609759353919153,0.1303646606991719,0.15332456803679637,0.1751342660079423,0.19590943631185015,0.21573493597098647,0.23467075751773178,0.2527548807530992,0.27000338130814056,0.2864140022760494,0.301400295576381,0.3304796984649086,0.38347863234658686,0.43688445342595555,"3.676300671907076"
-0.20926868353250258,-0.20895948285576454,-0.13545413971527612,-0.11053094405114221,-0.0751074321658708,-0.03436569822408931,-0.030266655333233635,0.028727710408752036,0.06573421787325288,0.07954894354803253,0.12756635208605785,0.1739650212259318,0.21114232584149917,0.24421586955449912,0.27467716095257955,0.3032255789161173,0.3302666913119989,0.35606600448107373,0.3808113737534308,0.40464302615273745,"1.8718021769015913"
-0.03699391831051636,-0.0009481204507968717,0.02040589491055568,0.02346121969066126,0.0801346731926494,0.11634809894970993,0.14418623991441631,0.16780213140352576,0.1887010851584123,0.20764983397874676,0.22510163525064103,0.2413578190544816,0.2566332089200137,0.27108468273740643,0.28483040659384395,0.29796335090510107,0.3105581459332441,0.32267500127036547,0.33436350248486535,0.3456655235234288,"1.0986122886681098"
-0.2709508584020106,-0.2488579793610243,-0.23031229810974785,-0.2144169688633852,-0.20002008132688415,-0.18683131873542438,-0.1745177743167031,-0.16294176479631942,-0.1519780200373239,-0.13374201501503677,-0.06365528175939718,0.007507570068725429,0.0717866273265894,0.13040739593275522,0.18426450370545056,0.23405721169416951,0.2803432193063638,0.3235750231488107,0.3641250530574553,0.40230353191585244,"3.970291913552122"
-0.06217199572900206,-0.016683864716748684,0.019419363073480293,0.04939933751851976,0.07404079549697123,0.09250289039133784,0.0974350501424639,0.12187991660036043,0.14349283328027823,0.15080517877125899,0.18733705111597448,0.18359221511827972,0.23101056579202756,0.24533186570584778,0.27618923984199795,0.29999683597304055,0.32346496537204095,0.3568789308530583,0.3741877091517676,0.4366661086616191,"2.6390573296152584"
-0.08354224362079186,-0.03807250743592192,-0.00023772030076364597,0.033285080560652075,0.0638303167355349,0.09211331676751183,0.11857538001635895,0.1435122727714468,0.16713292369384533,0.1895898664269607,0.21099639615971602,0.23143673105814633,0.2509721037445208,0.26964421035695807,0.2874766752331126,0.30447469807527505,0.32062260430237066,0.33587841161612425,0.3501634193237316,0.36334243908117214,"3.8394523125933104"
-0.04862029697968635,-0.019694795067919435,0.005042861335214363,0.033473354678865204,0.0948009777730182,0.1281147964440124,0.15509425650828354,0.17762306667042352,0.19731905404195507,0.21485413171524445,0.23072977618312376,0.24528437314984577,0.25877091537269725,0.2713528476396188,0.28316798450286,0.2943353628090804,0.30493989121715737,0.31503945996247507,0.32469190695223826,0.33395286493954823,"1.9459101490553132"
-0.09760314423156086,-0.06732564744962938,-0.04851753773618318,-0.0130613876652685,0.009655023971567707,0.03587799319885614,0.07135864902655549,0.06550055613912398,0.13132733733540922,0.1679615598818714,0.197942008949932,0.2245234649082514,0.2488472062583218,0.2714920839959656,0.2928082494791619,0.3130305403225385,0.3323274308323775,0.3508256313233331,0.3686238252507518,0.38580095770124856,"0."
-0.07824317625858564,-0.053993601014186626,-0.03424497002870346,-0.017155427338377268,-0.001748287412459552,0.01292340064736342,0.04027279350498004,0.09407507183709447,0.13611500717844868,0.1717389438638077,0.20253002382005694,0.22967099452009063,0.2539935380782105,0.2760850337409217,0.2963654924432136,0.31514344174858056,0.33265179522494814,0.349070923398577,0.36454365464993504,0.37918529221646474,"3.0204248861443626"
-0.10632905712204194,-0.06387965881031377,-0.02911936483805601,0.001417810315382095,0.029102208108162282,0.05465970487421655,0.0785348020579148,0.1010244616138893,0.12233884267713575,0.14263267364890705,0.16202296536986652,0.1805996386682222,0.19843228028873736,0.21555248217836478,0.23357592257643428,0.2671394954651722,0.32764256034619405,0.38002723838676894,0.4279363330889201,0.4719294788824956,"3.6635616461296463"
-0.05741563274778656,-0.016370482504969506,0.01726233607194402,0.04671103528463133,0.07325032717381824,0.0975463170796189,0.11999224321730591,0.1408304229831867,0.16020367715280628,0.17817485264940458,0.19472418019126067,0.20971759533929682,0.22280704030974485,0.2330808862994526,0.23729950036138495,0.2592612533778577,0.3101819495798651,0.3583459709537859,0.4008674064821617,0.43899470221593434,"3.367295829986474"
-0.1343650051067551,-0.09185202299059597,-0.0707386574411215,-0.0409959223209795,-0.010528925055058161,0.009961347031270846,0.04332810908624773,0.0662428385206844,0.0948258995722018,0.1253938323323112,0.14060207243748857,0.18482555114534593,0.191874763684594,0.24228366231747334,0.27376809729701773,0.27812605531187246,0.3435395989341202,0.3819894827414754,0.4148944024115087,0.44475943297032006,"0."
-0.13235124438057652,-0.08146211833467529,-0.03926587641922241,-0.0019150675251838288,0.03212899577423294,0.06368982098708541,0.0932761677295789,0.12123084417257986,0.14779864966078277,0.1731617290026092,0.19745971707597942,0.2208020018115315,0.24327556315258808,0.26495016142613326,0.2858818429290248,0.3061153132213581,0.3256854951380589,0.3446184443267907,0.36293180843432843,0.38062221004215435,"3.960813169597578"
-0.07906755519761585,-0.02798464958359564,0.013364620899742056,0.04857424077403893,0.07883873048902656,0.10435683756455666,0.12419586297516887,0.1328554113048522,0.1511851964329002,0.17843596360212138,0.14310002931031415,0.2209904657428664,0.23467838603689198,0.2615546019693435,0.286249150234775,0.3001430707897924,0.3356843631068661,0.32981750855716235,0.38574564391980204,0.3878953549459309,"2.8903717578961645"
-0.03390922026621355,0.00021525983351423615,0.026332448925784922,0.04695197275699276,0.061587444104775874,0.05855996171609446,0.09156265775420766,0.10977586136510284,0.09717292252549348,0.17750643037806574,0.20917502320930806,0.23491388720878004,0.2574244545765043,0.27775222656993803,0.2964504160230357,0.3138607227874978,0.3302147940938592,0.345679750933736,0.36038163741692464,0.37441872188261205,"2.1972245773362196"
-0.4850495011119079,-0.4037956646257783,-0.33844961861547773,-0.2819411573272017,-0.2313419547670881,-0.18504975296926193,-0.14206836202582096,-0.10173053967353103,-0.06356565022450006,-0.027228131301321054,0.007544158187352192,0.040955491028323236,0.07316864461279875,0.10431579876385919,0.1345060297186324,0.1638306079767723,0.19236683425107767,0.2201808760436133,0.24732990469560223,0.27386373227321303,"2.6741486494265287"
-0.2384814486227656,-0.19628133306347056,-0.18812800769213076,-0.11326184562027085,-0.07647048149096561,-0.0878207751463428,-0.0005757481465062291,0.0474459139524057,0.08707873496239744,0.12245189906689577,0.15499538914037306,0.18543033094121916,0.21419207961668718,0.2415725618557325,0.26778134424565425,0.2929762068153597,0.3172801796307237,0.3407918120449419,0.3635917446800981,0.3857471175294108,"2.0794415416798357"
-0.11060589435184198,-0.05530294717592099,-0.018749687374960158,0.016175075138638372,0.049257221069183996,0.0790273860016631,0.10633346657645325,0.1322116418330655,0.15699731471068087,0.18060232194836168,0.20311127917248356,0.22478665463210953,0.2457658032025306,0.2660512534439716,0.28568829784616573,0.30477512172812293,0.3233699898228402,0.3414911111956242,0.3591685398011262,0.37644611289331426,"0.6931471805599453"
-0.05806974474186444,-0.011378245214397065,0.027435040184932844,0.061652759571999186,0.09258396374674423,0.12091485574954079,0.14704777350650053,0.17122452039711192,0.1935778346183322,0.21414977396349683,0.2328867395758706,0.249604790175021,0.26389182098601727,0.27481533282632864,0.2797000649454207,0.2517615394573118,0.28679377685896573,0.32659611627076773,0.34691803962587425,0.3491334294898011,"3.5263605246161616"
-0.061199284084992506,-0.014827359129894935,0.02353471299861115,0.05731080740306481,0.08786614030338082,0.11592119254987891,0.141906920413522,0.16609539080476124,0.18865699349690462,0.2096862541975995,0.22920989572353048,0.24717971982270762,0.2634439384620213,0.2776725691405763,0.28915002781220067,0.2960158749297201,0.2892167076198381,0.29211974333679247,0.3344071143941507,0.36272842040716885,"3.5263605246161616"
-0.06143077451600068,-0.01532780333398574,0.023257274282093236,0.057432189384927945,0.08844260334260838,0.11694686721341085,0.14333683644585615,0.16785575132487365,0.19064929301538328,0.21178744905733596,0.23126887365366533,0.24900853616708768,0.26479880193689403,0.2782089501402915,0.2882919613640799,0.29238976201507233,0.27182498057271337,0.30770491972209096,0.33841435921163493,0.35499662864743486,"3.6375861597263857"
-0.09250903071775507,-0.04555537991102586,-0.006658910654260607,0.02771954064292933,0.05899558217480975,0.08792572884313701,0.11497562975306912,0.14045690314471646,0.16458952065840127,0.18753410685743716,0.209410112386956,0.23030655592135524,0.2502884370313773,0.2694003175160984,0.28766772882515784,0.30509649186124616,0.3216694413479542,0.33733900335877937,0.35202276163420076,0.3646866940733322,"3.784189633918261"
-0.5011851494689037,-0.4306202666660921,-0.37307977515911117,-0.322876345943761,-0.2776596205745563,-0.23613661333289443,-0.1974928660802437,-0.16117331541959629,-0.12677949027111496,-0.09401430414283068,-0.06264962275724441,-0.03250599239552417,-0.0034393789367837455,0.024667823451000447,0.05191307238659048,0.07837817609896365,0.10413258767885236,0.12923586413639163,0.1537395335768156,0.17768853471967355,"2.917770732084279"
-0.18286220335534323,-0.14041165656201807,-0.13749863376199975,-0.051248824859440524,-0.00339148403714969,0.03602428001794828,0.07085140791388508,0.10259077339515395,0.13203658585681122,0.15967852520719966,0.18584629293359117,0.21077567364766478,0.2346431752636627,0.2575855226589647,0.2797113856978234,0.3011089631233969,0.32185112284038053,0.34199896915593103,0.3616043836350458,0.38071189375280745,"1.7047480922384253"
-0.11467731243921916,-0.08710693214300648,-0.06478508120296136,-0.04537770298852278,-0.027869331209672523,-0.01175685992338958,0.0032743687589161133,0.017449094472233192,0.026213578961765016,0.08060814136898282,0.13319441492800924,0.17974236758374562,0.22111685513393015,0.25830119748637104,0.29203818937103876,0.3229096056474778,0.35137567177871193,0.3778025864360429,0.4024832123781971,0.42565333300007535,"3.4657359027997265"
-0.058786695448327556,-0.012411121790195838,0.02588964541450335,0.059552467577854894,0.0899437055413307,0.11777977701671495,0.14348329116239752,0.16731289140944394,0.1894182378400496,0.20986131425248813,0.22861530172695718,0.24553705320830507,0.2602863747212381,0.27208691808068786,0.27875697815682693,0.26399390371750225,0.28701836694356636,0.3173691496351397,0.34747139182473036,0.36896918970225856,"3.4657359027997265"
-0.11242788250340781,-0.06376450686730649,-0.02337756543115981,0.012379283551857141,0.04496616631212075,0.07516501308703961,0.1034588194523921,0.13017268088299486,0.15553821473958768,0.17972707185688477,0.202869999560615,0.22506839674666643,0.24640163066612503,0.26693178320360217,0.2867067220136518,0.3057619821911501,0.32412169905134497,0.34179865460218956,0.3587932917671251,0.3750955060744966,"3.912023005428146"
-0.29827439357472785,-0.26226452010142665,-0.2236400543459222,-0.17418098264887988,-0.16309694293664861,-0.10413052475391284,-0.06415006784946113,-0.05846056299058495,0.0043914474179462485,0.04696220863708543,0.07219103817770435,0.10026182321822144,0.1593230021961149,0.2023284213211329,0.24006410759801283,0.2747119458387187,0.3071780229794268,0.33795529460241985,0.3673543347008805,0.39558955261500384,"2.302585092994046"
-0.21685520228471947,-0.1791357788903416,-0.1473406079682132,-0.10714148756817994,-0.0774918926007642,-0.04421491827561125,-0.007306059948748703,0.0065715429670669115,0.06003955932144115,0.07313042830898767,0.12131898025374076,0.15706456840758484,0.12934323855053811,0.2257318987226096,0.26072899485536644,0.25611892976479994,0.3326493909995248,0.37805089750477155,0.416230455080719,0.45079016661930327,"1.3862943611198906"
-0.14830776274088955,-0.1085954683994984,-0.07628328406293033,-0.04798616008010486,-0.022365999459469984,0.0012801576060639235,0.023381987142164946,0.04422648241939683,0.06401754798953721,0.08290658383764563,0.10100982164778975,0.1184283423554019,0.13393743599479238,0.177602710468183,0.24023413556257112,0.29884198653291233,0.3522635412842172,0.4013147701902183,0.44660848232541167,0.48865348092338545,"3.7495040759303713"
-0.0486138126871113,-0.013366265206542449,0.010662573506138364,0.020023986403751335,0.04336801907422127,0.06432967044314156,0.08313285902810065,0.11026721446826218,0.13162228419513497,0.16482663998382432,0.20125970476857222,0.22915955828796236,0.25332824931260395,0.27514058077051,0.2952462037959834,0.3140236434476216,0.33172084060938106,0.348512781320456,0.3645294947047627,0.3798713077513025,"1.6094379124341003"
-0.05086333589686389,-0.016938682260607428,-0.013468836211340438,0.03142533268746694,0.03632476981489906,0.09536401853405624,0.12854313364771972,0.1555793049426101,0.17920939521623597,0.2005385899736048,0.2201595299308537,0.23843933696886868,0.25562730307157056,0.2719028000634007,0.2874000364890822,0.30222274339978156,0.31645327030600273,0.3301583028859284,0.34339273018684724,0.35620242357528453,"0.4054651081081644"
-0.05824381920911931,-0.013672077671262722,0.02362428835341656,0.056686584269339285,0.08673705293987248,0.11442604803555967,0.14014648674316682,0.1641503142042786,0.18660044621771335,0.20759569361985208,0.22718160493377754,0.2453515687673567,0.26203800149164014,0.2770888005201761,0.290215685415816,0.30088271009244405,0.30810156645176795,0.31116772745116145,0.3227392271279852,0.34584892341230594,"3.6888794541139363"
-0.04677973816614012,-0.012044940843802083,0.010038322714198435,-0.0001852575405444605,0.049350904374939206,0.05613567884192515,0.09606488475881889,0.10748774941100202,0.15730442707558917,0.1878586613910274,0.21330046108655587,0.23583929189940894,0.256376802868829,0.2754023030702091,0.29322300283929464,0.31004959168868,0.3260353375747432,0.34129653324481757,0.35592424406887113,0.36999154882250623,"1.3862943611198906"
-0.14455819403501097,-0.0928663451739003,-0.050270975729618694,-0.012700060098874274,0.021464880239100603,0.05308580679370686,0.08269322033861294,0.1106435224037075,0.13719065256282528,0.16252326336109038,0.18678585338759446,0.21009160740393343,0.23253059263563372,0.254175179347591,0.2750837029908349,0.2953030710498068,0.31485424081999824,0.3349180540958952,0.3665524973715745,0.44040243691946357,"3.871201010907891"
-0.1095300611022235,-0.05665569164954149,-0.014970704356494613,0.01890028573096596,0.04498614672697556,0.05737709057453917,0.08221272917025577,0.11286759842688622,0.05529012990712921,0.1605565417069972,0.17148030481175616,0.20763218516360468,0.22723303440550247,0.2560197165801551,0.28041314386176985,0.3069414521538311,0.333704496607647,0.36118024656280345,0.3880300050435116,0.4190982501888277,"2.4849066497880004"
-0.06844665833369099,-0.022585553696259614,0.01529459598919827,0.04865650112900061,0.07888095850744153,0.1067001248599441,0.1325576026845018,0.1567415716518466,0.17944443552910408,0.20079211685230303,0.2208580342955866,0.23966714439395012,0.2571905998873751,0.273326718533568,0.2878536507986117,0.300305233257979,0.3095609628343799,0.3113304277024616,0.3159808931444868,0.38369859192614325,"3.56953269648137"
-0.058554588910884046,-0.014802904561627642,0.021909976727204884,0.0545292176339478,0.08424150309202982,0.1116812126511802,0.13723487183387392,0.16115433349881667,0.18360785226200851,0.2047055233385068,0.22451199039644915,0.24305141601348695,0.260306253490118,0.2762090926606466,0.2906243192045062,0.3033126896883375,0.3138712797963092,0.3217099563926522,0.3270546340158319,0.33755055576833676,"3.7612001156935624"
-0.17930436316515413,-0.14067669569088506,-0.12498416997235408,-0.07489089068112034,-0.06361266805457524,-0.014822448346942626,0.00613428675409371,0.041239856184750734,0.07386258206773748,0.0850766709384253,0.13758945062696343,0.15675182032168195,0.19334933639330978,0.23382438575331838,0.25231263135086424,0.2939326877885214,0.3407086472716156,0.3778388285101179,0.4108961186722935,0.4413999325520962,"0.9162907318741551"
-0.07803916752759475,-0.039019583763797376,-0.016194590468227837,0.022824993295569536,0.05694641429095241,0.08466957035493645,0.10954182053593553,0.13498558181854717,0.16031291418686588,0.1834092013086865,0.20477194719714886,0.2260956952593245,0.24720429462133356,0.26710817244706564,0.286136669444384,0.3050154472678457,0.3235629385474682,0.34141626304460093,0.3587515642060039,0.375840002605757,"0."
-0.054481158819423225,-0.011505312889714072,0.023739752663362472,0.05457291653452101,0.08230253683905371,0.10760616328745441,0.13087414871864544,0.1523322524180719,0.17208895412762,0.1901437915962599,0.20635708927217752,0.22034033500067304,0.23106484897409996,0.23449335767429366,0.2404300652417611,0.26398023906154977,0.2881045097017311,0.3417152686188408,0.39136903998689576,0.43469043942771424,"3.332204510175204"
-0.11125647824653769,-0.07852094051317533,-0.06736084409974318,-0.02352562095129618,-0.011119667751699812,0.027880601281805594,0.0518340624214357,0.07431661059937357,0.11316414034177105,0.12492763393191658,0.16958531875109994,0.20872167328471572,0.2400837281419465,0.26783628793846087,0.2932619095196219,0.3169777576948803,0.339346839923448,0.36060866711400413,0.3809333926974517,0.4004482541604802,"0."
-0.07499658229038353,-0.029863940743643434,0.007629657828662929,0.040798868950186605,0.07097302789126296,0.09886296246331158,0.12490527672406553,0.14939041091189445,0.1725209498706659,0.1944416134187428,0.21525580660910465,0.23503490716980618,0.25382303397039496,0.27163840517762794,0.28847134595813584,0.3042779178062325,0.3189663275876187,0.3323692413227197,0.34418446749899856,0.3538324849075828,"3.7495040759303713"
-0.247565892819266,-0.2247960212555291,-0.17135045968719373,-0.13510415887487373,-0.11950729415270195,-0.06106210665726013,-0.035257282634969404,-0.006705736094204479,0.04402679412913432,0.07385894131775098,0.07651934439776535,0.15010614882057824,0.19331303899608296,0.2302844805958731,0.2638679680416164,0.29513417882223425,0.3246396015354183,0.35272568609263444,0.37962407938564785,0.4055027688982188,"2.0794415416798357"
-0.0793000618835088,-0.03138051616601414,0.0062340715316080994,0.036738132906836994,0.06027407776164856,0.07232618566917258,0.08995471833177514,0.11966504116460078,0.08536885027974941,0.16358967835563304,0.17341346478715441,0.20804277092756113,0.2265117081503265,0.2545578940413088,0.2784086111993338,0.30444792019835026,0.33214733997489726,0.3589584816146059,0.3900671340278153,0.4183617624498537,"2.4849066497880004"
-0.06278945200230232,-0.014093408007554773,0.025542367778572203,0.05964087847154464,0.0894880562218962,0.11557825029415802,0.1378698250604447,0.1555372700750475,0.1648932761127766,0.17057412006842726,0.2009203550236198,0.1862995326938047,0.2417102636854818,0.2582722487975905,0.2774522014104196,0.30700932534051606,0.2807530074657238,0.35358680390030606,0.3692925184042708,0.3989179255486574,"3.0204248861443626"
-0.04557903443247994,-0.011071009090165706,0.008006700046494414,0.01817568918079623,0.05411621478535961,0.06660691090071065,0.11101333755510169,0.14638541268006067,0.17390361954337258,0.19764811615007927,0.21895770819978744,0.23849551181357026,0.25665677595003367,0.27370362872776544,0.289822085033746,0.3051504590092096,0.31979525740066606,0.3338407374915982,0.3473549876875316,0.3603940057850586,"1.0986122886681098"
-0.1562373852674527,-0.10653531390355421,-0.07452396130301918,-0.07998291260980352,-0.013713276852972635,-0.004580525873791202,0.04292146212406705,0.05666523306784945,0.10040955647449765,0.10869509224739045,0.1592934648451607,0.12300442059540129,0.218720010514985,0.23583195520455166,0.2767805780617256,0.31001729631701735,0.3236633078511253,0.3797534000487294,0.4055743863496647,0.4415779148546127,"0.9162907318741551"
-0.03699305493582694,-0.0017879867489053794,0.02637230793542218,0.05037007909609,0.07122515180020073,0.0892808907263309,0.10434735722336556,0.11513573267216844,0.11134308039423647,0.13915619330079218,0.15692746896539886,0.17616439688599805,0.22208625999867512,0.2617129243563792,0.29298455983875843,0.31981904916089926,0.3437823731443822,0.3656706323647585,0.3859557342129248,0.4049466811479576,"2.772588722239781"
-0.05810504299272237,-0.013767586744110027,0.023327872626485616,0.05621727073930054,0.08612126391657901,0.11369022169585467,0.13931822009904116,0.1632594866085259,0.1856805707554267,0.20668576481415224,0.2263288631317716,0.24461595905999342,0.2614999196121719,0.2768636902217005,0.2904842015692776,0.3019589020260512,0.31057876520716804,0.3155417652093553,0.3223393150938358,0.3428436233203231,"3.7013019741124933"
-0.05378249522396003,-0.0111186518447893,0.02262070722774662,0.05054788987548867,0.07338240850079768,0.09020634606135376,0.09266221957633172,0.11875033920501862,0.13753520509630018,0.15002836036438555,0.1812000772399576,0.1589356238306169,0.22483460785371343,0.23785711113117464,0.2702037233498562,0.29528499672009006,0.298876751253953,0.37275748815844506,0.4099209980148168,0.4410758764340523,"2.6026896854443837"
-0.1372493015322978,-0.095704877055213,-0.061818241038390315,-0.032099455411811716,-0.005171496811171063,0.019691965972317618,0.042935334088826535,0.06485580851249248,0.08566458914908254,0.10551843562870097,0.12453756679853774,0.1428166885387125,0.16039838003543663,0.18016803011965055,0.22556500071191715,0.288954089057244,0.34543818531473036,0.3971502781145364,0.44473857234678027,0.4887717763552911,"3.7376696182833684"
-0.067721374005822,-0.018932074691432633,0.0205056784106333,0.05409488203293965,0.08302027099011923,0.10753557208957759,0.12693741014367882,0.13738954593456137,0.14612520332218415,0.1769563916951624,0.17159177096632533,0.2174275851342,0.23415668763095293,0.2552606749261953,0.28335559892245826,0.2868187205978882,0.33143597445785583,0.3342683219118868,0.38045463274713637,0.4000064754194248,"2.8903717578961645"
-0.07231678015492565,-0.022771587128256707,0.01843516046926588,0.054658792592496126,0.08721986084532965,0.11678568844919904,0.14371080103195905,0.16814898437272321,0.19007483059931424,0.20922497490903347,0.2248514341693247,0.2345288680087394,0.21352485538069682,0.26131503449287685,0.2613563885756561,0.2980466245822507,0.31687052820859163,0.32012827655447545,0.35702385751301496,0.3659416495765073,"3.417726683613366"
-0.2497615066612302,-0.21533737972421246,-0.18744112677544125,-0.16316853092787886,-0.14125601521627473,-0.12107749789470422,-0.10224133728649314,-0.08449144765448076,-0.06764487011726206,-0.0515667617139301,-0.03620242227257111,-0.012576826030109782,0.05862064346781015,0.13276229689708258,0.20023986184417583,0.262196975242455,0.319429526656709,0.3725774380435496,0.42216341870459845,0.46862074478010457,"3.9512437185814275"
-0.07119417277103339,-0.04662263227963019,-0.026617364163339208,-0.009310095383612924,0.006298259232528508,0.01784030816562934,0.06373382468325194,0.1098906984751695,0.14852015887947814,0.18106338274312675,0.20920637674593126,0.23407069138660921,0.25642222351330246,0.2767832665604933,0.29552354568580774,0.31291400127342256,0.3291597027997066,0.3444201075429515,0.3588220804426722,0.37246850475993154,"2.917770732084279"
-0.05379803613646072,-0.006880785017617547,0.03144875874778159,0.06467956596237581,0.0941449307918269,0.1204689273107122,0.14390206716122164,0.1643837587601925,0.181399768123248,0.19321221073132663,0.18804914626215352,0.21634154106609818,0.2261755155424812,0.2555842562615553,0.2806781920467643,0.27674870602521007,0.322577044411437,0.3453671898808232,0.33137696753452445,0.4042068927648273,"3.1354942159291497"
-0.07342213423377279,-0.029786657258343653,0.0061215680623420395,0.03770129012450014,0.06630330822061939,0.09264349010358801,0.11715701260804916,0.14012927565439637,0.16175484265810303,0.18216697627150963,0.20145279316722342,0.21965983223623545,0.23679570350907153,0.2528193340045706,0.26761701591052656,0.2809666009829527,0.28987764935977006,0.33129428267252325,0.38353798363025604,0.4316269183754283,"3.5553480614894135"
-0.1959082899126246,-0.2273242157972934,-0.12373145119752083,-0.1037049665894947,-0.06294296929945854,-0.02664745837285311,-0.06587236858086104,0.03779698555051532,0.07095232247798579,0.06949373992081084,0.13674295527671085,0.1794218962972843,0.21476103832596144,0.24645885768642406,0.27575279035151773,0.3032554841239527,0.329332813973248,0.35422867936668356,0.37811773794483156,0.40113146856744375,"1.791759469228055"
-0.061274619189847265,-0.015803612983791595,0.021951821357772298,0.055283809051582686,0.08551015130364396,0.11333047705846176,0.1391676638274049,0.1632941631916868,0.18588840501143825,0.20706206927288812,0.22687233508115856,0.2453239246801007,0.26236090967450076,0.2778431419478655,0.29149179498850886,0.30275921221385077,0.3104836940144789,0.3121143915837089,0.3164160404412858,0.3472602791236777,"3.6109179126442243"
-0.07383986509882356,-0.023852310691848153,0.0168514136351881,0.05179882302660474,0.08224580165256345,0.10860812934858191,0.13064097143409487,0.14680006998960532,0.14606522326877985,0.1772093716212248,0.19616454371686495,0.20673084911523706,0.24060923876246645,0.2404826680536857,0.2821799772149499,0.2993705081512916,0.3223724461507183,0.34965108569951464,0.35960804522525436,0.3992581454184649,"2.995732273553991"
-0.06837837858699647,-0.036269567445542224,-0.010255692897788053,0.01243450259133367,0.032893588865571456,0.05169267262185659,0.06917772821045758,0.08557631471258875,0.10104501647690156,0.11585416920522477,0.10416259260598437,0.1789110912691838,0.22178580788054697,0.25979372407486145,0.2935196498149752,0.3238308338827795,0.35138795181712706,0.37670631163029833,0.400177917979074,0.4221011796626527,"3.2771447329921766"
-0.03284820122282687,-0.0004969754150014913,0.024746114696514603,0.04562866461698745,0.06276838826030788,0.07459702824739561,0.10152811887956559,0.14594301065497758,0.17606733812108424,0.20077179479826493,0.222286241715743,0.24157873041471353,0.25919537669592785,0.27548374600356146,0.2906843321036352,0.30497256519029714,0.31848165367103654,0.33131577861467626,0.34355829073740257,0.35527711089968084,"2.1972245773362196"
-0.061806732738310055,-0.02719549341150673,-0.00952211604773333,0.008788584526542803,0.03688718236478347,0.05372418429911996,0.08363515694290305,0.10881383831885913,0.13269404542304644,0.17457611607888007,0.20453139643460774,0.2301600580495193,0.2531877577630637,0.27437325258947187,0.2941429638644528,0.3127702819285368,0.3304454431083635,0.3473083902482278,0.3634662827530921,0.3790036980150656,"0.9162907318741551"
-0.1763543253337475,-0.150308999861394,-0.12907771848091631,-0.11068981736178668,-0.09409940253068175,-0.07884763382916651,-0.06462111218148207,-0.05122460666277762,-0.039768695240042444,0.008351625121768189,0.07201395074820494,0.12907949355472134,0.18028616270595743,0.2266835062477151,0.2690640334946387,0.30804763182206957,0.34412886022358075,0.37770817321411904,0.4091134338418793,0.43861543082011917,"3.7013019741124933"
-0.06885371900823967,-0.03499765858177074,-0.007501558664024957,0.016514035962858695,0.0381818121811468,0.05809574000771432,0.07661540723584045,0.09397687225514507,0.1103425430417939,0.1258252318840556,0.1406507371737849,0.1374555543857617,0.20287339928350456,0.24661248352046444,0.28570213456990956,0.3205770533069055,0.35205145938971094,0.3807548897039559,0.40718834097529094,0.4317396523399782,"3.332204510175204"
-0.16346933633188018,-0.14946635505889128,-0.09515709733621491,-0.10984620080730689,-0.033488124238384896,-0.009322727285305699,0.0174744505179482,0.06099214357221617,0.08195410609422529,0.11384994185712385,0.16176899340521836,0.1977981714020124,0.22930334414401304,0.2580569256656606,0.2848410631553714,0.3100955680822859,0.3341029309284666,0.3570603745233949,0.3791136284945091,0.4003748662498069,"1.5040773967762742"
-0.04882426198421772,-0.008608023504044281,0.022984012259177886,0.04888799591138862,0.06963033480717987,0.08364416336323124,0.05340355036510145,0.11563051396485703,0.1259947444344044,0.1513714416942035,0.17307839439710665,0.1855778137567222,0.2193098614421366,0.2083543100554861,0.2666290775368289,0.30391973370712466,0.3449320268178952,0.3765966162898331,0.40419318248136665,0.42922210644030906,"2.5257286443082556"
-0.05607381879337917,-0.00883777345008554,0.03010305357934157,0.06422100426456041,0.09488673618292953,0.12280513052594501,0.14837253784850174,0.17180207219060092,0.19316716565365435,0.21239723812453093,0.22921342769420808,0.24291212131063095,0.25147204664946765,0.24052100567586074,0.26707017032428193,0.2800869215745337,0.3176577884058954,0.33696618786506227,0.3053851077606006,0.3789253878562453,"3.367295829986474"
-0.3030980610192767,-0.24229787971961364,-0.20361893594042133,-0.19948101432289878,-0.10753402604220795,-0.054365317714793505,-0.009641675463549125,0.0304200518254574,0.06729244377865283,0.1017588925048973,0.13430636854987935,0.16526691365312937,0.1948811773651391,0.22333130563055587,0.2507597189337749,0.27728063011047,0.3029875100051314,0.32795814297582493,0.35225817275226823,0.3759436624095823,"2.2512917986064953"
-0.06601236447337315,-0.019636177582446197,0.018693463478700857,0.05245014416743317,0.08301928866910754,0.11113459293261493,0.1372389699549968,0.1616178319951141,0.18445845987547774,0.20587856723690304,0.225938856933145,0.24464436016649496,0.2619336829756389,0.2776480531575922,0.29145365525675854,0.30262089565862943,0.30915257661851314,0.2978083123299004,0.3162058145573393,0.3662986071522746,"3.5553480614894135"
-0.06111799268449918,-0.01348589606760883,0.026099841387003768,0.06094042597974647,0.09234515290294146,0.12099033196941346,0.14725827164164842,0.1713570062702954,0.19336335888612105,0.2132227574449641,0.23069894058424345,0.24520592316918183,0.2551643150393661,0.25251225796413984,0.26906797059854665,0.2604689591656656,0.31307619331571834,0.3310058450483775,0.3282217671847651,0.36992968976434826,"3.4657359027997265"
-0.03584707349452991,-0.002220585506267114,0.024597193444966803,0.04743194479756221,0.06727986007643824,0.08447017672048372,0.09878729227358189,0.10878535859508506,0.098393880463525,0.137225022777599,0.1651444929586993,0.21102529455375593,0.24481706795626026,0.2727016889966762,0.2970824695009803,0.3190510169238587,0.3392124658238721,0.3579459235777157,0.3755092127593499,0.39208816249029615,"2.70805020110221"
-0.127151927231683,-0.06810440080001935,-0.0277981934886908,0.008186755538990446,0.04180389652431749,0.07252107731943125,0.10085142295598114,0.1275439379555519,0.15297432340188855,0.17723418556223725,0.20042949095962953,0.22273558195509663,0.24428134748733163,0.2651255960827449,0.28532316601981844,0.3049442358150827,0.3240453540873123,0.3426629911360794,0.36083055390509633,0.3785836722208051,"0.9162907318741551"
-0.13211514001246277,-0.12150013986881382,-0.06570830475701196,-0.06380938339571167,-0.0055391411046257786,0.024838256847557867,0.027998543978513483,0.09389931717483821,0.13184108072073414,0.16367524477632525,0.19215210969998217,0.21833725515402846,0.24279445900271354,0.2658727620103423,0.28780964603657644,0.3087771206209576,0.3289054240698946,0.34829648401299707,0.36703214312940124,0.38517947616730985,"1.252762968495368"
-0.41088242563800753,-0.35028393591770907,-0.30754085975371076,-0.29400069161829023,-0.23009913221264458,-0.1794311451860732,-0.14355288806143762,-0.13501663997908764,-0.07011652463058926,-0.017505619644130884,0.02582422082662551,0.06482276541645153,0.10100984728315307,0.13511052236097654,0.16754999048805239,0.19860928687450727,0.2284889923216482,0.2573400249801871,0.28528035269593743,0.3124048732134835,"2.70805020110221"
-0.07122865839748946,-0.022536388992818884,0.018044172867244187,0.0537897734294332,0.08599614261134399,0.11532596860532636,0.14214333860331155,0.16662832620303414,0.1888103537828524,0.20854468157107792,0.22539215785936917,0.23815945703983935,0.2417534111716691,0.25394040460141415,0.27217357572259926,0.28498958508592326,0.3140232999344348,0.3213377549745154,0.3469261567812814,0.36799242470375854,"3.4657359027997265"
-0.03349652841155434,0.0002763286636583987,0.026645582740279568,0.048339395781320724,0.06591623155216142,0.0782013687637713,0.06877842662852085,0.10748597555496651,0.12430578393925634,0.1550596110308795,0.1991147938605916,0.22918159288470233,0.2543177572245757,0.27652256013370313,0.29667613123337805,0.315270471369126,0.3326186457962643,0.34893681736926135,0.36438288772294164,0.37907703316423874,"2.3978952727983707"
-0.27762020221270156,-0.23703040382467053,-0.2137493873624762,-0.152449904201415,-0.12337039767911796,-0.0958518757769463,-0.03984771931125216,-0.00644243033599384,-0.0326167342846162,0.06874201408757612,0.11558233739107555,0.15491200406075023,0.1903900879608819,0.22329176422686478,0.25425880008173907,0.2836781826175459,0.311809646874829,0.33884016591528815,0.3649110824354503,0.3901331496839317,"2.2512917986064953"
-0.26785264843116485,-0.23487267371447024,-0.18623884140180125,-0.1592034065748533,-0.11002678560711447,-0.10621851950430475,-0.03793434141759091,-0.021771317505376527,0.027650932263732397,0.06434533839923964,0.06753340346684518,0.1370633853525472,0.16715119438988107,0.18795824865193278,0.2468063813790744,0.28087265054483346,0.24824080592472872,0.3595958229218165,0.40684768198914745,0.44718844318239653,"1.791759469228055"
-0.19916208936351482,-0.16527418913369538,-0.13217553586724026,-0.07960249081463086,-0.05366322482634209,-0.023038289102353594,0.0346419062093748,0.07610479158340729,0.11183608367927744,0.144152349503589,0.17405666763570876,0.2021082979967744,0.22866415123257436,0.25397184487458024,0.2782131605599046,0.3015270914204099,0.3240232278178902,0.34579007914575877,0.3669005261185451,0.387415544961138,"1.8718021769015913"
-0.20889962722112945,-0.18770410330455198,-0.16991169925520164,-0.1546619968249243,-0.1408498733104616,-0.1281968038715725,-0.11638328677326717,-0.10543743447616155,-0.0727016220079712,-0.004068600417567187,0.05819375410603761,0.1137930254476927,0.16399146077200988,0.20971845907209075,0.2516868333771798,0.2904562377772177,0.32647434805125997,0.3601046095924891,0.3916456463238346,0.4213452986095537,"3.7612001156935624"
-0.08445170769968607,-0.03864616390927656,-0.0005947785469977996,0.03308536834842636,0.06375090376614727,0.09212811600990659,0.11866446991400194,0.14365940614481162,0.1673240297231974,0.1898120188941546,0.21123699128033088,0.23168271972417626,0.2512091531970432,0.26985565658537786,0.28764206733625663,0.30456759995055793,0.32060702786295225,0.3357026040904941,0.34974813710490943,0.362557714432855,"3.8066624897703196"
-0.1051171067699008,-0.07792463084409401,-0.055913078699655554,-0.0367787678059428,-0.01951946600937046,-0.0036386429660308036,0.01117445691084467,0.02501973788040629,0.04745310405378086,0.0980200229296955,0.14740684146602331,0.19055628099988908,0.2288806032428263,0.263298078713108,0.29451868680378607,0.32309549412407335,0.34946225076639736,0.37396046064730115,0.3968606560031652,0.418379086904619,"3.4011973816621555"
-0.061694323114766025,-0.018684928156221744,0.017352820028244374,0.049380675808977384,0.07859332073840354,0.10563216804789254,0.13089189186841635,0.15463472786897955,0.17704260092134189,0.1982439219336064,0.21832829921013874,0.23735466673477376,0.25535527623905785,0.27233656496323383,0.28827706640304984,0.30312188265951545,0.3167727713978907,0.3290737398668969,0.33980162999135743,0.3487355942005117,"3.828641396489095"
-0.2252384801141533,-0.22182014402284173,-0.14935643016976524,-0.14067625135885944,-0.08303872987425635,-0.053749119313582436,-0.030019010814910322,0.017856426630769636,0.03687203181434538,0.0754284468782565,0.1185912105079199,0.14274883491511195,0.17053847538031852,0.22480956913116992,0.26460005032295314,0.2994868103511103,0.33147664431643686,0.3614140365682481,0.38976170536713534,0.4168123046240589,"1.8718021769015913"
-0.12586483096343198,-0.07076691687347066,-0.027224159153682634,0.008226534932777264,0.03559412268011531,0.04857614361558556,0.07559183190332687,0.10740215039424787,0.07903639268373908,0.15676404560366067,0.16969200854985256,0.20493031490160904,0.22655926321725905,0.2540723877209824,0.2806888141180144,0.3055274130517058,0.3346361061110363,0.36009837601949435,0.3892124245168603,0.4179691782421351,"2.4849066497880004"
-0.1880765968365838,-0.13717646757432814,-0.0955055717451557,-0.05887196125738685,-0.025619762596176116,0.0051275201597334105,0.03390738433955352,0.06108017944173043,0.08690259687026859,0.11156567644145936,0.1352163867611263,0.1579707444740067,0.17992222575577785,0.20114759514047195,0.22167605457050735,0.2444851131177871,0.2971892995566482,0.374133506698598,0.4434796746773293,0.5076465781439832,"3.901972669574645"
-0.08399239193657967,-0.032171727553863376,0.01025497678530234,0.046870397722915985,0.07897896122158923,0.10707028325113016,0.13106324724437046,0.14997975897542815,0.1590456673631585,0.17353190590474105,0.2018469339023533,0.19674927983357643,0.24173004491331043,0.25899876538137867,0.2776005254369477,0.3066439333824502,0.30137317358762183,0.3520900846617869,0.3579687778054988,0.3972814266990058,"3.068052935133617"
-0.09554144501829413,-0.059346812731597316,-0.04699592876412759,-0.011964086964835806,0.00682625739764092,0.036886597831753035,0.05248812806902878,0.08902703084039156,0.072665205641692,0.14269880535195398,0.16372790143808233,0.1936001295206856,0.23554558319233204,0.2672542473218785,0.2949435891564922,0.32016329849001135,0.34360832082199233,0.3656728126848307,0.38661114870014396,0.4066014047635955,"0."
-0.05448610994373761,-0.01564207929108662,0.013631742239662972,0.03544923454418502,0.04621416566134205,0.06241092814964284,0.08762614498617868,0.08918187552370173,0.1292125228585497,0.10844876345323835,0.17358518704961853,0.17555007645101114,0.22296707935173662,0.24000726089524224,0.28885153956286924,0.3209607005923302,0.34830342909144385,0.37289130259749087,0.3955551577212037,0.41674808501400823,"2.1400661634962708"
-0.07142837097271773,-0.021950114716598336,0.017990382013139593,0.05192155661706597,0.08100387695722817,0.10540035422215312,0.12408904691181777,0.13078821467241972,0.1515202390746395,0.17603622873061472,0.17088534723194163,0.21925799537709556,0.2286401272791111,0.2607805736238609,0.2823287183597564,0.3013545107182046,0.3329513336270331,0.3381681761536831,0.3843786306267431,0.3824017004957876,"2.8622008809294686"
-0.22537215731406446,-0.1856312454504571,-0.16641731256889222,-0.10163295923929758,-0.06798122739595702,-0.07264006793529028,0.011881259018467372,0.05748531662913851,0.09580051670700437,0.1301715842310143,0.16186132446976798,0.1915306159115795,0.21958656649976396,0.24630552225699226,0.27188745300164396,0.29648373963478025,0.3202128847613399,0.3431700854464351,0.3654334099557443,0.3870679671524407,"2.0149030205422647"
-0.34803991730656053,-0.2829579006958025,-0.23758866696531256,-0.22335668935814842,-0.15353566550905376,-0.09326665170916212,-0.04487182657332079,-0.0020339333954000924,0.0372056393948081,0.07379784737959183,0.10830659602890313,0.14110606524579483,0.17246289572710718,0.20257665881726783,0.2316021874769319,0.2596629490920764,0.286859562086485,0.31327548634321334,0.3389809738298595,0.3640358984536919,"2.3978952727983707"
-0.16167487890339732,-0.14133539515660531,-0.12426158681846475,-0.10962778602425798,-0.09637350350869686,-0.0842316618085519,-0.07263588531889884,-0.04138486351600369,0.02448634845812466,0.07997030477357553,0.12879259717202063,0.17232444259299934,0.21156873460068853,0.24727740191693529,0.2800292180284533,0.3102782247534809,0.33838581168599063,0.36464307270962604,0.3892869870261847,0.4125124191102102,"3.5553480614894135"
-0.0681940812449866,-0.01856323492049225,0.02207923406115423,0.057248407023599505,0.08825862555968073,0.11567147402884752,0.1395975923130618,0.15964042863714936,0.17420488097492726,0.17280871354601812,0.2014162201528089,0.21848474990837802,0.23311804403011854,0.26361648107595514,0.262196199846904,0.3042046837706575,0.32213499826647995,0.3418627746477205,0.3715239728616012,0.3644003505347149,"3.1135153092103742"
-0.10304396298130632,-0.06691835697457417,-0.05946583338611762,-0.01685405418191651,-0.003169951623505734,0.03339398440893417,0.03926094927885948,0.08560461535001448,0.08993659367259464,0.13795036364142005,0.16464386289618782,0.18104219046668857,0.23110876900311775,0.26481602241484203,0.2937599188694944,0.31996146040616036,0.34424684064796673,0.36706393264807596,0.3886941866351806,0.4093312570495936,"-0.6931471805599453"
-0.08672994277247945,-0.04021608275712005,-0.001713213236764903,0.032292767734512236,0.06320662562381377,0.09177825380001323,0.11846833388660087,0.14358415022741733,0.16734142331802818,0.18989620969266963,0.21136269050365386,0.2318234521434595,0.25133525976284793,0.26993166594524987,0.28762283090707746,0.30439207710188965,0.3201874317013913,0.33490433927721147,0.34827119576533505,0.36452385861721665,"3.7376696182833684"
-0.1475329640941418,-0.11240753531637453,-0.09547654981488307,-0.05164388153496349,-0.036055104209255985,0.0037817870827776563,0.028641420920115495,0.05388168446546129,0.09149180035043127,0.08447735740049064,0.14997362771714925,0.18014820482437524,0.17670623417069417,0.24750588901318843,0.28578857608158226,0.31830952334916224,0.34772334865019194,0.3750198166313214,0.4007123323853521,0.4251154506356792,"0.6931471805599453"
-0.3720660105833343,-0.2888813030478533,-0.22382990653683033,-0.16845436216098708,-0.11926271244805725,-0.07441436377855921,-0.03282848490832307,0.006182953357897163,0.04309019151546534,0.0782328536602724,0.11186605140059752,0.14418721243596144,0.17535296612198828,0.20549020243104485,0.23470351664810774,0.2630803911341084,0.29069492092465865,0.3176105555646503,0.34388215327491906,0.3695575474072143,"2.2512917986064953"
-0.1387179469540068,-0.09965537031699084,-0.09839287479520159,-0.04267045888031541,-0.03208024360134726,0.012195158337067552,0.012201998327747389,0.06737514827787534,0.07313469538958642,0.1214830786604825,0.14709818956489762,0.16847097319813464,0.21206156886405036,0.23163241238458293,0.2680516955268911,0.31245651278536707,0.3471543646696183,0.3778566785562736,0.4060711241074664,0.43248217693156615,"-0.6931471805599453"
-0.04706814699415614,-0.00465285377129185,0.029588805395873524,0.05889356956317327,0.08442589737005993,0.10660723432283611,0.1253244460287447,0.13957541241255023,0.14421700232027895,0.15854451587208387,0.17948991849321888,0.18630055990838562,0.22237026721571776,0.23527962719644238,0.25853020658576953,0.28765272817539067,0.30031663465998687,0.357921954950518,0.4025944999019987,0.4383054528937878,"2.917770732084279"
-0.07260082214189008,-0.02275541879086108,0.01850910425276145,0.054611978693769214,0.08688154011772634,0.11596528808038441,0.14216865696756362,0.16554735542036383,0.18586933429066813,0.2023456881052787,0.21218440051045662,0.205783605537322,0.24282489761464926,0.24418001394725633,0.2795402906331433,0.29874451789479206,0.30514298591349753,0.3406690400963366,0.34688046712617393,0.3793931825807356,"3.3141860046725258"
-0.03446077554017172,0.002015366990007971,0.026485527657651935,0.028173613473924636,0.08888230572087565,0.1223995869594406,0.14890871034188524,0.17155164171031795,0.1916299985385332,0.20984030078545493,0.22660266586922173,0.24220571735987073,0.2568580250404666,0.2707103099674676,0.28387618189071173,0.29644665604693093,0.3084947981394914,0.3200786613960932,0.3312462138536556,0.3420386105728243,"1.252762968495368"
-0.05059921845064236,-0.01947578665785779,0.005628577694139922,0.027423829087934587,0.046970452429836974,0.06481349496882682,0.08127111545798196,0.0965344594778089,0.11094670631697123,0.1075224872623667,0.17213726230713738,0.2103246846262525,0.24335015143860064,0.2721243340803671,0.29773610734623773,0.32093863170387993,0.34224479352521275,0.3620121311997781,0.3804993270473309,0.39790002001536756,"3.0204248861443626"
-0.05841186550189987,-0.014245476124663335,0.022764807237196597,0.05561195487407617,0.08550044192248975,0.11307276506789797,0.1387188764396984,0.1626910294745923,0.18515534418578203,0.20621709596122384,0.22593269225634913,0.24431310542100954,0.26131968684684975,0.27685022358045985,0.29070871425760586,0.30254470198231853,0.3117471119778511,0.3175173080094408,0.32290357897805494,0.34084534839700936,"3.7256934272366524"
-0.49867360518836223,-0.43109179546142357,-0.375829450219312,-0.32752385839563664,-0.28396002226861855,-0.24391884182053034,-0.2066311157279509,-0.17157126570617187,-0.13836084933692597,-0.10671686821154615,-0.07642142087309137,-0.04730271015907782,-0.01922258647905,0.007931924825618131,0.03425456002276718,0.05982408223631151,0.08470741294428857,0.10896197503866532,0.13263747558455616,0.15577728271639227,"2.970414465569701"
-0.23584572526633185,-0.2115093491208805,-0.1587574497821689,-0.1487811648124803,-0.08834682940784733,-0.08115055113145812,-0.023850467159599046,0.006371685975493333,0.02690904562514809,0.07792687969682661,0.0998877004743609,0.13463690021821284,0.18077286655215283,0.20755072670414704,0.23019718392777502,0.28905978219774237,0.3305940912393914,0.3668923328199738,0.40017418693173257,0.431341180969308,"1.791759469228055"
-0.2820688350255708,-0.229032935155067,-0.18582504357541285,-0.14794514017835866,-0.11361401305828246,-0.08189665354513509,-0.052221252316263025,-0.02420559433801367,0.002422164869114265,0.02786416238580872,0.05227592590050645,0.0757803679684743,0.0984767767418708,0.12044047008259262,0.14278178483376766,0.1903270551287503,0.2863330921380998,0.37171019960216967,0.45085954544844126,0.5245306802353149,"4.034240638152395"
-0.054259384055620835,-0.028084527255451918,-0.00614989667130723,0.022576893322901276,0.07271517886056175,0.11506885513768944,0.14572314367011796,0.17108448292346068,0.19283411440197937,0.2120480162242707,0.2293101948421298,0.24503579466986006,0.25951214737421174,0.2729507792134464,0.2855116539744426,0.29732434188101403,0.3084895520232712,0.3190856953643132,0.329178927274152,0.338826655516904,"2.1972245773362196"
-0.0427824410359816,-0.007652013821937225,0.02075650363393186,0.04534901830727595,0.06724101421808637,0.08697888014411985,0.1048318411782518,0.12087232113763992,0.13494467635717697,0.14642602852136358,0.15279004935849938,0.142396891445891,0.20788362608550476,0.2497785670023991,0.2865609770641947,0.31818308409422197,0.3460492159031224,0.37118308912546466,0.39423568443171536,0.41563636287437783,"3.0204248861443626"
-0.10981204208967885,-0.06165198379400471,-0.021612538513521212,0.01387338216563882,0.04623641246316825,0.07624368674572554,0.1043695854486481,0.13093371744737106,0.15616399850179574,0.18022949099025196,0.2032591022539082,0.22535293292024736,0.24658947747690946,0.2670303134136772,0.2867231612395108,0.3057038000445358,0.32399708961654683,0.3416171878209143,0.3585669051798893,0.3748359170595287,"3.9415818076696905"
-0.035252173467024236,-0.003505148427976104,0.021668367797867256,0.04304250156182199,0.061584078085544135,0.07756977410740845,0.09066639624532787,0.08068847240170048,0.14463540557594873,0.18233428717364633,0.21138606141430255,0.23597164556588598,0.2576922528215397,0.27734627605473133,0.2954083156483425,0.3121899895901536,0.3279106783912193,0.34273258434867704,0.35678015474859026,0.3701516169420399,"2.5257286443082556"
-0.05716809875058476,-0.013870995117084126,0.020272047074772703,0.04836441308571609,0.07100199420656317,0.08671659811330991,0.07354361463182878,0.12018295887249922,0.13361073823278174,0.155946120314898,0.18032950441000314,0.18946651697444566,0.22625730689108953,0.2010367717715599,0.274337083818573,0.2875584876981295,0.323824070842513,0.3667084476858859,0.40848546850434925,0.4416242699497129,"2.5649493574615367"
-0.0717555730109343,-0.03414060922298193,-0.0034375415099560016,0.023452060135589325,0.04774984505278482,0.07009944127468581,0.09089108343512299,0.11038087555028464,0.12874436300911987,0.1461034021727293,0.16254009724667348,0.1781018336303688,0.19295745550508644,0.19098583685056228,0.25642442710993196,0.3026464766601403,0.34442958231823634,0.3820756405513147,0.4163080848449665,0.4477066820835815,"3.4339872044851463"
-0.05868145417565903,-0.013631796591235909,0.02386129312960725,0.05699552111607227,0.08705232208074555,0.11471189581382304,0.14038442496957343,0.16433256539226274,0.1867259382242612,0.20766711207890545,0.22720261301391015,0.24532332675415394,0.26195359694171405,0.27692254164419594,0.28989914124977156,0.30024205197288983,0.30667066828513906,0.30813252783133965,0.32341630957719425,0.34960390806708735,"3.624340932976365"
-0.10059091620639636,-0.050556108963410326,-0.011837410425182033,0.01848590982469851,0.03880973444446997,0.03418128497663758,0.08621260326996442,0.09897182484428918,0.1297746543210403,0.1530524350070378,0.1741167794714135,0.2041110428505375,0.22134929686859822,0.25549452728418576,0.2731407151416718,0.3083271296524649,0.32993186748280934,0.36318839698485283,0.3913604381269808,0.4205096297787625,"2.302585092994046"
-0.08150516023375921,-0.035282520433449496,0.0029465870008419095,0.03668297484015918,0.06732505893647195,0.0956182771979719,0.12201940228028263,0.14683175455092298,0.1702666279701563,0.19247479464265396,0.21356380360455152,0.233607562590928,0.2526510248307492,0.2707109924114473,0.2877727364697205,0.30378044076983374,0.3186159636436655,0.33204491148841064,0.3441642792592868,0.3632945874518831,"3.6888794541139363"
-0.0518142299220207,-0.011126845465676685,0.02072387787963106,0.04663971161428383,0.06696751689437576,0.07918881433980585,0.0821493768862975,0.11530652045438775,0.11456513996366634,0.15367450180932427,0.16885698079511152,0.19298331489072823,0.21757276096720427,0.23332402454518725,0.268705791902809,0.2878641534119878,0.34072533857461346,0.37483874497674874,0.4038218062923333,0.42985389445612054,"2.4849066497880004"
-0.21158376272453863,-0.1859340766874106,-0.13984171223099087,-0.10008441405161864,-0.139970808741339,-0.030902651696723366,0.004457916002205648,0.00727146513662556,0.07215546649959675,0.11745599391715142,0.15457902427843595,0.18771840276797871,0.21824681231194198,0.24683897243657937,0.27389644620471076,0.29968630701823423,0.3243994174431981,0.34817915971029934,0.37113725681211973,0.3933632219448608,"1.9459101490553132"
-0.06003587992798655,-0.017241084073725207,0.017906772227928247,0.04872960424039712,0.07654292878713603,0.10203687229701344,0.12562164552398852,0.14755374347505415,0.16799027423793284,0.18701182830524377,0.2046258020483544,0.22074885197244484,0.2351497088338375,0.24727630710005918,0.25555707501558345,0.251209874359006,0.2897844088318301,0.34083472502685447,0.3902059544399719,0.4341926472214215,"3.417726683613366"
-0.08324092530145458,-0.03149515778917589,0.01102311184004211,0.047874967053685845,0.0803869687665572,0.10911424216916264,0.13413507099322242,0.15495175767617284,0.16953125043465836,0.1553672798949574,0.20275336410943087,0.21862004402040736,0.23423500990333773,0.26416151074180383,0.25632793970803963,0.30553743360312596,0.32091056999262196,0.34476812121684575,0.3704581329635882,0.38042001625434885,"3.1354942159291497"
-0.054008004960703064,-0.026566701334040023,-0.004441920944774148,0.01471750408870394,0.03193205958294878,0.04799043783101651,0.05941156172719203,0.11699777667581004,0.15496328289643613,0.18659308321531534,0.2135045080518953,0.23713561143108428,0.25833043242405107,0.2776331893345468,0.29541233405037814,0.31193150856643287,0.32738693262197155,0.3419295834619979,0.3556786801136744,0.3687303985854873,"2.772588722239781"
-0.09187767662579266,-0.06011443602856004,-0.03438156089601482,-0.011923128488119633,0.008358357663779082,0.02703495651795273,0.0444557592178151,0.06085283429435857,0.07638934765998347,0.0913931480139549,0.09527734191892555,0.16337908920706737,0.21053366332219337,0.25258277616706554,0.2902717499463093,0.32438363913928964,0.3555324899924931,0.3842109372489879,0.41081189242889304,0.4356479079805203,"3.4339872044851463"
-0.0836274018148186,-0.04563627641923739,-0.022685778544094072,-0.017658568353816677,0.024251052052363897,-0.04487924917457866,0.07025219614467572,0.05906888244765498,0.1182323650707304,0.1297327308111601,0.1679492263332412,0.19395307712457743,0.21601582204251912,0.26102734726173665,0.2930986319317245,0.32082117276304584,0.34596436587349505,0.3692825481367883,0.39119309967317933,0.41196142194617236,"1.0986122886681098"
-0.12502752252824398,-0.08481510664997166,-0.05202714116508822,-0.023281451692291087,0.0027562877786436023,0.026789725429825748,0.04924922243247734,0.07042242333343376,0.09051355883191083,0.1096740209497923,0.12801969734542692,0.14564046501556546,0.162756608607636,0.15641474953429246,0.2408526520718544,0.29809257025957975,0.3504258908230329,0.39824881479072904,0.44223034259388205,0.4829096460715504,"3.6888794541139363"
-0.07461723376666445,-0.03546382566146004,-0.008403384271862647,0.002959095326957946,0.028728619335966668,0.05178539975729071,0.06743288843653744,0.0968705145734869,0.1124697175551583,0.14302364094400863,0.16397035395026913,0.19090353017494538,0.22088778371078582,0.23931288496563707,0.2866381430236586,0.319025454380128,0.3468673608475186,0.37206061687307707,0.3953939615087261,0.41729873852701754,"1.6094379124341003"
-0.059792761237341834,-0.03280406534157633,-0.011019010395159328,0.007868413449550271,0.02486052062004473,0.04040524840824986,0.05966588124241247,0.09970030617296,0.14254697587472265,0.17745651623666275,0.2072090995127993,0.23316369308743665,0.2563062445031388,0.2772787965656198,0.2965191504179492,0.31433766917438716,0.33096334266533384,0.346570648777239,0.3612962067798598,0.37524940991455086,"2.8903717578961645"
-0.33991579096236013,-0.29054710270042966,-0.2828354741974565,-0.21046321099345155,-0.16730247940566276,-0.15347905056618455,-0.0971817327877971,-0.0500286215704326,-0.019336414659703725,-0.0182075062057478,0.06201419102759429,0.1087591399669775,0.1488679868697009,0.18539201478045522,0.21946615285976717,0.25167696852125254,0.2823834523411707,0.31182897653217173,0.3401900876046518,0.36760110213342917,"2.4849066497880004"
-0.06326984020822923,-0.02019972150796878,0.01587502627873512,0.047934167027401824,0.07717959632211537,0.10425685911660161,0.1295636146963857,0.15336468244144505,0.17584455711558478,0.19713447834162365,0.2173273999426708,0.23648642522310742,0.25464921982038374,0.2718295039007298,0.28801593078685467,0.3031680800708485,0.31720882740366596,0.33001249169650043,0.34139235476682833,0.35111996489898517,"3.8394523125933104"
-0.14914666314763717,-0.09556445506048358,-0.05650903305578624,-0.03252431681693844,-0.014388239723227496,0.029197776997815218,0.02171383446045781,0.08461110143859947,0.09462665486459394,0.1401899051553953,0.15228229977237973,0.19746066250822542,0.203392888506579,0.2564862663611229,0.22570756870104952,0.31670512662255473,0.3326521045582891,0.376906916800294,0.40861848923992594,0.4322132432364739,"1.7047480922384253"
-0.03586687091393289,-0.0036961289293596885,0.021912054536678913,0.043738945829611645,0.06277747253536975,0.07937954477847715,0.09339977116469565,0.10373028001162847,0.10985530219493844,0.16066313036386584,0.19882913163284083,0.22862104386835225,0.2539124805323663,0.2762985017735632,0.2965885461666604,0.3152641136625633,0.3326410255874105,0.34894112892891105,0.36432814086797366,0.37892747665743054,"2.6390573296152584"
-0.0794120972784428,-0.03417218611116866,0.00029481992959126213,0.02644296551865535,0.04103988891424782,0.05647132315368089,0.08812175020610696,0.05115567560442161,0.13245734069445939,0.13800539134179035,0.17828886634805288,0.19007105337887661,0.22701677997127234,0.2403882642191811,0.2796949443791179,0.2908571623080395,0.3376959884292218,0.34547580539229694,0.40903558886347025,0.4463341366983809,"2.1972245773362196"
-0.07130524623503144,-0.022404880986717002,0.01683056619411647,0.04988304489202435,0.07779536210917048,0.10041625945419269,0.11543061451227163,0.09965157469225144,0.15313344772275916,0.16469639624116914,0.19094706515839996,0.21510837757339207,0.22483885255922273,0.26229221118226315,0.24137501410039747,0.30981909711642786,0.32048694333547845,0.35916031691129624,0.38030482806777444,0.41110263740973235,"2.772588722239781"
-0.058183964683613414,-0.02242829716775064,0.00046087697833026726,-0.010018221962796413,0.04050735881538588,0.04822258153477262,0.08407326950908213,0.09267514665746367,0.13345075041836837,0.12560713263011028,0.192618506631167,0.22480029083570569,0.25152400256314045,0.2752874932382494,0.29703888287893426,0.31727635599750614,0.33630727092060375,0.3543403489452204,0.37152663088931887,0.3879804538466876,"1.3862943611198906"
-0.4274506634924126,-0.36642253980059775,-0.322136134140727,-0.29852048505195145,-0.2523842049488765,-0.19765937916903548,-0.1589999581010451,-0.13679223777501737,-0.0981479661000934,-0.04007476420036771,0.0045459380594057245,0.044136797166664014,0.08067377657601998,0.11501235478978242,0.14762900304703783,0.17882895595548112,0.20882568056294418,0.237777575212898,0.2658072418119581,0.29301259918239464,"2.772588722239781"
-0.07844409155312507,-0.03352476243371775,0.003883311692863081,0.03703772881379447,0.0672475966584227,0.0952148146715764,0.12137218919413872,0.14600937680315754,0.16933040237229433,0.19148345225599345,0.21257760107922571,0.23269262354906226,0.25188473378056914,0.2701896089729069,0.2876232687085591,0.3041808421950474,0.3198327089317251,0.334516688363654,0.3481234526514533,0.36046929880783657,"3.828641396489095"
-0.03478224584902481,0.00012480258423920086,0.024103342349163368,0.033825149731512266,0.05943026933221056,0.09360003930071942,0.13214229348048992,0.16034092868614755,0.18406635489943357,0.20501216854084536,0.2239818874390799,0.24144160811088528,0.25769593920026423,0.2729587316804862,0.28738707309036376,0.3011005927863977,0.3141930759695281,0.3267395751179156,0.3388011932829994,0.35042851724310947,"1.5040773967762742"
-0.07760306898657388,-0.03322513624600769,0.003842828413330615,0.036759226620063444,0.0667961851217939,0.09463736508389026,0.12070542150455277,0.1452841258224414,0.1685742390803225,0.19072254427389806,0.21183825045490437,0.23200275416098262,0.2512755545638102,0.26969770757114675,0.28729349590797437,0.30407057373392743,0.32001852723510144,0.33510546650897266,0.34927185018015566,0.3624202564309559,"3.8918202981106265"
-0.2517423981064898,-0.21604175103435352,-0.18210634306132228,-0.13069649275265663,-0.11044754023151895,-0.06662344166294099,-0.02032978826107908,0.0061978306194514,0.030308519849300268,0.09075926895989603,0.1332541792521916,0.17012662860379255,0.2037312312769337,0.2350394585232797,0.2645797204114294,0.29268506911104863,0.31958536854983005,0.34544922403241823,0.3704057884655489,0.3945572435817387,"2.1400661634962708"
-0.051580747472147304,-0.007333770360835406,0.02829311868521964,0.05861972412134231,0.08479001807675536,0.10710776091433051,0.12510746440026124,0.13631319178988544,0.12638535360467315,0.16811736722319448,0.17196052084841643,0.2063704932746515,0.22693200054557064,0.23710356007488997,0.27373412910637696,0.28332047464294396,0.31887703558560404,0.3315571460097057,0.39510835791338406,0.439451889201013,"2.8622008809294686"
-0.08442736704934235,-0.03584552626615879,0.0021659228681486704,0.03276445248183334,0.055810644315894,0.06417993612056286,0.09124669914336604,0.11665462402700671,0.11949259993223431,0.1629861718910953,0.1573902248231569,0.20947229458998484,0.21871475364559115,0.2578220703566799,0.2725516767404916,0.30920806982394117,0.3264749573403782,0.36472263085096834,0.38307009437124523,0.42578616958904925,"2.4423470353692043"
-0.12549623651882658,-0.08332646105060153,-0.06060709296015712,-0.03653861370881022,-0.0029742045358146273,0.010694437886462767,0.0496231377246161,0.06605414441898783,0.10108606732106132,0.12573451481034,0.15011428959105183,0.18602091558368303,0.16891022252625462,0.2453564801158604,0.27122666861477246,0.2968711576601696,0.3460400220992271,0.3819306801543103,0.41329294476622214,0.4419637829725876,"0.4054651081081644"
-0.04308250658278646,-0.004840333584914286,0.02616361176614397,0.05298142731468377,0.0767786214331578,0.09811012237766858,0.11721889646899868,0.13410071134632434,0.1484100683294831,0.15893176818260937,0.15879677414598056,0.17834658605934114,0.1967270556238762,0.20174394123110126,0.2595020507288311,0.302724773053782,0.34132458640432983,0.3744321905803712,0.4036783848647043,0.43015389327440706,"3.044522437723423"
-0.07410828349085535,-0.0396689708614691,-0.0276962081128927,0.004313569122430507,0.022417350401897018,0.052404694026109026,0.06590856294787124,0.10564419401219732,0.10507618412371951,0.16308525586552322,0.19772942951583322,0.22599925144990907,0.2510203316132929,0.2738840539702759,0.2951436339307977,0.31513367786798263,0.3340786066656499,0.35213944898946997,0.3694373489659915,0.3860666871585313,"0.4054651081081644"
-0.06239484710093125,-0.016108550779476843,0.022628937911552086,0.056929458749230735,0.0880392603828867,0.11661562225722952,0.14304792084730925,0.1675752578629314,0.19033682418756367,0.21139236741031603,0.23072370093812186,0.248216029797341,0.26360301001102965,0.27631668035552887,0.2849809860268306,0.284334764738037,0.28430109719931584,0.312703488045334,0.33977135413013015,0.35282797351086725,"3.624340932976365"
-0.06560593245757294,-0.017745567413052027,0.022165389260530806,0.057370473170862586,0.08915888627443078,0.1181988869238094,0.14487087984406957,0.1693857606730647,0.19182881039073904,0.21216302521776115,0.2301885614171567,0.24540552561277457,0.25651244980214255,0.25788978866829193,0.2694885395218076,0.2782120490125344,0.30903565885216616,0.33036680442495164,0.32306244789715316,0.36555491420250164,"3.5115454388310208"
-0.23854457591825937,-0.20574667973020058,-0.16752701379475224,-0.12018543068366852,-0.10662012434622213,-0.053857982962766,-0.011391157527838867,0.010442627338788842,0.046901665239005866,0.10051496830954987,0.1411346454340121,0.17678551284382002,0.20940970574527798,0.2398636240740667,0.26862874406757387,0.2960144880290556,0.3222370907931081,0.3474565126089118,0.37179602545743484,0.39535359159984407,"2.0794415416798357"
-0.1235581491842544,-0.07243069182817659,-0.03426889964945825,-0.007624505136730297,-0.02325621544675226,0.04358337953352571,0.06250472295998429,0.09059671186865398,0.11841153367040161,0.1393221985575236,0.17196092799912216,0.19220013529804855,0.22549334444327207,0.2494862676761889,0.2792921135720554,0.31007472877374603,0.33194047386680753,0.3730999132318966,0.3674344545409668,0.4383139648474189,"1.9459101490553132"
-0.03312991228617531,-0.0008475306484348278,0.024482077228082835,0.045625308220134796,0.06335305379331083,0.07728509775149707,0.08236391109357138,0.11412266703170296,0.16064151598857626,0.19148513196644226,0.21676764841882998,0.23880846882682985,0.25860594417733196,0.2767150902529677,0.2934865670800002,0.30916136267243033,0.32391468070179397,0.33787928363287045,0.3511589437719964,0.3638367534527084,"2.3513752571634776"
-0.063858886891137,-0.017517030590509505,0.020876438468027815,0.054731207113851314,0.08540986622386094,0.11363492094151534,0.13984272018791458,0.1643142812809631,0.18723361874763206,0.208715847820502,0.22881962088206184,0.2475487242277786,0.26484235729645533,0.28054742422792217,0.29435194873354215,0.3056114949538194,0.3127838253828327,0.31049628518886985,0.295430160831431,0.35036124382727574,"3.58351893845611"
-0.15058373633866026,-0.09941093712045122,-0.06376749415854316,-0.05058141715252068,-0.010034742899019873,0.018232014695647482,0.03949775406893014,0.07618704374202782,0.09253498813727273,0.13236722519108218,0.15156964748789248,0.18806993035326502,0.21428998378145012,0.2424210109937991,0.27830958101118536,0.28876886443531735,0.3424652536829228,0.35666121423378333,0.4049887626867025,0.44108359055239305,"1.3862943611198906"
-0.045679832048060295,-0.00568996252500617,0.026838243932300908,0.05505588822358759,0.0801777708614088,0.1027977575129435,0.12320431487556255,0.14146861291235827,0.15741640599003984,0.17040357337607806,0.1781412939857917,0.16237578250836998,0.20442489388318544,0.21241409235603687,0.22856273852325115,0.28809018980628415,0.3325981073913552,0.37273128078669765,0.4075542974551239,0.4384366666277712,"3.1135153092103742"
-0.05045362963897911,-0.006606799916504431,0.029265774023762348,0.0605107735437132,0.08843216042730162,0.11368214537889906,0.1366013384826526,0.1573273884654268,0.175807804705469,0.1917152631871406,0.2040954279317353,0.20934486401219857,0.2116982465093767,0.2364447727861503,0.24539795670713563,0.28263900043224677,0.30154152968589537,0.33271244576847037,0.3847542434802643,0.4302391853660311,"3.2188758248682006"
-0.09774423423274137,-0.048438549135659884,-0.010751056021633057,0.017921889066772716,0.033973096079457275,0.05217739003320248,0.08611791206780141,0.0634766044642488,0.13363817198194033,0.1417030764157331,0.18204152557497874,0.1962005773307271,0.23286834060167766,0.24834845106015943,0.28690200964045304,0.2992925054689292,0.3446412242499353,0.3421317431522885,0.40692964186083946,0.4165948148602601,"2.1972245773362196"
-0.4029871454018822,-0.31869917112071244,-0.252313148610824,-0.1955954735264072,-0.1451384774040537,-0.09912058706665126,-0.05645186978294656,-0.01642911009493737,0.021430817703292384,0.05747720075963312,0.09197255608667064,0.125120174978725,0.15708137228249308,0.18798680306347024,0.2179441288557649,0.24704336770304422,0.2753607364296555,0.3029614770467648,0.3299019764937567,0.35623138401115045,"2.3513752571634776"
-0.10299580007774158,-0.04878572787798154,-0.0047771392719991555,0.03272064738763535,0.06490160947185121,0.09186902039577916,0.11228020127096947,0.11626166886182564,0.1484632690510566,0.17296885086115998,0.16716582284976217,0.21854489570010158,0.22855238491581603,0.2616963485506916,0.2833729221553418,0.30377831299435987,0.33414249503824445,0.3449822544570575,0.3845681742879049,0.38421017702969146,"2.8903717578961645"
-0.49959351712068,-0.42322543833785686,-0.36134453115724025,-0.3075765156681598,-0.2592841310878736,-0.2150191019142289,-0.17387360238947197,-0.13523323823522454,-0.09866027197140971,-0.0638306220098393,-0.030496892987777417,0.001534594926457061,0.03241871027477896,0.06228153261055863,0.09122730078554277,0.11934335828507256,0.14670375417613324,0.17337191819979728,0.19940268369251163,0.22484384178647743,"2.803360380906535"
-0.12007325864364968,-0.07033629626833902,-0.034054408004084935,-0.011202861583515186,-0.00017264093167116638,0.04399130257096907,0.044178695845204,0.09482431779197827,0.10667410417077018,0.1467920415920575,0.1602190866471716,0.20112176391996234,0.20898935403329902,0.25785100610634143,0.2222506988814873,0.31656455450400134,0.3338680112743479,0.3763276918990719,0.41021129672642553,0.4316110288867606,"1.791759469228055"
-0.14014494432486985,-0.09543496395296523,-0.05886646501666906,-0.026745291235744248,0.002387378276216665,0.02930335584636576,0.05447557117974487,0.07822070783730026,0.10076395544223485,0.12227248297300598,0.14287442809963666,0.1626704206050727,0.1817410995196891,0.20012575959862128,0.21999287181691032,0.262040434674732,0.3285959193515925,0.38753643875817806,0.44169549992301776,0.49167565604773916,"3.7727609380946383"
-0.060174635298150286,-0.015544321847110671,0.021916302409778668,0.05518536922127729,0.08546124732883435,0.11338235216219306,0.1393348070448276,0.1635664567409163,0.18623776726725932,0.20744630397207064,0.2272374591833682,0.24560570256367298,0.262486215032417,0.2777321696588066,0.2910640502085585,0.30195544119824275,0.3093791514388266,0.3119096617840191,0.32080790822916605,0.34461054957657344,"3.7256934272366524"
-0.050514522238205226,-0.014455319027403973,0.014867590660631293,0.04041590579578177,0.06334731602894196,0.08425809911218315,0.10349082849374702,0.12124294483439911,0.13760692298988775,0.15257242499575993,0.16598264017514877,0.17741322067999782,0.1785492147541051,0.2280542253397593,0.2721297173963114,0.3105375242081587,0.34441481407984603,0.37466458656351753,0.4020891682605966,0.4272881003099597,"3.1986731175506815"
-0.11251274827814813,-0.09208697530029351,-0.04982318083356866,-0.04817672085304269,0.01118717503878748,0.03198936770650208,0.064335688664238,0.11003252698960468,0.14395488075433105,0.17323754870888386,0.199684228908694,0.22410883820302482,0.24697411354366458,0.2685785351632208,0.2891304991049882,0.3087835826644886,0.32765548736859007,0.34583914613966843,0.36340967423694354,0.3804289450326789,"0.9162907318741551"
-0.16713838215448704,-0.13335286704868726,-0.10628951062606422,-0.06980080465569125,-0.043398356144716294,-0.014186907745591584,0.020392950380139337,0.026520044390374004,0.08152842427123277,0.1006307416995865,0.13515567287178099,0.17455833348519897,0.1919622891800329,0.2325747945740869,0.27767896470365616,0.31337030884637224,0.3450609010716919,0.3742388464238699,0.4015876923103648,0.42749931613525366,"1.0986122886681098"
-0.1769864968691155,-0.12601555703075404,-0.09516103287796043,-0.07711916642607788,-0.028350003576147035,-0.05714219537348743,0.03266975624259368,-0.012204485897113178,0.09303832950291248,0.09192471861616724,0.1532909510029902,0.17153818564042406,0.2121658204182783,0.24408521330074096,0.2640412052004381,0.3133329678240558,0.3265804467417948,0.37799951601733023,0.4165917391307575,0.4085383376475488,"0.4054651081081644"
-0.30192343572910346,-0.25749191395738164,-0.25330630290054706,-0.17448626169864015,-0.13920193730601307,-0.1376819748958325,-0.06110233294421319,-0.02228620653057527,-0.004731390491073189,0.04260079489260503,0.09539858740565578,0.13720881407802507,0.17438770004459553,0.2086649822955728,0.24083017243538857,0.271334784984683,0.3004721585491161,0.32844896244109656,0.35541911095669365,0.38150191393003346,"2.3513752571634776"
-0.043042253043645534,-0.003935221798928968,0.027752358008932776,0.05511163518725206,0.07931350638459637,0.10089843007264392,0.12006945222823688,0.13673014355810706,0.15028812066948352,0.158499611278785,0.14393029227281404,0.18521702158551986,0.1929583400431389,0.21884425372660893,0.2539492744231419,0.29559463527069135,0.33799332103483526,0.37377329458037534,0.40482835305605147,0.43265163198322115,"3.0204248861443626"
-0.08820341640734673,-0.052069173860069,-0.03652276042660333,-0.007864093360556032,0.015027033462431715,0.03923592157818313,0.061458578657584986,0.09120523294673043,0.10236854804620113,0.14597740392279654,0.15842910012962222,0.2014866044096299,0.23879419742199182,0.26872487772004877,0.29519723458674163,0.31943186862976175,0.34201958459405896,0.36330900315649234,0.38353056688851356,0.4028481721318213,"0.4054651081081644"
-0.12295468731232535,-0.08578043514278383,-0.05555208121341008,-0.02909432558745476,-0.005152207356897769,0.016933360881756166,0.03756504488491041,0.05701160125686021,0.07546377387313923,0.09306297642526042,0.10991636581691701,0.12630965320643628,0.12477496930229202,0.20650321118799253,0.26161926555546655,0.31166969588255006,0.35724699901792545,0.39903765681049663,0.4375945528162728,0.47337606953938854,"3.6506582412937387"
-0.04833850312246717,-0.011346479222344953,0.018745799419038207,0.04494215554164839,0.06841412705236147,0.08975958494994392,0.10931295849235628,0.12725171119762846,0.14362886630053237,0.1583544810281863,0.1710878194623648,0.18079992596056885,0.180744027141655,0.21441030752755288,0.26470954616025005,0.30599303799286626,0.34225805963552486,0.3743347664607843,0.4031668186741794,0.42949406564938314,"3.1780538303479458"
-0.04562412550664572,-0.0017589934537556831,0.043175096741840994,0.07731907497142673,0.10603653850061265,0.13001027850326685,0.15112681788556526,0.1707960019564773,0.1893606911851371,0.2066419104686158,0.2228135010227806,0.23827587957234078,0.2531532088423395,0.2673752719668692,0.28100902628251795,0.2942037240341755,0.3070040907286509,0.31939676640490827,0.3314173705655564,0.34312554397077705,"-0.6931471805599453"
-0.14248912965108765,-0.08880017345459669,-0.04848861443145283,-0.019929154994549107,-0.027537678976404786,0.03367022190427777,0.05554204276360234,0.08160479314592664,0.11339419917286767,0.13032660634531298,0.16867731502074207,0.18349525430973415,0.22386231537546195,0.24212111443727136,0.2794404929171981,0.3043729904923198,0.3348555314979977,0.3685562986462834,0.3868997394001098,0.43398239686497864,"1.9459101490553132"
-0.17396279742941467,-0.1219642270201526,-0.07929233615174772,-0.04173128509410597,-0.0076126746537653455,0.023948760746357645,0.05349666657841662,0.0813958810499905,0.10790641002488938,0.1332217440470869,0.15749062892704765,0.1808303069781183,0.20333500419072395,0.2250816011242789,0.2461326432352361,0.26665137203100087,0.2756892462320226,0.35472651221734536,0.42613077617096096,0.4926515134549591,"3.8918202981106265"
-0.07041479603523827,-0.026538432339432018,0.010106285977235677,0.042629861996782516,0.07228493233720687,0.09974394985299764,0.1254216024750844,0.14959501640772616,0.17245866700754722,0.19415278607545816,0.21477923681440694,0.2344107105604494,0.25309593250658874,0.2708621297884694,0.28771524191212705,0.30363780940745283,0.31858394047352884,0.3324701047174241,0.3451599377137332,0.3564431361750269,"3.8394523125933104"
-0.3086029749433606,-0.25620424059660246,-0.23415692444248726,-0.1800540213879153,-0.12833863666963827,-0.09615975160381415,-0.08799839350215234,-0.009572645852466725,0.038452031912685355,0.07948001104131541,0.11663754205540085,0.1511295953987839,0.18359226018617208,0.21441999000916154,0.2438822672591909,0.2721753446840871,0.29944872223072555,0.3258201383066235,0.3513847202557713,0.3762209018464544,"2.3513752571634776"
-0.2911438873454143,-0.2428550656385351,-0.20362350885218772,-0.1692996350217734,-0.13822983720961843,-0.10955120808334677,-0.08273620638728446,-0.05743315921410411,-0.03339221940912161,-0.010427877037923684,0.011602470602294164,0.03281141739629813,0.05329200411283576,0.07260351533853594,0.11884678808957251,0.20692898869967521,0.2915407117500714,0.3696885813708684,0.4422809113012047,0.5100102471954787,"4.04305126783455"
-0.5001455736020244,-0.43107379159062736,-0.37467050340988406,-0.3254126955517438,-0.2810185446109727,-0.24023243773548866,-0.20226275647621494,-0.1665692707424488,-0.13276355121147904,-0.10055555288338926,-0.06972224326643248,-0.040087978860300494,-0.011511650038066736,0.0161220495395489,0.04290873086482014,0.06892869167046138,0.0942501295126482,0.11893154307813603,0.14302355739095984,0.16657033223193973,"2.9444389791664403"
-0.11118949892491548,-0.05586945354895379,-0.011273967948959083,0.026323789371040157,0.05796191920121848,0.08319341062600924,0.09783453532868115,0.11203083062785851,0.14834266882772307,0.1554246661948601,0.19169902082019863,0.21414484698926184,0.2321649660968316,0.26559359010683203,0.2680530864800215,0.3159673721009307,0.28500015368518233,0.3669831802880048,0.3666666437318151,0.419581679915299,"2.772588722239781"
-0.16534865785378416,-0.11046792201131114,-0.06510982305736808,-0.025024714733065875,0.011480723620610426,0.04531038453372175,0.07702178150173708,0.10699032254992384,0.1354841939290227,0.16270328015320218,0.1888013331013931,0.2138994822414844,0.23809490246099796,0.2614665991112452,0.2840793848603904,0.30598666830756155,0.32723242851963963,0.3478520373703314,0.3679306065235157,0.38335599600246856,"3.979681653901961"
-0.20284642352760038,-0.17584494304601514,-0.15383291432085777,-0.13476785051019868,-0.11756573867644034,-0.10175101538510155,-0.08699885766143883,-0.07310945237466074,-0.05998021683111403,-0.037832424739456555,0.027416049755851622,0.09223177205957354,0.15038548060753656,0.20312449988637857,0.251333683023624,0.2957031897848813,0.3367826517257766,0.37501739194886874,0.41077303421444195,0.44435288393559924,"3.7954891891721947"
-0.10492932853437517,-0.06627368895643276,-0.047264923771478576,-0.02109515001073221,0.006709907776447906,0.026021406891492224,0.05580119519730418,0.07893280172481196,0.10293730826346771,0.13481897815134591,0.13966048785748345,0.19150557970737064,0.2112310899122284,0.24539142051664994,0.2871059522357281,0.3194922636830524,0.34801686854525266,0.374132129172148,0.3985014513392103,0.4215044708520294,"0.4054651081081644"
-0.10102576268510956,-0.06613539742833324,-0.03778778094477041,-0.012994835404426442,0.00942401205529773,0.030088419416016983,0.04937659698598042,0.06754059523361348,0.0847588863242531,0.10116346514960214,0.11682133871121965,0.1346624817958069,0.17491856506770515,0.22848558574588262,0.2754457914918481,0.31783601070729905,0.35637359512941985,0.391673746210472,0.42423787584383277,0.4544770326675438,"3.5409593240373143"
-0.19004461029227365,-0.13645555437727108,-0.10181075584133104,-0.10274967723582715,-0.03519681059493673,-0.024879267527211618,0.025974332768914175,0.042193618675699346,0.0873523975874343,0.09997310150414603,0.14983526423569835,0.13988103241269523,0.21271649004573565,0.22338698132033155,0.2744868935464124,0.30370642842677315,0.3305962496313567,0.37689163768668976,0.38530885363281725,0.4448034074209131,"0.6931471805599453"
-0.09899093460609193,-0.04489292453476835,-0.000923268702896897,0.03661992814811217,0.06896629565366508,0.09631308040839594,0.1176602271117209,0.12691865969142094,0.14867586433284055,0.17726502269785868,0.1674426195800888,0.22049574505897074,0.23701496808402162,0.26104304148983254,0.2883799499658204,0.29843223090266796,0.3375543936351394,0.31970993787094376,0.386876155576644,0.38768670248844744,"2.917770732084279"
-0.03764209640680043,-0.002774911678708181,0.019888408097968442,0.018106968963366027,0.06076150723181888,0.0800305396727784,0.1260205371485612,0.1560963631046591,0.18096199786466857,0.20278654790439163,0.22250611154680966,0.24063981297685694,0.25751741340544176,0.2733664506466548,0.2883524053265533,0.30260037627256553,0.3162078785220475,0.329252705238971,0.3417980728792145,0.3538962052642789,"1.3862943611198906"
-0.0591115187219426,-0.01146235606970925,0.0280670017045907,0.06282715985375546,0.09414664658610669,0.12271225071006905,0.14891347942640853,0.1729645827727152,0.19494926519981723,0.2148228285136304,0.2323674546968838,0.24704351402634833,0.2574510892400003,0.2576207492628071,0.2673757320490866,0.2620751151122125,0.314812287129448,0.33408615936569885,0.3066029667783117,0.372690220944856,"3.449987545831587"
-0.080191833912048,-0.03536348202736044,0.0015650693271915019,0.03407582928422825,0.06355426292024115,0.0907362908484673,0.11607121752609292,0.13985608148324133,0.1622964645608883,0.18353745315130335,0.2036803311189551,0.2227913276282358,0.24090496181165252,0.2580224227559474,0.27410337057993445,0.2890425904660846,0.3029332106024126,0.3060535816804373,0.3770541305875607,0.42872675436284363,"3.6109179126442243"
-0.09167537635749975,-0.04010707897282477,0.001184638078468703,0.03572887738405377,0.06441839134625968,0.08649704496315883,0.09541607052349384,0.11960568433171234,0.1468132787447355,0.12444307520058676,0.19156069490013158,0.20228562185535356,0.23528171192477673,0.2561784355042997,0.2794741357631526,0.30748080505346054,0.32526938047991033,0.35931960023763465,0.37392366286980133,0.41309553795875503,"2.70805020110221"
-0.04262934540753924,0.012468284246850043,0.050991462870054925,0.086204936939176,0.11438140161961784,0.13679442581585766,0.15625609387555361,0.17508552354418494,0.19316892695777885,0.20951732286716246,0.2245144757249841,0.23916513495125816,0.2534310152384363,0.26681526953348145,0.27953159625430524,0.29200305869066856,0.30415188678577776,0.31579730873216605,0.32704995836179096,0.33807000106305085,"0."
-0.28474032889010814,-0.28669763580271906,-0.20156578665006902,-0.18947236120038602,-0.12923332811445887,-0.09798699127839298,-0.06968458057230047,-0.021189455132366412,-0.008155135771531047,0.04363715349671365,0.08315307993265472,0.0892853259233495,0.1504728540838574,0.1923333720296828,0.2161273447937222,0.2504686912929321,0.30644792055491,0.3489454846992106,0.3865933619160694,0.4213391896987888,"2.0794415416798357"
-0.06288460494520207,-0.014472308466288943,0.025349677698507815,0.060013729500887215,0.09083907190890175,0.11844983449282426,0.14310746554180961,0.1647807574008467,0.18303537383864626,0.19643333111008016,0.19720145658673094,0.21837045135136407,0.2346202129148718,0.2516703456223622,0.2800462749538613,0.2813845603458366,0.31847738805805526,0.3379996665886307,0.3510967020223484,0.38482060775140775,"3.2188758248682006"
-0.11579752962456895,-0.062265022773244784,-0.020179626310466294,0.013798650360448694,0.039409130721821485,0.047608849181927315,0.0815028647519211,0.1087107795476021,0.11095343328792012,0.15889478947085084,0.1579270039091159,0.20803292893352426,0.22001749695792958,0.25823069685766964,0.2750048314070457,0.3105466219797539,0.32867271569898127,0.3655632417836471,0.381866398055583,0.4235767374884092,"2.4423470353692043"
-0.10987844243194157,-0.056023383480262104,-0.013924481025606778,0.019744100476264747,0.04437284280905444,0.0452483295167519,0.08949748463714258,0.11306040978650374,0.12836253126212277,0.16587360728369926,0.15806610973128757,0.21749789395738314,0.2061759629921184,0.27019553216328146,0.26910481688876936,0.3250063024540024,0.3217764290783473,0.38256656716150816,0.32097056905137955,0.4434347099718402,"2.3978952727983707"
-0.05597854096567725,-0.009353312736718753,0.029083194500110664,0.0627783364363442,0.093095265599883,0.12073884277466179,0.14611122523602108,0.1694382092136264,0.1908165690283093,0.21021908904273556,0.22745535055109994,0.24203886073587985,0.25272020133995116,0.2546387924057556,0.2601154060528161,0.26215296142947275,0.3096367127425338,0.33430128520985597,0.3461997232425356,0.36768014941936317,"3.3843902633457743"
-0.03354696485561862,0.0004171982484445641,0.025902212965190664,0.045036672336131206,0.05483426232640141,0.06782119079993894,0.09673948104265455,0.11155473825100007,0.161730668136081,0.19186241692033518,0.21666349430339638,0.23842811081260468,0.258103581622669,0.27620605674305876,0.29305998805911493,0.30888784884555287,0.323851349659042,0.3380730567085555,0.3516488207410554,0.3646554371400362,"2.0149030205422647"
-0.049774279174610116,-0.005385409456411589,0.030609568691044458,0.06157067431455049,0.0887400553595383,0.11263120781351965,0.13330546978758334,0.15026984625227055,0.1615340739751258,0.14415556383673792,0.18843151241627767,0.196330438145628,0.2262372354157032,0.2500019087952955,0.22268731593213578,0.2934537635064253,0.31538327718028664,0.3417189550339169,0.3914553612134457,0.4382496496127695,"2.995732273553991"
-0.09379001722967517,-0.04755365577299806,-0.009030330402471977,0.025144500573914628,0.05632311910787282,0.08523157662430414,0.11231899366363361,0.1378877039318669,0.16215278965062624,0.1852730705983694,0.20736871453522832,0.22853186741857437,0.24883331402909933,0.26832669558814826,0.2870510882655188,0.30503235280280405,0.3222834136644318,0.33880341760882526,0.35457548072644074,0.36956236239805706,"3.9219733362813143"
-0.0692057473955326,-0.020978840574830925,0.019297945055469435,0.054856793744687306,0.08698279120203407,0.11634205953212559,0.14331348928344348,0.1681064680195908,0.19080422412577527,0.2113661755267485,0.22958471611864895,0.24493825725201854,0.256035495095264,0.2562325957802735,0.2719657036951475,0.28192955612427156,0.3086500144322898,0.3305058783877236,0.32405204184977193,0.3654248479119616,"3.5263605246161616"
-0.07521850061715347,-0.03025958897453803,0.006814809317194533,0.03946134406586863,0.06905676426713969,0.09633217969281171,0.12173305816350806,0.14555248724092854,0.16799134678468033,0.18918867984632948,0.2092376228685714,0.22819297581716402,0.24607252867508164,0.2628516685282314,0.2784473888196627,0.2926795801193037,0.3052059536207964,0.31116309313282636,0.3590538277208795,0.4125215989111239,"3.597312260588446"
-0.20604592050851456,-0.1628507643549671,-0.1588620486088245,-0.092774608226877,-0.11212349102934863,-0.028151249049636562,-0.02157465623576707,0.03388651347831231,0.057111177347736394,0.09158560865721133,0.12871002503959875,0.12578745811265146,0.19487722712358474,0.22081439603696304,0.24920225131822005,0.2978277303984584,0.3244067463767756,0.35344216199586465,0.40928390073315857,0.4505002453820164,"0.9162907318741551"
-0.07315540884668308,-0.02301383999684164,0.018265530864601177,0.05416586470068714,0.08601239404201579,0.11440888200570522,0.13956121757390025,0.16130682056418882,0.1788426826999771,0.1890411943016076,0.1889629735250983,0.22319956735736224,0.2253150623918347,0.2604897457777221,0.27997238866602325,0.28962090923495576,0.32384196680347527,0.32505544127423697,0.36523275283906664,0.3831498175223967,"3.1986731175506815"
-0.0878905892142203,-0.061186997739921714,-0.03958271808880417,-0.020811343366835145,-0.0038869342028995143,0.011678885078203246,0.02620181174199149,0.037487538394466134,0.08135660270074135,0.12965469242719072,0.17191331883772593,0.20880590374759536,0.24150023147339525,0.27084544952386186,0.297488822856906,0.3219219604861525,0.3445190865289612,0.36556761448839215,0.38529145314856617,0.40386786570130634,"3.258096538021482"
-0.2579646601988051,-0.21755154007448327,-0.18479468560277962,-0.15620710877480004,-0.13036667622305298,-0.10654190889727665,-0.08428394188565486,-0.06329505229895685,-0.04336373059562533,-0.02433329275910853,-0.0060833386849535155,0.011459605428984021,0.03243402378231686,0.0979509252108437,0.17803815167091597,0.2509358001573037,0.3180906611915541,0.38029161746613166,0.4381835198274836,0.49229806914188756,"3.979681653901961"
-0.03788308735840027,-0.007103760070403271,0.017414181423979293,0.03839700514201539,0.056867760627392405,0.07326222511293931,0.08823410562332742,0.10552831131472815,0.1538066836735349,0.18691078944196016,0.21394052717486875,0.23728997111545408,0.25811257131681836,0.27704596808189613,0.29449273010452043,0.31072728096683894,0.32594789793456447,0.3403039173594281,0.35391150949117994,0.3668633316791425,"2.5649493574615367"
-0.05651240529405033,-0.008913502059391723,0.029924351055698392,0.0635008196301664,0.09313374078065778,0.11940659154726757,0.142484885389445,0.1621149887775649,0.1772193850938187,0.1829871309752617,0.19436107706407635,0.21755141644389311,0.22458793399447663,0.26215645112270286,0.2740645706470395,0.2995024660039928,0.3265068559613094,0.2919803474660878,0.3735260377008456,0.396141864699397,"3.091042453358316"
-0.13067371251404683,-0.11067885940783076,-0.09389434835854454,-0.07950850155347268,-0.06647883454202995,-0.0544599785522903,-0.03841850591759473,0.02949441408260173,0.08203181699297878,0.12739367483703581,0.16721039063627244,0.20265326962241212,0.23457558992921204,0.263617077826327,0.29026629879572474,0.3149017723115866,0.3378206666517487,0.35925938621501746,0.3794084895707749,0.3984235572780621,"3.367295829986474"
-0.062068840916429245,-0.013942979109817275,0.025054225842525736,0.05842284487962813,0.087399305029827,0.1123763075954816,0.1330634896837581,0.14775406219325382,0.1424107409895355,0.17750705345304385,0.19291595942180179,0.21194951340190935,0.24025356841930354,0.20324647875809343,0.28395292878995354,0.29862283831183584,0.3264263967895677,0.3533820360240063,0.36361278796084684,0.4070578032651789,"2.9444389791664403"
-0.11161990127066555,-0.07538783290163135,-0.0768674732126132,-0.022592332139020798,-0.016405563732280234,0.02920858330264275,0.0026291963915917537,0.08176457337963068,0.09694812190182692,0.1327454123670626,0.1646966437443387,0.1350512782389318,0.22728568529312654,0.26364602135761495,0.2941573699524416,0.3215730944903307,0.346896608707795,0.37064422986594947,0.3931309254738756,0.4145693497885135,"Indeterminate"
-0.07030292275576766,-0.02080345452867005,0.020287296149242295,0.05635154578099548,0.08871642793217391,0.11804758163584715,0.14469099297428167,0.168782355270741,0.19025975247528978,0.20877757864752627,0.2233483634447823,0.23025904832083716,0.23491772836795005,0.2606272948804455,0.2580832187734366,0.3007545754237224,0.31413536210265625,0.3320222476295274,0.3585998168316245,0.34558856174791336,"3.3843902633457743"
-0.04579394913514819,-0.004313521327599569,0.02939830247340229,0.058554466161385856,0.08437793040184792,0.10743928994786853,0.12796509536902476,0.14589047789370407,0.1607079033020745,0.17063106091902136,0.15968242657944812,0.19407599621562496,0.20356669496491223,0.23000999472853753,0.25589695377895877,0.27306565889543327,0.3162528291711253,0.3620410811850533,0.40274657931651925,0.4375808775003854,"3.068052935133617"
-0.06126853286725043,-0.016744236414543246,0.02034815679843741,0.05317462030235096,0.08300639507087279,0.11052151582902817,0.13613294419612973,0.1601104307849038,0.18263551332338654,0.2038290033026176,0.22376489809470304,0.2424761442239428,0.25995397979856194,0.2761401540727812,0.29090845295769213,0.30402690794612863,0.315083575331715,0.3233729037122803,0.3282844693759896,0.3364168224487287,"3.6888794541139363"
-0.12772736071490973,-0.09217526557060432,-0.09337718264452875,-0.03555202244135197,-0.04330423774200497,0.01793109702781303,0.03050941259030961,0.06967742855235967,0.09648185515621839,0.11340807396298047,0.15803800917581268,0.17768964238547102,0.2112275612183825,0.25478122562644545,0.2883357951227926,0.3178644680010935,0.34490306316667024,0.37014404097177567,0.393980927898883,0.41666806305145043,"0."
-0.10854117485733705,-0.06377012880927134,-0.027018942510748493,0.005310613444072053,0.034644330469781055,0.0617390399014436,0.08705882360177278,0.11091399586714451,0.13352423609088127,0.15505123180810887,0.17561711402124702,0.1953155103925617,0.2142184048891667,0.23238054603897446,0.24982122344649757,0.26800404037345393,0.3002588682646518,0.36292616993681004,0.4170026557325473,0.46663977605104445,"3.7013019741124933"
-0.47883080828839314,-0.3966197496077493,-0.33064402966995665,-0.27366583871559724,-0.22268678509464135,-0.17606856946652308,-0.1327954454110881,-0.09218931442334097,-0.053773286100264855,-0.01719797645715296,0.017801248199832073,0.051430382723341064,0.0838534520339633,0.11520357701170982,0.14559056898803593,0.1751062897810109,0.2038285274250754,0.2318238591514991,0.2591498065680207,0.28585648534621544,"2.6390573296152584"
-0.06240825237421119,-0.01491303058474299,0.024630666315057052,0.059481140414822255,0.0909330935005456,0.11965780139469014,0.14603797133531807,0.1702869123947108,0.19249319141692559,0.21262529808610803,0.23049454243495116,0.24562980456853767,0.25683770763790487,0.25949587932700713,0.2658317288616282,0.2739464042064269,0.30894140715647855,0.3302378642666065,0.3256928370507525,0.3653863599857729,"3.4965075614664802"
-0.0818815060737225,-0.05001747012685859,-0.048478210547198156,0.0014045334013436902,0.00966405655159377,0.05229738022227874,0.07712412296309598,0.09937481281215929,0.14498353794767296,0.17694955138947263,0.2042361187692602,0.22875056879697614,0.2513147734358071,0.2723858512713116,0.2922550243541432,0.31112405908329455,0.32914089368450494,0.3464185128090798,0.3630458999445958,0.3790948393934593,"Indeterminate"
-0.06133383752398343,-0.01534077246311445,0.022779783974394136,0.056389870066200894,0.08683280943525575,0.11481979542975905,0.14077864222831332,0.16498248247118175,0.18760676378181382,0.20875605350417767,0.22847467914478412,0.24674525204843512,0.26347290133658124,0.27844407254305314,0.2912249511926944,0.3008762243851119,0.3048980134366748,0.29370278078315604,0.32307480606839073,0.35608205920792596,"3.56953269648137"
-0.13168006163207358,-0.08344363940616005,-0.04380606357601209,-0.008903527588392367,0.02279585181428021,0.05210605123725261,0.07952705556016039,0.10539412135873812,0.12994563799270473,0.15335828822319936,0.17576700001145362,0.19727703659299653,0.2179716795482608,0.2379172710218133,0.25716581891988316,0.27584155376310404,0.2873419586947416,0.34987324862765923,0.41233680865081757,0.4706142512549512,"3.7954891891721947"
-0.07053267851006514,-0.022783884910045422,0.01525157192789719,0.0469489007435496,0.0731565688475959,0.0931442408738559,0.10068178848302689,0.12251506221753626,0.1472579364267894,0.14455295281158517,0.190894317485636,0.1965979974030828,0.23417716801265326,0.25203702609779605,0.2785489532582351,0.3044098852196791,0.324895602108663,0.35853182893433155,0.3728668989579215,0.4165025880095247,"2.6741486494265287"
-0.057088999397761464,-0.01249222084935998,0.02416863971710594,0.05629652252022961,0.08523753517446209,0.11169292289003852,0.13607178699735184,0.1586183994816174,0.17946405927479592,0.1986429116569588,0.2160788520770063,0.23152668213036262,0.2443885977486912,0.2529835646892782,0.24708918622677992,0.27035864985588665,0.2785846136323429,0.3226175642862649,0.37236790054305546,0.42335752690959816,"3.3843902633457743"
-0.2649670849834872,-0.25232761381990404,-0.23968814265632085,-0.22940481942572716,-0.21973165732838182,-0.2110994346034329,-0.2028619375103135,-0.19438075751246112,-0.14270628415474643,-0.07052106710661314,-0.0066061717700519286,0.05086798539512234,0.10306683617585158,0.1508663757108145,0.1949421345000936,0.2358265061019376,0.27394674129819113,0.30965096667663866,0.34322652367718737,0.37491322952485173,"3.901972669574645"
-0.06572448490166388,-0.028573767081205226,-0.003728495650797315,0.0011293524522385057,0.03476552062797637,0.05141319712982077,0.07597738497780425,0.09630216861642042,0.12257875218437667,0.14157480245571966,0.17500592103645604,0.18514312613170053,0.2368475764090556,0.26878158068085295,0.2958227070328506,0.3201025884582163,0.34247187921018457,0.3633872922969114,0.3831341290900854,0.4019077932525121,"1.5040773967762742"
-0.2123204788865889,-0.19972208507006364,-0.18712369125353845,-0.1768737880633722,-0.16723206264228233,-0.15863212180362107,-0.1453833044482187,-0.08070538863467461,-0.01508290115022168,0.042211536117445984,0.09306022853895238,0.13874684790521605,0.18020906682421772,0.21815363996415968,0.253126795513769,0.2855592797553723,0.3157964216405351,0.344118939225366,0.3707577823884345,0.39590498619894,"3.676300671907076"
-0.3758750636678744,-0.3087263499741038,-0.2602359158456607,-0.23309506255443657,-0.18677940060517287,-0.11980049674852887,-0.0690358022047088,-0.024602227993835057,0.015932792247003114,0.053660307835071405,0.08920240405401267,0.12296283445975789,0.15522545660823123,0.18620087741860397,0.2160515198200407,0.2449063555703033,0.27287016127054503,0.3000296402644575,0.3264576400535553,0.3522161552848608,"2.4849066497880004"
-0.0964955954251529,-0.043434848886615765,-0.000730965306479825,0.03524764531894573,0.06553172852922358,0.08975944102405023,0.10435156903493784,0.11346238770669574,0.1508163708923967,0.1586305440990552,0.1922992901251714,0.214484812047553,0.23128917717662845,0.2643648860969416,0.2652872650577178,0.31358607341898476,0.29661286046583585,0.36379659284442795,0.3675171049378345,0.41600477032926436,"2.772588722239781"
-0.19299339613400046,-0.14466126010610825,-0.12554959162714444,-0.07984925448960803,-0.05140585514257547,-0.017644187663033023,0.011562998039980376,0.046564129844471495,0.06867120372294444,0.11179030574008214,0.10687558602717445,0.17607518040649112,0.1938774804865164,0.23642976402021498,0.2733295444693085,0.26335866392245316,0.3436399962234114,0.3770671223411786,0.38497919335095193,0.45690614000280094,"-0.6931471805599453"
-0.12374296601534468,-0.11065416585150271,-0.09756536808373953,-0.08684223638501355,-0.06227120876535581,0.006563015423507866,0.05884405793823203,0.10215878510631372,0.13906014336553843,0.17118870992410765,0.199649134787458,0.22521316663087074,0.24843555640479872,0.26972574711259,0.2893935689943949,0.30767888711554336,0.3247712156163537,0.34082298678161005,0.35595873978952663,0.3702816245356837,"3.068052935133617"
-0.3326805277201892,-0.26900708053106004,-0.22565574923715526,-0.22546448056681334,-0.13748887259734718,-0.07995482825622037,-0.03286635413131998,0.009003276888538586,0.04742307916009945,0.0832813871970982,0.1171140712125604,0.14928020825873606,0.1800372280415624,0.20957857330684992,0.2380547337110349,0.2655859496638081,0.2922703533543763,0.31818943377647707,0.3434118444714967,0.36799613857349567,"2.3513752571634776"
-0.06136598620559414,-0.013882420136448298,0.024396701928100107,0.05693688880021074,0.08490314652523248,0.1085300954733756,0.12707336314889248,0.13644018855841394,0.14665391525129645,0.17533658231527802,0.15045211846699375,0.21675019871523582,0.23152087086319215,0.2556626723554596,0.28236763148593946,0.28902512819871645,0.33192693343371854,0.3384905714481252,0.38228840759275057,0.40430027978806116,"2.8622008809294686"
-0.2805408375723934,-0.23175417374284382,-0.22523882110425303,-0.15194314125907998,-0.10628175360248578,-0.08177937518143909,-0.04454541628855498,0.014814717425927097,0.05915321627062446,0.09789338282759101,0.1332430521673564,0.1661696262488686,0.19721614113056726,0.2267313792292462,0.25495891460251063,0.282078742384443,0.30822937890589275,0.3335207156904678,0.3580420259367265,0.38186722365594183,"2.2512917986064953"
-0.045069320518312146,-0.004860009785180957,0.027174684479712583,0.0540992298163974,0.07685492067815766,0.09539587756531713,0.10810463274567843,0.09541928435979431,0.13656760735199408,0.14802800550083967,0.1710201239468353,0.19514481313384935,0.18759932826844536,0.23924584849162697,0.25501013209601897,0.2915121009908819,0.3410784344694358,0.3757729725227039,0.4052747852841677,0.4316943672146453,"2.70805020110221"
-0.0587509723315076,-0.022998556523160116,0.006108218058154939,0.031531768323383905,0.05443580184613308,0.07542856303699959,0.09487284886256414,0.1129988434313491,0.12995309366014623,0.14582007821831172,0.16062787892672886,0.17427856152039276,0.19025938286633062,0.22620042569976115,0.27152359869336445,0.3107038346915446,0.34559721948217464,0.37699881674887087,0.40558948342111334,0.43190773787448306,"3.295836866004329"
-0.09086668274605501,-0.038030079216397214,0.00480044508248648,0.041277651824621404,0.07259775364682788,0.09890851543151626,0.1190612806530309,0.12553933769982706,0.1513142574499523,0.17678696766421606,0.16259903606382337,0.2210001891888296,0.23242707858918252,0.2631452170435315,0.2858524966509443,0.30411762090791,0.33610247629444223,0.3431047025725221,0.3864552527970057,0.3696641155136452,"2.8903717578961645"
-0.05107670192824103,-0.018709871059590214,0.007458911952727494,0.030207398472807078,0.050619891770176284,0.0692551355460574,0.08643856389767585,0.10236571251666063,0.11714164948710874,0.13105256394264023,0.13129357225239677,0.19253017251954527,0.23136233931999817,0.26518893760725926,0.2948719936538869,0.3214015428930783,0.3455015460726913,0.36767798853382966,0.38828851254229235,0.4075937040923493,"3.091042453358316"
-0.1554463433238964,-0.12040259175257995,-0.08915519463365641,-0.025207586025499253,0.018339735416647067,0.05490239400409329,0.08740339908559842,0.11709629421847473,0.1446776016529936,0.17058724351133567,0.19512452425302912,0.2185051851604105,0.24089199244136864,0.2624116878881156,0.2831652763555977,0.30323491512743855,0.32268864169097816,0.34158361520343783,0.35996842348789976,0.3778848066337118,"1.5040773967762742"
-0.07288735813584801,-0.046274872592776774,-0.024762390799629226,-0.006085203865170334,0.010741683769131231,0.026205155499173766,0.04093101451805332,0.058555710243946464,0.11426701143729828,0.15599633442521366,0.19180640090587214,0.2229856503299775,0.25061405807861764,0.2754722635588911,0.2981258497835605,0.31898432383701286,0.3383503567068863,0.3564530974774905,0.37347022555699594,0.389542512736254,"3.091042453358316"
-0.04009058208871235,-0.0020957951526373855,0.028351095403889654,0.05425421363852299,0.07665935251279733,0.09587620946970357,0.11158075633740042,0.1219494240682449,0.09469663525938668,0.14889740949492006,0.15925372627303894,0.18252398747646087,0.208511189904447,0.214255100993853,0.27316483219290916,0.3142646689396938,0.3467161599280077,0.37476500923773215,0.39997306831773494,0.4231226009862523,"2.803360380906535"
-0.15457854234117968,-0.1079942388067572,-0.06987923059415835,-0.03638908341029935,-0.006005448487133522,0.0220751482259602,0.04834520354723239,0.07313467470460006,0.09667837169985488,0.11915080286086782,0.14068595155654398,0.16138928864361457,0.18134543728764385,0.20062880242269251,0.2186890657767001,0.25525783988433653,0.3203110454142143,0.38447979767771895,0.44328256511772274,0.49759481421831114,"3.817712325956905"
-0.10561097777297908,-0.05206224160958303,-0.009110256638967659,0.026846905979983404,0.0566947059301524,0.07954993598965522,0.08752761611859869,0.11639133517755527,0.143468547240033,0.12844566176200392,0.18988884371422676,0.20032708623734186,0.2347793910457343,0.2556291821773972,0.2799071109513112,0.30765873635041635,0.3265074314588025,0.3596978386943983,0.37588130653272134,0.41299567990109803,"2.70805020110221"
-0.038247556658526,-0.001497233782683134,0.027779669135361187,0.05250832453981376,0.07364756367265146,0.09133816811686749,0.10474734245469157,0.108691539097428,0.1247622099832813,0.1450572149187841,0.14434738850932724,0.18602956667700177,0.1901504978782697,0.2499196386863692,0.2891091980118005,0.31989438455334024,0.34652205069229614,0.37046668315821885,0.39246170152025656,0.41294107236113486,"2.70805020110221"
-0.04213753305100004,-0.012529417363786162,0.011165496716275917,0.03157008500206484,0.04973157989274349,0.06609755087318427,0.08578990054753041,0.12154098671341904,0.1606139587298009,0.19083560907851957,0.21631872395157092,0.23865173490828978,0.25871114760031566,0.2770211439246584,0.2939294907063061,0.3096810966474221,0.32445708088827047,0.33839618422273404,0.3516077247771816,0.36417974706181194,"2.6026896854443837"
-0.13483201048760943,-0.0965200326557968,-0.06535620876971114,-0.03807165155035117,-0.013374280279320201,0.009414604772523217,0.030709767404377055,0.05078815694086897,0.06984645556635344,0.08803060927678756,0.10545279802174061,0.12215591068727748,0.14219427934929388,0.1909126979150725,0.25133309337565996,0.3053558955715863,0.3546241928350363,0.39982789024692056,0.44154932360175536,0.4802698583435649,"3.7013019741124933"
-0.10708690520689963,-0.06315729850860288,-0.03352927037103725,-0.029210545680623028,0.014219216756648664,0.03366118997600596,0.06079315462864687,0.08491915037408801,0.11089708412334291,0.13425338150945632,0.1646906822998008,0.1810860991642689,0.22111681864231503,0.17170576445048344,0.27921697886545155,0.3028665751109943,0.3366287559713234,0.38162934157312267,0.4163264321113172,0.4469150350706451,"1.3862943611198906"
-0.1155086973188627,-0.06627604027933345,-0.025492286489115206,0.010576916232097318,0.043424353496885164,0.07384832360130258,0.10234135996977206,0.12923464802154694,0.15476393418658296,0.17910378106084368,0.2023870348447533,0.2247166110760677,0.24617294298044612,0.2668187952220443,0.2867023531062462,0.3058590742813786,0.3243125322033361,0.3420742539941568,0.3591463344839103,0.3752064654757404,"3.8815637979434374"
-0.054420373691212,-0.016972815247926078,0.010443363564851304,0.02895448470376078,0.013580226257430961,0.06511026266763184,0.0754998108234537,0.10395933603845654,0.12131414917841737,0.14721600824540906,0.16867829437301726,0.19677357339461016,0.22455153538273998,0.2644631052334535,0.2941679239748879,0.3198943113781607,0.34317652530215276,0.3647060213948666,0.3848760715842156,0.4039406398184092,"1.9459101490553132"
-0.059298446649801516,-0.013436364476134124,0.024348751364774816,0.05751648402440617,0.08743946090536486,0.11483633472460883,0.14013059422862334,0.1635811469835927,0.1853373548596723,0.20545984469708256,0.22391786890969959,0.2405574486603434,0.255006393935245,0.26637362181138463,0.27182001314156334,0.2567941034298644,0.29077857909955435,0.30801025379607444,0.35271136706971395,0.40120150311117386,"3.4339872044851463"
-0.10969232118974083,-0.059641762174972114,-0.02180217130995284,0.005973778236439647,0.015196882250780388,0.04990373113178021,0.07601853124201222,0.08849207393042406,0.12745646628596793,0.125339953520414,0.17850112967027273,0.1683103852227973,0.2308774077937183,0.22996278025289169,0.28517049679316553,0.29731393858548355,0.3415072293667734,0.36533576684152635,0.3995538712802544,0.43563332535807825,"2.0794415416798357"
-0.060263503055604295,-0.01287447625245115,0.026427581306000907,0.060951462163036096,0.0920042513938626,0.1202547964867909,0.1460722564707808,0.1696428692150714,0.1910059837608906,0.21003674189490787,0.22634663610198322,0.23892736146378732,0.24420197168873056,0.2447987464744145,0.2655602255412883,0.286637636664842,0.3133131082795618,0.3209438201548053,0.3464412168715951,0.369314904332701,"3.417726683613366"
-0.11777456036611644,-0.06503306744717952,-0.024092939190364537,0.00807346765570029,0.0297847316956461,0.026572522388190804,0.08042948853790419,0.09492358570808392,0.12566741287314398,0.15119095353286413,0.17087508020476408,0.20390360400049978,0.2185772074975107,0.2565672696122026,0.2709653736037454,0.31025480897001634,0.3285171874546083,0.36535046282055894,0.3901084845599452,0.4217622969957448,"2.302585092994046"
-0.0338325913801041,-0.0012570329786482375,0.024449809494263685,0.04607538447515723,0.06449526053867877,0.07970916149122488,0.09024809538208839,0.06473124939979587,0.1288258408087759,0.17660699060327745,0.20840713078914977,0.23448162000959155,0.25723144276325044,0.27769091661431006,0.2964305591021779,0.3138088313361452,0.3300708172766498,0.34539406634125164,0.35991277762826324,0.37373169252183847,"2.4849066497880004"
-0.035887822502988234,-0.001091687758810565,0.025743291545685457,0.04720607382194854,0.0632478089218355,0.06874631632738679,0.08714022895104599,0.1083260287359899,0.11321902970891798,0.15166395693586593,0.18375186457375112,0.222143215542189,0.25066271291103365,0.27506054944671143,0.2968956904815488,0.3168935445648633,0.3354722945005547,0.3529034905557364,0.36937742291879516,0.3850346821138338,"2.302585092994046"
-0.04201036051124587,-0.00275139007709319,0.028868554213821746,0.05592671450196469,0.07953553523862952,0.10011256301754544,0.11759206151753088,0.13114836343988698,0.13678490630121812,0.14639897540286775,0.1694462267590217,0.16159023313891138,0.20964025854049742,0.22892349075054633,0.25025152776770276,0.2977142236584149,0.3403139090081388,0.37439666191049253,0.4038735809096583,0.430359248573774,"2.8903717578961645"
-0.04765369441828501,-0.006583211901553612,0.026062742305764355,0.053372470091011655,0.07623251269549973,0.0943924502869529,0.10521496565059613,0.105168138119882,0.1386696261772128,0.13856417954082084,0.17665892201499825,0.1945163421377347,0.21213309259781843,0.24276168697004405,0.23613681379341317,0.2806122479965023,0.3375089317134823,0.3762019392252704,0.4077276015197609,0.43555972522438235,"2.6741486494265287"
-0.2444361587784991,-0.20172954795795528,-0.17507983391392576,-0.12502983586319147,-0.10325527938970407,-0.05631966738158394,-0.02754258189307331,0.006334811841867312,0.046232205545531514,0.05127788954374353,0.11575723299487016,0.1368531454212271,0.17710218428144914,0.2193794020338096,0.22679917860396334,0.287537001081255,0.3288078360973773,0.34704804349687535,0.3973544620377437,0.44909653635407093,"1.3862943611198906"
-0.0659416413478798,-0.017041302348770014,0.023484117932567095,0.059017023789649264,0.09088401622057461,0.11975036983823897,0.1459621595401569,0.1696559718805271,0.1907725086670592,0.20897375186420278,0.2233008238771877,0.23025366713305653,0.2322630067470738,0.25856923878123,0.2619536737132333,0.30011976238900107,0.31287455915790546,0.33180770822143313,0.35812377160732395,0.34635126861697557,"3.367295829986474"
-0.07703950298984612,-0.05243816823808854,-0.014990088814778797,-0.0021596474166036936,0.05675835108954659,0.0928644300546965,0.12259457608205954,0.14872069070605826,0.17239820519189117,0.19425738884305774,0.21468833961122621,0.233954481421461,0.2522453635564229,0.2697029670981738,0.2864368474142578,0.302533930858031,0.31806477468086386,0.33308756279109014,0.3476509259987432,0.36179606219244204,"0."
-0.033874937506467,-0.000023330168182355085,0.026343495478769997,0.047822583568274,0.07756500629904721,0.1178607097793088,0.1474223739742972,0.1715801063924794,0.19251997530609902,0.2111848787678988,0.22813672231692253,0.24373580695406274,0.258239383470414,0.27183263762931886,0.28465459846436725,0.2968144492955358,0.30839891404258474,0.31947660761261176,0.33010376387833973,0.3403279788004899,"1.791759469228055"
-0.12051586187387109,-0.07112175770343379,-0.03036897482944138,0.005589887374115632,0.03828672502885049,0.0685381742374982,0.09684683045281955,0.12354996624025502,0.14888726886694081,0.17303597991549033,0.1961308288307525,0.21827607603844018,0.2395531022549823,0.2600252883325185,0.279741111281071,0.2987359152265903,0.31703642506534224,0.33433654454748407,0.3619135824836743,0.4179290495151591,"3.817712325956905"
-0.2503600346349548,-0.26306884031437944,-0.1717580648184213,-0.14970289562511174,-0.10541922511922848,-0.06818698833684382,-0.06837666119942645,0.0013350965540252257,0.030193590161211526,0.0483950731843264,0.10492876408154142,0.13715086666246518,0.11039254848496467,0.20932125956459374,0.25390858083709766,0.29158960671013656,0.32573211659006684,0.3575080718300721,0.38750506212974517,0.41607607607213515,"2.0149030205422647"
-0.06236071015026164,-0.01691878390446166,0.021225105380300074,0.055087845290189105,0.08588197656031048,0.1142516228310446,0.1405839858141289,0.165124427980369,0.1880272988461394,0.20937945176156397,0.22920880458689713,0.247481186318342,0.264082655185829,0.27877506661107715,0.2910869066104654,0.300005346791111,0.30287332943434137,0.29619805537795135,0.32722543177482116,0.3509572615576914,"3.7013019741124933"
-0.0964932464938272,-0.044467313728978795,-0.002888493131673718,0.03176635665346401,0.06030262186538522,0.0816063761355414,0.08478364871423577,0.11965225177578023,0.14305064575240464,0.148745926049573,0.19024119484436833,0.18899918279602573,0.23610613714363288,0.25005404648276375,0.28259573308638974,0.30351002182571124,0.33091118568630185,0.35642213832145386,0.38206623356972624,0.41064183180783365,"2.6741486494265287"
-0.1462774174377131,-0.11006606997250842,-0.08068004196378192,-0.054994618777853284,-0.03176477220349433,-0.01034094268751707,0.009673851360272602,0.028544126361300826,0.04645768980022622,0.06355383091125147,0.07995328914286019,0.09353428650192981,0.14283698287224864,0.203785942599567,0.25973650540530924,0.31056074383710786,0.3570757566952011,0.3999123310421476,0.4395873563010071,0.47652876290318824,"3.713572066704308"
-0.2340272114739332,-0.2123909641524496,-0.19422859855249275,-0.17866180555133215,-0.16456248337510318,-0.15164631573746157,-0.13958727519779882,-0.1282545650448971,-0.11479151433967051,-0.055749760988373635,0.013716355252670643,0.0756425206028786,0.13158582879760994,0.18257270741581338,0.22938907898669536,0.2726508111510441,0.3128501825865637,0.35038705619398186,0.38559051073927464,0.41873432328501015,"3.8501476017100584"
-0.045315985046070845,-0.004082865445955339,0.029034460651717692,0.057204174781457305,0.08152059754792253,0.10228393345881517,0.11908013455954929,0.12968249208242436,0.11427574461088867,0.1591624275665442,0.16445556282928198,0.19617143518826832,0.21801578459281948,0.21578540313038053,0.2631910497119791,0.25742768857077175,0.33253490581761225,0.37544817168901296,0.40953089381850466,0.4392034102875731,"2.833213344056216"
-0.08307006563251466,-0.03221753292133358,0.008644491484147311,0.04306059914778893,0.07206144118510391,0.09538444301056193,0.11008713670954762,0.11156817350460055,0.15225825774035773,0.1615344030962778,0.1918536156512388,0.2144889853600561,0.22886884458794807,0.26287898156844197,0.2572363998512142,0.31109538276423787,0.3094047166841233,0.36073130711830126,0.37202315034101885,0.41290278559321414,"2.772588722239781"
-0.06298933095206476,-0.0184889365078797,0.018568267238970843,0.05136427181778578,0.08117678268715571,0.10868785529445942,0.13431381805172773,0.1583278787241593,0.18091560493750575,0.20220288560691344,0.22227046507804318,0.2411606581828764,0.2588782857094998,0.2753857448884038,0.2905899501779866,0.30431530947450824,0.31625021233317097,0.3258492279868004,0.33229911089671726,0.3368938891429837,"3.7013019741124933"
-0.1792418924765766,-0.12633530207628915,-0.09134960521137488,-0.17735488011389702,-0.027849657001909344,-0.010967807282930859,0.030814111404948663,0.05322791674150531,0.09042114321791758,0.11152059462098184,0.15190800247983532,0.16365300130622978,0.2144663718635487,0.1982875997689779,0.27678201874211433,0.29852456513273634,0.3362069738884479,0.3745371834095111,0.36650761244917124,0.44528910020898166,"0.9162907318741551"
-0.16078577071982553,-0.09630252431595016,-0.0503637326817143,-0.011305659732583094,0.024239199959879047,0.056959054423961604,0.08732294407719807,0.11585099120731844,0.14291650317599996,0.16873384491707452,0.1934550222460634,0.21722038019493184,0.24014849240202277,0.2623275328591199,0.2838277887455452,0.3047122310579723,0.32503584551169756,0.34484420325597803,0.36417621020488944,0.3830667181066483,"1.252762968495368"
-0.08857613752585196,-0.0364029476462821,0.006095595850221492,0.04252346551429351,0.07412956456121284,0.10124864541354725,0.12337182808434982,0.1377326097965166,0.13328892525625455,0.1776752841639537,0.18992603557789042,0.21414611205713635,0.23983897865472664,0.24147107097240564,0.2852973236456225,0.28787374476308736,0.32981950769297497,0.34597813662659704,0.37459613025429733,0.3985981961437444,"2.970414465569701"
-0.18801025344384667,-0.17229853847555626,-0.11626262631311467,-0.08349384097155833,-0.06782299785465579,-0.01137317600207653,0.01704817344732189,0.03018796142274583,0.09306173352110768,0.13343594400172995,0.1678963853652827,0.19902557273741148,0.22785023672620422,0.2549196710686139,0.2805765364959274,0.30505548191059983,0.3285274842170219,0.35112273952183837,0.3729436981168401,0.39407304887399586,"1.791759469228055"
-0.07124887248776181,-0.02924246991258492,0.005249769721506402,0.035544750333901504,0.06295772045023576,0.08818420860183769,0.11164602715275143,0.13361890375539456,0.15428975757658023,0.17378516279708986,0.1921855602935341,0.20953063458841162,0.22581692480715537,0.24098465936416635,0.2549007110284231,0.26556686787653694,0.30230223024023556,0.35287290154245726,0.39979335340805366,0.44222827856248703,"3.5115454388310208"
-0.10221375630584942,-0.05437030588742408,-0.014862132704449303,0.02000089547558494,0.05169003801995062,0.08098985417140177,0.10838272715547838,0.13419150437995594,0.15864445406272162,0.18190889311787944,0.20411014639859662,0.22534282862138147,0.24567770106343367,0.2651656984918636,0.28383987579615494,0.3017154915496417,0.31878673341883595,0.33513558264455834,0.34188096516381855,0.4039796143188364,"3.7612001156935624"
-0.2833389127934014,-0.24746539651067326,-0.21839229997630807,-0.19309409032403585,-0.17025440661480762,-0.14922101223040485,-0.12958590348602675,-0.11108229495607129,-0.09351958257894838,-0.07675737431088785,-0.06068929601321701,-0.044593596744717454,-0.0004581424562589375,0.08401368902590732,0.15945795438294982,0.22878132994142927,0.2928538256910946,0.35238355923849446,0.40794719766718424,0.4600218180173181,"4.02535169073515"
-0.06282043574489733,-0.023604929552990168,0.008479660936745704,0.03658435016348202,0.06195327216309656,0.08524027859662886,0.10683780143873667,0.12699738234573166,0.14588274563381995,0.16359450731893924,0.18017938143589338,0.1956266662614728,0.20984731325235523,0.22251163538651994,0.23905435454788468,0.28110785125933385,0.3284106141185097,0.37031207161737667,0.40798552752042866,0.44216206617996556,"3.4011973816621555"
-0.06181836727226798,-0.028242948901168567,-0.020320796040337593,0.01663568428158935,0.02910201547688536,0.06810828840187293,0.05619233140491592,0.12827318234887686,0.16153500127575934,0.1888210620013445,0.21289214059603973,0.23479512522500312,0.25507942959995994,0.2740833825267243,0.2920361020248174,0.309102748772607,0.3254077594567501,0.34104803624214397,0.3561009959505525,0.37062976677104975,"0.4054651081081644"
-0.13117216359934827,-0.08029552171087855,-0.03829835360967054,-0.001224358328880581,0.032502119629707685,0.0637214287963561,0.09295115326852334,0.12053904685087763,0.14673271441460908,0.17171578855506628,0.19562848787221018,0.21858008532645187,0.2406568304113497,0.2619271347907843,0.282444999091432,0.30225222626941867,0.32137901482731346,0.33991363774574457,0.3530137658630635,0.4104018656593245,"3.8607297110405954"
-0.3555180904640928,-0.2731578808034678,-0.20900804816206486,-0.15450382601976598,-0.10611610855594565,-0.062002433768938235,-0.02109347771895794,0.017286739162806066,0.05359958434198442,0.08817841872211044,0.12127363976815193,0.15307897607403495,0.1837481354813148,0.21340568236338667,0.24215432525769814,0.2700799876662385,0.29725546130187697,0.32374309537571044,0.349596809344734,0.37486362761490827,"2.1972245773362196"
-0.08927762490901624,-0.04746818315913356,-0.013195133331802207,0.016915344785862936,0.04419882605179744,0.06936295511272277,0.09284025298280697,0.11491834662283351,0.13579898736558577,0.15562838077255603,0.1745140544462982,0.19253458739377544,0.2097450240138696,0.22618467455001834,0.2413838892386655,0.2694278988291199,0.3199469486296569,0.3709058461456716,0.4169588229671476,0.4590615952756351,"3.597312260588446"
-0.04092171953757083,-0.004404775835843805,0.0238277696355839,0.04640380595139708,0.06327063820462447,0.06928256072380438,0.08762912762071848,0.10821550572986974,0.11612826624426661,0.15019095157600368,0.1535805971812319,0.19305347960464153,0.22911005595520795,0.26638454405507056,0.295177732800838,0.3201684026736097,0.34274068360155757,0.36355629986740046,0.38300225515765374,0.40133222718578265,"2.3513752571634776"
-0.41987524287890665,-0.3589502706685598,-0.3153166824549127,-0.29576529616836306,-0.24145262894607397,-0.18881734105392411,-0.15141602794795458,-0.13423902668981927,-0.08381348813165819,-0.028818957756463006,0.015182845630113975,0.05452825737658636,0.09094370531105199,0.12521589642314915,0.15779492791666805,0.18897384435843628,0.21895975086963185,0.24790742849763095,0.27593728714073495,0.30314585045042,"2.740840023925201"
-0.07555596535758474,-0.04491449637600168,-0.020120687273174415,0.0014933168856080265,0.0209891758255149,0.038919525187033344,0.05562081867688244,0.07131596637188542,0.08612561653785929,0.10325292032287026,0.14056119963242225,0.18752992544318556,0.22770185698437032,0.2632606213987383,0.29507462691125325,0.323868335545557,0.35020406736504306,0.37451566538319897,0.3971357409778399,0.4183211560324011,"3.295836866004329"
-0.08003733602974193,-0.028899146459151082,0.013002631837089596,0.049216227564305534,0.08104730129068904,0.10901324485911615,0.1331119107925752,0.1526211137533805,0.16440686257400386,0.16544063353805555,0.20205164817218257,0.20927548858896658,0.23896886688703914,0.2608764759828727,0.2684663365122626,0.3055898028047052,0.3055533961097519,0.348636640475906,0.3649972735672624,0.3910579898636389,"3.091042453358316"
-0.05918727395110929,-0.015367506852388817,0.021271812719590864,0.05376697928517632,0.08333994871541957,0.1106438638186908,0.13607734756525888,0.1599013803737533,0.18229217201882295,0.2033677287171629,0.2232015196112843,0.24182855487250934,0.259245774143872,0.2754066272180052,0.2902077992556474,0.30346353576327395,0.3148619152582211,0.3239266926932794,0.3303781972601066,0.3378923439643846,"3.7376696182833684"
-0.3879293595791265,-0.30409921967929204,-0.23830024341390815,-0.1821846168062694,-0.1323007561610831,-0.08681520825201577,-0.044640421477254215,-0.005079317129017611,0.03234562849483393,0.06797937891996494,0.10208110324384957,0.13485142828055685,0.16644952929412746,0.19700433544738416,0.22662210010222145,0.2553916760340317,0.28338830463251424,0.31067640369161953,0.3373116573027342,0.3633426099609866,"2.302585092994046"
-0.06594865523594151,-0.02021103839254963,0.017730765319514872,0.05123092283142387,0.08163213171128374,0.10964885983294145,0.13571558116220536,0.16011589293985246,0.18304067108357544,0.2046170303307458,0.22492282374471068,0.24399231324098378,0.2618145489034357,0.278322937874329,0.2933699313671012,0.30666989584362647,0.317659740918219,0.32509932724961016,0.32571641013648367,0.32443018203911733,"3.6375861597263857"
-0.05104087518392304,-0.006158655309769221,0.030553265961333124,0.06249647693465038,0.09099131953403088,0.11668987139347056,0.13991864515960498,0.1607815927637823,0.17915370435277475,0.19453224111167508,0.20537987507323352,0.20304590788551832,0.2243344739049724,0.23503391290368866,0.26395253369619426,0.29061538270284115,0.30250160245737817,0.3080443512906069,0.3790163313457041,0.4267308980974643,"3.1986731175506815"
-0.09024338205684937,-0.0423406759653716,-0.005545546857934124,0.022852576432730608,0.04053956789992997,0.04879820418781305,0.08809580600162824,0.09156298863336637,0.13251186420557326,0.14848736916397737,0.17822426536594915,0.19978371367948994,0.2268104263429235,0.2509341674553776,0.27926346855516226,0.3033292981551251,0.33618888515017215,0.3575602763085463,0.3985440224681003,0.41705921546027286,"2.2512917986064953"
-0.06414432304706184,-0.014460554625911044,0.02613807207488049,0.06122359098778324,0.09212986747496012,0.11942533429570992,0.14321932167796161,0.1631031757122789,0.177440864095783,0.17545542948836756,0.2042386858996216,0.22043852412702314,0.23854509229932017,0.26786615387444024,0.26259664917879305,0.3099675460207649,0.32816975407784726,0.34872445245096845,0.3798890498350695,0.3185764240450105,"3.091042453358316"
-0.0771085431369712,-0.03073977684679203,0.007645560406959234,0.04152780437892562,0.07229836624714822,0.10069888498319417,0.127183180886598,0.15205160782372676,0.17551200892797242,0.1977108273744382,0.21874994262997915,0.23869559380590594,0.25758202634308663,0.2754105269294708,0.2921428129605266,0.3076850495134245,0.32185229065989907,0.33428237619035156,0.34426793591783333,0.3253791722719791,"3.676300671907076"
-0.06915139580248389,-0.024042166766802826,0.011184246578910432,0.03954587301479186,0.06101562450678271,0.0699385314684225,0.0915921979170957,0.11656151931109893,0.11680962890910908,0.16015076557940008,0.15830260284998246,0.20453862138713425,0.21583613496654822,0.2513469218203664,0.2690306970095917,0.30201299491624,0.32500072207529435,0.357519254660438,0.395351239150342,0.43940253399707724,"2.4423470353692043"
-0.08166618302614696,-0.030370093827689588,0.011310523331419414,0.046960061305651654,0.07781000991213524,0.10416704096899476,0.12544967264856796,0.13851736776341625,0.14060070912768266,0.17872226757142243,0.18694460437258278,0.2169693345028182,0.23938464226737025,0.2502872865624542,0.28609525895808746,0.2693985138369984,0.33189259542451094,0.34322129455482436,0.3782184250389637,0.39891548139946414,"2.9444389791664403"
-0.060337030426703506,-0.03604471357564867,-0.015650526149406575,-0.001978813982559034,0.0523263695229444,0.0986517177025421,0.13435511922210847,0.16283826452337477,0.1870088603636974,0.20813755576265555,0.22700563488835987,0.24410139300426012,0.2597686305053611,0.2742546576238539,0.2877465371826197,0.30038991444347185,0.31230038076096606,0.32357024095856207,0.3342754189355191,0.34447952079297084,"2.3978952727983707"
-0.04135422347650594,-0.006569916980223033,0.014526810244515775,0.0032888794407315925,0.058599795850144645,0.04240971271397874,0.1192752130320769,0.15170901883143117,0.1778727972999415,0.20066553888697541,0.22119798291032375,0.24005487095159442,0.25759653829972096,0.27406693924560266,0.2896414505744623,0.30445160947645566,0.3185993432754054,0.3321656459473744,0.3452161687461123,0.3578050312580075,"1.252762968495368"
-0.4576024240020502,-0.3898077664773082,-0.33702507984022967,-0.2949583010789582,-0.26761127363099396,-0.23511672699874742,-0.16914514650114099,-0.12072317162925077,-0.07821410045108014,-0.039232915871505195,-0.0027749368685287875,0.031715827486401456,0.06459539950048813,0.09611293131494505,0.12645332716454763,0.15575959240628312,0.1841457503757964,0.21170487046851866,0.2385143443766849,0.2646395096778667,"2.803360380906535"
-0.06514440557582142,-0.018564527033941274,0.020474943542888327,0.0550709777683276,0.08646419152439723,0.11530883512460147,0.14199216538929188,0.16675137363610415,0.18972348790062907,0.21096531281596922,0.2304540054619667,0.2480662480930002,0.26351718309772254,0.27618786793433253,0.28449351946880136,0.28075326690870006,0.2918213278461933,0.3119822512618715,0.340093767522317,0.3527547098353136,"3.6375861597263857"
-0.0711784029373054,-0.055056591299480866,0.011514931698973706,0.05036649532302345,0.08210447134309569,0.10965586097786784,0.13430157091004075,0.1569078602140645,0.17798584718437213,0.19780820516185887,0.21656555375148442,0.2344277840172954,0.2515277355444548,0.26795661637706414,0.28378631265756343,0.2990821140873415,0.31389906372374143,0.32828046656692017,0.34226288690329004,0.35587935155988537,"0."
-0.19029857984899057,-0.1340286602894163,-0.08772059708613547,-0.046890046727509474,-0.009758124140508185,0.024621305298687404,0.05683031494502958,0.087260149907468,0.11619002499543521,0.14382799814451516,0.17033421992507708,0.19583509153335343,0.2204323510182068,0.2442091497961184,0.2672342501472828,0.28956514034425107,0.31123019771664734,0.33383326281890446,0.37572529321912473,0.45810803527946153,"3.960813169597578"
-0.26648395831757066,-0.2313097628082943,-0.20280448797163067,-0.17800113305381524,-0.15560880409937636,-0.13498788353802768,-0.1157382618968386,-0.09759831601920269,-0.08038113034992539,-0.06394904372835776,-0.04818698465489088,-0.03628903175578967,0.03156676572398269,0.10951256240915361,0.18099018594600572,0.24663370075592242,0.3072891888605544,0.3636302848534002,0.4162065767797019,0.4654732034094365,"3.9889840465642745"
-0.040744290182237526,-0.0053092473122116355,0.012165526452130721,0.03370263706572687,0.06982760581805451,0.10985270411059624,0.13919843734851547,0.16385809377118535,0.18561453300979983,0.2053221528647034,0.22347293974204469,0.24038594466439758,0.25628498194854116,0.2713334097532709,0.28565422511528044,0.29934338426547047,0.31247764017296314,0.3251192031973291,0.3373193133016264,0.3491209778274262,"0.9162907318741551"
-0.05973759927294982,-0.019641401658801863,0.013191818243175434,0.04194821281422312,0.06788609723036439,0.09166515311298758,0.11367839664937227,0.1341734082469852,0.15330477391704106,0.1711567087586595,0.18774759326209267,0.20301585098633743,0.21677115064796884,0.22853519564266994,0.23828560459948578,0.26899440329998253,0.31979469238256425,0.36447939972086096,0.40437899755507284,0.44036547252906566,"3.3843902633457743"
-0.49425353203927225,-0.4152654989804127,-0.35149084968502275,-0.2962045177222,-0.24662254549168083,-0.2012183899934602,-0.1590385552702224,-0.11944074552876172,-0.08196948540842694,-0.04628891018967871,-0.012143432788346096,0.020666565308592767,0.05230041620881561,0.08288765868690859,0.112535283315519,0.14133287164770644,0.16935632767939404,0.19667064336017026,0.22333198583756342,0.24938929851586064,"2.740840023925201"
-0.19071766273859198,-0.13658858793427103,-0.0921550369200405,-0.053033062355380294,-0.01748759046217077,0.015402155207786018,0.046201756912241265,0.07529090516415772,0.10294032626526513,0.1293516331498732,0.15467997259568106,0.1790478056862153,0.20255374786574556,0.22527848007611598,0.24728900348641994,0.26861561836687237,0.2914116576909919,0.3391177622177137,0.4193578327753162,0.4910591858796094,"3.9318256327243257"
-0.06379286541247112,-0.016405805041710436,0.023116090405929466,0.05799256474434943,0.08950521276338323,0.11832081471124357,0.14482246135190074,0.1692281620262609,0.19163676855782322,0.21203651240503946,0.23027807037130463,0.245980237362001,0.25822023327808086,0.2639953161151441,0.25750501783557905,0.28118313606127304,0.3036117462882897,0.3289373772118982,0.33633813089105086,0.3601048164014929,"3.5263605246161616"
-0.11024807550583539,-0.0614822067111712,-0.02118690599940433,0.014391665590979612,0.04675076617229522,0.0766894115440723,0.10469949861803549,0.13111093273428365,0.15615776576080673,0.18001249865028546,0.20280550550057955,0.22463671003549465,0.245582855416896,0.26570204666585573,0.2850364280900011,0.3036133948151807,0.3214455919036977,0.33850793069429896,0.3561301674663593,0.3869494827089438,"3.8066624897703196"
-0.04120389513599774,-0.0031120659373717777,0.02708376810132413,0.05232461867158543,0.07345744251242466,0.09025542108012828,0.10025589906552054,0.09920528242981949,0.1317985497614976,0.13292023654329777,0.16892495084418802,0.1886040522632493,0.1989991808088107,0.22782017739329605,0.27903009595779976,0.31661884359262027,0.34673576394400335,0.3730932519581776,0.39698428324079804,0.41906041748237094,"2.6390573296152584"
-0.0842090682425086,-0.037152947404761175,-0.0008426669960989911,0.0275350058216867,0.046534280259666355,0.037717125782614394,0.09019855562468727,0.10176884572797605,0.13178147557795106,0.15336461301697982,0.17480411358653505,0.20272486384484806,0.22105625156933356,0.2530139365856342,0.2721003675009993,0.3056083799450766,0.3287404128801806,0.3619235541527185,0.39148451227154885,0.42838294117233067,"2.302585092994046"
-0.13503443759958783,-0.0844485779077754,-0.04830235578239012,-0.028870523448562026,-0.002198002701384107,0.032608195398055415,0.03458437434138159,0.0872903294495664,0.0653201302524695,0.1417483163514511,0.1303117820432794,0.19722289686810493,0.2051078414914397,0.2535979486682027,0.27510158069118396,0.30966562669155645,0.3435395274835213,0.3587594598711733,0.4118466640847406,0.4324882811149266,"1.6094379124341003"
-0.0640906646748472,-0.016793210824479436,0.022240491306416338,0.05656526833022734,0.08759577818514885,0.11607762846583673,0.14245654636682273,0.16701398111745835,0.1899263797963541,0.21129176880186432,0.2311376574996436,0.24941245976119,0.26595225393269556,0.28039140043615896,0.291894635465684,0.29799372530995843,0.2641952363326372,0.31335190280610864,0.27831056113608266,0.3967822013065715,"3.4965075614664802"
-0.08364696230924673,-0.03133450326654047,0.011787932852797642,0.049301600524998476,0.08256314796096141,0.11217967636146288,0.1383336673285589,0.1607877581310633,0.1784913807278007,0.18675160806199564,0.19987920307673207,0.2274332781156046,0.21982754255722417,0.26679903077669376,0.28397894864647477,0.3006483322277031,0.33052054181114515,0.2787127288108094,0.37423029815740394,0.3861821844351607,"3.1986731175506815"
-0.25861542232004764,-0.20775878591543093,-0.1663315734216943,-0.13001660162642556,-0.09710697037926375,-0.06670568975394474,-0.0382642172399909,-0.011415905259559158,0.014100003899146769,0.03847738908673679,0.06186540965599647,0.0843819310962373,0.10612201867953176,0.12719356184011235,0.14294476076089918,0.21834913175538706,0.3035078922363438,0.3827646074098057,0.45615197411231795,0.5244358441624121,"3.9982007016691985"
-0.05775306365509722,-0.010679383435903743,0.028289355414658168,0.06248976778905656,0.0932396147484378,0.12121391842238635,0.1467868457244346,0.17015014772893636,0.19135097164036424,0.21027813185185487,0.22657338918415898,0.23932205655677144,0.24551719129015898,0.23731818571316704,0.26401125173144074,0.2859156878041582,0.313606572241085,0.3239400858991723,0.34539694830607476,0.3713288342985257,"3.4011973816621555"
-0.04337261034048766,-0.007129918505954169,0.020197333968658363,0.0407666221835565,0.05200362728483679,0.062016751552738315,0.08945092016357732,0.07980149154083395,0.1304309894384677,0.1366906354171434,0.1755579762473607,0.20278088478267664,0.24272662503182232,0.27193571933013194,0.2970167486976303,0.31957349360332304,0.3403281718326784,0.3596911625805546,0.3779270723056116,0.39522067563807545,"2.1400661634962708"
-0.16799852829926598,-0.12262728913142985,-0.08559656473228815,-0.053102890784470044,-0.02364527117311346,0.0035682530737661876,0.029022468926800247,0.053041820744600475,0.07585711325744392,0.09763991894458195,0.11852210200869975,0.13860767425448944,0.15797899529543055,0.17691093695094898,0.1642883250429496,0.2703981479779969,0.33715698798224436,0.39859380573209285,0.45520279858729695,0.5076369305800972,"3.828641396489095"
-0.07253352753402323,-0.022749330369529027,0.018355566511411393,0.05421803917897864,0.08616117164808983,0.11481210534059968,0.14043455994200077,0.16299875397335592,0.18206926434456444,0.19618969531731442,0.19719478926177844,0.22041970542330652,0.2384706492381487,0.24899142105974834,0.2810451016539708,0.2864059295650423,0.3181988672980175,0.3382969361554986,0.35002523460120055,0.3832047446210765,"3.258096538021482"
-0.09477496655898505,-0.06129278251542104,-0.09426909378803439,-0.010150951484500273,-0.060369339528236324,0.040207993365875126,0.051045412256420536,0.09049697106663422,0.11829866915472305,0.129806158228432,0.1823140329054582,0.21568558600537469,0.24403073980840517,0.26953249472001906,0.29306551943281905,0.31509984941774605,0.335929320804644,0.35575531632407853,0.3747246037530556,0.3929489339098251,"Indeterminate"
-0.07390153777500368,-0.03429123405639427,-0.0018804135667240475,0.026542994554655783,0.05224828550014035,0.07590562503541433,0.09792194730033328,0.11856464948876357,0.138017235953543,0.15640730336113748,0.17382114274977223,0.19031053848945836,0.2058920026998861,0.2207133806448619,0.21512038510066647,0.28606119159663473,0.33380553600347374,0.3771221981211876,0.41632320078404217,0.4520916824768293,"3.481240089335692"
-0.06773801687727514,-0.01930184999631275,0.021082366850303676,0.05668914184148518,0.0888179420436123,0.11813961540125256,0.14503208684141491,0.16969846165283764,0.19220841018864862,0.21249473533230612,0.23029401909608657,0.24494416593152848,0.2545291882102949,0.24391250754663243,0.27451125266584614,0.2623760391559721,0.3136984761092413,0.33131179743755257,0.33318866073696807,0.3700099761192763,"3.4965075614664802"
-0.125803459093665,-0.14403527970953653,-0.05608462648190077,-0.029072407088510773,-0.003039828055536041,0.05101713042783135,0.0885630471642864,0.12042048954795935,0.14892673071757048,0.17509292863667592,0.19948139103434323,0.22244884625470607,0.2442410143649029,0.2650369829524069,0.28497269239714135,0.30415456145467,0.322667962842248,0.34058275867660015,0.35795705951162227,0.37483987016724085,"1.252762968495368"
-0.060136752043188045,-0.014591325862902054,0.023527051337419124,0.05729711598631307,0.08795385962060634,0.11615125216469613,0.1422802122023871,0.16658573364054516,0.1892180986889562,0.21025570015165926,0.22971160788423484,0.24752606588127174,0.263539146867942,0.27742250970298793,0.28850093628332546,0.2951869398468601,0.29273294348555534,0.3014107999776372,0.3335427486207599,0.35283017977202713,"3.6506582412937387"
-0.10466270125307166,-0.050525557533686476,-0.006818472097633816,0.030132053811087668,0.06140422876528508,0.08675129180804378,0.10322488847970002,0.10462759962335699,0.14891646857907534,0.16220581869999548,0.18852878553921826,0.21522546001729123,0.22245981954541177,0.2639034286999328,0.2482083212304027,0.31204156227831975,0.3200487538267325,0.361057705489467,0.3764896862700064,0.41187240631270794,"2.803360380906535"
-0.20680779913230526,-0.15529331499109228,-0.1286308521286023,-0.09237683440187718,-0.0545013163839126,-0.032558559785489216,0.010868303062142896,0.03242094247735459,0.07321914779548974,0.10134135012145586,0.1323640134023387,0.1705291069663331,0.18073791532995204,0.2380567998602202,0.2523069738424063,0.30146491091660577,0.33777777993777525,0.3393836394640129,0.4113888426872144,0.44520886563404494,"Indeterminate"
-0.03430933012670707,-0.0006066813403675918,0.02604250310419357,0.04844401305759458,0.06747258516695448,0.08312341316439412,0.09397007241836379,0.08103329597673624,0.12251527052046791,0.12854838139477096,0.1848069118670512,0.22208974720616403,0.250974909071563,0.2757269221231743,0.29781675141610975,0.31797701496443564,0.3366417466540786,0.3540963938971095,0.3705422204624174,0.3861283711429683,"2.5649493574615367"
-0.10527651401003572,-0.05727784930933997,-0.017464430378966236,0.017766856932905476,0.04985839898726399,0.07958220854288486,0.1074147254330337,0.1336761708490964,0.15859417581023869,0.18233684782605764,0.2050315398761414,0.22677617345830914,0.24764633531468214,0.2676997775916224,0.28697917636071096,0.3055135783620589,0.3233186865109407,0.34039588574203006,0.356729821037647,0.3722590933407409,"3.871201010907891"
-0.11128287735589588,-0.07537909614553319,-0.04619503099208011,-0.020660105908099333,0.002439081345058864,0.02373963838190382,0.043630648485906046,0.062371643342588226,0.08014664946907527,0.09709189153455962,0.11331812769908572,0.12804389440518454,0.1634765912479156,0.2176776789859006,0.2686920769532943,0.31467737857027844,0.3565263363267505,0.3948751569860081,0.4302495039250643,0.46308298732801345,"3.597312260588446"
-0.05856393658092406,-0.014602641507581202,0.02216424250958064,0.05477005569084602,0.08443527537806307,0.11181164244333403,0.1372960630601579,0.1611472528010455,0.1835383627687573,0.20458320559400844,0.22434939365637585,0.2428635493195582,0.2601101962633504,0.276023628805319,0.2904694994946734,0.30320924959871387,0.31384014452605863,0.32177419316379996,0.3272553023831188,0.3380461508380002,"3.7256934272366524"
-0.0913709964075534,-0.04758449118280308,-0.011607333008432079,0.020040979692982647,0.048741420258209114,0.07522709935447582,0.09994672523112597,0.12319900083143535,0.14519360292714517,0.1660825602083213,0.18597772942427404,0.2049609014521895,0.2230894934534687,0.2403990950174742,0.2569091278439548,0.27210552874961463,0.3005551145127601,0.35234597461144407,0.40470961728254284,0.4522299339089722,"3.6375861597263857"
-0.15946167432191471,-0.1126558864864808,-0.08718133296283558,-0.05952879362860667,-0.02242068561787655,-0.008041679512771455,0.035903284699122046,0.05142358697586971,0.09252436634659578,0.11602463218699073,0.1470414251078522,0.18100597354812145,0.19222127393733054,0.24466274463240656,0.2608047599972965,0.3042989493559217,0.3420123452895911,0.3431996779682695,0.4121808356016254,0.4557975484413346,"0."
-0.10711904050967141,-0.05632254092476019,-0.017178712879149422,0.013128146768306084,0.032126829292976326,0.04225454529324638,0.08329333314744813,0.08880625615435005,0.129716734727152,0.14783523832133053,0.1768261563970315,0.200785059690035,0.22647390828347122,0.25311365466963354,0.2796453704869289,0.3060315717166941,0.33658649809554064,0.3595775589095939,0.39729394350106234,0.41150615864712603,"2.2512917986064953"
-0.1034405062775345,-0.08332851218822086,-0.06644566812719939,-0.051975545199766715,-0.038842191421585105,-0.08629656435973691,0.03483114166018988,0.08483921487824782,0.12693995741669287,0.16311947898048948,0.19480607646945577,0.22300026560212333,0.24842202320570264,0.27159725650259525,0.2929167619726355,0.3126767991065878,0.3311066453716737,0.3483872539246971,0.36466401272411286,0.3800556102214714,"3.1354942159291497"
-0.04191393752814795,-0.004388917233755631,0.024987973551005863,0.049022929933166516,0.06819953247622074,0.0809214593917626,0.050094555406471744,0.11159378699491287,0.12037596532178536,0.14727697372792084,0.1687795705748477,0.17914257713185894,0.21506407308078151,0.24810350703562345,0.2890019736700163,0.3195394204213823,0.3458484643140312,0.3695395774015016,0.3913540619893286,0.411716626666117,"2.4849066497880004"
-0.0436401942117605,-0.006601792497889184,0.021872827296506855,0.044327638690868136,0.0602740957226674,0.058587785143886316,0.08987652718852376,0.10468524133325235,0.12417428626558426,0.14915183068686255,0.15715334421750451,0.19601699440346687,0.21640265363510522,0.2628504314671461,0.29388499049731365,0.3201989899182011,0.34375354830882254,0.36537680251999705,0.38552471770952623,0.40448571118916216,"2.302585092994046"
-0.16846309806596868,-0.1422969503423586,-0.10193519607109232,-0.08273739657430909,-0.03865393726120778,-0.06736361731230339,0.021072371786237238,0.045379239091652514,0.07032238339296236,0.11466910401906971,0.13715304034008985,0.1659226154829244,0.2151346057257922,0.25165699791684637,0.28361667669397544,0.31283891142194786,0.34011105050731033,0.36587047156344793,0.3903960804127386,0.41388175905720737,"1.3862943611198906"
-0.10408207517381939,-0.06412736459889727,-0.03149352437229212,-0.002864718677976046,0.02306763033717225,0.04699504665526682,0.06934044203711724,0.0903861299527824,0.1103318903142404,0.12932492598344622,0.14747678075055734,0.16487364386550013,0.18155877733154166,0.19939702647715524,0.23472949812271598,0.2928258329163392,0.3433563434319938,0.38938476002181666,0.4315194120081074,0.47033459421585544,"3.624340932976365"
-0.08379117978008994,-0.04846586730898152,-0.019725381034156723,0.005420889993224476,0.028151341199931755,0.04908598566070298,0.06860254764216364,0.08695185600498767,0.10431013372329982,0.1208057873624383,0.136539607174658,0.15100099604550526,0.18012526852039323,0.22800012774491782,0.2742465577735867,0.31551573495045504,0.3528197637500798,0.3868130635130356,0.41804271520230635,0.4469534420951676,"3.4657359027997265"
-0.09133102524313703,-0.04674265473388612,-0.014142792122013272,0.007043098495373543,0.007160175911040361,0.054132602719710494,0.060184153966546444,0.09916224306831284,0.11335874036593575,0.14639713288406897,0.16230084735517158,0.19684645478607016,0.20927624949226906,0.25075527162528116,0.24282665905100187,0.3083991231176447,0.3244564651297794,0.37207654610899993,0.4126479638470506,0.4457285967229571,"1.8718021769015913"
-0.11525572059044785,-0.12607195423444464,-0.04627747637042668,-0.0247930976620558,0.012018049839182613,0.06036432069908863,0.0960923898945187,0.12671314776084355,0.1542073173831783,0.17948332394918828,0.2030604159475254,0.22527299824204478,0.24635362299051247,0.2664728776879102,0.2857608131542317,0.30431955069246214,0.3222312097469295,0.3395631130424104,0.35637133523215536,0.3727032143354164,"1.0986122886681098"
-0.07059704556002756,-0.020787123388898897,0.020464135526479445,0.05658268811274721,0.0889041092395534,0.11808636042173172,0.1444520595391585,0.1680886075185424,0.1888323076661316,0.20608452381814357,0.21794978977487564,0.2090444073772845,0.24353232957952053,0.2542367819031208,0.2782755173116526,0.3020715986472027,0.2699208721912908,0.3413682850316452,0.3560985743845452,0.3766168996104077,"3.332204510175204"
-0.05745803274185326,-0.009854433091738182,0.029242099217643994,0.06327523303386884,0.09357472689858898,0.12078114415070887,0.14518529732279087,0.16681465490080866,0.18537549900096895,0.19990516875452388,0.20671579521796438,0.2099088781589993,0.2359166896613226,0.2424266880406808,0.27984187061531507,0.2931714588557821,0.3134620138799903,0.3417372860929792,0.34162665487078225,0.38462078389670984,"3.2188758248682006"
-0.0679284900216788,-0.018476525493651846,0.02215590939819211,0.057449169155395954,0.08872572015630373,0.11658638267228495,0.14123321959538604,0.16249717486337176,0.17956009072662127,0.18922964095787467,0.18942552921891517,0.22248296492734154,0.2190512673991317,0.2610609270696971,0.2791578942407728,0.2920229682575441,0.3241106292694805,0.32202371816656955,0.3664066053591152,0.3842685075247399,"3.1780538303479458"
-0.036122906045928556,-0.0043878534056808124,0.020774403482074,0.042100216095662786,0.0572889489161831,0.10168501475747083,0.13759462939833866,0.16538001950682554,0.1886300296929324,0.20899795141039434,0.22726762772123224,0.24392592300949334,0.25929460466325327,0.2736042143004743,0.2870248290313392,0.29968733166164885,0.3116947657825257,0.3231294349629488,0.33405821602672864,0.3445365865603098,"2.0794415416798357"
-0.06040998138135906,-0.02362659104058739,0.0015603224743682795,0.011410984335548725,0.03630423556179472,0.057422641310311225,0.0749646183397187,0.10156049002374432,0.12052654324784523,0.1481654875453516,0.17361341256484894,0.20007640495768558,0.2403188008555529,0.27004222415300105,0.29575413433663517,0.3190167071715678,0.34052748183646386,0.36068146003741675,0.3797331534475379,0.3978604013775585,"1.6094379124341003"
-0.06499006390115612,-0.01623507684536898,0.023410481401818534,0.05745509486214034,0.08716207471170381,0.11298210764072093,0.13477118561125603,0.1513692607420596,0.15654452042847233,0.17556340307567214,0.19806551810847423,0.2006274962360748,0.24111805067705522,0.24994278778562454,0.2808962603767366,0.30325023275104546,0.317076265594368,0.352406309690075,0.3437242985805414,0.40133370866039536,"2.995732273553991"
-0.041594364052330184,-0.004198243105548114,0.0006529277237684342,0.06222950418675179,0.09735142775611895,0.1254165115065143,0.14935813783743393,0.17059234641154344,0.18990688353316135,0.20774403430374197,0.2243906828246652,0.24006696892591328,0.2549338330604445,0.26910139247608805,0.2826562632976322,0.29567484111413306,0.308218904300153,0.3203354999345379,0.33206438129332033,0.34344160151370556,"0.4054651081081644"
-0.1290940737480965,-0.10513673779343517,-0.05492447892280969,-0.0012884539108692647,0.03836664755414636,0.07214185293151754,0.10230451938608931,0.1299121433300804,0.15558176286456915,0.1797091021362758,0.20256432624053186,0.2243440041967529,0.24519804033265055,0.265243620760785,0.28457415912187267,0.30326581204764647,0.321381863314491,0.3389755626274535,0.3560921887605402,0.3727706718118095,"1.252762968495368"
-0.13625055926623364,-0.08077192397507453,-0.03756800776116843,-0.003489931868037567,0.019764264430305586,0.0160614900662481,0.07346339532346209,0.0900961155006119,0.12028275166096494,0.14854977359746419,0.16602167552172964,0.2030689639022159,0.21356418013531467,0.2572877084120978,0.26625112469849804,0.3123055867489583,0.3252857897505507,0.36847995172176223,0.388521517136109,0.425701583365383,"2.302585092994046"
-0.44582485944740385,-0.3771563198244391,-0.32425696983998253,-0.28320681208077897,-0.26311276791244737,-0.20919797364495094,-0.1490434476640454,-0.10124099524704346,-0.05871978761795937,-0.019548744122574867,0.01716360167882359,0.05193390373244866,0.08510189155212179,0.11690923489815647,0.14753719525826303,0.17712696653617485,0.20579169169470723,0.23362405481160337,0.26070133318757366,0.2870889002803979,"2.740840023925201"
-0.15213690713817235,-0.1269383348695219,-0.10639893779639086,-0.08861147654951176,-0.07256371890839838,-0.05781159276760385,-0.044051888811118926,-0.031009801515025397,-0.02045874208830077,0.05298303552028393,0.1092856182380324,0.15922483453921638,0.2039888904361555,0.24450774371597064,0.28149218991615527,0.3154993978348902,0.3469733003131342,0.3762717239276665,0.4036856883192952,0.42945377245066596,"3.597312260588446"
-0.04869413802260679,-0.007926720409921546,0.025337835307232492,0.05430003897393223,0.08020748669671346,0.10368966191153418,0.12508550115351078,0.1445515219383258,0.1620841536392407,0.17746712018590663,0.19004340846536816,0.1975997907933009,0.1728004457867393,0.22299154743013797,0.22985487000062077,0.2710951620044446,0.3247927022885446,0.3683914823922889,0.4069732667145411,0.441112586385153,"3.1986731175506815"
-0.06972524594650004,-0.02077071047557111,0.01995584490413607,0.05577758833173672,0.08800536859274531,0.11730572698274139,0.14403926328382202,0.16837459218710768,0.19031689688163972,0.20967014119505356,0.2258686458051884,0.23727391683779336,0.23391153068538204,0.25838409727371786,0.26871183387153225,0.2934516467285279,0.3163067247405815,0.30379308659637183,0.35328708545858617,0.3689827129042058,"3.4339872044851463"
-0.17574428925647478,-0.13181399587498063,-0.1269655369174165,-0.06783585204567272,-0.052350868121265645,-0.006985433743868534,0.0030395767728230113,0.05393018218301768,0.032850465480228824,0.11400688445158619,0.13422772629363178,0.17019192581522274,0.20693077433140591,0.16689123522205532,0.2726034383790136,0.3048257394033039,0.3082477688372059,0.37974923038357267,0.4216149608841544,0.4575599619175605,"0."
-0.17140775345676046,-0.11620372231799073,-0.07067957157422858,-0.030498039914898932,0.006065258997714941,0.03992914542980631,0.07165956723249349,0.10163720899649381,0.13013381326739043,0.15735180808858967,0.18344686076879274,0.2085416137702077,0.23273449393374707,0.25610559179286563,0.27872070557406514,0.30063418480363635,0.3218903008966279,0.3425948594394149,0.35738336652793706,0.4227625938807817,"3.9512437185814275"
-0.13307952135613688,-0.07851226565526676,-0.036490843173880544,-0.004200366435688944,0.014653318545861174,0.03483195588623434,0.07317017144698333,0.069363713673126,0.12437464187880565,0.13953679091713148,0.17534053617502465,0.1967410674053983,0.22816003322748782,0.25179024742085515,0.2836972663621267,0.3061230731435945,0.34203455377871406,0.35896452005503654,0.40288468669213723,0.40122599648263174,"2.1972245773362196"
-0.22730876532770553,-0.17639173531742564,-0.16219842985223687,-0.0956074219115248,-0.03932037334071037,0.004908306064765641,0.04351370922959137,0.07852552199162706,0.11093051343048718,0.14131069761381182,0.17004880149641485,0.19741463875560053,0.22360803281149655,0.24878252857158753,0.27305949565541693,0.29653704830481514,0.3192959773903547,0.34140384438313237,0.36291789055500173,0.38388715972270376,"1.9459101490553132"
-0.05829066240267748,-0.012408234367342126,0.025643608054837442,0.05917977784358474,0.08952360324899591,0.11737294218170509,0.14314353984090172,0.16709512975895038,0.18938622453524212,0.21009801729399188,0.22924015391061306,0.2467398524350874,0.26240561983863764,0.2758343952733262,0.2861514201312251,0.2910617805193294,0.28129150217512816,0.3050953565232557,0.33907696092451906,0.3604504735140565,"3.5409593240373143"
-0.1323305753194996,-0.08233971181632764,-0.041164432153536414,-0.004860811693726996,0.028138403214641308,0.05866759891618005,0.08724000694238981,0.1142001126643648,0.13979302254186243,0.16420044263206648,0.18756110867452738,0.20998316997554223,0.23155205628252926,0.25233562888307415,0.2723875924752342,0.2917489909361123,0.31052494301246875,0.3231973850333758,0.3830664129443841,0.44621101548945663,"3.828641396489095"
-0.03797810648269585,-0.0016525227018182624,0.02699280222851966,0.05080116735796542,0.07052377264125806,0.08569831956862059,0.09233646773894197,0.10456672358170943,0.12759485585819696,0.1173104461288,0.16765407749744718,0.18415469646711055,0.21642415638536858,0.2621583772259732,0.29385790764019987,0.3206359596838576,0.34448829483347426,0.3662891261589376,0.3865256842399509,0.405507302889344,"2.5649493574615367"
-0.0935407340790159,-0.0404653214939519,0.0027218439816353544,0.039670249284367055,0.07161995430369578,0.09884350219937028,0.12061868362392793,0.13293706001552014,0.14403659086618317,0.17772412293136763,0.18330008079747345,0.21772535234079574,0.23897699655731672,0.25370723467132034,0.2871314823137834,0.2720994588180854,0.3339814403328305,0.33932079965806483,0.3811934374273857,0.397019774538737,"2.9444389791664403"
-0.19671667550096913,-0.15199205741605804,-0.11557712071952814,-0.08366859295388922,-0.054762854496101104,-0.02806981798667952,-0.003106387769475702,0.02045027044184577,0.042829687594833805,0.06420245797892436,0.08469975953176487,0.10442512211324065,0.12347790885430195,0.1396242694555552,0.1960876680752823,0.26908101019673825,0.3370986508106219,0.3996392022102511,0.45748105790956006,0.5112339128369893,"3.8815637979434374"
-0.08825015375924124,-0.035701860579922425,0.00728384222718372,0.044326640865435106,0.07672877537633224,0.10494699750738942,0.12880351745255594,0.14697615030850336,0.1515660838871752,0.1772140485050214,0.2008048087072249,0.1917238291842504,0.24353970214600362,0.2551141769615974,0.28320513623108096,0.30660629142221396,0.31960682483105085,0.3544175416689589,0.33846625216094356,0.4017972849364282,"3.044522437723423"
-0.053483291931363766,-0.018339648315730924,0.010222034546545246,0.03512345513057211,0.05750854415935631,0.07797067456529326,0.09685774833158964,0.11438173762589322,0.1306634916334661,0.14574676127134012,0.15958381098645855,0.172372068795178,0.1839205821463448,0.23793574442657953,0.27869299486450905,0.3145713313754279,0.3464538806302342,0.3751733427772134,0.4013966737661412,0.42561704520768,"3.2188758248682006"
-0.057393174930805264,-0.01902628880546054,0.012314778670770462,0.03972309220919328,0.06441668006087595,0.08703192303642858,0.10794597713215627,0.12739395332720252,0.14551883014905126,0.1623914806182139,0.17801089494209274,0.19228012792597832,0.2049217115221052,0.21601446667956395,0.23973451680548372,0.29071278193376854,0.3340139367925622,0.3724870592165991,0.4070319470185621,0.43837647769121657,"3.332204510175204"
-0.04136520576872905,-0.0026077391558229973,0.02839567945346428,0.054673266632723816,0.07724556306853712,0.09633426823840213,0.11134198971173277,0.11899477704314201,0.12490614964652151,0.15129353257701292,0.13489632028289775,0.19003375046786858,0.20903872610506818,0.22053472438642108,0.2587194680765347,0.31032371282260063,0.34588450376467955,0.375709958068867,0.40218427387403227,0.42634021138194955,"2.772588722239781"
-0.047307617085678114,-0.0053169444592348234,0.028354295139296565,0.05689998544079393,0.08139007426069503,0.1020370068332735,0.11814600995981489,0.12588820025516945,0.13489082885099762,0.1606151716431314,0.14700074551332815,0.2010892054609773,0.2161361906810951,0.23733381842839485,0.2667167153882727,0.25508988974571306,0.31844057061951664,0.37208871374312114,0.40924913058598494,0.4407050753910723,"2.803360380906535"
-0.0645615974187191,-0.03950192680618543,-0.019106981513555513,-0.0014687173166341248,0.014366701430742338,0.03604579440266438,0.08126939946772108,0.12467497230091923,0.15973111489530237,0.189294557157685,0.2149242935191939,0.2376709093398451,0.2582025376288128,0.27697100215347226,0.29429545567204474,0.31041119222654495,0.32549743620487087,0.33969452479643825,0.35311479529082773,0.3658498426119259,"2.803360380906535"
-0.054525571255597094,-0.007766412163496476,0.03067598477811137,0.06423422381082963,0.0942495847984929,0.12139300833389183,0.14601317950600629,0.16824788002704208,0.1880375847532878,0.20504144026542856,0.2182943522392181,0.22433759994645472,0.22330081775141825,0.2485783280461243,0.2651734555490618,0.2970693397441917,0.3110578140907298,0.3280204478087597,0.35961760370833096,0.37332619403721595,"3.2771447329921766"
-0.052001343751347684,-0.008810300519458815,0.02569669201384289,0.05473544289458358,0.0792951514283446,0.09932844656981252,0.11314366515987748,0.10047113292136958,0.14351436731758116,0.15587762904763475,0.17862347678856627,0.20314605019329401,0.20408529913814558,0.24792582346808378,0.2584048594089909,0.29288679736590073,0.31690379675167435,0.35332495533569375,0.4031979788503829,0.43924293615744425,"2.740840023925201"
-0.055767064552337174,-0.02452871871847981,0.0007148311407942589,0.022674802402651708,0.0424162201888804,0.06049143500560859,0.0772296796483359,0.09284053327306767,0.10741872284136175,0.12393986835783183,0.15703927219744582,0.20037125817387222,0.2365057537256641,0.2681131898738632,0.2961546154983185,0.3214425712969619,0.34456198883128436,0.3659303104049611,0.3858507555459676,0.4045496698949794,"3.1135153092103742"
-0.26543770547486767,-0.21885713257013883,-0.23242576749369837,-0.138055126273953,-0.09546291248676743,-0.07675701390514708,-0.028322690147568785,0.02610395321927053,0.06862759147853491,0.10609349128716228,0.1403857489976891,0.1723744590281531,0.20256117607501634,0.23127307760690322,0.25874091107005326,0.2851363254331601,0.31059202947904463,0.33521366375687134,0.3590872655530058,0.3822842082185289,"2.1972245773362196"
-0.09674408424492038,-0.049759283851321646,-0.010741263295327546,0.023803208447046777,0.055274248899299876,0.0844217575845486,0.11170855797733119,0.137445503760145,0.16185318655918918,0.18509399266912774,0.20729026681513704,0.22853521889036552,0.2488996843819031,0.2684362998418413,0.287181889903937,0.30515842618643113,0.3223726028280001,0.33881374458981095,0.35444927833292544,0.3692141664019313,"3.8607297110405954"
-0.2235429378256037,-0.17183451838180008,-0.1296027685968693,-0.09252353320909712,-0.05889009055654736,-0.027801728194315787,0.0012931118082711306,0.02876375600665884,0.05487313569266029,0.07981690988003733,0.10374567026803758,0.12677842604702513,0.1490112572477437,0.17052087851589837,0.19170500582180977,0.20609343860683044,0.3059605293963599,0.3840720442615853,0.45635854224638384,0.5234146481748622,"3.9512437185814275"
-0.05827778336239441,-0.014610652754744938,0.021272234376938023,0.05273043632795156,0.0810938847300661,0.10705805855096255,0.13103283000209232,0.15326924549142779,0.1739128467245329,0.1930236067618407,0.21057257171402022,0.22640822383180492,0.24015360258223659,0.2508594807292282,0.255090002077747,0.2554683013835032,0.28600883220540346,0.32952639107058335,0.38204487011068766,0.429030369044283,"3.4011973816621555"
-0.06827694840698019,-0.019019729284279224,0.021881984987295027,0.057802614377309956,0.09006960924394013,0.11935356974624267,0.14601081510000655,0.17019629266472064,0.1918857949197941,0.21081875940298753,0.22625891771452514,0.23586407532796919,0.19660808163586616,0.26103665865709375,0.25521942996345776,0.29950923009737057,0.31762380822969954,0.32319359965336913,0.3586161693376767,0.36720699524586686,"3.4011973816621555"
-0.1692183997586318,-0.11690306262527027,-0.08162319294723572,-0.08409493927410426,-0.021217710175265584,0.00026084433681411505,0.034827881880820095,0.06220040812788433,0.09261289589106816,0.12011120181370172,0.15320586643237993,0.1749571226822519,0.21556958541042995,0.21957570730032291,0.27835829110995325,0.2893900480977442,0.33979367521451104,0.37137622062710934,0.39233680412105426,0.4451119042881135,"1.0986122886681098"
-0.06069620496935523,-0.030009812133065854,-0.007551203649795203,0.030009812133065854,0.07434162678440186,0.1066787210935603,0.13391022566747096,0.1579901428084535,0.1798659143654529,0.2000814195936222,0.2189800031881091,0.23679901237878911,0.253712279787201,0.2698502091091349,0.2853134165682459,0.30018242595252853,0.3145230383287062,0.3283894341930595,0.3418268360755063,0.3548736918172705,"Indeterminate"
-0.05584649925778433,-0.021938133903737857,-0.008851787691654504,0.019470158879868374,0.039944031200987926,0.07063629872982728,0.08779866991306394,0.13482381387718617,0.16579740705966717,0.1917708244008096,0.21484290841427672,0.23589979387980903,0.2554294319686572,0.2737405638643367,0.29104584727614713,0.3075003067188615,0.3232216577557438,0.33830208746066415,0.35281555147649096,0.36682254297183925,"0.6931471805599453"
-0.0674904567003694,-0.01840089129730928,0.02205589263792183,0.057311924372841445,0.0886871864950884,0.11680637890723912,0.14193093760146203,0.16402842736412607,0.18265952497505805,0.1963611296825084,0.1969691337272577,0.21963204531701006,0.23658299964744553,0.25084172990681863,0.2805300488726231,0.2832035822553096,0.3184230121200381,0.3377386779721603,0.35122455312943174,0.38367357269487956,"3.2386784521643803"
-0.10085902860860427,-0.06846755951453298,-0.042213737024357025,-0.019291069697763185,0.0014182924180225515,0.020497217253183306,0.03830159467990119,0.05506822482845797,0.07096504008103863,0.08607200898023931,0.10443786205042979,0.14783139299770276,0.19958512039579385,0.24501837839288781,0.2858239529047308,0.3227796163948687,0.3565264117583811,0.38758025577025346,0.41635836859877695,0.4431974202837268,"3.4965075614664802"
-0.14596721339297716,-0.09711476642953583,-0.06488355337127136,-0.08734294486571953,-0.007403437873570463,0.008287955325587019,0.04660616981753931,0.06691619955134374,0.10227447369076265,0.1204066301261839,0.16013450966179618,0.1661998447878085,0.21928306010672388,0.22265568968234908,0.27830156973003745,0.3046961339869495,0.33296844110486573,0.37697072387992575,0.3920648248817489,0.4447303570196867,"1.0986122886681098"
-0.26488056672741483,-0.22658498060054175,-0.1974826536890841,-0.1415226222843193,-0.11636651534451038,-0.08051110342557032,-0.029846226463551433,0.0004074710709670686,0.00670340344729009,0.08021456851328286,0.12477050943977644,0.16287994135445097,0.19744796336921155,0.22958390958667482,0.25986942366635135,0.2886634340038956,0.3162103584431738,0.34268785889851044,0.36823115674564877,0.3929467348703242,"2.1972245773362196"
-0.07494026435905513,-0.038936511336732926,-0.019369214170486784,-0.003111693086121779,0.027916350304991757,0.03880776584858832,0.07394499991656565,0.09132766720205825,0.12111171832134028,0.1492758791007522,0.16524934406053424,0.2127799013264859,0.24449147572824864,0.2715436240843317,0.2959034234432438,0.3183825555114961,0.3394234497114284,0.3593049392327477,0.37821910819527055,0.39630644155926215,"0.9162907318741551"
-0.05094262257412145,-0.011530159317718414,0.01892052875856678,0.04308037138776627,0.06059405925318685,0.06252272725749063,0.0906933986591161,0.10805897021035844,0.12379989679824722,0.15128836807244994,0.15501700022261503,0.19608311942990078,0.18902877638524507,0.24482753927789244,0.2709768719889857,0.31532552703050665,0.3471504035225392,0.3745378296747113,0.39925669662669955,0.42208155156368315,"2.3513752571634776"
-0.08286570249073627,-0.032993850327702814,0.00679468051296101,0.03994410351708516,0.06727569189892653,0.08785429430488828,0.09322943133026837,0.1219631045874673,0.14558873295908556,0.14859125150205632,0.1909490877341407,0.19212417287108569,0.23553259549717903,0.25055341262052205,0.2810396784541014,0.30328614928573755,0.3286522594405157,0.35637470447887315,0.3794665695003523,0.4119643785377059,"2.6741486494265287"
-0.04625355974367651,-0.010793409686701285,0.01797101964073133,0.04296280616754089,0.06531667071081411,0.08560666534236547,0.10414700304545409,0.12109201790653504,0.13645875310907046,0.15008281147671634,0.16141745173179317,0.16792767696307,0.19168150885703342,0.23915888417801534,0.2792332427521321,0.31417831310224315,0.34488175391328957,0.3723805927628645,0.3974382553941149,0.42057541615640903,"3.1135153092103742"
-0.10205417336086588,-0.07218745603393087,-0.0480208168446856,-0.026961316919430312,-0.00795170141616445,0.009551618794252625,0.025882013628776936,0.04126057940146422,0.05578048582895426,0.07545152287318665,0.12235091591843056,0.1726978365871997,0.216848047681868,0.25628796308936175,0.2918613937138208,0.32424058610507395,0.3539585181930649,0.38143988014219854,0.40702321449108214,0.43097912431470553,"3.449987545831587"
-0.2669074481752647,-0.19093245415253896,-0.1332936896626417,-0.08478695496850286,-0.04173557322859777,-0.002405573767449533,0.03412082017310394,0.06841656779918974,0.1008832114283201,0.13181373494261214,0.16142700233644275,0.18989218480122386,0.21734431035982857,0.24389331259740418,0.269629941572923,0.2946302034942248,0.3189586430395551,0.34267066523703515,0.3658142452412179,0.38843126864713845,"1.8718021769015913"
-0.15130370534390347,-0.10809406749938137,-0.07283769056969383,-0.041908733132352625,-0.013876405309057385,0.012014112720833012,0.03622477948694087,0.059064666829566806,0.08075354592730384,0.10145468390317093,0.12129345037809121,0.14036858036984576,0.15876642810353006,0.1756987054557958,0.21529395092876477,0.2793657249761085,0.3407874136076876,0.39693737409783725,0.44865119065955605,0.4965249854445892,"3.784189633918261"
-0.06362697106679258,-0.014860637193379123,0.025366127321650195,0.06048582427923439,0.0918302925160079,0.12004814622332428,0.14544537943845698,0.16807873627174824,0.1877198949477971,0.20359728546645797,0.21305210554520096,0.20056322492141698,0.24087691314994616,0.2299445969790644,0.2804067294974143,0.2981449071994131,0.3082583911798722,0.34173620313465053,0.34795698456052987,0.38154519809245874,"3.2771447329921766"
-0.058778067582656454,-0.011923761032221125,0.02702347839405387,0.061332938130392346,0.0923051923475158,0.12061752098646003,0.14666071999926195,0.17066019450052364,0.19272382086929526,0.21285331161810409,0.23092361663439556,0.24660755356424377,0.25914473690347617,0.26639546209262344,0.2516712703761331,0.2750228319817016,0.3032279618070242,0.32935006418926865,0.3402918195305015,0.3581928926744603,"3.4965075614664802"
-0.233775807966927,-0.1765179484835814,-0.12961986976463782,-0.08837408414528082,-0.05092088170552485,-0.016275702490540018,0.0161653803631594,0.04680741100879176,0.07593908004588197,0.10377540982471475,0.13048199591507847,0.1561897490906183,0.18100435362907946,0.20501260475644467,0.22828517172028925,0.2511048904036253,0.16676485559700363,0.36414043437209614,0.4475193712408625,0.5250420451882084,"3.979681653901961"
-0.2902788179607858,-0.24760851381473498,-0.23189861831340677,-0.16362222858439335,-0.13119921877188376,-0.11380739262889869,-0.050332658361531925,-0.014083120748564883,-0.006341030626099193,0.056332364648174836,0.10588514381326786,0.14648360381482484,0.18286779416072732,0.2165171359183111,0.24814277659979128,0.2781628401618137,0.3068536046609355,0.3344118972702323,0.36098543645782594,0.3866893663341613,"2.302585092994046"
-0.05769790793232696,-0.012148758701167597,0.025703217750964145,0.05910300913835915,0.08934794063615362,0.11712321618459945,0.14283783902147026,0.1667481727779015,0.18901186789351893,0.2097117991981081,0.22886277749536998,0.24640320255835024,0.2621652028701516,0.27580008093507336,0.2865835929881328,0.292814343266139,0.290084325120645,0.3042932599248353,0.33598872054291323,0.3568828975755013,"3.56953269648137"
-0.2737458969845679,-0.264044544059755,-0.1914013710363989,-0.19046401453946635,-0.11890905143255527,-0.0917645986545787,-0.05683371424588381,-0.01328595741760943,-0.013478554298625225,0.0538388770821603,0.08951465402782195,0.029715465546201494,0.1604223096681003,0.1988029204350872,0.21560215421474038,0.2644262965558494,0.31525204526736944,0.35618670154557547,0.39287083862926697,0.42687934921438,"2.0149030205422647"
-0.041165859983438864,-0.006230047538167629,0.018696141713684892,0.033823971256759476,0.03596631844016275,0.07224748896995979,0.051860334242841435,0.11723716223347355,0.1310217519922162,0.17909075511959588,0.20912655764253038,0.23419849204548807,0.25642797009407947,0.27668968344528566,0.29546062745243157,0.3130410876886045,0.32963740400911906,0.3453999516907798,0.3604430350435027,0.3748563253982508,"1.791759469228055"
-0.33532672643588357,-0.27999472008652493,-0.2498390963259588,-0.20985830421626298,-0.15115776357796853,-0.1135919738501666,-0.11071586497170714,-0.03627937574744987,0.01619729961485053,0.059469780415506567,0.09827166431601184,0.13413782077076694,0.16781981249048117,0.19976475606473174,0.23027043278246045,0.259550115431487,0.2877644154708836,0.3150387893954067,0.34147398976783744,0.36715270941739836,"2.4423470353692043"
-0.06499830948946475,-0.0212498833848966,0.015274957256394857,0.04766799078040365,0.07717362097993222,0.10445868279147442,0.1299328533887649,0.15386800694191796,0.1764525771022498,0.19781944884784688,0.2180612115715064,0.2372384977115882,0.25538391488052,0.27250253115953765,0.288568878851723,0.30351949233516645,0.3172388075087439,0.32953523552744857,0.34010945029039147,0.34858132360326516,"3.784189633918261"
-0.05858557689107751,-0.012152935202324489,0.02651582055716387,0.060647581639976064,0.09153100682288617,0.11984309030388529,0.14598235273327237,0.1701904119585593,0.19260328228815027,0.21327082761079028,0.23215477520177658,0.24910148716901703,0.2637649542719711,0.27538839826962613,0.28199857139153955,0.27401166178352154,0.272356385559021,0.3224121706015492,0.3443532075705548,0.351812444862937,"3.5553480614894135"
-0.06126718802141826,-0.01627528553248605,0.021145990192280112,0.05422423979826693,0.08425355100162484,0.11192264936725858,0.13764952946603687,0.16170552518157985,0.18427104544781114,0.20546304727072864,0.22534830802694,0.24394772016159008,0.26123271216654037,0.277111581268569,0.291398391100061,0.30374569661011513,0.3134966032847351,0.3194321498472575,0.3218070110447151,0.3395950287330834,"3.6506582412937387"
-0.1193622068320952,-0.07301180290862837,-0.03494285112337392,-0.0014367005376091126,0.02898062331504023,0.05709198248970597,0.08337789587777208,0.10816018814616699,0.1316672768000148,0.15406797274569484,0.17549062672242113,0.19603468724828188,0.21577798579560667,0.2347814083134957,0.253095896255479,0.27038979090233556,0.29937485387645324,0.35572095771577655,0.41457830389237815,0.4682528571752861,"3.7495040759303713"
-0.09690906463731772,-0.04996802694125337,-0.014876547922642057,0.010053396353383745,0.010371914495308531,0.0541448759715847,0.07412687715388251,0.09589275170002241,0.1246183180040071,0.14030132082705665,0.17437362352060792,0.18992779759263756,0.2251840721862895,0.24518369777870355,0.2775478182021685,0.30494331921171236,0.33110967283628434,0.3690440987306279,0.3821492939108419,0.4423298519760706,"2.0149030205422647"
-0.08625427432475148,-0.034038930351424454,0.008977110152847967,0.046358631934849,0.07944726915248024,0.10882822070005041,0.13464289503734278,0.1565560841665812,0.17317847219137356,0.17666687942084744,0.20116901485335864,0.22334913738208162,0.2179856072776109,0.2649100576875754,0.2764762237580286,0.30238780931388665,0.32616869266351745,0.33395093032711287,0.3716998421682995,0.367667687254161,"3.1780538303479458"
-0.0780014893700175,-0.027473691987302647,0.014318922941827046,0.0508246117837644,0.0833723518276249,0.11259363883400969,0.13875645659669786,0.16183671130593436,0.1814096975752193,0.19605086696721064,0.19791929270984834,0.22091606810237596,0.2403188411968927,0.24581782882947237,0.28167601089079897,0.29005628257659427,0.3179363852572912,0.33954516269405943,0.34773017673064843,0.3834505860036121,"3.2771447329921766"
-0.07662483562850472,-0.02800690093405043,0.01027181902160479,0.04152402577124566,0.06612251680167218,0.08100754888797385,0.08803993858107775,0.12521026115566464,0.12818869096603966,0.16778849139976218,0.18546066742628664,0.21088533913797833,0.2368805373821255,0.25580763404296936,0.28878547612525063,0.30398398324782294,0.34340849205585455,0.3566579524562355,0.4029173532428703,0.3589817682035132,"2.5257286443082556"
-0.09155328665452075,-0.03895930864085456,0.004025029946636665,0.04100894335977491,0.07327347474549886,0.1012306241526777,0.12458733388866094,0.14157170172462857,0.13663322651317006,0.17663330157374177,0.19613626590159194,0.20503675259793136,0.24122343423881087,0.2432415477493274,0.28324225358248306,0.3009106049202563,0.3237442453475662,0.3507381669967857,0.36235082277431013,0.39948629035873834,"3.0204248861443626"
-0.06018322334082426,-0.01205161169745211,0.027159666305259567,0.0609513761680397,0.09061654840488458,0.11668195774513246,0.13918917917483575,0.15756284369003967,0.16945845415849453,0.1362400681855623,0.2001778695438462,0.20709031822626692,0.2382292374871692,0.26044243548563767,0.26444701072424237,0.3055508078360661,0.3154699014224777,0.3484260551152361,0.37333122786381756,0.38385423298472615,"3.044522437723423"
-0.5017244848775918,-0.4296723193719133,-0.3710060465528458,-0.3198704472307634,-0.27384509937485557,-0.23159890180197662,-0.19229422823532796,-0.1553610789142334,-0.12039094975081387,-0.08707976773424198,-0.05519436448890338,-0.02455154184356283,0.004995600127487993,0.03356691618995522,0.06126166766660611,0.08816313702158499,0.11434200223944987,0.1398588526821163,0.16476609741990242,0.18910943517604933,"2.8903717578961645"
-0.062293836659439036,-0.014503501953500388,0.02520743147782515,0.0601408353739268,0.09160396102824661,0.12026887665209314,0.14651079898969505,0.17052615638680355,0.19237201272516016,0.21195725587644534,0.22896822075678414,0.24261285363746932,0.2504446509229373,0.222614232446649,0.2703669788580299,0.28063775937844265,0.3143492012847426,0.3276174158221131,0.3426857548996194,0.3705649923833823,"3.449987545831587"
-0.03840744663963547,-0.006044443250002835,0.020050365088811934,0.038958099147991095,0.08791371748469688,0.12358803236532807,0.15163916672684513,0.17485566632268512,0.19508841922850576,0.21313026004094518,0.22950285037739598,0.24454755219364943,0.25851683943764414,0.27158793809251447,0.2838967604838177,0.2955532061910131,0.306643423879522,0.3172331852898396,0.3273779801059693,0.3371265300087639,"1.8718021769015913"
-0.4282461406575961,-0.3595646736132653,-0.3073410424142844,-0.2683842744788583,-0.2680889874880238,-0.1833256257285976,-0.12686800535496662,-0.07999913783857193,-0.03790138837684546,0.001022762907139757,0.03756827313886362,0.07221428247251603,0.1052831299244784,0.13700739404021564,0.16756314394709373,0.1970883982720252,0.22569424963160326,0.2534719982607347,0.28049795273661854,0.3068367874267318,"2.6741486494265287"
-0.05621786323323837,-0.009513327072233693,0.029075847258814375,0.06295044614009487,0.09345795879755622,0.12129696606290682,0.14686789719659213,0.17039828755599826,0.19199087321629466,0.21163171456567698,0.22915971424668247,0.2441616824066622,0.2556286544857312,0.26025863461638893,0.25182524728110955,0.2667088036858508,0.3080943715463798,0.33297107232998435,0.344237384883979,0.36357783826297285,"3.417726683613366"
-0.16339786922279526,-0.12206238888061122,-0.08842100017389139,-0.058953379104559445,-0.032267876084293975,-0.007633329445307768,0.015397240781732473,0.037122450769161625,0.05775452922807413,0.07745112569146712,0.09633338040974777,0.11449501411836153,0.1323199572951573,0.1474588679729242,0.22800853527446946,0.2914206768060983,0.3494619382999009,0.4027842654665902,0.45204780701851166,0.49779251397487223,"3.7954891891721947"
-0.0586830735391821,-0.011609547645529567,0.026391220796939546,0.05878068358427804,0.08675309144795684,0.1106257300047439,0.12991270696303786,0.1420282968696847,0.13246443868570476,0.17593624199484034,0.18146637223457665,0.21469336257125068,0.2358204136473802,0.2474047855060719,0.2831863690786738,0.28383126002226367,0.32977397888818655,0.35108609595398643,0.3748711839092757,0.39726168938058465,"2.8903717578961645"
-0.0812103270308571,-0.04133876072628844,-0.014318436344685982,-0.007117979681500074,0.026800137838472203,0.04624187915522855,0.06886730615203993,0.09288709247364421,0.11576003300261888,0.13925042022802567,0.16742034117018292,0.18473315714872743,0.22333347901757766,0.20427370040326845,0.28521146275941883,0.32049379206972967,0.3500168685832084,0.3764962729459744,0.40091917036019653,0.42379380042617193,"1.5040773967762742"
-0.15244026499666383,-0.18010816931204737,-0.08365570770552884,-0.06426955264495374,-0.025758713099773657,0.012695290008768107,0.022966331983798858,0.07402245282096867,0.11731836928681078,0.1518983325582005,0.18241772600701617,0.21032249660928243,0.23631075426435283,0.2607937808175679,0.28404303787167035,0.3062512570864705,0.32756236158529267,0.34808787215349757,0.3679166735898255,0.3871212022936906,"1.5040773967762742"
-0.03585799883942974,0.000044937872712487726,0.028607238088165628,0.06429021388409847,0.10318655646356432,0.13329751482430874,0.1575853618411502,0.178523230320093,0.19709328910822266,0.21389861190296236,0.2293042260476348,0.24360745177957302,0.25701112095516454,0.26964487565196893,0.2816153405071352,0.2930218829655087,0.30393537083434236,0.31440315296409377,0.3244712488720212,0.33418568360173323,"1.5040773967762742"
-0.04081269786459999,-0.0031614121882442155,0.027229264365353688,0.053371428189024704,0.07638831139948034,0.09677049030727233,0.1146419962268401,0.1297307307349238,0.14086693450612367,0.14122966565805006,0.160974927766705,0.1791882801979667,0.17647757836488775,0.22830058084495505,0.26891815753105425,0.31044494844089726,0.34465892870879966,0.3742058667242248,0.40063887907770035,0.42480737381013167,"2.9444389791664403"
-0.08052768677896419,-0.059247666805031934,-0.04138433334707354,-0.02606467994820345,-0.019133466208997724,0.04183139591121681,0.09018677509919028,0.12948576236295697,0.1622446302892206,0.19036501299984815,0.21507538685681302,0.23718467030551393,0.25723892873610127,0.2756233322584284,0.29262000896340534,0.3084425640072271,0.3232571545522695,0.3371959779808137,0.3503661899475245,0.3628560312533592,"2.833213344056216"
-0.05309138826223819,-0.017641736616523823,0.005842687280390047,0.009522464157767415,0.04254896672053761,0.05780056590727559,0.08449893902522407,0.10357354610517627,0.13373597523477693,0.15391537270120026,0.19699083596001676,0.22675740531196212,0.2520929470002862,0.27480749956470174,0.29567763055921187,0.31513474464256686,0.3334535693528147,0.35082447072992345,0.36738711902451504,0.38324829312542547,"1.5040773967762742"
-0.053872422808705946,-0.007887384914103466,0.02932578948549099,0.061197971836222186,0.08896138643193603,0.11305425469027885,0.13333395516958577,0.1486648429189903,0.152987954549007,0.17059899530833442,0.1916043562498878,0.2005983425966636,0.23623731027990025,0.24514566360570184,0.27631630917301375,0.3009918284269984,0.3046680317103569,0.3518644060008047,0.34717659525239597,0.42706032959548507,"2.9444389791664403"
-0.09927185341610897,-0.046958705184721235,-0.005502608709312988,0.028562995014989972,0.055690466849574544,0.0730243508753906,0.07784670341182034,0.12055067807740324,0.1307962855544707,0.16341387219754616,0.18638728747257016,0.20541056709843977,0.23752432099786053,0.24766220772842426,0.2885931554413063,0.2919334128737998,0.3410837469991172,0.34208971443938674,0.3959270298636048,0.4011665556408168,"2.5649493574615367"
-0.06764214590223615,-0.019271884122487794,0.019603360523737425,0.05245786957092718,0.08038167398749935,0.10338173640780471,0.11986592634958597,0.11513487804449513,0.15282864960172873,0.1699854719565475,0.18669853978428064,0.21674849716854416,0.19443597822678232,0.26161064440039256,0.2719571172619851,0.30683361055470537,0.32842037885908293,0.35309642684194076,0.38430661818530776,0.3980886823476586,"2.803360380906535"
-0.07414204974219767,-0.02965867812737176,0.007413980671128786,0.04027891901258395,0.07022403781129234,0.09793990634380535,0.12385206511399174,0.14824482501174444,0.1713177849645031,0.19321505790463295,0.21404160197217562,0.2338726854195114,0.2527592479722938,0.27073043818055476,0.28779379358991686,0.30393292684322576,0.3191019067390248,0.333214485108148,0.3461245181394632,0.3575913509206861,"3.817712325956905"
-0.05648224618460441,-0.009289657218185846,0.029699990554386834,0.06388905300270728,0.09462094603227256,0.12258495535149996,0.14816548906327337,0.1715637459220187,0.19283814394771162,0.21189485857119358,0.22841058228830596,0.2415692572713482,0.24887604820057996,0.19993631940801151,0.26544597594163755,0.28586322432458766,0.31642893287170837,0.3307301027081062,0.3441212731401896,0.3765061240497533,"3.3843902633457743"
-0.12912279937752622,-0.09768457197243906,-0.07459670595055296,-0.039741581966300406,-0.015529223894815997,0.011305257582940768,0.0453180489662834,0.03762342658077374,0.10368533388930357,0.1289894294339445,0.1482263810695955,0.1990785010435537,0.23417712722539635,0.2644322732695213,0.29187665878165703,0.31735038735021015,0.3413110051204944,0.36404685389480357,0.3857567255255273,0.406586213597711,"0.6931471805599453"
-0.04695880621037965,-0.011650575818795328,-0.04076124811622685,0.052554328288776944,0.08995486523356787,0.11926713502147716,0.14423323686773262,0.16637142779917302,0.18650557327539166,0.20511150453445004,0.22249298187418387,0.23887040024888104,0.25440715936963004,0.2692219585507758,0.2834063274423822,0.297036259457305,0.31017417488514293,0.32287014772163447,0.3351658857932029,0.34709763046165787,"0."
-0.04355577052978116,-0.008034281416300543,0.017988923192964815,0.035826726613474566,0.030999916630617838,0.06908435335114968,0.08163421992794859,0.10797351150922632,0.12931492665314176,0.15221785973787205,0.18755792481353115,0.22315486252601593,0.2507484909593095,0.27471763075541134,0.29637279816577944,0.316343174238976,0.33499822174459387,0.35258102434309635,0.36926364386632976,0.38517421913164673,"1.9459101490553132"
-0.18375536686709665,-0.13672123766265998,-0.09832355990533216,-0.06462299013005937,-0.03406481738748969,-0.005828661512154723,0.020587739231958384,0.04552060068195868,0.0692091797085162,0.09183141329804141,0.11352414375982926,0.1343953980327479,0.1545325138430497,0.17395859695871965,0.19694691797524264,0.2538252952930071,0.32689930710104304,0.39308835198289105,0.45414659107595257,0.510731319437332,"3.871201010907891"
-0.33841260314932586,-0.2570450184208749,-0.19394251421344996,-0.1404323950232043,-0.09295125571735255,-0.04966074849215206,-0.009508366015559261,0.028166783935318435,0.06381575998502068,0.0977648560544157,0.13025915894156478,0.16148823790751204,0.19160254118655007,0.22072405369131826,0.2489533933465777,0.2763747556303834,0.30305948828390733,0.32906872215706706,0.3544553368947184,0.37926546017184487,"2.1400661634962708"
-0.09623066137111282,-0.06932143475277988,-0.04754437349999317,-0.028617891622691738,-0.011549399759277648,0.004152827054183642,0.018794784397877604,0.03306428904517669,0.05878245657137598,0.11471776402869448,0.16030980606808704,0.20027162720869413,0.2357160298381338,0.2675318959278102,0.2963975289638892,0.32283699239860436,0.34725585361348116,0.36996948700353227,0.3912254161796999,0.41122033518426226,"3.332204510175204"
-0.07641868794833441,-0.03473452291701441,-0.0005465323532816002,0.02947502027644226,0.056649042045875904,0.08167334580449656,0.10497238871721429,0.12682557951423454,0.1474251107726151,0.16690515734816316,0.1853572694728929,0.20283782861601715,0.21936962051627062,0.23493515201316334,0.24966327676442227,0.23161060850001394,0.31772253418756463,0.3671383610158538,0.41209262212244535,0.45294342845588625,"3.5263605246161616"
-0.0921105973338947,-0.05794564723511416,-0.030202058703840445,-0.005949244753656897,0.015970336226581516,0.03616395212880753,0.055001937076440986,0.07273075311047424,0.0895245369338009,0.10551056674827092,0.12094342119822124,0.09865280103000229,0.19050303499671375,0.2389466346720145,0.28250566232313756,0.3217286692133524,0.3573637837763729,0.39000115331330115,0.4201220563688201,0.44811573558357726,"3.481240089335692"
-0.0587258803111541,-0.015174396358574718,0.021301077521356907,0.05368374119229167,0.08317531763348403,0.11041877524040591,0.13580696692095656,0.15959747051319617,0.18196459968622036,0.2030256126613294,0.22285430654331667,0.24148726357556807,0.25892471246723425,0.2751260942424039,0.28999877042942157,0.30337640212792144,0.31498328253215213,0.3244054444432508,0.33135858907095206,0.33841479166777244,"3.7612001156935624"
-0.08104023487262763,-0.04047748519009127,-0.007254562067620585,0.021909401326558043,0.048312213565585294,0.07264050616763476,0.09531283700190865,0.116606229252117,0.13671336833662173,0.15577178296771169,0.17387975271657238,0.19110496516026398,0.20748866468178712,0.22301452677080047,0.23967842967601632,0.2730207816507915,0.3269160715159326,0.37364552700965364,0.41608593787592646,0.45483265422983193,"3.5409593240373143"
-0.054287316409494045,-0.009194549992879138,0.027059291865700084,0.057828220088203854,0.08423566419144236,0.10650065153598261,0.12387970388318735,0.1322668980970753,0.14260141666509038,0.16941576436380895,0.15141898156642505,0.21078282696973538,0.22464360109861425,0.24933423860754916,0.2760635335896875,0.27786325899832753,0.3259438626206315,0.33894684070349995,0.3828641029381344,0.4375598902044387,"2.833213344056216"
-0.06045832121057891,-0.017451643283147602,0.01859604432892093,0.05063338527282018,0.07984974024509159,0.10688335230776488,0.1321264531567866,0.15583900146153704,0.178200497005445,0.19933653033159665,0.21933323084085693,0.23824505338030502,0.2560982750593544,0.27289109929983535,0.2885903463503987,0.3031239611598176,0.3163681361023233,0.32813005068990464,0.3381477840338417,0.3462697762328457,"3.817712325956905"
-0.2850127403970764,-0.2075024075399382,-0.14832377506216152,-0.09843308049307747,-0.05417814546583178,-0.013781286989555927,0.023720832792524384,0.05892658577517315,0.09225025845551457,0.12399361741388636,0.154382782633072,0.18359250522598664,0.2117619025695968,0.23900409240705475,0.2654124683794637,0.291065235581286,0.3160287526597661,0.3403599491310744,0.36410811153825157,0.3873162619771207,"1.9459101490553132"
-0.07877204939513195,-0.027911514580854415,0.01403823785527003,0.05056869607252155,0.08301033094617237,0.11197176991739667,0.13766510549420352,0.15993861700982254,0.1780166644028956,0.18890456047137635,0.18729241421893636,0.22371528536386828,0.22999616428398473,0.25965697048361863,0.28098874796730877,0.2854794245110366,0.32382058282175397,0.32936343726320033,0.3642345602035202,0.38343102878742896,"3.2188758248682006"
-0.05739372603069377,-0.011599306794606662,0.026462424871143787,0.0600386492013801,0.090426653824195,0.11831009631166105,0.14409490963582278,0.1680324939509652,0.1902728602416297,0.210887082920947,0.2298711218327108,0.24713142377111955,0.2624409176622875,0.27532586384955965,0.284739209846544,0.2878239940092833,0.2771506123078198,0.31244359481287776,0.3402805426987151,0.3573223400413219,"3.5553480614894135"
-0.25924345991554687,-0.24295070560523485,-0.17899818532964962,-0.21487414972141075,-0.10750360828479535,-0.08544929029439088,-0.04455217440277124,-0.005889547642646313,-0.03220869435717733,0.062344313970987726,0.09370915921326647,0.1027443450183358,0.16710915923389652,0.2016461870193709,0.20335052530598238,0.2723747939290748,0.3190343391706712,0.3580425006570151,0.3933232868353344,0.4261568396166118,"1.9459101490553132"
-0.06907763432291639,-0.030308531681910635,-0.0030504010994169776,0.0110565535888454,0.029617476027565055,0.05660049558922804,0.06340110408506691,0.10041968401926138,0.10560257600388832,0.14634484594083957,0.1583301641810893,0.19551465467274098,0.21779874648604147,0.250311149848567,0.28961131192118744,0.31993637966907756,0.34650027568882824,0.37070796460998706,0.3932078613564683,0.4143731832213011,"1.7047480922384253"
-0.0579467143862905,-0.012786819421439055,0.02480657985569852,0.058023713777245745,0.08814244582718038,0.11583998300804296,0.1415231509057318,0.1654503203863894,0.18778529191212592,0.20862238252160034,0.22799591708684333,0.2458778127631991,0.26216098227198764,0.2766179459188823,0.28880405085287614,0.29781780825032994,0.3017860319842854,0.30321004864415557,0.328611461640965,0.35261249620745755,"3.6109179126442243"
-0.1791120859252298,-0.1362040032456497,-0.1012749709391884,-0.07067360644981162,-0.0429563877844859,-0.01736484670917626,0.006564740808985997,0.029142226808462714,0.05058787527408065,0.07106535573147896,0.0907004821818692,0.10959290084358102,0.1277502574122091,0.1515602511690089,0.21181294703266235,0.280935212826175,0.34366826768699543,0.40135392629958844,0.45467640290129246,0.5042090420358818,"3.8394523125933104"
-0.08549235119239962,-0.035079539642336656,0.004792992347485842,0.03753745484071539,0.06364879371784116,0.08063117459740543,0.07923331804875275,0.12477436891526453,0.13535271732922,0.1662721308813747,0.18908744322151896,0.207343981438195,0.23938932776984306,0.24869181711547056,0.2901930508406415,0.291279858658178,0.3431057605193105,0.33777452605194647,0.3994464941521538,0.3915806915332481,"2.5649493574615367"
-0.08846366918500023,-0.04265313285541108,-0.004508446127338932,0.029310843122251153,0.060146815876716456,0.08871953795819042,0.11547389804663127,0.14070880562094665,0.16463625817540248,0.18741204232538392,0.20915312340243147,0.22994806594823775,0.2498634569691338,0.2689478195805249,0.28723376897865716,0.3047387396962131,0.3214643038153313,0.337393778306941,0.3524873479050157,0.36667306244012793,"3.8815637979434374"
-0.1248735273805634,-0.09685598536293204,-0.07416837240756344,-0.05444019411109972,-0.03664011802280196,-0.020257164614899403,-0.004971714173286419,0.00942201763619657,0.023966089178972194,0.05909855292758778,0.11751866181780009,0.16758072067992358,0.21216337204235958,0.25226184589403494,0.28865815954781604,0.32196358141346776,0.3526641371269203,0.3811495705445805,0.407734217584824,0.43267303062932194,"3.5263605246161616"
-0.16017350386660156,-0.14760347908660634,-0.1350334543066135,-0.12480662743887079,-0.11523251304226274,-0.08926581767799151,-0.023306155554343698,0.033906144819677325,0.08278561167562365,0.1254191652080235,0.16319764186917082,0.19710368895740651,0.22785691433678018,0.2559986109928472,0.2819446477266213,0.3060203021111404,0.328484077486972,0.3495444108598446,0.369371617231481,0.3881065638345494,"3.3843902633457743"
-0.062406980232066436,-0.01530569224546635,0.023982294646421275,0.05866598766811261,0.0900243972997766,0.11872521005813484,0.14515521387522676,0.16953945878708165,0.19198894797294278,0.21251325657710454,0.2310035792502787,0.24716720333777922,0.2603283118006284,0.2686399073324679,0.26042015663141727,0.2809612131785259,0.29726104580034546,0.32777929429714386,0.3410622264287339,0.3529046264687725,"3.5409593240373143"
-0.03515035968089921,-0.003702560782023779,0.021129152722509332,0.04210442467003974,0.06020333362592384,0.07153273147444665,0.11533045629559,0.15174808941890378,0.17969840321490246,0.2032086337122522,0.2238803002368576,0.24249497176209528,0.2595255717627292,0.2752844731062756,0.289993534247293,0.3038173122114918,0.3168823789903055,0.32928860089322565,0.34111638058492877,0.35243155663574943,"2.2512917986064953"
-0.05794643958249938,-0.011749743756836852,0.026489434292934374,0.06014016695910342,0.09054428030310677,0.11840647334074719,0.14414318391712394,0.16801003272256101,0.19015611148130082,0.21064564559307986,0.22945859598303728,0.2464679706027766,0.26137351164323575,0.27351649617356505,0.2812271462772468,0.27737533115897645,0.27626899724855625,0.3170960350730691,0.3453692632245658,0.362941376022792,"3.4965075614664802"
-0.05695761835726382,-0.009737241918618456,0.0284307259577444,0.06104401272044443,0.08933596049526933,0.1136961480930078,0.13382923089201199,0.1480123397865187,0.1419364934765215,0.17701851551278933,0.1914159001698459,0.2129564365412106,0.24048662676030083,0.1712685637122079,0.28521872266468323,0.3019564132451537,0.3277096306383666,0.35879036825247923,0.3583502406549166,0.4167679469215128,"2.917770732084279"
-0.09486863988457127,-0.0426153627656839,-0.0011083577887623138,0.033168621285376614,0.060827354334159076,0.0798422337225874,0.056690528206079366,0.12380108776427842,0.13973231393600083,0.16370832754169246,0.1918865562755021,0.20062862470887133,0.24156568365094674,0.22464969396156384,0.2917431695780994,0.2858786490390716,0.3437539273613532,0.34678302899102,0.3985734802374272,0.4038826382537508,"2.6026896854443837"
-0.056852424523487016,-0.023871750085754477,-0.04708205771038754,0.0267554561973323,0.02125082951788629,0.08691552234846886,0.1225776414691274,0.15093146094285667,0.17554750734137262,0.19770925447176912,0.21807389518524317,0.2370384784666364,0.2548681713026621,0.2717518689780088,0.2878301269018677,0.3032111190128453,0.31798041284145484,0.33220715237019816,0.3459481789350822,0.3592509304217391,"0."
-0.20727304494074297,-0.14892222812864553,-0.10088803793589303,-0.05852505250891357,-0.01999034966929962,0.015696390737509818,0.049138395527228124,0.0807412507714408,0.11079453226632689,0.13951415203950343,0.16706645014995672,0.19358287068996116,0.21916938649068604,0.24391280927577846,0.2678851581146803,0.2911467401309449,0.31375272339121113,0.33531756502807025,0.3726864330635003,0.44801810457358165,"3.9982007016691985"
-0.07302488169535179,-0.030635101262067446,0.001148258883303728,0.024217499038612315,0.031178055253897535,0.06021742880612192,0.08171064348527433,0.09582323314425481,0.126889766321159,0.1344033107826281,0.1730168570705797,0.17979629707111933,0.22168396103313065,0.23393193204963908,0.2743123598524609,0.29504038294749335,0.33611615748591184,0.3757891708400745,0.40754500332740196,0.4356705046106326,"2.0794415416798357"
-0.0797945380367217,-0.03284293353182935,0.0035412995453283393,0.03229337701882544,0.05257640632777026,0.043023731387306356,0.09287284821732168,0.10977026576293077,0.1317026188755678,0.15878751472081162,0.1712743983209502,0.20712722931338,0.21342210275107545,0.25710961506330204,0.2617717327488368,0.3101322789360074,0.3188811497371616,0.36792314943805277,0.3807638771142224,0.43933851379651195,"2.3513752571634776"
-0.10763231037597185,-0.09385081913825326,-0.08007022610255367,-0.0656788906400309,-0.008807593800848383,0.04786133766092996,0.09255527859870315,0.1294573052322388,0.16086642223228284,0.1882408351182817,0.21253939847330314,0.23441570442151574,0.2543323633051487,0.2726285288476035,0.28956055549423837,0.30532731647529326,0.3200864423064651,0.33396515104825575,0.34706777500929975,0.3594810375344716,"2.8622008809294686"
-0.05763122026904694,-0.011088625744836881,0.02735871314862445,0.061138409426951354,0.09161195941443494,0.11949090115551535,0.14519152152858986,0.16896348796702124,0.19094304458719863,0.21117104089017016,0.22958497261361666,0.24597516833790567,0.25985733856912824,0.27005293362611427,0.27242446333246906,0.2704459347107809,0.27526635565654867,0.3270151930385175,0.35054737177411516,0.3634545911399599,"3.449987545831587"
-0.12364144463516892,-0.07362188868757309,-0.032165483944261865,0.004515400526995709,0.03793522390208912,0.06890423648131225,0.09792271497954176,0.1253274444640427,0.15135859012445435,0.17619447756808748,0.19997138978168588,0.22279559255609716,0.24475098802538822,0.2659041355745514,0.2863075826227764,0.3060020311021908,0.32501762573461074,0.3433744960192111,0.3610818651928221,0.3781991634080361,"3.9219733362813143"
-0.07149528622907991,-0.026255666937769862,0.011291006324766805,0.04447638111013618,0.07463538136206926,0.10248055063337932,0.12844813146517775,0.1528266626931882,0.1758153574294391,0.19755388298943966,0.21813842982045928,0.23763015019705233,0.2560584827637446,0.27342000135688577,0.28967185117608524,0.304716477672379,0.3183691249489325,0.3302850536643929,0.3397743163184225,0.3452458765200834,"3.7013019741124933"
-0.1858493419859543,-0.19140037750208133,-0.11438407667741979,-0.10021539761877948,-0.0526704118964705,-0.02008298422648248,-0.01594461462859424,0.046556791875052426,0.07633083117649468,0.0730927309117401,0.1467599545781137,0.18706173053818853,0.22122485161913258,0.252077064983681,0.28067461220639117,0.3075659737600987,0.33308753930193075,0.3574673217954873,0.3808704409425523,0.40342218148932557,"1.7047480922384253"
-0.17470633241566041,-0.1198715966160813,-0.08114123866845338,-0.06392692822900889,-0.024835195193169388,0.008031104612820148,0.024795697700563415,0.06922118603047787,0.07682102891026377,0.12859018255895363,0.13834851513314433,0.18776058888799282,0.20607515798053988,0.24655767033485976,0.2748195116382527,0.30307837222425926,0.3431210038392609,0.34307887728258635,0.41034032477571886,0.43250984220488975,"1.3862943611198906"
-0.05838102580315305,-0.014656033878714734,0.021972626972274846,0.05448869275325134,0.08409378885576321,0.11143025470836686,0.13688976822479598,0.16072810052549527,0.18311696296754817,0.2041699416681443,0.22395564229449844,0.24250318737360452,0.25980178821238875,0.2757939973397229,0.2903600934115054,0.3032882617765205,0.3142254106954448,0.32265534603596224,0.328577932735628,0.33767371994995266,"3.7495040759303713"
-0.37135959639091753,-0.3128997482246923,-0.2754510517346062,-0.2622378275511482,-0.18548057658853678,-0.14178636926346663,-0.11552199815675396,-0.08292970538492322,-0.0193934750840633,0.027275521854652485,0.06818954260592035,0.10568767612722706,0.14075685008830455,0.17394044704947706,0.2055840300386398,0.23592785154073184,0.2651492365906275,0.29338474497385963,0.3207429176767668,0.34731215234543844,"2.5649493574615367"
-0.034930725447392307,-0.003473258705906886,0.021392857152164744,0.042433617297159956,0.06059596840388063,0.07610339522692061,0.08202720773115468,0.12945817593415407,0.16650290510819662,0.19489160567750843,0.21884839791737967,0.23996889323941656,0.2590402479218743,0.2765327717556551,0.292756109062525,0.30792903631803586,0.32221364953149884,0.3357345026274115,0.34858995348123417,0.36085937076706376,"2.3978952727983707"
-0.07700959024232452,-0.02562526648464062,0.016895219194811066,0.054067502138169424,0.08725218606235446,0.11710461480140161,0.14391966364017353,0.16771689757865746,0.18817102117059073,0.2042035984665711,0.21129499974956437,0.2222584726059118,0.2479815038793966,0.2208315365538099,0.28785365438212146,0.3027596058482792,0.32108792370870826,0.34890758879168055,0.2934652094940237,0.39133582315546706,"3.295836866004329"
-0.13727489765663753,-0.13280646423589595,-0.06684353895796263,-0.03517599361019015,-0.022460375642506223,0.041242734823088566,0.08096247868017765,0.11424903031014234,0.14391476333104197,0.171097553920587,0.19641106218946996,0.22023817038126822,0.24283991704391564,0.2644052508804517,0.2850769267089903,0.30496632805668833,0.3241625878013727,0.34273850500423747,0.3607545444251826,0.37826163803412,"1.3862943611198906"
-0.4523624009921794,-0.3840412734088454,-0.3311161833368896,-0.28944517853636376,-0.26503681617084973,-0.22195701706525403,-0.1593516269097646,-0.11121611143153022,-0.06865716700742132,-0.02953591858706124,0.007093054892400104,0.04176567834505315,0.07482988111662138,0.10653122126358061,0.13705293581259723,0.16653726402128657,0.1950979103269815,0.22282785561055787,0.24980452374579426,0.2760933472551322,"2.772588722239781"
-0.11553768562204339,-0.10215289688840282,-0.08876805717808298,-0.07846250535750256,-0.03253152468151988,0.0277947409843757,0.07627822724868288,0.11635797193748487,0.15047968793922992,0.18019242382272857,0.20653174196741533,0.2302130764076291,0.2517462637369748,0.27150581548074587,0.28977463170778894,0.3067717448780956,0.3226703852172403,0.33761008335967574,0.35170501969344903,0.3650499133123288,"2.970414465569701"
-0.056262501263713245,-0.009263446619834784,0.029568947565798958,0.06363942456372437,0.09429486342088751,0.12223014179095626,0.14783854391242232,0.17133553744690055,0.19280356121583678,0.21219268843104735,0.22927114264141618,0.2434607850877145,0.25322498954290595,0.2514238151507537,0.2640084468873348,0.27081032101104185,0.3137845099028464,0.33364972089622114,0.321621377235126,0.3730208357247341,"3.4011973816621555"
-0.06400677039675098,-0.017927038956198824,0.020751857957917563,0.055081962723498114,0.08628911935424048,0.11502347003241367,0.14167447675670486,0.16648708633006865,0.18961268042959303,0.21113202828192332,0.2310623771635025,0.24935109470790265,0.26585070382156856,0.28025574702254913,0.2919351544617133,0.29937212520337914,0.2969667928416776,0.2796219851208765,0.33329883095234814,0.3549933186242871,"3.6888794541139363"
-0.3208777821333291,-0.24065833659999683,-0.17873969729252961,-0.12633680822863103,-0.07985444347008118,-0.03746534969922919,0.0018602316034619327,0.03876510231347776,0.0736888056432227,0.10694990830393568,0.13878765030742476,0.16938702354980592,0.1988949225211519,0.2274305362741056,0.2550922153131531,0.2819622787366138,0.30811050774012455,0.333596712452403,0.35847264469287243,0.38278345858836205,"2.0794415416798357"
-0.1372839974809596,-0.10192308078133688,-0.09208336076065654,-0.04321211026306858,-0.0356627407620177,0.011288967266998339,0.03065211726850412,0.0625199670915318,0.09446000773614803,0.09523845494714744,0.1544093774052735,0.17980329797131747,0.2004503972240636,0.2513650935417231,0.28705396545433004,0.31799090435460936,0.3461610241843011,0.37238599644703396,0.3971133019367668,0.42062491999538404,"0.4054651081081644"
-0.11024355443485884,-0.06350828759130359,-0.025055580602343003,0.008814272226775109,0.0395706340034103,0.06799495866211835,0.09456707252845802,0.11960812302958455,0.14334558394170452,0.1659469008009461,0.18753850447942458,0.20821721349538302,0.22805730645579694,0.24711490521466484,0.26543065640394836,0.2830104469399335,0.3012305255778836,0.3326243916574247,0.3968780122576608,0.45226401572195046,"3.7376696182833684"
-0.1195274799120615,-0.06501656434727258,-0.021830326666777772,0.013522425751406728,0.04128025704093747,0.057058047912972684,0.07556852629119483,0.11139687694885848,0.11337858234642623,0.15817883808142877,0.17709560364526267,0.20386811545185488,0.23112561587704047,0.2504548108701641,0.2838470465679982,0.2996757185714781,0.33706318736816543,0.3530382924423502,0.39154664701359837,0.410936738570169,"2.5257286443082556"
-0.44230356580854935,-0.3578058465099056,-0.2906520720919508,-0.2329916595377737,-0.18157147561779718,-0.13462995985468937,-0.09109225181774146,-0.050252820725104286,-0.011621988857467751,0.025155931284590528,0.06034891077415266,0.09416480493911077,0.1267687187077215,0.15829443466807888,0.1888521996078176,0.21853418485315818,0.247418415486815,0.2755716631762145,0.30305161827936533,0.32990854899559274,"2.4849066497880004"
-0.14323752597849268,-0.12141174484885399,-0.0785042937602205,-0.07020432049729847,-0.0173056490255458,-0.004998916213519457,0.03851589943742398,0.07254877981302302,0.07229897293630717,0.1349181874706779,0.17491649263060646,0.20776325862788833,0.23704844236213482,0.2639831327543099,0.2891705785082365,0.3129722578445324,0.33562945936179267,0.35731495559200405,0.3781586715133474,0.3982618934641882,"1.252762968495368"
-0.1309512921398588,-0.08567161132751752,-0.05741062977528317,-0.05222358132543305,-0.000985581374928118,-0.004345754407987947,0.0519571257061487,0.05171894534168082,0.10568403373537949,0.06961868287272828,0.16041687957488823,0.17301712863653596,0.21496775752674113,0.24283980679166514,0.26436375709712884,0.30926726915592045,0.32646617480118223,0.3720324466295718,0.4159039776895014,0.451363547881724,"0.9162907318741551"
-0.0648886382787061,-0.020349422537790412,0.014552917470682818,0.042877776137169595,0.06486045455129742,0.07695894960878401,0.08872215690958778,0.11896019193456117,0.10579132473155488,0.16028751135459224,0.17186445778726925,0.20259409748255874,0.2228070945807089,0.24727593269250497,0.2741793699478733,0.2955591902600831,0.32950458688930956,0.3398562034872313,0.4021680495144043,0.44110555966042553,"2.4849066497880004"
-0.08071738684540243,-0.028836291425163384,0.013822215306897706,0.05083967254894989,0.0835607082252216,0.11256698497002872,0.13798848661863566,0.15946027722458123,0.1754899336037413,0.17709258038683912,0.2038286190138846,0.224342695251528,0.22890905800355763,0.26743791531795236,0.2752782177587777,0.3065403228691322,0.32795623879717206,0.3416008141728081,0.3751158881719258,0.33629640670562694,"3.1570004211501135"
-0.08190015860245511,-0.04558426906529099,-0.02762639855234363,-0.004816877474050168,0.022121014472464662,0.04046629955604666,0.06885273407812784,0.09281026858270915,0.11439014686135895,0.14925614319676175,0.11202711274901617,0.2090428297276782,0.24339978734619108,0.27199126214147934,0.29753262075433107,0.3210158415164367,0.34295287910689026,0.3636565522452056,0.38333816443202723,0.40215020117318007,"0.6931471805599453"
-0.1019520728177181,-0.055062844445859405,-0.016423275593225338,0.017632760308504684,0.048563914147999446,0.07714672366228503,0.10385800026938861,0.12901649842208865,0.15284735808161756,0.17551542614920598,0.197144013630162,0.2178260273690468,0.23763069545927665,0.2566074528024714,0.27478770455421236,0.29218353438539163,0.3088917154618196,0.316822278878166,0.37745090264547576,0.43395232825617436,"3.7256934272366524"
-0.08615616781023185,-0.05833806240418247,-0.032031047896446056,-0.004257753417985668,0.029818160367042736,0.02755507436490653,0.09454819386661653,0.1301082512091893,0.15946154243891805,0.1854373511225828,0.2091282016001148,0.23111122996471867,0.2517426643438631,0.2712639176180235,0.2898490184102896,0.30762902997154357,0.32470595897407195,0.3411612655778761,0.3570613555988243,0.3724612861772576,"0."
-0.16091233890888576,-0.13982682032327304,-0.09035780951076708,-0.05060362600104034,-0.05247941358467139,0.019195466284129877,0.0640121441986899,0.10025543697786755,0.13222951404792654,0.161403103001958,0.18851287441051656,0.21400106849893286,0.23816228164864417,0.2612065377598562,0.2832908741610882,0.3045369211665499,0.32504148394258664,0.34488330050353366,0.36412755935460267,0.38282903411161157,"1.6094379124341003"
-0.0689231503755234,-0.02308988070329694,0.014908779830047975,0.04845815711941298,0.07891310209091686,0.10699512196868365,0.13314404454348677,0.1576484873695924,0.1807048031022356,0.20244673457437062,0.22296076813708704,0.2422930913599095,0.26045016324814035,0.27739237125284966,0.29301708461257453,0.3071206257306502,0.3193089875178739,0.3287539323113119,0.3333100632727379,0.32208406050111227,"3.6506582412937387"
-0.04101548293370938,-0.007179043703088084,0.020094137343307013,0.0436458708139111,0.06455864885944762,0.08335179176661565,0.10026159023243775,0.1153027899397466,0.12817985653135153,0.13774624688902173,0.14253192512503646,0.1852957661416677,0.22658531907952476,0.2623130658935972,0.29267536879136447,0.3193121829356818,0.3432843032405353,0.3652396148409941,0.3855986259638848,0.40465100724231323,"2.9444389791664403"
-0.29075879144631317,-0.27834898091324445,-0.26593917038017567,-0.25584269630381923,-0.24634529666343027,-0.23786992244412394,-0.2297817046802737,-0.2222918891389556,-0.21146866409476456,-0.14692311585888568,-0.07655194672369102,-0.01330013754715454,0.04416320641232917,0.09679889471832072,0.1453469542204636,0.1903899051276077,0.232394841988429,0.2717422262828628,0.30874613606296997,0.3436688592552152,"4.0163830207523885"
-0.07054640325829674,-0.02071117445322789,0.020455080264156832,0.056402737678473265,0.08846593840669013,0.11728625822234616,0.14315103266191295,0.16607644701648708,0.18573801949936372,0.20106607423941364,0.20758479944850994,0.21798788830596788,0.24238622044679384,0.2369591544812502,0.2827988539236458,0.29590077803992076,0.3165561196186625,0.3424930179325102,0.3280491478164431,0.38502423691316234,"3.2771447329921766"
-0.06751326245914901,-0.024833773075369273,0.010245302117981917,0.04105824440213814,0.06892821141887645,0.09455421092703856,0.11835854977731683,0.14061487182722782,0.161505255643293,0.18114794560529537,0.19961002722877333,0.21690978064577682,0.23300805816615125,0.2477809805236512,0.26094861502388617,0.2716329228656761,0.2907565855867791,0.34078115384046004,0.3903122017473804,0.4349568650773471,"3.4965075614664802"
-0.06314278325579716,-0.018126344048379442,0.019299731254178755,0.05238381046371073,0.08242838565891247,0.1101273641295465,0.1359030080226782,0.16003097042780443,0.18269666475276491,0.20402337516502594,0.22408638970416142,0.24291866263932532,0.2605096334751417,0.27679611281535155,0.2916405323013324,0.3047843798644642,0.3157466354549836,0.32360651442518695,0.3270019953880399,0.3340083488110252,"3.6635616461296463"
-0.06521585638639203,-0.022024244138547144,0.014136563909287114,0.04626957156274713,0.07558590836359584,0.1027362799615008,0.12812191749950091,0.15201056504269894,0.17458946395534888,0.19599272630338876,0.2163165637098454,0.2356280052965882,0.25396967491450445,0.2713618022309613,0.2878018819118844,0.30326186717663867,0.31768233771415916,0.33096288307721067,0.34294950915136524,0.35343215198934247,"3.8501476017100584"
-0.06462786545529017,-0.02116330454747202,0.014589887873006076,0.045994083728367566,0.07438417471548348,0.10046431119091376,0.12465790871325969,0.1472364049632006,0.1683761822887686,0.18818532461607795,0.20671414470957847,0.22395310943925628,0.23981451183702376,0.25408096566485106,0.2662583581444021,0.2749935944310797,0.28006224644924244,0.32880788511994535,0.38089395559700284,0.42818219074472574,"3.481240089335692"
-0.04766853990202957,-0.004608695001799763,0.030338669056948025,0.06045722273393054,0.08697471749008764,0.11042469526429816,0.130936551681789,0.14820859573769077,0.16100168875970092,0.1627515063086614,0.1808056610736082,0.19816132689851287,0.21354133025528624,0.24422435760547215,0.25595414024604135,0.2798988759660131,0.3112700703608335,0.3446691584857766,0.3943287804093599,0.43544456526857594,"3.0204248861443626"
-0.06621266269575277,-0.01996779955605454,0.016644100783771244,0.046889401674975115,0.07144493015398204,0.08899118779367067,0.08417176017313914,0.12357393058239008,0.14051845511322245,0.15861879185105943,0.18722394289181746,0.18775116341890724,0.23321426401956674,0.23056545043320023,0.2808316055450366,0.29384953573481903,0.3315725357225473,0.35434070125625033,0.38305986361643574,0.43261744911677164,"2.6026896854443837"
-0.10388084820905528,-0.05615495457749306,-0.02074140332214102,0.003639622148159207,-0.022183055775957087,0.051414132021611,0.06726099644203756,0.09648189546046251,0.12032409993427629,0.14387796436686737,0.1713639677188058,0.1952426283981683,0.2225394870244425,0.250685724941771,0.2738091867604659,0.30970141152014574,0.32123771780552274,0.3722787798645535,0.38280085989528917,0.44091307237186733,"1.9459101490553132"
-0.07526636270446241,-0.04271882104960619,-0.016325190516027762,0.006717128479457173,0.02751404112379159,0.046644648054628673,0.0644609351714668,0.08119582347117359,0.0970124294668264,0.11199771167387536,0.12871543797067667,0.16361764307313467,0.21171108883453252,0.25286572411427904,0.2895247162497443,0.3224743901145427,0.3524010387575359,0.3798469132279159,0.40523793018639664,0.4289050325270137,"3.349904087274605"
-0.17296020612853447,-0.13833313322301458,-0.11027967680728638,-0.08580663500178419,-0.06369329736937157,-0.04331181671816031,-0.02427694722628382,-0.00633318749782761,0.010700953275451446,0.026960615765462798,0.04233265932987992,0.07241144833564515,0.13654094044644594,0.1986656153682059,0.2548862973788862,0.30622721303087896,0.3534187815376769,0.3970502931140218,0.4376039753402903,0.4754793834810393,"3.7727609380946383"
-0.07144371198433787,-0.033931459236292115,-0.00953185774938424,-0.015424421307067419,0.032159365218674615,0.043281930094772006,0.07532351990670443,0.08850667357099376,0.12263996701003793,0.12932383197381672,0.17441220863748413,0.17884618143198325,0.23241000398247952,0.26717542007768785,0.2957114418074225,0.32109047639330246,0.3443715009015073,0.3660883901370013,0.3865631425343535,0.40601146486620876,"1.3862943611198906"
-0.032084464597616894,0.0009824686041917596,0.026469313615399365,0.04701034401328565,0.0625979417317694,0.06772882955899574,0.07968297307030162,0.1389716136776072,0.17221289356204333,0.19839221664725737,0.22089866545521536,0.2409705394277836,0.2592513746533231,0.27613331274676745,0.29188003588819555,0.3066803566920095,0.32067571730708594,0.3339756714268909,0.34666725887962113,0.3588210384727529,"2.1400661634962708"
-0.13020882504210793,-0.0910219604078812,-0.08185601056339395,-0.03635019921957187,-0.01973810340386947,0.017147020328688898,0.029277365381757226,0.07199494525587534,0.03950182256406786,0.12685067480656684,0.14668806449329294,0.17804558648616725,0.21487493410363886,0.22352286823649709,0.27604288783286957,0.3162434755637044,0.34926292724507907,0.3788202625270983,0.4061125485179741,0.4317240526515968,"Indeterminate"
-0.06715291749959981,-0.02026760080056716,0.018556271395420057,0.052792678972367,0.0838298715076592,0.11240489079477975,0.13896440657582598,0.16379825991766878,0.18709932212737923,0.20899287546083192,0.2295505957121036,0.248794571413965,0.2666920490818912,0.28313708151929184,0.2979064228962478,0.3105506362270821,0.3200739441429445,0.32356501765699924,0.27338127098038617,0.3383910039679755,"3.597312260588446"
-0.13890680666091293,-0.089960766738955,-0.0569904540958375,-0.055945803857460744,-0.001877245287837787,0.018667128872746415,0.05029906875741813,0.07612501640128051,0.10506907677451219,0.13042519645310727,0.16302526328605293,0.181706873380911,0.22303237340142262,0.21434464253648805,0.2838017269319004,0.3023204452628159,0.3430633144772705,0.38017026782596147,0.3659363847478621,0.4540405293166607,"1.252762968495368"
-0.05956860845893267,-0.017372846728478063,0.01540293201879191,0.04159596057498833,0.061009932665858836,0.0665434819636358,0.09157874805716562,0.11243436141847635,0.12260557759899005,0.1556267383333562,0.14025713152633268,0.19990221426900484,0.20214535652645774,0.24720176165965588,0.2607385691232225,0.29904312606200306,0.33088753748150307,0.37473971079081125,0.40775997498688427,0.436522238110358,"2.3978952727983707"
-0.2581938467518463,-0.20269490995696607,-0.17471518169899605,-0.1299272291868659,-0.06557621609455011,-0.017863530124264063,0.023312634266721827,0.0605007724094557,0.0948528652855494,0.127024531828002,0.15743845017060829,0.18638910155307994,0.2140928715956691,0.24071509551088785,0.26638592797327904,0.2912102677222074,0.31527429005221863,0.3386499231334586,0.3613980148468302,0.38357063443137884,"2.0794415416798357"
-0.38835615359641174,-0.3205102300309937,-0.270849538904384,-0.23995654232195762,-0.20461117032412054,-0.13290583820705795,-0.08103255918969543,-0.03594938819618406,0.005079398883927956,0.043224817782205445,0.07913972158670855,0.11324257560273314,0.14582537118787356,0.17710370522796237,0.20724330784560466,0.23637547553606292,0.26460669546692295,0.29202497590010523,0.3187041890259958,0.34470715329883017,"2.5257286443082556"
-0.2930703521827734,-0.27092362466067543,-0.2523327407554257,-0.23639866873882032,-0.22196669068626937,-0.20874578222409826,-0.19640222516257416,-0.18479800940659122,-0.17379102948034444,-0.16290939318584238,-0.12114897815790904,-0.04372684835861166,0.0254649209346662,0.08858839210294718,0.14660032702592887,0.20025012679517268,0.250134558052823,0.2967372422272047,0.3404559412333923,0.38162191876810825,"4.04305126783455"
-0.07112841646449876,-0.021210220790400865,0.01947645946925683,0.054470932121002444,0.08505154919701596,0.11168048759977756,0.1342288924389262,0.1515779136397613,0.15785938350806053,0.17610331896681905,0.20020714599123296,0.19359024074073494,0.24230152010030795,0.25365934890252084,0.2812259977449032,0.3048641410163539,0.31610693098136056,0.35274494575617255,0.34223148542525506,0.4004929216050129,"3.0204248861443626"
-0.06516928309309436,-0.024178575550324446,0.009437056857554445,0.03892416698628107,0.06556793664148106,0.09004559051554198,0.11276494837490937,0.13398886728588066,0.1538904100778376,0.17257913722158943,0.19011216502490108,0.2064938777376683,0.22166171041956922,0.23544536597668284,0.2473054081432808,0.2647229596352837,0.31069383586362964,0.35912256118267005,0.4024413124535903,0.44155905333989415,"3.449987545831587"
-0.0928378424930557,-0.05642254077414407,-0.02677510043468735,-0.0008185695604732154,0.022660043174461346,0.04429952515834808,0.0644896578913853,0.08348997982966208,0.10148366460307058,0.11860522605335425,0.13495524498763317,0.15074010195605198,0.15087178043677488,0.2185843563994963,0.2682755462354285,0.3133109555884092,0.3540362366391961,0.39116803758685437,0.425273057021708,0.4568203204976604,"3.5263605246161616"
-0.14792569226147445,-0.10894548832474431,-0.12997162545354277,-0.04968981484783718,-0.049250867553767064,0.006540627419828075,-0.018022844041378237,0.06210532613623593,0.07763267698923419,0.11529244730895874,0.14610949378553018,0.15333817459055513,0.20875883726949848,0.23446152876313056,0.2573469240881707,0.3088033021476062,0.34554037738605325,0.37756001520132465,0.40681793847295855,0.43412803872016914,"0."
-0.2822264744388187,-0.2600881183035251,-0.2415042616884269,-0.2255762126962203,-0.21114968988171784,-0.19793377887745697,-0.18559488763794527,-0.1739950593244076,-0.16298932492808463,-0.1548568255391882,-0.09133673748953337,-0.017655226859972204,0.0491383356176577,0.11006078852061736,0.1660417042138427,0.2178058391134079,0.2659307929194273,0.31088493707636927,0.3530536458345401,0.39275791703713026,"4.007333185232471"
-0.08955213998268591,-0.05840267847080622,-0.04643777938932312,-0.005405513358679964,0.01129081110221786,0.04483290198755439,0.07495565009748702,0.08072263335167362,0.13860578667424028,0.17269351911666084,0.20127512926579863,0.2268000256636981,0.2502305297928692,0.27207932703852133,0.29266510803830253,0.3122052627295233,0.3308575217380758,0.3487414592803959,0.3659507398512169,0.38256061751422693,"-0.6931471805599453"
-0.2772351930093876,-0.23564953519747028,-0.20194000181893376,-0.17251937779517776,-0.1459246491958964,-0.12140330694787539,-0.09849357860293433,-0.07688917757275084,-0.056372508242986466,-0.036782375970580386,-0.01799496675654497,0.00009148124395895274,0.016396557245283022,0.07171193424024146,0.15507177698295294,0.23274239806238717,0.3042943523334757,0.37058948365714944,0.4323095821098945,0.49001632202540174,"4.0163830207523885"
-0.03735005143794602,-0.0013811398127916994,0.02733486671325736,0.051702035022517766,0.07271395527387652,0.09062702925781135,0.10499462947903151,0.11333340006915198,0.11223788817755731,0.14369625408561884,0.15160538744029653,0.17950306499434313,0.20793069957312632,0.25691239296574603,0.29130543583731017,0.3198993916391214,0.3450972759186776,0.36795528197386074,0.389054126915997,0.4087571359073144,"2.740840023925201"
-0.11094282689750616,-0.06281472787740996,-0.023128947783320076,0.011870089661760133,0.043677239204901276,0.07308892158062577,0.10059480239659482,0.12652294609025305,0.1511058964306304,0.17451491377505127,0.19687934092612547,0.21829822777236688,0.23884755074159306,0.25858469876508383,0.27755107562256565,0.2957733676830416,0.3132426810562581,0.3312939632478033,0.3622347871447538,0.4271623344262168,"3.7727609380946383"
-0.25883046685617617,-0.2368598926846632,-0.2184168792260508,-0.20260954558067373,-0.1882923583606279,-0.17517660797750356,-0.16293123059757095,-0.1514193874781091,-0.14039732153804874,-0.11617584200866075,-0.03655702959692731,0.03154118289705141,0.09309796123132927,0.14922535463252593,0.20078246865608734,0.24844106645334638,0.2927373409648327,0.3341065627341231,0.3729070488034903,0.40943721935988725,"3.9318256327243257"
-0.046784137027865186,-0.010043893588423346,0.017413070358079756,0.03749939603555994,0.04547827683163269,0.06547126314714073,0.08690036141764261,0.09784695813366434,0.1295944972403746,0.13061422586336402,0.17646386823206522,0.1825285268093975,0.23892685302023514,0.27056207966197776,0.29702102129392177,0.3205961094867799,0.3421903856966906,0.3622861007369026,0.38118326881852777,0.3990866066091898,"2.0794415416798357"
-0.06758037698684587,-0.023349743675087065,0.01350283190963525,0.04614970819993191,0.07586594773876078,0.10333406832101566,0.12897307494349783,0.15306094519086041,0.1757903804922956,0.19729739025727677,0.21767690669373144,0.23699129567037666,0.25527431479084645,0.2725314521971121,0.2887364864291752,0.3038229327514775,0.31766721644624796,0.33005732619494704,0.34063826182359996,0.34886018356936643,"3.7612001156935624"
-0.0910478772510339,-0.03819225757295536,0.005173571536138033,0.04266416050794267,0.07560143807399138,0.10449209198400011,0.12928320351195283,0.14907657131189433,0.15965184571874505,0.17129664143818485,0.2024388861263199,0.20593713982131948,0.24116841669667377,0.26151701415468104,0.27444067687153906,0.3079489889995862,0.2895983424148588,0.3524262584530503,0.3641847049739736,0.3964896573379713,"3.091042453358316"
-0.10517472652827663,-0.09869806459622163,-0.03720625043249667,-0.02347173804048432,0.024954457093655076,0.06923588344837805,0.1033272972685268,0.1327863231696682,0.15931549813597873,0.18373693134915745,0.20653217445354174,0.22801559013722741,0.24840775658874242,0.26787145972251336,0.2865312920917674,0.30448536573111273,0.3218127556115483,0.33857840071170947,0.35483645694716287,0.37063268684796624,"0.9162907318741551"
-0.25445451816001535,-0.2418210893246289,-0.2291876604892424,-0.2189092532249189,-0.2092407154049079,-0.20061261981461972,-0.19237534544400475,-0.19162977419473518,-0.11491539308052064,-0.045928061511905316,0.015385024258911412,0.07051186186089894,0.12057260077840852,0.16640896229237762,0.20867040193903183,0.24786895266240044,0.28441558709588305,0.3186451413814937,0.35083390854063196,0.3812123832162463,"3.8607297110405954"
-0.06568685763385822,-0.018389383295820433,0.021189134266494398,0.056212979879067676,0.08794694241564524,0.11705490004199053,0.14392585850447578,0.16879251019094924,0.19178043425980432,0.21292496776225528,0.23216437417728564,0.24930079201000868,0.2638868154921825,0.27485285721169056,0.2784826640950804,0.2785917226987835,0.28633137262925273,0.3242637606170858,0.344621537861805,0.3415921829180463,"3.597312260588446"
-0.1696695567334197,-0.1571612899093066,-0.14465302308519346,-0.13447644641434872,-0.12489814260887286,-0.1306809623688683,-0.04704941628217012,0.013653345616617128,0.0656030550893498,0.11093546375567954,0.1511193616604214,0.1871906456227388,0.21990825571786696,0.24984412340208703,0.2774388069141153,0.30303783205318785,0.32691644432712946,0.3492969849243563,0.37036135878952453,0.39026013457323333,"3.449987545831587"
-0.05800747158520547,-0.013473809295637892,0.023724189529878315,0.05666997970578706,0.08660208888240006,0.11417960982747884,0.13980124445333375,0.16372351963404078,0.18611363043787313,0.2070750108487322,0.22665885415681358,0.24486619342925361,0.26164082953031476,0.27684935287345386,0.2902377174500434,0.30134060995297246,0.30932229313864257,0.3134002765741685,0.3223484678464351,0.3449440777647922,"3.676300671907076"
-0.11395235321022944,-0.06983379047974243,-0.040721031621189084,-0.04934084931447984,0.009784731541487462,0.024666171458819247,0.058435128348925995,0.07708625150179887,0.10957418406571919,0.1254785374218737,0.16337373912614792,0.16435035126407904,0.21895262683406153,0.23006873388645271,0.27488737423066306,0.30519678398472627,0.3229803269430832,0.377283225475166,0.4140742554147693,0.4459085674688245,"1.252762968495368"
-0.08712551604474288,-0.04745440602491113,-0.015013197716621494,0.013450090365331294,0.03921996654027273,0.06297561774695436,0.08513163359454412,0.10596349690316988,0.1256644011162948,0.1443744206487797,0.16219673169195103,0.1792069540887576,0.19546355108444455,0.2105147049416516,0.23846114388863843,0.2878325076209426,0.3372093048018296,0.3816471742367065,0.4221321347870518,0.45925893913996196,"3.5553480614894135"
-0.1859441465342549,-0.12896911108097797,-0.08196919679834314,-0.040473192955057365,-0.002703278565371544,0.03228800416641959,0.06508440440748053,0.09607874545616121,0.1255516071394117,0.1537121854417569,0.18072155464426856,0.20670684312586116,0.23177033503974642,0.2559955576165286,0.2794514844774384,0.30219550840670484,0.3242756989541739,0.3457165998673668,0.36773920108344527,0.4031945651213955,"3.9889840465642745"
-0.13234374975239804,-0.1194650926999149,-0.10658643555258664,-0.09611670487899938,-0.07831819843469981,-0.016068490032441464,0.04025066068831056,0.08689552682618532,0.1266701906883289,0.1613096225826513,0.19198633164232354,0.21952519161427042,0.24452378010533554,0.2674257538083503,0.28856799202620387,0.3082116939072055,0.32656327651787026,0.3437886805609673,0.3600233545842717,0.37537935908239933,"3.1570004211501135"
-0.041577565826724054,-0.01053211521746188,0.014366763490408626,0.03583917352277763,0.05492859817336085,0.07214157542822494,0.08772537482193977,0.10164552617453049,0.1194641880043099,0.15572866616142095,0.1940229093835883,0.22524721734245906,0.25190927095658355,0.27545523663018856,0.2967248875679448,0.31623580473635543,0.33433286063083806,0.351259507126265,0.367195625388677,0.38227891459018,"2.803360380906535"
-0.05116836360503759,-0.008831661015392553,0.025807988374751397,0.05603285785419296,0.0831291908591617,0.10775328686306106,0.13026921444923464,0.15086476434142806,0.16958659532539272,0.18632038248575383,0.200679810069686,0.21158139137063112,0.21446207612553647,0.22393781112581532,0.24520265008068182,0.254283276395773,0.29729670228516014,0.3541420605920866,0.39906490905233033,0.4390346674774689,"3.258096538021482"
-0.10586065029289554,-0.07669063153737078,-0.052459544827235756,-0.02158160063710824,0.006257540665687221,0.02472983408659661,0.06656318597362848,0.07932859063988694,0.12266500056989595,0.16245769601691368,0.1939174683270926,0.22156506086541775,0.24677214830946312,0.27019611688368267,0.29222275230836897,0.31310604752767746,0.3330260083466533,0.3521168734044696,0.3704825491541575,0.38820577931326583,"0.4054651081081644"
-0.30371428415700646,-0.29160154027045043,-0.2794887963838944,-0.2696340121937352,-0.2603639617666355,-0.2520914714665005,-0.24419687028900697,-0.236883762424783,-0.22976623151270942,-0.19900049751720247,-0.12428217985199533,-0.058116257042085895,0.0020050692433539043,0.057083652770307754,0.10789239469688965,0.15503924950272283,0.19901140181287227,0.24020549502483696,0.2789488847319606,0.3155149413335949,"4.085976312551584"
-0.08721401246291463,-0.04082826399305132,-0.0025047870569376287,0.03130407590178827,0.06201392707681441,0.09037924212784873,0.11686280894269051,0.14177279585480532,0.16532507250507436,0.18767529168209685,0.2089366992146667,0.22919031240919355,0.24849044752892407,0.266866857689629,0.28432366878985044,0.3008342003842267,0.31632936455885696,0.33061204512957965,0.3470580994480961,0.388726552343933,"3.7013019741124933"
-0.09867987252680754,-0.05535412856433768,-0.019812055630445677,0.011435124430523424,0.039769258549762904,0.06592328185363944,0.09034601627058388,0.11333689502796035,0.13510710827507177,0.1558111491538766,0.17556453456722848,0.19445429462376473,0.21254528451936106,0.22988287214468528,0.24659632650494,0.254709010937775,0.3140008953823194,0.368292427089131,0.41842824946589424,0.464270650873138,"3.6506582412937387"
-0.05512883462653623,-0.0077977617912210456,0.031122667781493914,0.06512597917034506,0.09558138830212101,0.12318026216169355,0.14829244606891034,0.17108452746679026,0.19154579846138298,0.20943789136320476,0.22408273027443842,0.23344225800789034,0.22137283378159997,0.2530568477559368,0.24657375468696627,0.29932365002082745,0.31998379531345544,0.29357706080692186,0.36234178885640805,0.38412525612837256,"3.295836866004329"
-0.16027981984740308,-0.1228272392403685,-0.09242755693520287,-0.06585133723750018,-0.04181177954090376,-0.019637491424579222,0.0010818891490317277,0.020619830187449468,0.03917053053784552,0.05687810077750468,0.07385059145053305,0.09067376886348824,0.1181610198192638,0.1895520944941014,0.2499210614186151,0.3048963090750212,0.3552404496351706,0.4016264741755969,0.4446014078182659,0.4846183744519933,"3.7612001156935624"
-0.06425305888006433,-0.021121378850208632,0.01223695180978225,0.038613853763877416,0.05738953050501579,0.05423404065143133,0.0927772211480935,0.10931607272148587,0.12888332013068637,0.15520894294465604,0.16575524327086386,0.20143615112527774,0.20395783295026407,0.25033285179364,0.2431274184118632,0.30406108820084293,0.3136514059405668,0.37484722581826324,0.41080616390489355,0.44131772076033254,"2.3513752571634776"
-0.2488168894488729,-0.17448362126384867,-0.1184907036961772,-0.0714397070665033,-0.02963399951829364,0.008598390872826963,0.04412006886653168,0.07747770883471812,0.10906093811696779,0.1391538030936126,0.1679673685811511,0.19566498541087507,0.22237758035376937,0.2482118640083154,0.27325584831049726,0.2975832682535136,0.3212568179863592,0.3443303457243095,0.3668504770954801,0.3888579273664635,"1.791759469228055"
-0.0734898561596464,-0.05150140343680061,-0.03304337857239312,-0.017305463025090232,0.009269838508393644,0.06157920862939198,0.10627033634243237,0.14193745033621982,0.1716858440292877,0.19730277871434962,0.21990971995365924,0.24021133928587027,0.2586823496519856,0.275658041166533,0.2913857952597219,0.3060541187410204,0.31981064098473116,0.3327734087093999,0.3450385200818857,0.35668540006816496,"2.70805020110221"
-0.09442426731205536,-0.0556736867503839,-0.02404263661763114,0.0036906142446172497,0.028797024013563172,0.05194776370322672,0.07355279530555138,0.09388522911422834,0.11313768705007812,0.13145132613318328,0.14893215760654566,0.16565988772422305,0.18180786246784916,0.18672438959666166,0.24890577181216642,0.30008154497870776,0.34679951579546303,0.3892131632402076,0.428013465411129,0.46374727679272293,"3.56953269648137"
-0.06423983554296528,-0.01687617853273097,0.0226956250793018,0.05767245469928928,0.08933037556772193,0.11833742562765191,0.1450829132828904,0.16979670047366152,0.19259789493396973,0.21350985213075274,0.23244879032115642,0.24917303120285725,0.26313316863851566,0.2729374768696351,0.2725816248303639,0.28247257160383094,0.28462207266578066,0.3276028177415692,0.34456643466968406,0.3408794075967752,"3.56953269648137"
-0.12733027036955694,-0.08422931011010379,-0.048990995757085085,-0.01804941484970494,0.010003388097542925,0.03591210821243622,0.06013285170716322,0.08297082014815492,0.1046428047155317,0.12530948090075547,0.14509371533006032,0.16409166097537128,0.18237894623915726,0.200132953980324,0.20518686995797272,0.2765787975421564,0.33579649595784394,0.39031342182135337,0.4402923120882262,0.4863865583907162,"3.7256934272366524"
-0.25146154331458936,-0.20706046277735435,-0.22199145692471747,-0.1252108230214245,-0.08553587309641868,-0.07576094300729032,-0.013871278596572846,0.036937855793972706,0.07790619098636163,0.11425518207133413,0.1476157525558602,0.17877696486687733,0.20820479521935123,0.2362075966446331,0.26300484384439776,0.2887608167153617,0.3136030846834758,0.3376335230851847,0.3609353028955644,0.38357754793783966,"2.1400661634962708"
-0.07904128454418564,-0.033808558317994716,0.0038002186851298077,0.037098568691483556,0.06741634287611904,0.09546563615807421,0.12168491327146784,0.14636709669519177,0.16971800073954438,0.19188654003421318,0.21298161920154454,0.23308194308228491,0.25224160585063077,0.27049278004562477,0.28784597616460283,0.3042876873441236,0.31977443491367696,0.33422081746198873,0.34747606494109184,0.3592759032355297,"3.7954891891721947"
-0.08126909043370606,-0.035462995388430806,0.002348085919418521,0.035676324832894304,0.06592204309093663,0.09383041222423925,0.11985722596402995,0.1443044894058727,0.16738190764548913,0.18923831393975524,0.20997878143267332,0.22967387010200946,0.24836372415096256,0.2660577923570617,0.28272931992516903,0.2983012454983716,0.31260985372293837,0.3257388414062833,0.3378174105044618,0.40312389058596293,"3.6506582412937387"
-0.07370019065839516,-0.029736609200765974,0.007010136357671246,0.039648894809344574,0.06943242503384343,0.09703403714815685,0.12286979589848258,0.1472187018032212,0.17027766547993095,0.19219004386134142,0.21306171787259504,0.23297059275042645,0.25197225791537836,0.27010314503846666,0.28738181071977065,0.303808534175077,0.31936307211148773,0.33400005050319,0.34764108411571715,0.3601626909246217,"3.8815637979434374"
-0.05568557447973433,-0.019152310302360052,0.006376864000313809,0.01933526196264141,0.03647067387829544,0.06219618639807111,0.07108616065480494,0.10551564412169617,0.11460438121109469,0.15272435905457882,0.16859835725855876,0.20874463301954171,0.24393323945861056,0.27193061553878844,0.29652686020763885,0.3189179724785219,0.3396878958669248,0.35918274933787464,0.37763176385359626,0.395198049105011,"1.7047480922384253"
-0.16089333814645634,-0.10876056256178183,-0.0729948441724182,-0.06521700810447238,-0.015381731996462103,0.009919402301584612,0.038116103170102625,0.07027516705461519,0.09424262415870477,0.12785499059164246,0.15444696035864064,0.18391850110227698,0.21725434870667779,0.2362291407687963,0.28102004579867607,0.25175699942792384,0.3443787962917458,0.3689730063954904,0.40377452977247547,0.4471452478834485,"1.252762968495368"
-0.07213611134117646,-0.02264172669972309,0.018431405004103486,0.05445669903910707,0.086754161326826,0.11598057438628237,0.14246862889879908,0.16633133610422313,0.18746239129500641,0.20541058348575522,0.2188348820025932,0.22115824616872592,0.23930054486653607,0.2572992335090409,0.2686534166258033,0.2994423384137113,0.30604406926197886,0.3345672652685626,0.3553752280355562,0.3615302934931585,"3.367295829986474"
-0.12939752583015096,-0.07844492309232497,-0.04163931201494374,-0.019942551270838032,-0.00007575365669222831,0.03924789969233303,-0.018905374670502965,0.09289738812831508,0.09242723716495337,0.14702108165009198,0.14600181128828296,0.2028507196433688,0.1561272951336548,0.26037814326787434,0.27148003518715424,0.3189358449968245,0.34589786680521345,0.3761110867713869,0.41842396187057046,0.4099304467918733,"1.7047480922384253"
-0.07454165573774335,-0.024462160432703137,0.01612557962901352,0.05076593614139372,0.08066663204032107,0.10610623299370597,0.12643763991178747,0.13815753253570567,0.14428996316507342,0.17817369563642627,0.18101901486312347,0.21764005972332978,0.2370178025745027,0.2538014033305349,0.28486769128774,0.2777069150284758,0.3317360447211146,0.33795933893320335,0.3793549976143101,0.3980313010867618,"2.917770732084279"
-0.06859169626917742,-0.04068428039112311,-0.010084185193017561,0.015983268840362923,0.06582966374505035,0.09993904087844876,0.12838542641973932,0.1534725792876967,0.17623980841047132,0.19727098824418102,0.21693172999229482,0.23547158355204295,0.2530716799054331,0.2698680304855853,0.28596565624166165,0.3014481539239291,0.31638358330486915,0.33082808325121865,0.3448285635303942,0.35842481113473185,"-0.6931471805599453"
-0.28866541282197716,-0.22938720420781564,-0.19355938922123722,-0.17128527938838753,-0.09333289002461463,-0.04199586034639977,0.0016247385280251053,0.04081803126116027,0.07693868848781782,0.11072541277669798,0.14264348576359007,0.17301262596850359,0.20206568884053186,0.22997950580933424,0.2568926677842628,0.28291650879045055,0.3081422630590162,0.33264593142087373,0.3564917050056626,0.37973444284518876,"2.1972245773362196"
-0.06757022362672883,-0.024192674245785542,0.012106103308546235,0.04435800032953275,0.07378555933246293,0.10104575941561034,0.12654404361138208,0.15055146135160224,0.17325821192867294,0.19480135915631128,0.21528032749150383,0.2347658869187141,0.25330525230512957,0.2709245330789994,0.2876290322124727,0.3034014043097582,0.31819726639006235,0.33193751542699174,0.34449693909654044,0.3556934042183997,"3.8607297110405954"
-0.2308204103446828,-0.15822882618347997,-0.10398681662510954,-0.058453818511463994,-0.01792148114217375,0.01919500096099866,0.053692592526605375,0.08609259053227322,0.11677441254997553,0.14601290916626244,0.17401063143445458,0.20092495329428037,0.22688282555842076,0.2519877312474914,0.27632483712242617,0.2999655500938399,0.322970708701094,0.3453925887539093,0.3672764336660697,0.38866176295263005,"1.7047480922384253"
-0.11726401260743956,-0.07327396863625427,-0.037232353530069574,-0.005553480263655061,0.023180748247868952,0.04972192119359905,0.07453072097516757,0.09791539492783954,0.12009462729878259,0.1412300536569826,0.1614446707499434,0.18083395275972297,0.19947284956704797,0.21742460003237904,0.23431843516550782,0.2641338185223809,0.3201021338924746,0.37722196458738827,0.42918153111894897,0.47695274342097754,"3.713572066704308"
-0.05604880486392496,-0.010765815627280774,0.026468900846713193,0.059084392946116726,0.08843559479888656,0.11522515508683602,0.13985811428455305,0.16256877836272465,0.18347013548820443,0.20256380175588656,0.21971271244235663,0.2345423202818575,0.2461085572964647,0.25118843132221497,0.2462565536090057,0.2734145132520945,0.28973992885878797,0.32585591361825633,0.3560960052299297,0.4141120686975977,"3.367295829986474"
-0.03904620439023392,-0.004480865752732895,0.01928252828270073,0.02985771703359866,0.04990422043853249,0.07493651025628616,0.09179634492356104,0.13304483753284682,0.16757294329950082,0.19440224612978085,0.2175511122672343,0.23832324762086754,0.25736275835633154,0.27505349658518624,0.291650105674814,0.3073335105930098,0.32223854374149963,0.3364692870358176,0.3501082727981781,0.36322235136139064,"1.6094379124341003"
-0.15843747831825034,-0.1064851354923321,-0.06375865882777033,-0.026108138693540183,0.008112295656019043,0.0397777122385735,0.06942614851027501,0.09741892930080792,0.12401357899875588,0.14940162930043943,0.1737301100056387,0.19711461815864026,0.21964768359330283,0.24140433616846294,0.2624458950687807,0.282826429783892,0.30222476211832067,0.33441555879864404,0.39912242864926206,0.4671772108657203,"3.8815637979434374"
-0.05299989256273061,-0.015067590500206365,0.015860215689704426,0.04285238955896011,0.0671127805154361,0.08926470979518392,0.10966997140968872,0.12854276615043428,0.14599446327137974,0.16204326779347797,0.17658985069902416,0.1893221367940235,0.1994315929901266,0.16186474287291974,0.2555231451228177,0.3013778811259166,0.34136985009213455,0.3768670252563827,0.40871233414300784,0.4376665785110727,"3.258096538021482"
-0.25954594391562474,-0.23075178547533298,-0.20727639319450578,-0.18694245009355268,-0.1685943843870254,-0.15172523908365662,-0.13598874839548777,-0.12117196095268319,-0.1071166860420508,-0.09368403892951037,-0.0990274803989442,-0.00370301154257957,0.06890688718478247,0.13492431445456993,0.1953442078711679,0.2510123816624008,0.302597890163464,0.3506409272544502,0.3955846282614281,0.43779727197698753,"3.960813169597578"
-0.06308421860413706,-0.01973760198566704,0.016519595468962922,0.04870966931575242,0.07805049007606754,0.10519532374645162,0.13054581974546275,0.1543686649888721,0.17684875110238876,0.1981164777474199,0.21826270997677458,0.2373469946824126,0.25540151064536754,0.27243173947672256,0.2884139336638304,0.30328868333909453,0.3169491401599441,0.329222687521434,0.33985360506812684,0.34856449535808776,"3.8066624897703196"
-0.13038006207535802,-0.1058425323101615,-0.08584414012608713,-0.06852682907560705,-0.05290447062253698,-0.03854444273168742,-0.02515684263639432,-0.010599890444415044,0.0342392149378627,0.09107822475881296,0.14017853691013624,0.1836157375004252,0.222497601905807,0.25765848714517053,0.28973878991994434,0.31923909997495986,0.3465552272573145,0.37200293069634005,0.3958362929951174,0.4182616650186233,"3.481240089335692"
-0.1309355796597341,-0.07695007383516911,-0.035945461560310456,-0.00559625627179629,0.005645915559858113,0.04195469336465781,0.07109995455207102,0.08094804089018176,0.12585957135333972,0.1050425780796105,0.17974234556394447,0.16030019533906656,0.234710334267803,0.18901368921786585,0.2913660654579896,0.29090096041532554,0.3497414303434617,0.36652627936142657,0.4094100599969508,0.43900275465827626,"2.0794415416798357"
-0.042613121074092264,-0.007969133190601987,0.015019905494507766,0.01966551825574589,0.05071936914585013,0.06788038247098668,0.09624989601453046,0.12320289433126437,0.16264427674536855,0.19114250703925104,0.21536430423098232,0.23697509690108476,0.2567304291232179,0.2750613851279638,0.29224658245615376,0.3084806655847432,0.32390701789432635,0.33863540631959244,0.35275234647746667,0.36632760202769954,"1.5040773967762742"
-0.05312247451844939,-0.012811154648391082,0.020155830627013132,0.048960656241124334,0.07485469970699234,0.09848558834195034,0.12022715619657671,0.14029706818409052,0.1588022295271665,0.1757466991540986,0.1910016959246901,0.20419461709237885,0.21429461964374238,0.21683893632251985,0.23043402570700042,0.26832525641573296,0.3209109053081586,0.3650358838833688,0.4041577562351399,0.43916941018163425,"3.295836866004329"
-0.1309797973225663,-0.07931213872113572,-0.04102521340091814,-0.015169590188834733,-0.02256445475843099,0.03929291273199683,0.053444320581837956,0.08913804264421421,0.11213029344102601,0.14028244113444377,0.1668324321602435,0.19455782745077616,0.22052595656118146,0.25205442630082664,0.2729379198285808,0.31208143303517955,0.31800457106451147,0.3739468155754205,0.3847342560645286,0.436819079594164,"1.8718021769015913"
-0.06296319418113577,-0.019294985740758386,0.0171795610788956,0.049529853693964884,0.07899143177296307,0.10622607900646129,0.13163981564169489,0.15550132281363832,0.1779958144779081,0.19925257196149157,0.2193598415573952,0.2383727276757139,0.2563164839054156,0.2731859987277787,0.28894116071075865,0.3034966388055682,0.3167032559890382,0.3283183382892727,0.33798189436717574,0.3454065634856909,"3.7727609380946383"
-0.29981160241823485,-0.26334610570473505,-0.23379224902266613,-0.2080749929414065,-0.18485643651822917,-0.1634736699454015,-0.1435120126273473,-0.12470031291307661,-0.1068448470240917,-0.08980292664222428,-0.07346453578808367,-0.05787894223371671,-0.025281899426830203,0.05616681099485965,0.13551991518158588,0.2083922807223929,0.27576206009406684,0.33836980260722604,0.3968184964367599,0.45160643955436985,"4.060443010546419"
-0.09312905590428482,-0.0637254310033056,-0.03994208200484017,-0.019223315939906765,-0.0005271724624222741,0.016681975777957686,0.03273252272378214,0.04784078610695059,0.062459635543024195,0.07867664296025212,0.138366970097039,0.18458012472190452,0.2254397472102049,0.26187895020110463,0.2947271788577602,0.32462786892728296,0.35208801619737323,0.3775060539580619,0.40119528685030276,0.42340344696218934,"3.3843902633457743"
-0.13345448449858763,-0.10910897882481028,-0.07093868523328745,-0.054609396958247826,-0.010219392743450285,-0.009832954370884906,0.04701374494032539,0.07689188576562088,0.07458412658434038,0.1431634445825071,0.18050531136920198,0.21193504757057244,0.24015749254013136,0.26619555380785537,0.2905843112115714,0.31365320514774353,0.33562588162606133,0.3566642984778331,0.37689121883642496,0.39640290226028574,"1.0986122886681098"
-0.4092287607865564,-0.3407829613988547,-0.2895899777335527,-0.25375882580511616,-0.2491821915929979,-0.1581284782634719,-0.10421549190275188,-0.05821737472085265,-0.016595649574544076,0.0220045255455552,0.05830051871623888,0.09273933788309249,0.12562766842541967,0.15718954073032654,0.18759593895186624,0.21698164835233533,0.2454555930541806,0.27310755454737984,0.30001273905151554,0.32623499665157224,"2.6026896854443837"
-0.12008565603790643,-0.07068105821353728,-0.029658595491636693,0.006677344381145994,0.03980697566308979,0.07052333038544523,0.09931661188127715,0.12651713843197504,0.15236065571413615,0.17702233393958172,0.20063613491114676,0.22330658707203135,0.24511628875701924,0.26613084010619903,0.2864021271114383,0.30597047578613495,0.32486596293780096,0.34310902004464805,0.36071035226516784,0.3776693593508603,"3.9512437185814275"
-0.20131380975937901,-0.18875593601774737,-0.1761980622761157,-0.1659811257363451,-0.15637041623378148,-0.147761081596016,-0.1324059990949308,-0.054993500086998354,0.0070616750294839594,0.061282864454892796,0.10939153746192712,0.152606627424703,0.1918191378555473,0.22770102703671194,0.2607716027624615,0.291440131079027,0.320034387356792,0.3468204955659241,0.37201712561065714,0.3958058922310242,"3.624340932976365"
-0.08705747001527611,-0.012044038216227708,0.029019156671758705,0.061462779749270946,0.08952301013492776,0.11467106463474289,0.1377227860538544,0.15918350997496708,0.17936659156874749,0.1984839866841817,0.21669760108463654,0.23413437266422013,0.25089177191988077,0.26704661275726443,0.2826626286650141,0.2977934398875868,0.31248384822492387,0.3267717493759507,0.34068993358837235,0.3542670204931277,"0.6931471805599453"
-0.1483987749008081,-0.11899537920337808,-0.086950581631259,-0.05916631070665851,-0.025493851584702916,-0.012331337758279068,0.03486333522041321,0.046711178289607136,0.09007247740225215,0.12415936543383518,0.1276294579171862,0.1859495051680485,0.22623460743028795,0.25937957808204243,0.2890202324796939,0.3163566714181988,0.34198053999800365,0.36624431074581304,0.38938250748778674,0.41156280564485725,"1.0986122886681098"
-0.03453403758730192,-0.00023570439194807086,0.026781368404099355,0.049309937533586534,0.06812902479426586,0.08292579338222306,0.09063716720769315,0.09812212166878442,0.1254387576233967,0.130358116210462,0.16981998323549136,0.21684369360884043,0.24825428160097918,0.27441359571491875,0.29749539490705373,0.3184404499002503,0.33776875296491493,0.35580841003309105,0.37278453343340395,0.38886076812083,"2.5257286443082556"
-0.14351249526446383,-0.10072998796839892,-0.08177859082429242,-0.0463690992102017,-0.018951331239751117,0.00737413583964212,0.03592703835833835,0.06461870625619412,0.08676030986460881,0.12366169514185833,0.1223448608532469,0.18236499389049496,0.20050643830275858,0.2373610203712448,0.274362867678347,0.2802319026856698,0.33953459829850074,0.3811834943449817,0.4157680130019,0.4468774898874377,"-0.6931471805599453"
-0.06132900326732278,-0.014856900850427825,0.02397516780000126,0.058320728831667154,0.08944120566386991,0.11800047630427081,0.14439022947792315,0.1688488595120223,0.19151187648314494,0.21243144892016447,0.23157550627622275,0.24880336925609936,0.2637959101134865,0.2758574452939165,0.28318160431234957,0.27664709447777824,0.2809219548616583,0.3186661286744235,0.3421790863833996,0.35137233772155657,"3.597312260588446"
-0.1588989607188825,-0.12526351916688655,-0.09801720902160393,-0.07425107020947441,-0.052778763775370094,-0.03299013331977481,-0.014510799431710983,0.0029075218506571395,0.019441191723925097,0.035216683253509025,0.05123459359187177,0.08835063331848789,0.15442342146744284,0.21206798385559505,0.26430370012483856,0.3119740672041834,0.3557706932335846,0.3962503083330457,0.4338689179849416,0.4690038395094412,"3.7256934272366524"
-0.07701512304060464,-0.04831382522528039,-0.025121349880375142,-0.0049356743268657004,0.013262866025696441,0.02999804354412281,0.04559068982527977,0.06020787149714605,0.07818727947013067,0.11873443616001154,0.16489890247668765,0.20431901672513755,0.23897250482144308,0.26982451447594474,0.2976440180593797,0.3230160843501213,0.3463837409850136,0.3680823169994926,0.38836867934698943,0.4074428711444748,"3.2386784521643803"
-0.058193732617989845,-0.011515942013004371,0.027286117701283353,0.06148138745541243,0.09237197339941321,0.12063831012197625,0.14667636282277388,0.17071965538597286,0.19288900401234355,0.21320777868970248,0.23159028435291498,0.24779058368171622,0.2612545025204112,0.2706159029541184,0.2706606290201434,0.27213612302134155,0.29644023186707036,0.3279881976978048,0.34419613183593695,0.3432009736038213,"3.5115454388310208"
-0.0724431658895855,-0.05287834972039181,-0.013087176892475016,0.051541036294642024,0.09705560017833761,0.12966361359634818,0.1561958230072622,0.17855834910891777,0.19809464273276173,0.2154010561736863,0.2309891360377196,0.24524927225173415,0.2584180098875757,0.2706152627886235,0.2820089756224435,0.29276386822746375,0.30294346828453017,0.31257045967704505,0.3217286788127603,0.33050953343345957,"2.0149030205422647"
-0.0654506654617774,-0.01640083693688951,0.02392434292518103,0.05898951734989981,0.09011914087079644,0.11792821540093565,0.1426515832252302,0.16419605088580844,0.18196193510474404,0.19384748969418256,0.17556447895578836,0.22190337830514004,0.2309613123751043,0.25806004456647086,0.281049568625645,0.27409599299013426,0.3229062769821895,0.3353452133809332,0.36174108669000327,0.38687036150033394,"3.1986731175506815"
-0.057312603799755585,-0.011392342200613694,0.025467447968130018,0.05665176514471001,0.08325589193863588,0.1053906269914553,0.12192106398517384,0.12533788574018215,0.1486011188408959,0.16892990769792474,0.17861556163626918,0.21334539134383929,0.21499343461029194,0.25599366952966135,0.2751488820854695,0.2977701083929528,0.32916143596891895,0.32485093473007526,0.37180150605826395,0.4333986675987541,"2.803360380906535"
-0.15719957901993153,-0.10389776608214707,-0.05995813258282247,-0.021187585667409498,0.01408073416665373,0.046734800339891414,0.07732136839843509,0.1062080157690167,0.1336569196078842,0.15986315529798986,0.18497648372372394,0.20911460811493462,0.2323716608659422,0.25482384839249517,0.27653330885004856,0.29755076728915336,0.31792067939909985,0.3373802434040368,0.36763429351863336,0.4306390798662544,"3.912023005428146"
-0.21602452038002357,-0.16931664072158048,-0.131280263756978,-0.097946004270349,-0.06774452946096822,-0.03985118879676892,-0.013761721422066999,0.010860881164408299,0.03425625749136236,0.05660254413636929,0.07803674921319972,0.09866710443256495,0.11857771859694725,0.13837903406393476,0.16873423589493705,0.2551722217119924,0.32876682745190294,0.39658722058283635,0.45934020869073744,0.5176816454426223,"3.9219733362813143"
-0.11990312865363112,-0.08776857664341155,-0.06999113761750735,-0.031238540622946624,-0.012314639463709661,0.02018645174733489,0.04911668025878298,0.06168822027581462,0.10881705123974757,0.12873965332056353,0.16052883360718792,0.20407484088613734,0.23715430721487712,0.26609270143249864,0.29248432760811227,0.3170448610876604,0.3401803171887179,0.3621527972661274,0.38314584544326763,0.4032953436293271,"0.4054651081081644"
-0.06127881804249836,-0.017209952797023535,0.01955975019360934,0.05213740852219731,0.08177227683221198,0.10913194880963067,0.13462427702708712,0.1585170867621262,0.18099239874723005,0.20217380511408853,0.22214076779393518,0.2409353525266838,0.25856347559242,0.2749907822988296,0.29013146499372783,0.30382579941731,0.31579890694315044,0.32560038406024866,0.33268355535844574,0.33850676132672114,"3.7256934272366524"
-0.22316450669796384,-0.21053856384773112,-0.1979126209974984,-0.18764030424155442,-0.1779774955766568,-0.16935402048839607,-0.1622798685836822,-0.10728896534474877,-0.03847822303391151,0.021842718646871786,0.07538790480792998,0.12350717592432577,0.16718454335124394,0.2071611844145732,0.24400980018458615,0.2781821303465187,0.3100405754806152,0.3398800060211041,0.3679432703366735,0.394432508572239,"3.7256934272366524"
-0.09975989678663699,-0.04857158184873294,-0.008429114643379155,0.02391923016886783,0.04825672130072555,0.056320975953109365,0.08733762706333381,0.11346155287328304,0.11675892703747372,0.1618193907717248,0.15718996651760997,0.20970771904172897,0.2194829363549061,0.25900980159945525,0.27378640375607155,0.31078041516195104,0.32706265271010265,0.3657437221662962,0.3804503078426704,0.4245657513304131,"2.4423470353692043"
-0.04663018955427271,-0.017571732864027096,0.005758142911328503,0.025925967315942915,0.043967812779280135,0.060411353897526526,0.0741964378287672,0.10794527555142519,0.14780736473360154,0.18224809899004457,0.21076509693108694,0.23544975180103522,0.2574075689536927,0.27731047985744744,0.29559125330431846,0.312549043749526,0.3284008537739376,0.3433104682577246,0.3574053239686773,0.37078705288064745,"2.740840023925201"
-0.03799077768010508,-0.0033931031856886135,0.021755936949429126,0.03855710425161192,0.021537055813753633,0.07345875830614597,0.08415854902986425,0.11637509479972462,0.14585794597659796,0.1837109716573964,0.21161346552162716,0.23542831402188902,0.2567116967207402,0.2761833488553112,0.29425783714874476,0.3112045868402056,0.32721256944669463,0.3424214607376096,0.3569385148644335,0.3708485060552944,"1.8718021769015913"
-0.06561515504216765,-0.018051548438787916,0.021683006873982284,0.05679094940604861,0.08854902297732463,0.11762360581150483,0.14440024564584206,0.16910235447429653,0.19183839736021846,0.212613601295495,0.23131082969508485,0.2476186057729098,0.2608064953785929,0.268770539154166,0.250850577165753,0.2850944109192205,0.29707725043135513,0.3288904785791085,0.34182977364886796,0.354950787034602,"3.5553480614894135"
-0.26825403944332477,-0.2117687611045148,-0.16561968523509937,-0.1250892351744114,-0.08831531196883818,-0.05431512306881716,-0.022486772619518303,0.007572845022784614,0.036150780776616744,0.06346071419278326,0.08966718041524674,0.1149002842395478,0.139265135910501,0.16284808502590833,0.18573948514084027,0.2055187613515607,0.2721246027693084,0.36178393286008786,0.4463338393528773,0.5248073089232255,"4.02535169073515"
-0.04049156772596451,-0.005213250165943303,0.020956960570386058,0.03978221535292586,0.04514070678719524,0.06874128298389551,0.0879609528643755,0.10437584166547827,0.13424586374781955,0.12975635742478106,0.19519847206328636,0.22714256546975797,0.2532367506489245,0.27621718136721307,0.29710114897836315,0.3164188308427942,0.3344954667178721,0.35155088579728083,0.3677435248860194,0.3831928957335688,"2.0149030205422647"
-0.05427478357684268,-0.007118237833564404,0.03154339849012347,0.06520453306113046,0.09522084137994566,0.12225763468458252,0.14663989462185298,0.16845398932024813,0.18753024764055398,0.20325332257832726,0.2136875001507099,0.20400368121129697,0.23566331220578668,0.23452758795140932,0.2782640424623694,0.30075080165732765,0.2872705063666954,0.3430549686517721,0.36559804832009685,0.37657451484440274,"3.2188758248682006"
-0.056086170811276925,-0.009583641794337808,0.028659684955405555,0.062140360914090115,0.09223795967934856,0.11966412649179763,0.14482332752278274,0.16794038212956464,0.1891070574678842,0.20828381003919424,0.22525072365935442,0.2394404836769167,0.24929932427582419,0.2470624313536626,0.26384401969525473,0.2634837320028066,0.31010757836166275,0.3359067537510339,0.30889391230533886,0.4076989993056435,"3.349904087274605"
-0.17156268400875813,-0.12261682160562029,-0.08255703525233457,-0.0473483630982344,-0.015397059350581124,0.01414038257234142,0.04178112939235957,0.0678717999175218,0.09265920080061861,0.11632690567755063,0.1390160214942772,0.16083780873327808,0.18188177253888851,0.20221996786089239,0.22206015719871508,0.22181359042531373,0.31298099867564655,0.3824230353219974,0.446705854544586,0.5060989555600212,"3.8607297110405954"
-0.24561491390115142,-0.21717556667490986,-0.19398984505553643,-0.1739071022359614,-0.15578592117468323,-0.139125554696469,-0.1235839785120517,-0.10895084985397674,-0.0950697035352833,-0.08196947942530639,-0.05043931389059798,0.02298678542960317,0.09219549712089875,0.1549963136579459,0.2124584264325247,0.2653881894558262,0.31442534249878007,0.3600869612015988,0.40279749692722233,0.44290974875048994,"3.9219733362813143"
-0.061487106471675476,-0.01817791089225695,0.018062200477453102,0.05023828093725131,0.07956129187270014,0.10668048180550226,0.13199450731459691,0.15576735994096932,0.1781811400988652,0.19936306311458646,0.21940011090364753,0.23834685872741831,0.2562288627684553,0.27304245991403187,0.2887508291856337,0.3032752541189393,0.3164797622197284,0.32814902378936744,0.3379814219312614,0.3457907514821869,"3.7954891891721947"
-0.152788309994315,-0.10985146918520268,-0.09389152972785596,-0.05243997558740461,-0.02834365495639423,0.003539914985525547,0.02716230260736071,0.061658877378070756,0.07580017865204215,0.12066626686750245,0.11426276431266315,0.1785001482318638,0.2034181788533177,0.22961391227364972,0.2732018318481495,0.2927819479532158,0.33313355242683684,0.37910594314069695,0.41552270317534745,0.44790915023462624,"Indeterminate"
-0.04896723653754615,-0.005117556684785598,0.03062378154610214,0.06159191024547843,0.08906270643067213,0.1136387043163971,0.13557294856452515,0.1548361788851761,0.17100584391031656,0.1826646905895819,0.18196291011453214,0.20240684795908398,0.21651588234844063,0.23866835054796676,0.2666705512358405,0.27814436079218574,0.3004161382260263,0.34076556645489325,0.3852544052333906,0.4310972878006765,"3.1135153092103742"
-0.05778148240169373,-0.01285636430590136,0.024609922724336958,0.057751855826279924,0.08782648405328952,0.11550090736810588,0.141176619653547,0.16510938490658303,0.1874623846426309,0.20833122931698506,0.2277539410550231,0.24570986151984164,0.26210607671319197,0.2767432417580816,0.28923813647607677,0.2988443047468065,0.30411696837775276,0.30595418266994967,0.32643187445102617,0.35016289687788704,"3.6375861597263857"
-0.038884414489729596,-0.0033961053959923,0.025160300603719904,0.04969242578000268,0.07127989605932611,0.09039000408754072,0.10712954813049445,0.12119411550532602,0.13125003887172962,0.12715553794812814,0.1544320215099417,0.17483882985230575,0.20899841798210314,0.25208286463609497,0.2880939323632017,0.31829164440614327,0.34479960125886866,0.36873304029693105,0.3907326087466776,0.4112038494589339,"2.8903717578961645"
-0.057818799299657046,-0.010880511806393477,0.028062206397895348,0.062322692698916694,0.0932167625013613,0.12142758050791336,0.14734690132081632,0.1711971154314529,0.19307831283292415,0.2129767145876549,0.23073641911079412,0.2459620055601203,0.25770509389764434,0.2629838021981256,0.24959434243170822,0.26880135340766126,0.30776880592487654,0.3310940314395476,0.33760253666020373,0.36413489976804575,"3.4657359027997265"
-0.035397468654106354,-0.0004980378895321883,0.026879016528537004,0.04950600279679958,0.06803606304044892,0.08169343644874018,0.08327572470351405,0.10609541753899163,0.12483197424151002,0.13112815570519926,0.16150364002206596,0.2101337967705669,0.24526716837413873,0.27314989593375705,0.29737502882533495,0.3192007367635284,0.3392633715153668,0.35794513310813786,0.37550018692491427,0.3921093891407554,"2.4849066497880004"
-0.05960275838762647,-0.012620171040766199,0.026506304602602025,0.061030337713624115,0.09224990695972936,0.1208449828151308,0.14721317808170487,0.17159165578771532,0.19410757052377442,0.2147951556573491,0.2335883236047251,0.2502801894508874,0.26440786847268166,0.2748885615083508,0.2782503270074805,0.2681933868877912,0.28998732240314473,0.3281151173623648,0.34664949916827553,0.3314654835195868,"3.5409593240373143"
-0.2033108264403169,-0.1652438450259758,-0.1382690693383377,-0.09537125070591229,-0.07097351412048686,-0.03327507114970566,-0.0016464270932806278,0.02080851947024613,0.06541731894679588,0.06411567736217384,0.12757760375054233,0.15817732457328867,0.17118043898496715,0.22892778288902196,0.25927690193922115,0.2679784149528675,0.3355749047983885,0.3775901248121102,0.4138234523366319,0.4468739783831091,"1.252762968495368"
-0.04582939833482947,-0.007011829807002119,0.0245692378186414,0.05200132390945291,0.07648041768206951,0.09860136909741299,0.11867119872733511,0.1368058267738543,0.15293164096822962,0.16667079730264756,0.17682768884243363,0.17705834734552725,0.19497991633771067,0.21332251765319582,0.24434866491553012,0.29354756649554237,0.33550142734843347,0.37230414448715377,0.4046470631938592,0.4336780768986735,"3.1354942159291497"
-0.05830812555143638,-0.010435052362010358,0.02899349212968876,0.06341245598216914,0.09415938709046119,0.12189432632493798,0.146944509490474,0.16940742542266746,0.18914250992036916,0.20561596709158578,0.21721619364744996,0.21471725836939784,0.23714268280813974,0.2456749420157965,0.2765605755195693,0.2997307941263479,0.28569342306505996,0.339761922382842,0.35843840566517615,0.3712417285581403,"3.2771447329921766"
-0.06428092961221807,-0.016419544446082075,0.02210732658243349,0.05476566265973426,0.0826848411608203,0.10599773687500438,0.12360853638205939,0.12849669655705712,0.1509734846454384,0.17320025595663882,0.17787514953094338,0.21711857261459927,0.2220800191150579,0.25939523226942046,0.27890194583838646,0.30110551556565335,0.33118012831859295,0.33874385434114407,0.38449281980843586,0.3916089328831692,"2.833213344056216"
-0.11460936076912843,-0.08673962363147286,-0.05770365528594535,-0.03113253671794076,0.0016721193145633336,0.009466590877901056,0.060917092167233546,0.081218961298891,0.11240590671806833,0.1566079034482512,0.1897526581177185,0.21856248078860246,0.2447174517931524,0.2689713748036861,0.29175187883715903,0.3133348575668751,0.33391327420529077,0.353629726700188,0.3725938722341318,0.39089261107488626,"0.6931471805599453"
-0.058567706386826054,-0.01932736430384645,0.010013843140001963,0.031313278272918424,0.03833706247807951,0.06337782287248485,0.08396375648508297,0.09739721077222786,0.1271431392388034,0.1348107099249864,0.17241903986941165,0.1788245938391138,0.222056868316342,0.22981490397059476,0.28383012887408166,0.31881314473431727,0.347603954229441,0.3732149969105994,0.396703023585966,0.4186051437886612,"2.0794415416798357"
-0.05147854158571415,-0.01666366269224091,0.00431646865291646,-0.00008372786690314281,0.046501698586674675,0.008324827989052028,0.09371753941230561,0.0935773940925587,0.15117102433733431,0.18433896024008178,0.21115905863460285,0.23470898254076367,0.2560852987255203,0.27584933491420555,0.2943422567318412,0.3117933416860431,0.32836712777192295,0.3441872694921689,0.3593499251795755,0.3739318621974793,"1.252762968495368"
-0.04082116285461021,-0.004079181896946841,0.025601798155932897,0.05119269066490341,0.0738143156185168,0.09398049690521783,0.11187690205988662,0.1273864413367048,0.13985076060619395,0.14654483797311493,0.14693992065384098,0.17643902887923943,0.1914649433129084,0.23325285298559845,0.27598078714234375,0.31321711694501064,0.3447840578019697,0.37257354726453284,0.39769474525147996,0.42080427692787303,"2.970414465569701"
-0.37517086644388703,-0.32213943323106103,-0.2967300446110122,-0.24746389080947528,-0.19684209853819337,-0.16843439950351827,-0.13978184650832295,-0.0808133374959056,-0.04290547956659864,-0.024559708477577418,0.022106260372711673,0.07660007234296494,0.11982694913971242,0.15841842980541845,0.19412655241953003,0.22773899576174209,0.25970212577442275,0.29030439507160644,0.3197484711831481,0.34818513444401217,"2.6026896854443837"
-0.05835712179313979,-0.032592488518151844,-0.011635079518098527,0.00648019829897205,0.02316851924059164,0.04380845340654373,0.09945788059232441,0.13813407878216102,0.16977305671411116,0.1964682820678668,0.2197807052401863,0.24059249067182825,0.25946861471234306,0.2767897237308505,0.29282835851535677,0.307787287621444,0.321822593632747,0.33505747642469436,0.3475912352776113,0.3595052648983398,"2.6741486494265287"
-0.21209160069335337,-0.18308037768927496,-0.1392845083726194,-0.11659722437782577,-0.07082292344310857,-0.08018315501714726,-0.006135059924595276,0.014174904137789443,0.05109832964079499,0.08989147183351026,0.09213303148286682,0.1531748941362997,0.18996092588012994,0.20279550435879093,0.25417899219928075,0.30043657060668916,0.3380940353281854,0.3718431858207164,0.40308633153425827,0.4324852651958369,"1.6094379124341003"
-0.03545374434451368,-0.001015960122562944,0.025090877232685417,0.04519014319058692,0.05786521669825971,0.05346593082499222,0.09246044678334953,0.09936856640275568,0.1325681288378694,0.16917945628023026,0.20468243283252385,0.23195576883958927,0.2554489275517165,0.2765269687520732,0.2958512538718722,0.3138114668020424,0.33066420611658964,0.3465910098264731,0.3617269094539356,0.37617611130203027,"2.1400661634962708"
-0.08827028001157085,-0.03744743507847132,0.0030139581640055307,0.03658099142267692,0.0639796012002906,0.0838220916198655,0.07968947023614799,0.12288758134829406,0.14277918165877315,0.15764311944442755,0.19109878520279747,0.17455368358078455,0.23805950421780697,0.24188377406378403,0.2858529619998609,0.29935828244103185,0.335721427178041,0.3543813133363217,0.38869300203044066,0.4108258561669522,"2.6390573296152584"
-0.06195408217278712,-0.031941252578935986,-0.007701576341368349,0.013390204971199103,0.03237692827879859,0.04979946828096717,0.06598488248965179,0.08115323679776178,0.094562889519997,0.12529630888487153,0.16816212005802314,0.2072479420027986,0.2410418533168173,0.2708594229646166,0.2975682066684485,0.3218322278245735,0.3441325716264772,0.3648201830398267,0.3841562350159214,0.4023398932454771,"3.1354942159291497"
-0.3016846069507615,-0.24257433454270572,-0.2035045696463786,-0.11603816507104661,-0.06362048734524481,-0.02006540175845393,0.01881498900597895,0.054548481319920905,0.08792590868668224,0.11943185983343897,0.14939400010017648,0.17804856498289817,0.20557373346902774,0.23210848091222241,0.25776405684985515,0.2826313835996034,0.3067860450781335,0.33029177459196474,0.3532029666382408,0.37556653147470365,"2.302585092994046"
-0.22124622801911184,-0.1832425643456381,-0.15244360512282212,-0.1255682470291888,-0.1012783351355225,-0.07888559297604573,-0.057967673667627714,-0.0382444496943405,-0.01951691774145514,-0.0016376663435348493,0.015508200350450117,0.031530437713005746,0.07209172823543385,0.14600235179151988,0.21570788713547825,0.27941935075393276,0.3380629513970681,0.3923426095968264,0.4428320997645715,0.4900060395176005,"3.901972669574645"
-0.07743063701886961,-0.03963270083423592,-0.01585176689803072,-0.029931695631975973,0.028621721646719094,0.030726633002554904,0.07335233514343313,0.07446607500768365,0.12112702627823929,0.11137474911428075,0.17205483451439155,0.19096916008859272,0.2260036891702294,0.2646565538291885,0.2948495611795764,0.32137544296550596,0.34558340768080337,0.36810420552269607,0.38930331616285124,0.4094196196800798,"1.252762968495368"
-0.10574469167066498,-0.05958964027568438,-0.02655841016299192,-0.007938261530150762,0.011997011348449134,0.04602693192198657,0.039673409449952304,0.09555400977750908,0.06267357368531903,0.14590214629163123,0.12483271903581032,0.19804182300069953,0.20467344293928183,0.2519363965883443,0.2732132321861683,0.3066479356093752,0.34127701490952644,0.3543782094599499,0.41384489622318454,0.45182908619506446,"1.7047480922384253"
-0.058280429269765996,-0.014350039762211497,0.022457224063979434,0.05512840669775749,0.08486607163704785,0.11231241338581431,0.1378581528244632,0.16175729672670838,0.18417883903523533,0.2052323929470388,0.22498080449709298,0.24344472923599036,0.2606005620241537,0.2763706227800144,0.2906015195359188,0.30302218281063004,0.3131734652666854,0.32041124864426346,0.3255769444183467,0.33858101665671997,"3.7376696182833684"
-0.05718919202924916,-0.010322708732890021,0.028481598661064568,0.06260515674952812,0.09339206201990474,0.12154370169796294,0.1474680492578604,0.1714059236807893,0.1934823289858016,0.21372198735912004,0.23203667543192702,0.24817036967663966,0.2615392853083763,0.2706765408682186,0.26968785033742737,0.273272436681105,0.29878583367530526,0.33152182545455666,0.3498161261586454,0.3287848069252482,"3.4657359027997265"
-0.13885254866110244,-0.10826309955971278,-0.08048243403112139,-0.04910167321954818,-0.020061104848446653,0.0007816858825526188,0.04059483692024984,0.03844076933532078,0.09763143798104221,0.12746341784157816,0.12310162444880754,0.19341775823033522,0.23092115621486742,0.2626229256712959,0.29119504146031244,0.317636555676767,0.342466905776442,0.36600483480961854,0.3884663919377357,0.4100079863004181,"0.9162907318741551"
-0.12062342445298004,-0.07239588259524214,-0.03269291003220936,0.002296521951269373,0.03408647632301926,0.06348265568862335,0.09098027249174127,0.11691131485389313,0.1415115504683226,0.16495525139168682,0.18737487665476274,0.20887295636043876,0.22952957769204058,0.24940719749203216,0.2685536715518033,0.28700789021160333,0.3044576656894593,0.3327516616501375,0.3891648691161757,0.44919294240685587,"3.784189633918261"
-0.10064386784205114,-0.055322267660909745,-0.0180565879136073,0.01474798650248769,0.044518565409636224,0.0720135403365654,0.09769794909923311,0.12188234232426422,0.14478587875397422,0.16656891208485453,0.18735131104604738,0.20722331068185976,0.22625204196148038,0.24448526627371434,0.2619520036893701,0.27876460208599374,0.28713101275635555,0.34676502044933133,0.4023773560735323,0.45393741672463916,"3.6888794541139363"
-0.05876572310370236,-0.014333415749760305,0.02290379681451925,0.05594732147151907,0.08600447491698489,0.11371847532198183,0.13947866923470403,0.1635355377237039,0.18605212668761348,0.20712893669298782,0.22681512693810793,0.2451105130267073,0.26195862385622937,0.2772271066985599,0.2906649392234254,0.30181167136611337,0.3098254798706119,0.31374764995096255,0.3216797760989485,0.34373928009038496,"3.713572066704308"
-0.05860365369242633,-0.010697196903284606,0.028503175994714292,0.06247443832631199,0.09253598265813866,0.11928738903580953,0.14293220740764137,0.16330838854728352,0.17962403107114144,0.1888606210108482,0.18511230717115779,0.21942665360292005,0.19944788331423519,0.26028836177428016,0.2778000091812591,0.29167636421321896,0.3244480154597485,0.32944783958758317,0.3674257768158818,0.3910431943394433,"3.1354942159291497"
-0.11021687465756715,-0.05559618182387987,-0.012123631325722353,0.02380954082993206,0.052795660896734355,0.07254932357050238,0.06309168219645858,0.12010200886410625,0.13636429917090898,0.16168925827143812,0.19069585019448973,0.19956870884273206,0.24178702701272917,0.2231095389892914,0.29295789347887335,0.28620438048225183,0.345522515062329,0.34664553707689905,0.4002856048763197,0.4011318541095106,"2.6026896854443837"
-0.12803801054683597,-0.07723985383872461,-0.03522042247244338,0.0019168907731381133,0.035727172180906555,0.06704115531130923,0.09637114870737215,0.12406170185344752,0.15035832265212698,0.17544318655368674,0.19945544549518637,0.22250355391505935,0.24467310574551562,0.26603196805412216,0.28663367722073035,0.3065196340818842,0.3257203899771052,0.3442554610346847,0.36219785472565535,0.375132319311953,"3.8918202981106265"
-0.4901703563588341,-0.4099966126300595,-0.3453889521442221,-0.2894484694584109,-0.23931848728898483,-0.1934341201357807,-0.1508200234803529,-0.11082096051610806,-0.07297348319424513,-0.03693656855650889,-0.0024511136301546043,0.03068501267498191,0.06263301124205789,0.09352385834839276,0.12346568240378934,0.1525489876533086,0.18085044167964417,0.20843567924327594,0.23536141651334638,0.26167707161650916,"2.70805020110221"
-0.06000138111949646,-0.01586366322908978,0.020976323709022793,0.05361509172791718,0.08329750378660526,0.11068825225468436,0.13619257422615969,0.16007544180697522,0.18251541684165787,0.20363163633629663,0.22349757912310358,0.2421469776989437,0.2595736955211756,0.2757251911911467,0.29048687012345226,0.30365115230114437,0.3148616492872696,0.3235515580251627,0.3293743169872872,0.3373517172439541,"3.713572066704308"
-0.14386408170924203,-0.08188353897272954,-0.038547962941980214,-0.0010982509575145575,0.03338407791264081,0.06508040648874384,0.09442541364785545,0.12201564116263316,0.14822997126142048,0.17324130551244388,0.19718070182985337,0.22019549364748972,0.24240740635576746,0.2638956665780789,0.284724071570676,0.30495603393511667,0.324646590874973,0.34383843943349857,0.3625681447021629,0.38087002522539964,"1.0986122886681098"
-0.12230034561797783,-0.09117511640367665,-0.06597623878201407,-0.04400652295252644,-0.024166077322401693,-0.005889276961693,0.011170869572745783,0.027244423718870994,0.04249263871446266,0.05751745815208061,0.08342390091866758,0.1450379010199449,0.19645055065887432,0.24253233930649912,0.2841644937747892,0.32208784003262736,0.3568898199127678,0.38904474009401646,0.41893799878823734,0.4468838131545822,"3.56953269648137"
-0.05890579875911107,-0.015739797486547236,0.020461452693735057,0.05263395761364836,0.08196168623324163,0.10907919331485554,0.13437529707108756,0.1581061937228567,0.18044683926042657,0.20151705620286167,0.2213954064973096,0.24012613629051555,0.2577213580732154,0.2741590103239108,0.2893759420666208,0.3032543279495947,0.31559938924837067,0.3261160014358603,0.3344812525980483,0.3412608925685083,"3.7954891891721947"
-0.037207010621634035,-0.0027773539735316904,0.024809240800333372,0.048410581838791385,0.06906519360055391,0.08718207448069601,0.10274819483833106,0.1151070688437634,0.12100006880739124,0.12854512760848735,0.15656753153024164,0.18619597819879427,0.2303910720716845,0.26523813444412897,0.29419221452957794,0.31955097624897044,0.3424225485887132,0.3634297356556898,0.3829640456215008,0.40129174278739455,"2.803360380906535"
-0.0546801623659778,-0.007700855189371153,0.030656954524865113,0.06386673323761227,0.09324677564891506,0.11939879299429795,0.14253337270920965,0.162505826613175,0.1785745750814422,0.18798254693137956,0.17799836651630854,0.21687313145583578,0.20042655204040224,0.25847289379582616,0.27746460172198634,0.28668601140080596,0.32410642176017096,0.33773950906016936,0.3643397325956807,0.39787238595951385,"3.1135153092103742"
-0.051570736790953246,-0.006453543395145767,0.030096569711967114,0.06147003456918877,0.08890370243537694,0.1128768890496177,0.13336192629064478,0.1496041663368162,0.15829896418791548,0.1604411579835288,0.19080471446636132,0.15592854425952,0.23201049352549644,0.24956861523513338,0.26498183678558684,0.29840215627616024,0.30876924125104493,0.3448985614132228,0.37787345387669335,0.43339139583965264,"2.970414465569701"
-0.05211371905548044,-0.006102162016221962,0.03152168958193857,0.06422187835662635,0.09333701266357022,0.11951838061368401,0.14307497787942097,0.164068241515857,0.1822768736536645,0.19694059737618874,0.20544453841609983,0.18817030218353528,0.23117242158848378,0.2154857547403249,0.2752170230083946,0.29589464190214887,0.2735768802787214,0.3392339854861756,0.37478133211552134,0.42256324884975205,"3.1780538303479458"
-0.037714511768550237,0.0015679561464471156,0.02232037170812049,0.07099719397122556,0.10440138561116173,0.1313147218883047,0.15424735494342318,0.17457803104221223,0.19307014551475493,0.21012084662742653,0.2260041786850104,0.2409539020900893,0.2551290358898184,0.2686226159191582,0.28151647176744393,0.2938935804072805,0.3058155781624074,0.31732296493670453,0.32845342470532196,0.3392452111744679,"0.6931471805599453"
-0.07103138812562855,-0.026217015994579772,0.011039268613550715,0.044004386248152456,0.07398922135325241,0.1016946147049777,0.12755052567462122,0.15184218822627246,0.17476749482077267,0.19646640601792797,0.21703701582264415,0.23654430874519725,0.2550242197813554,0.27248391655535037,0.2888980247372634,0.30419908981329646,0.3182579654123549,0.33084390862305507,0.3415394442370815,0.349553374016926,"3.7376696182833684"
-0.06776240158090652,-0.03320949783686628,-0.017910159452650974,0.00728184483984112,0.030411502362654556,0.05405396768332321,0.0762666141288716,0.10808130074421228,0.11574748107663226,0.16930009121978204,0.20135272107593027,0.22824064301179073,0.2522371984077854,0.2742451528290175,0.2947481733265847,0.31404793744103104,0.33235071105966424,0.3498064238787176,0.3665289068506866,0.3826074396209517,"0.6931471805599453"
-0.12000313547691033,-0.07301953281388121,-0.04027796422319273,-0.02686676703074792,0.006998285477152896,0.03402649716813144,0.051696855764494544,0.0868860786774747,0.10114988902140364,0.13896537481746707,0.1571094650432177,0.19120173286310665,0.21691891223141987,0.24246046415653974,0.2785461385076017,0.2817973891409476,0.341262164642812,0.363525649667947,0.4033357908756784,0.4489782037060574,"1.5040773967762742"
-0.06541195690925793,-0.02036634214354176,0.0170655830274272,0.05015483562449779,0.08021287994620588,0.10793898314739266,0.13375966251865656,0.1579547337553632,0.1807142996115695,0.20216743444973082,0.22239704504480268,0.24144663762205007,0.2593209996956421,0.2759804842673201,0.2913259398580741,0.30516630493009184,0.31714867217412696,0.32659940697988604,0.3322021393162796,0.33356950860276713,"3.676300671907076"
-0.08771245931479006,-0.05377539652445073,-0.05658884707041686,-0.0045750581568687835,-0.002781113453690077,0.0452998590903527,0.04077382985255068,0.09685528340277566,0.11943518223688979,0.14538737464277815,0.18843118820347565,0.21990766185100888,0.24711467988809435,0.27174275672951226,0.2945353857637194,0.315910314451313,0.336135533161519,0.355397786269122,0.37383472985058924,0.3915520350145585,"-0.6931471805599453"
-0.056445242121059114,-0.00893452437020669,0.03021793746463473,0.06445152145351438,0.09511425587226344,0.12288466939188777,0.14812153135473427,0.17097847869071256,0.19142538569809117,0.20918715557285952,0.22349248120604034,0.23190179674416964,0.18530279179808296,0.25336071364766455,0.25980700194388817,0.299185019005389,0.3158764397809592,0.3251292370515699,0.3608451604090929,0.37547225242508026,"3.3141860046725258"
-0.06346199677082413,-0.015073921888815579,0.024943767885471008,0.059972313288534,0.09133346145160294,0.11968458980671709,0.14535917040169058,0.16847214954451561,0.18892238299698205,0.20627477579109715,0.2192600724292962,0.22215064628160122,0.236284570729165,0.25337509878939707,0.270856949451597,0.2987125929802225,0.30323124580897326,0.33478272847728424,0.3555022658201267,0.36145362515838825,"3.332204510175204"
-0.1861571471015693,-0.15582829451875985,-0.11725516830231607,-0.0693056852999163,-0.04868421822576981,-0.00715804977849151,0.045029251940956284,0.08464030203665258,0.11909368792390271,0.15035778104926645,0.17933338075650113,0.2065365230494099,0.2323016841935738,0.25686318867784835,0.28039418384988146,0.30302766558363187,0.32486884284457807,0.34600289705252857,0.366500102052967,0.38641934058989164,"1.791759469228055"
-0.13576785615327794,-0.10723258728057485,-0.08412253773154098,-0.06402464733425689,-0.04588905522230189,-0.029195593009131333,-0.013618889019189399,0.0010542775203409604,0.014771441799473699,0.04280547975288419,0.10009081030448091,0.15399944346460057,0.20196262915973465,0.24513934402775212,0.2843506450637139,0.32023985922743214,0.3533193395741108,0.38400202702990854,0.4126232004885318,0.4394566543593535,"3.58351893845611"
-0.0594759720004117,-0.013109913876607553,0.025259948908924575,0.05903522696577319,0.08957162391309365,0.11758299028227884,0.14349390896993153,0.16756898153749164,0.18996876616036312,0.21077376625631403,0.22998925637999243,0.24753159941930658,0.263184381541867,0.27648209013330094,0.2863542106410434,0.28950040161717494,0.26809793765601775,0.30423222453382365,0.34275009568748466,0.36543014585248834,"3.5115454388310208"
-0.057106053851445314,-0.010189755822059596,0.028571801105618466,0.06261356629229596,0.09329842487991039,0.12133597166795011,0.14713743260408607,0.17094350351278026,0.19287557838651742,0.21294957686906166,0.23105849198833164,0.24690402347080043,0.25978994870168126,0.2678243122966512,0.26025664164702117,0.2768050946401362,0.301638159856845,0.33347975397453816,0.35181412630481745,0.3334055217878087,"3.4339872044851463"
-0.20351989284799535,-0.15514642995725705,-0.1401483212225856,-0.08754607594046988,-0.06279058227885792,-0.023244244513055165,0.0007401785988484759,0.041930132705246925,0.05524716477185182,0.10726464404752613,0.09959205804794462,0.17088925099715352,0.19614810953906717,0.22843700464360556,0.2716453161876648,0.27728235310635424,0.33880967987068317,0.3773179921725271,0.38079953273399575,0.4514185311485064,"0."
-0.1953461187391503,-0.12654250254737795,-0.0761447646220851,-0.03379610497150007,0.0041737394409213134,0.03905363125366581,0.07147897308576048,0.10193647192772726,0.13079424126759548,0.1583057087482845,0.1846528253693818,0.20998141714671212,0.23441179432562864,0.2580408915755957,0.2809475883158464,0.3031985837686385,0.32485120796233075,0.34595457879700675,0.36655104307142905,0.3866776898060899,"1.5040773967762742"
-0.03913070786972453,-0.002025588463055558,0.02775530853003551,0.053180514108385986,0.07531075627937328,0.0945221523110573,0.11068298169054663,0.12274536702463065,0.12451792068716122,0.1430434206393772,0.16179595377021308,0.16329020616422144,0.2044354663014387,0.23198263822941514,0.27988514986208207,0.3158625489417435,0.3458700030184094,0.3723185667566429,0.39631190797829097,0.41846165530379353,"2.833213344056216"
-0.2123212037946632,-0.175316994491009,-0.14839983813690039,-0.09042773073259185,-0.06029966788953892,-0.04253389945152485,0.023609815234746652,0.06706819395519086,0.10409763055246046,0.1374609481503309,0.16828087812504466,0.19716488921221653,0.22449415720052632,0.25053037267086875,0.2754643158350461,0.2994411558597223,0.3225749533970622,0.34495758861678505,0.3666645672175929,0.38775896339424404,"1.9459101490553132"
-0.09671074789285976,-0.04312442719913952,0.000629439547059598,0.0382138629951497,0.0709091995261521,0.0990827609292792,0.12229339246178476,0.13809581828036274,0.11951647635149977,0.1780004614814352,0.1937295151119471,0.21248367888824046,0.24231804239294602,0.21161213837078996,0.28706807425471853,0.29780902313327956,0.33071130211983363,0.35162790675472566,0.37416692536032187,0.40273704676247013,"2.995732273553991"
-0.36240390433647923,-0.29617641172470605,-0.2491107630547274,-0.22714103121051513,-0.169884851134106,-0.10656046238817049,-0.05695197217939547,-0.013267285632552986,0.026670500289833015,0.06387943736236004,0.0989520150361052,0.13227722945855516,0.16413048335549746,0.1947170361262099,0.22419567324511233,0.2526927525617742,0.2803110910040183,0.3071358729965085,0.3332387370057407,0.3586806942615423,"2.4423470353692043"
-0.05721532314917717,-0.010623386668057839,0.02803319931197367,0.06205676431185219,0.09276057503038414,0.1208291195951245,0.1466587302368255,0.17048035282159263,0.19240871977629134,0.21245556041845384,0.23051285273720684,0.24628792487295195,0.25911040544216796,0.26721033906068553,0.26162003536064043,0.27217716942890524,0.30099825306612793,0.3290490918160896,0.34315321749055666,0.3529239440523703,"3.481240089335692"
-0.050056329684428004,-0.008587346155027691,0.02429412828585792,0.05166154318734446,0.07432079048680361,0.09174752212212695,0.09951832940874179,0.11355284242346939,0.13759433793504078,0.13311876112553683,0.17806532264528888,0.1875167913284175,0.21822358092046928,0.24036528448540292,0.25726621953791295,0.29123705059700916,0.3265217084251423,0.37157217533034775,0.4052083157563638,0.434305814063938,"2.6390573296152584"
-0.06749921263773108,-0.02359256731908122,0.013045303293517505,0.04553541896908529,0.07513368308827326,0.1025133166741727,0.1280884092998027,0.15213446065828481,0.1748433379515055,0.19635156210118496,0.21675591153596935,0.23612216188490165,0.25448956107192966,0.2718721273493371,0.2882569459948091,0.30359883880075617,0.31780977743456135,0.3307400913517833,0.3421484908196059,0.3516755802164949,"3.7954891891721947"
-0.04542950407403175,-0.01070459488197183,0.0014719195165866464,0.0341974065380193,0.056833359253071807,0.10290580710463892,0.13400681807320775,0.15980374139520806,0.18247042554193985,0.20297175154543315,0.221845657448685,0.2394331772683191,0.2559696839652785,0.27162597698158814,0.2865303705620083,0.3007824590081453,0.3144615989801114,0.32763213841165173,0.34034707762649863,0.3526507812561026,"0.6931471805599453"
-0.1022028502383882,-0.06478922224389662,-0.03431140919614527,-0.0076135203238329625,0.016548973337678092,0.03883187330846125,0.05963577165093498,0.07922787756694019,0.09779731929234182,0.11548362128968079,0.1323929397863288,0.1485801500771987,0.16631339379466145,0.20387691926536608,0.25959746817561563,0.3082812169058285,0.35243442091545163,0.3927180947857643,0.4297256796559497,0.4639460278698549,"3.58351893845611"
-0.17597066363502334,-0.1681196929187014,-0.10489650346336733,-0.07601634699495047,-0.051439393161710055,-0.002595262886244164,0.02155329344996329,0.048798995896359026,0.1019603767191633,0.14023568404936398,0.17335438662829758,0.20341067878897445,0.2313016540527152,0.2575246596801879,0.28239637225309516,0.3061364776736531,0.3289064553234755,0.35083002968447724,0.3720049984313872,0.3925105633497231,"1.7047480922384253"
-0.07220328765304217,-0.026363531279656023,0.011544128821690557,0.04497016614349564,0.07529250713391226,0.103243966151209,0.12927110014239968,0.1536672088793442,0.17663239587593071,0.1983038075430158,0.2187713443235536,0.23808486566213197,0.2562549179682867,0.2732463595724838,0.2889607435374714,0.30319516882255093,0.31553899367846755,0.3250597110964886,0.3272688003464611,0.3634902126803433,"3.624340932976365"
-0.0364007150228719,0.00435250494532974,0.037144164477091436,0.07890739231170685,0.11126676330151725,0.13711524910050898,0.15907743344560665,0.17853100723924148,0.19622994171468466,0.21248377337420976,0.227571919313712,0.2417789191949376,0.2552552943210167,0.26804902662816793,0.2802434658070892,0.29194903123768756,0.3032241134250798,0.314089498953395,0.32458330840465155,0.3347551225417915,"0.9162907318741551"
-0.08058656806246195,-0.029487110923111695,0.012219289036534619,0.0480931743925165,0.07940860445976494,0.10659940576305943,0.12945302971592096,0.1465359641715978,0.14850221668293787,0.17692985188475452,0.19804826263740022,0.20182543747112533,0.24146523318221644,0.24799902477961666,0.2820511676216806,0.30203037821887635,0.3206665122707029,0.35075808645657025,0.3540393835636484,0.3989661576579576,"3.0204248861443626"
-0.11489610602495544,-0.07353116871156194,-0.039727690576304694,-0.010058377302163255,0.016829712988063822,0.04165191155770886,0.0648460679411874,0.0867048779864085,0.10743593149025868,0.1271927240818723,0.14609221365182923,0.16422540762459958,0.18166879187237217,0.19798168585967202,0.22897709643518985,0.28440270728632644,0.33949413105536974,0.3894749424242982,0.4352814826480659,0.47749938332803166,"3.676300671907076"
-0.04615934502078603,-0.006428219456306884,0.024884354020184296,0.05073953209997769,0.07180319961351889,0.08712666939325381,0.08773089668966376,0.1143850782551082,0.13113153094636587,0.1462506828789838,0.17474029475218789,0.14591472941592504,0.21837934265315603,0.2350882233771066,0.24393952842457337,0.31207433766751574,0.3481164575174291,0.37786047600592043,0.4042354173061214,0.42833871414865865,"2.5649493574615367"
-0.06209908957733777,-0.014090359312048654,0.0257173492338838,0.060665131760447674,0.09206997888280684,0.12060177766165991,0.14662409946103522,0.17030956287188492,0.1916703839882725,0.21052576216319308,0.22635275336599436,0.23769712432972762,0.2373967436897047,0.2542255424842509,0.2625605426342934,0.293518919002937,0.31557312773747137,0.3030950057459542,0.3531250938231762,0.370208331178085,"3.4011973816621555"
-0.06476095120197196,-0.028216608424128892,0.001577252107731513,0.027639348107350005,0.05115811190797233,0.07275770295779829,0.09281418858790004,0.11157134452080222,0.12919212072562206,0.14578354790176973,0.1614079777916649,0.17609358044314208,0.1889740191076464,0.2184057810098661,0.2636310797760107,0.30652871360979844,0.344665437385377,0.37900937241525473,0.4102401488683933,0.4389216376111691,"3.367295829986474"
-0.08479182410454468,-0.040962021224126774,-0.008620883276251214,0.013377419223944385,-0.022546422775398107,0.05702030458947679,0.07001785936481482,0.09951353365487568,0.11975326562976203,0.14485121365176648,0.16799856911562577,0.19423337625340292,0.21674468335383157,0.2479941363596486,0.26565339970713414,0.3065687739800709,0.3050118575624641,0.3744128547484563,0.41119035664949277,0.4423923844722222,"1.9459101490553132"
-0.07811028273974577,-0.04869446748640587,-0.0285703287635966,0.0053135366826340515,0.03379880709304899,0.052070109095319374,0.10241788653043911,0.13578868027632163,0.16382744817843772,0.18877819220056824,0.21158845656883862,0.23277919914167444,0.25267922292560724,0.2715144833912354,0.28944935636910896,0.3066084038813629,0.32308900630492143,0.3389691876179519,0.3543127094799265,0.36917253609876094,"-0.6931471805599453"
-0.060754569928085554,-0.014242355214190613,0.024159179856435006,0.05792042880827835,0.08842194259746572,0.11638961913148589,0.14225472997614486,0.16628573470008895,0.18864511134085982,0.20941337423979695,0.2285930157793434,0.24609211285726612,0.26167255346830115,0.27480650554679736,0.2841901161150365,0.2847998817754242,0.28891970616354706,0.28680582215611955,0.3421407078467126,0.3768284071898039,"3.481240089335692"
-0.05196293059525848,-0.006221538119698487,0.031166061188378034,0.06362191692129196,0.09246158281453895,0.11831391201463252,0.14145684503560327,0.16189736632390597,0.1792949308530998,0.19253051794518922,0.19680814183475812,0.20693804001893948,0.2273544265535391,0.24264131003429612,0.2748120198867224,0.28806470403543344,0.30874661167940104,0.339354529028663,0.3588922785771827,0.40539497757204696,"3.1570004211501135"
-0.04809168815870743,-0.006566159442488222,0.027314518509736433,0.05678220318384753,0.0830923282767861,0.10687052493760128,0.1284406643247815,0.14792761141373553,0.16526355034838622,0.18008570509796473,0.19129742380344453,0.19402562188654093,0.20555995912544595,0.2258877386982304,0.23168231694190575,0.2635100428460423,0.3158909911026995,0.3618608321928011,0.40326955269158854,0.43958375788547815,"3.1780538303479458"
-0.39964282246001454,-0.3313420381027582,-0.2807666780676535,-0.2470508175079914,-0.22433479688039104,-0.1457605240439747,-0.09282654356154721,-0.04720643640150003,-0.005800925887452232,0.03264888519647024,0.06882778663583113,0.10316880736839211,0.13597165592763072,0.1674564844861952,0.19779193901374184,0.22711130281871028,0.25552248507024744,0.2831145525318759,0.3099621907284463,0.3361288595235884,"2.5649493574615367"
-0.2218706253102613,-0.2109561427017664,-0.14700453641469954,-0.11796057789047418,-0.08810261736398593,-0.042642301398968095,-0.028082826153588772,0.018386707271620895,0.05928831881499836,0.0803089378072063,0.11576095251792638,0.16685906484687846,0.20583761109687468,0.24016541250098397,0.2716579557695458,0.30111497221049127,0.3289853475233342,0.3555572065384894,0.38103178292949186,0.4055579443309886,"1.9459101490553132"
-0.043653580045994816,-0.010507301568442233,0.012976252840406923,0.07294039771484381,0.1088673232974205,0.1380807115895163,0.16153991170780796,0.18185722500693835,0.19982145107698993,0.21601059563369404,0.2307707168541454,0.24446306317755684,0.2572748377404617,0.269296600874225,0.2806441049207343,0.29145257371132005,0.30178198121458255,0.311653427653145,0.3211214349770367,0.33025336760660057,"1.6094379124341003"
-0.05043486483804568,-0.016211496431610663,0.0003205805741425813,0.020508811334626304,0.047969750813471525,0.07105454877319915,0.10118558950986627,0.14082749612763346,0.1699309883934658,0.19473541890723808,0.21689375441023506,0.23716753816081582,0.2559941222947376,0.27365711962694655,0.29035494307046583,0.306233734395756,0.32140527193020896,0.33595755418300344,0.34996144680169233,0.36347508090180314,"0.9162907318741551"
-0.037691528159931924,-0.0028451325921873675,0.023299297477364367,0.042826361255607806,0.052729231724613114,0.0652931698343246,0.09122379802686657,0.08957216529799647,0.13553243111087082,0.15728495154543673,0.20029891914091055,0.22958078387540798,0.2542727346585207,0.27624654341315036,0.2963120182945514,0.3149204410123676,0.33235931885550757,0.34882770766693316,0.36447145350435645,0.37940188012111503,"2.0794415416798357"
-0.08070457126528896,-0.046494659420809534,-0.03964236434590423,0.00029124487414992,0.01215332299019871,0.049353000624703915,0.04712035813186748,0.10177463393723957,0.11726399495183897,0.15528670646393153,0.19329518547494837,0.2230560176283181,0.2491243336595169,0.2728425598229387,0.29484840798054934,0.31551448272603444,0.3350854597917226,0.3537344557998405,0.37159043596600355,0.3887531582553653,"0."
-0.05820768736795277,-0.014073889125201909,0.02284495769536147,0.05558209698988964,0.08535758184235129,0.1128222347297143,0.13837145250046828,0.16226170843224622,0.18466294724658874,0.20568443370766212,0.22538726473777773,0.2437885071482071,0.2608581684074092,0.2765074393825401,0.29056305247329883,0.3027169225173153,0.31244109327656905,0.3190258131701393,0.324236555486858,0.3399698050284186,"3.713572066704308"
-0.22022645714983238,-0.17673108697340204,-0.16269462279733807,-0.10373813881333127,-0.09922461794033252,-0.03705944917149382,-0.02072028613024382,0.026036505741807492,0.05523902834372831,0.08263866207691044,0.1264163670766989,0.11975395611803771,0.19189626815159386,0.2236408475082442,0.2380134477339788,0.29809574297671815,0.3302198069664431,0.3381815714552248,0.41014449998193914,0.4544504790830897,"1.0986122886681098"
-0.06317370047448795,-0.021953738482626967,0.009371201747155269,0.03313261591087807,0.046633618153584584,0.05817149727434316,0.08851238711473328,0.058835199546212434,0.12983513815793413,0.13537340140251197,0.1733616102807472,0.18566205830552815,0.22062193928779708,0.2366081501565008,0.2734320961683,0.2975350921629014,0.3437502481183982,0.37667668851330366,0.40511654293800303,0.4308833305282527,"2.1972245773362196"
-0.053199546243056464,-0.0084958454754296,0.02817786751901121,0.06022020903492975,0.08896638622236326,0.11509907745729372,0.13899799063718993,0.16086064178089832,0.18074059017112085,0.1985320646860768,0.21387306553697552,0.22579361585623567,0.2307856931884116,0.23076193259352684,0.2558160429004752,0.2691998594561222,0.30473827417873756,0.31549452562388725,0.3748196697461978,0.42449459268082806,"3.295836866004329"
-0.16909385100948593,-0.1300413070470711,-0.110070164322046,-0.03796785670114346,0.0076846457369245036,0.04567770364487875,0.07935478208323545,0.110086372465415,0.13861580932432443,0.16540727040379566,0.19077513599695498,0.21494513889325584,0.23808688896117772,0.260332116386416,0.28178567924019987,0.30253277960492314,0.3226438892913292,0.3421781579331489,0.36118583900327195,0.37971008411689255,"1.6094379124341003"
-0.055281280849141225,-0.01857732191383456,0.011329887919162309,0.03744435453817374,0.06094554467933893,0.08244748897809943,0.10231211819122397,0.12076249772286979,0.13793015428729197,0.15387218445090547,0.16856611042076733,0.1818678404614962,0.19392461519217946,0.2113807969486846,0.26336871246658,0.30534162602788845,0.34245977303131864,0.3756241871033907,0.40560937565583244,0.43305533195621965,"3.2771447329921766"
-0.059650238022465364,-0.014228585855868649,0.02349890279578324,0.05680190991922947,0.08698890841497114,0.11475354561310351,0.14051354405520136,0.164535901161323,0.18699245538879486,0.2079861880621161,0.22756200327961118,0.24570619375556813,0.26233322460506303,0.2772513224812135,0.290081645799135,0.30005446494845106,0.3054461599672919,0.3038782283566971,0.32378946955755233,0.35239570001823334,"3.597312260588446"
-0.1496830020459252,-0.10331293963326148,-0.07661922836171241,-0.055007843820952765,-0.014565690735455706,-0.010347343971295034,0.042126655396435404,0.047491937882050174,0.0979928901813773,0.1143319447587945,0.15303156060991413,0.1807659353832617,0.20399322905698433,0.24561238493540902,0.24454056997011256,0.30780177552052723,0.33980868572571454,0.35139341865792,0.4149511758804005,0.45529535219755995,"0.4054651081081644"
-0.0571761466698966,-0.010196378225772613,0.028699571782277722,0.06285517059032714,0.09359344872504424,0.12159584435566591,0.14724568370216526,0.1707489114655167,0.19217643818796012,0.21146106991361355,0.2283390454387725,0.2421551104906056,0.2510858681420225,0.2441127668737065,0.26481608071777396,0.27718277954994214,0.3128719328939155,0.32938449873701287,0.3337152909347929,0.37108413948077673,"3.417726683613366"
-0.04868831295171221,-0.014126933525347257,0.013901587649019657,0.0382806643223888,0.06013346955722496,0.08003528925302376,0.09831298752516071,0.11514907154028563,0.13061703900219782,0.14467383018875493,0.15711541167286902,0.16378020161928852,0.2042920014013139,0.24691490818239364,0.28415747893238313,0.3167635275447437,0.3457352275508781,0.3719246464195467,0.3959428300872556,0.4182175651358121,"3.1354942159291497"
-0.06512422540022937,-0.020606856805862786,0.01644667203741859,0.04923867283654647,0.07905488359465772,0.10658211226690366,0.13224040114331403,0.15630652429561206,0.1789699911670607,0.20036146417666273,0.22056783807795777,0.23963974200874058,0.2575937384584094,0.27440957313865066,0.2900211065754989,0.3042969721180457,0.3170019750881965,0.3277212850676036,0.3357409522909031,0.34041255810221543,"3.713572066704308"
-0.05169925375049139,-0.015167707898083138,0.010816629393404597,0.02604119490090233,0.034174170021189935,0.06626485228222607,0.05456472968520477,0.10886174430811808,0.08788621716206511,0.15650706880287388,0.14444393190168375,0.21660589494971372,0.24880375473240166,0.27552031132731414,0.29926695608975906,0.3209951235933235,0.3412044604141967,0.3602030548434066,0.37820002200685127,0.3953466403513382,"1.791759469228055"
-0.03296478638408089,0.001891798986251712,0.026978716826446335,0.042446110781944435,0.04576999989772721,0.10339870131327018,0.1378180798539912,0.16447348527233643,0.18719063016131718,0.20733610015206272,0.22561141290704698,0.2424397680352883,0.2581055012941333,0.272811231417235,0.28670700881215877,0.29990795018533317,0.3125048086869644,0.32457032506926187,0.33616378630639304,0.3473344160713382,"1.6094379124341003"
-0.07516272250894415,-0.026544363869205168,0.012097379578022361,0.04415511261723954,0.07038547565708904,0.08965086553666589,0.09064716837688618,0.12458708614551704,0.1450460100442021,0.15724512708607405,0.19150172903791335,0.14337444642144648,0.23725715528764246,0.24527372217789573,0.28427273785567314,0.30157208590895973,0.3338450501389932,0.35766446040533356,0.3871103211456002,0.4175985209041757,"2.6390573296152584"
-0.0643726197088305,-0.018893282521543407,0.018620346850837598,0.05161349967659555,0.0814573600513748,0.10887604943238548,0.13430475729162752,0.1580216130591779,0.18020594641432805,0.20096553447914378,0.22034707141885157,0.2383335500282653,0.2548248870164972,0.2695851704238969,0.2820974887965003,0.2910524304456955,0.2908307265247674,0.2992559006871785,0.34316924075564414,0.39870975941117415,"3.5115454388310208"
-0.09100867756502307,-0.038889542430440606,0.003121812465098935,0.038619865214144185,0.06867857091129156,0.09312443577833547,0.10944908191269943,0.10076333403431882,0.15130577770782436,0.16516862579268396,0.1891634977347471,0.2159460714384326,0.22100226626706024,0.26327667960488443,0.25525036885700014,0.310421864923553,0.3208454298227475,0.3587402644215389,0.37661486785761494,0.40920246356486795,"2.803360380906535"
-0.07891537375541419,-0.061461733307714254,-0.055650712473665,0.026901987050842856,0.07844638105417172,0.11621591962411734,0.14602101914081098,0.1709853405745697,0.1925567582387336,0.21161495395370822,0.22871204237236978,0.2442560423028189,0.25852808485192746,0.27172754949914646,0.2840208335133758,0.2955501512290679,0.3064131760869113,0.3166807272621171,0.3264262708525022,0.33571805020917794,"2.2512917986064953"
-0.06763441307284157,-0.018654106777662306,0.02113349804416097,0.05523410267040946,0.08489032813436546,0.11050368009280773,0.13180246358807826,0.14714752017957455,0.14382466424467652,0.177328449193807,0.1943373243532573,0.20969291800062062,0.24005343147412145,0.2293665650915037,0.2826247521120384,0.297803536079258,0.32406380936074175,0.35012277385919155,0.362766522210191,0.40158213514517355,"2.970414465569701"
-0.059995579058077245,-0.013769141543804719,0.023272353730607823,0.054504502435383045,0.08097398192726014,0.10265304827789994,0.11785648531764373,0.10860630549633554,0.1499649278526457,0.16455504628078146,0.18513165797806433,0.2119332570145773,0.2091088618261038,0.2571488818303299,0.26529105232374167,0.3028996270892796,0.3248730520410024,0.3489951810334902,0.38135266940577905,0.4200140703648004,"2.772588722239781"
-0.05644278461295966,-0.009502622406363811,0.029273490133595863,0.06325441071339638,0.09376748399960926,0.12148952315420736,0.14679153270166242,0.1698566810485556,0.1907147751096745,0.20921911675493432,0.22492866978962545,0.23667564702914992,0.23994388901717573,0.24570805837344087,0.25849969794248023,0.29000574766512444,0.3142150278874332,0.31905585330355635,0.3498912447544846,0.373281634487829,"3.367295829986474"
-0.0612145871859685,-0.01571791202241823,0.022417062360198203,0.05623743409374908,0.0869667372283048,0.11525393219445511,0.14148806284210635,0.16591434367452143,0.188685188235111,0.209883413579595,0.2295298853999568,0.24757837904921573,0.26389354529681575,0.2781959725346262,0.28992337134627505,0.29781760251927913,0.2983553106458422,0.2968616479386842,0.33075136980391023,0.35212550118356756,"3.676300671907076"
-0.30235425374991837,-0.27754769134550694,-0.22067517568798456,-0.1832174934260202,-0.16060777044247423,-0.1045681594443822,-0.08339564763798031,-0.04106881817772592,0.003350733001965043,0.02147534087503975,0.0663490830581338,0.11305345430922267,0.14242868941200543,0.15351696571426623,0.2237370516265346,0.2686044732423182,0.30747301121764214,0.3430365759530537,0.37632486271004745,0.4078753392869308,"2.2512917986064953"
-0.0827910196507298,-0.037626618774112566,0.000013284923688182513,0.03339640556797534,0.06383662737970267,0.09203912138666323,0.11843946758528909,0.14333002299924702,0.16691769600334475,0.18935395309854486,0.2107517746447962,0.23119575464816142,0.2507482379011226,0.26945292686424627,0.2873366556384257,0.30440958793739564,0.32066374567842637,0.3360693725779861,0.3505680130893583,0.3640600501903265,"3.871201010907891"
-0.033229267507953714,-0.000061553055337842,0.025978533256133453,0.047655497173363974,0.06571040664504169,0.07969836840113141,0.08540198392557792,0.1005013485895481,0.11908036493558814,0.16812659316316383,0.20393903917876285,0.23172377436709868,0.25554964534126523,0.2768104568843823,0.29620452633842004,0.3141481115959491,0.3309164801625921,0.3467045813412463,0.3616573849726872,0.37588667794754554,"2.4423470353692043"
-0.1893346263012015,-0.16282031028924748,-0.14120603072299054,-0.12248591202590121,-0.1055953721133321,-0.09006737209471262,-0.07558291141510351,-0.06194617209692033,-0.04877022615589969,-0.02069689563188811,0.05073188629673899,0.11154213839530874,0.1661654099533713,0.2156807167524995,0.26092644964820283,0.3025566674728581,0.3410928632519036,0.376957581622368,0.41049739879022973,0.4419992958448264,"3.7495040759303713"
-0.06285725612303955,-0.02330323263043187,0.006019300486031436,0.026629036459094264,0.02674644963153849,0.0625841134102047,0.07873947873208281,0.10003977491313733,0.12345209281262326,0.1414322893525812,0.169239598502078,0.18845429835811545,0.21835747164204844,0.24243987536968808,0.2763341061777251,0.3155258666158131,0.34595429654379745,0.372635679524308,0.3969556194014941,0.41955968255492015,"2.0149030205422647"
-0.0575000261484513,-0.011343336088954761,0.02702340189315075,0.060858680762179644,0.091463205670963,0.1195207188507176,0.14543480150039592,0.16945195018740783,0.19171390021157816,0.21227826458495214,0.23111858245465525,0.24810153566335408,0.2629218169217731,0.27492449166333194,0.28251044715033896,0.2798536981910469,0.27002632785051084,0.3198181380505075,0.3437617035910825,0.35583288763264753,"3.5409593240373143"
-0.06864257882523327,-0.03828964460074981,-0.013749668964864972,0.007625777157761828,0.02688990385959853,0.04459021419354846,0.06105922681507713,0.07651533156598546,0.09129451380534037,0.08341229475516494,0.1562367345136146,0.19844745480423795,0.23550796906296098,0.2682017064985501,0.29745518117489816,0.3239640171841958,0.3482585904550697,0.37073538732106703,0.39169288536494523,0.41135943876389,"3.2188758248682006"
-0.19569293501515792,-0.14455479782504915,-0.11631189465872299,-0.08573583242261981,-0.044954912975956524,-0.030658920276117697,0.01879010478090646,0.032319809802508676,0.08037696549167757,0.10185767958075531,0.14005208540205605,0.17183224061469235,0.19439113538532177,0.24017343324885523,0.23453423610181345,0.3054086145350832,0.33563273181447406,0.3593268399655372,0.4125679732726219,0.44030084330665603,"-0.6931471805599453"
-0.17423881840069377,-0.12003182539914324,-0.07543549565557112,-0.03612507433561344,-0.0003851444727333273,0.03269652443915955,0.06368100353005017,0.09294527513928719,0.12075822300114582,0.14732004398681814,0.1727846600521433,0.19727335893030448,0.2208835395982814,0.24369455008767704,0.26577171050267795,0.28716838940242617,0.30801562021122386,0.3209566331184122,0.3926164205149837,0.4648720252620934,"3.9219733362813143"
-0.07455041775676312,-0.042127123840641406,-0.08101284327819246,0.007364659045080729,-0.003831008474232857,0.058496612745577006,0.07696778283237637,0.11083802963108971,0.15052461474526727,0.18063777315575785,0.20669637065390706,0.23022483618588338,0.2519324571630991,0.2722289975847225,0.2913813929415471,0.3095772484090707,0.3269554651323487,0.3436228631159302,0.35966399955181105,0.3751473491430555,"-0.6931471805599453"
-0.32599796241946405,-0.27834307148586995,-0.2865063731295204,-0.19742860542263962,-0.15695544223056151,-0.15424371169097895,-0.08423333118355503,-0.040185497614279454,-0.012850082837069635,0.008903139160194766,0.0734078250295938,0.11813837957666155,0.15708393574889606,0.19271671119479222,0.2260311909100484,0.2575608257877166,0.2876392120709325,0.31649563949239823,0.3442979978434287,0.37117486426450574,"2.4423470353692043"
-0.06221667454472396,-0.013132659179578562,0.0272610799912151,0.062457920976088196,0.09380704791008046,0.12195712238825225,0.1471996241599425,0.16955435161966007,0.18870391698588596,0.20360985833901338,0.21011892988195427,0.2171115529270629,0.24182568399326682,0.24721467534686362,0.2853060604007954,0.29753603360416286,0.32028718364905223,0.34670259982031826,0.28945753995731505,0.3908644014665233,"3.2386784521643803"
-0.12459020851151233,-0.0694071630014017,-0.026153117544056637,0.00852452089595152,0.03398778450173413,0.03472202280514303,0.08112042624195459,0.10557271028084164,0.11992588301158294,0.15924115886114554,0.14016699458264342,0.21118124379535114,0.2088593462878691,0.2638291704013998,0.2687979147554965,0.31820878535946046,0.32260206904260175,0.3748174797796455,0.3678018905753016,0.4338852599879107,"2.3978952727983707"
-0.056984703331462806,-0.009367605864955929,0.029619044639708547,0.06344819641018368,0.09344648936135774,0.12023161983294335,0.14404432840957154,0.16480520397156692,0.1819535827452341,0.19356805216705114,0.1836295564900933,0.2186123612909112,0.2262378612704854,0.2572332940887708,0.2803328561788077,0.2629408662990098,0.32304786917807615,0.3402221215784459,0.3597182690192401,0.3924188376821794,"3.1570004211501135"
-0.26921886829202973,-0.2225844523629805,-0.18470048948192647,-0.15155814451662314,-0.12155990785627573,-0.09387215307020144,-0.06798524670744878,-0.0435594599029723,-0.020353437071477083,0.0018120211407307372,0.023074660925415574,0.04354326890846207,0.06329463950382075,0.08437275310287191,0.1419499445682221,0.22921541233914847,0.3081891762724938,0.3811723145806006,0.44894290801765313,0.5121541804271218,"4.007333185232471"
-0.21325233080028444,-0.2012569282500982,-0.1389126933160362,-0.14411014199803374,-0.07291443107843817,-0.04793788139546803,-0.017096977311144186,0.025041210454365578,0.03630650886393439,0.08552735388477051,0.12429207203240476,0.14261669170691052,0.1831776478839672,0.2314091690734596,0.26930713347477614,0.3029444805705704,0.33393148932096905,0.36299683051494225,0.39055486465923034,0.4168735815485275,"1.791759469228055"
-0.5016907710894645,-0.4281675153206869,-0.3683957184818632,-0.3163492442926085,-0.26953630596860917,-0.2265870910056626,-0.18664059221414242,-0.1491118649350072,-0.11358245598815281,-0.0797414187694675,-0.047350662579598184,-0.016223344270204953,0.013790217016164065,0.042812053696563164,0.07094317117780015,0.09826827622418757,0.12485922971016784,0.15077761780981208,0.17607670029118283,0.20080290992956593,"2.8622008809294686"
-0.09059608380525258,-0.04429902698075695,-0.009451471064384582,0.015952054664246672,0.023722603623302828,0.05613695185311497,0.07971423883431371,0.09357457271534203,0.12803985209128932,0.13264733203067397,0.176553432630969,0.17887845131374444,0.2268222017268427,0.23536176438892986,0.27957858146601794,0.2977184346234553,0.3354477304113367,0.364315718832445,0.39713313404039524,0.44372690301475065,"2.0794415416798357"
-0.059977131144447436,-0.012005531970517477,0.027594323913713373,0.06222354546466451,0.0932112614421845,0.12121910679803805,0.1465842481946467,0.1694263493339743,0.18965258516563038,0.20684786976301647,0.219816127704725,0.22351790076118214,0.23423267299272527,0.25203075931107854,0.27127665016159397,0.2991030787439915,0.3050262838804201,0.3351618619359015,0.3574659234762409,0.35555971681257253,"3.3141860046725258"
-0.08617272567876225,-0.03408493163342679,0.008190107239271202,0.04427317376344933,0.07538103410208838,0.10174884641750553,0.12254963106865087,0.13307596217513992,0.14816879889522958,0.17831610562887745,0.17527746593152924,0.21966748039113632,0.23722236963772333,0.25838635623145983,0.2868443832913192,0.292459009655783,0.3348783126501252,0.32169247189271205,0.38340472379383395,0.39295962820752983,"2.917770732084279"
-0.06305691129678523,-0.014338378034848352,0.02561045743116172,0.0602683895208751,0.0909560802217447,0.11827290540572612,0.14241989647056155,0.16322757221203685,0.17987994510120475,0.18921512627110834,0.18834082042864767,0.22126334714291884,0.21011047614947198,0.26105158123564703,0.2783908010265712,0.2928323785565739,0.3243381455424238,0.3231132408945868,0.3673118924315431,0.3868992231043521,"3.1570004211501135"
-0.05920871924229482,-0.01357045864417404,0.024565293788323315,0.05831398630137616,0.08892397975362348,0.1170551895028956,0.14310089836108023,0.16730609432704255,0.1898189064286503,0.21071299069769336,0.22999283401985987,0.24758342013208962,0.26329632924230195,0.2767443640860172,0.2871086802385628,0.29234153660278045,0.2860047835350366,0.3066826004798942,0.3361274614401646,0.3534970722086601,"3.624340932976365"
-0.05974253907707235,-0.012579129036823808,0.026621848614593623,0.06113986273724712,0.09227766504609246,0.12071106296053448,0.14682627241119361,0.1708402417069343,0.19284633084704406,0.21282067276495034,0.23058921960729686,0.2457160294333357,0.25712777570746814,0.2610947138374643,0.260268115351283,0.2700643838875188,0.3084574001430443,0.3303393889875506,0.330985943050568,0.36494360768921785,"3.481240089335692"
-0.31827372819649,-0.2649774894703054,-0.2387113597416324,-0.19235029924389574,-0.13800032388136108,-0.10336611190533933,-0.1842374443305712,-0.022340939979306026,0.02716616505702015,0.06880963435054865,0.10635114753071352,0.14112991297857158,0.1738281340213239,0.20486053764121354,0.23450700494058338,0.2629697246551394,0.29040186424356657,0.3169235708396355,0.3426316326435974,0.3676056749011256,"2.3978952727983707"
-0.052947938083995255,-0.006852011338445883,0.030951175990335547,0.06389741297594217,0.09332486976597867,0.11989864393127786,0.1439580784414391,0.16562471338093765,0.18480664446247724,0.20108514595710233,0.21323991892209596,0.21604218114184864,0.2268193231089304,0.24338014493228313,0.2670166002726735,0.29546419734312457,0.30759809216441747,0.3290247831921378,0.3587853462828367,0.39147812985062175,"3.2386784521643803"
-0.04920466625794105,-0.005819651425112253,0.029161120815489765,0.05902057779527385,0.08491687898898165,0.10722026134922612,0.12566745104167168,0.1386952023944992,0.1340405230295554,0.16489831609465985,0.17858861884830407,0.19937708632633716,0.22606700263781712,0.219429622340382,0.26847442618034145,0.2893989128445835,0.30715974249986694,0.345267335778684,0.40065923482726024,0.4398882935193741,"2.8903717578961645"
-0.27445686936024044,-0.2452357986741568,-0.2214119847180446,-0.20077597586925497,-0.18215514543515876,-0.16503505429502033,-0.14906432614084056,-0.13402686665157382,-0.11976212111386896,-0.10615939757615456,-0.09111973995984082,-0.03269943261332937,0.04414032336418526,0.11359394577650105,0.17717706654911694,0.2357731293200992,0.2900832330785308,0.3406727717411337,0.38800518846665377,0.4324654978705468,"3.9982007016691985"
-0.2362798414421653,-0.18760242146407904,-0.1479559484676339,-0.11320605536935213,-0.08171814901813025,-0.05263325873099672,-0.0254261119781587,0.00025436643894444574,0.024657841139682106,0.047969925148414055,0.07033340062947756,0.09186107406201072,0.11264464298983713,0.13262709182321966,0.16265549951486916,0.2373266537767865,0.31716407622262244,0.3904269207472395,0.45825576144619096,0.5213419912581587,"3.960813169597578"
-0.20233400342712418,-0.15314871064456867,-0.11298579032375758,-0.07772906072652275,-0.04575394490346879,-0.01620313185528193,0.011448311778958933,0.037551838570009495,0.06235760895810315,0.08605173170788885,0.10877739942185008,0.1306477229074379,0.15175391445407482,0.17218147860064778,0.19063074841652333,0.2411112548165744,0.31686731782424626,0.3887962409135256,0.45510570583843457,0.5165925737488076,"3.912023005428146"
-0.2890683013282468,-0.26899702958820454,-0.20787537306841597,-0.1737587135877427,-0.14490291852076617,-0.09465172701766042,-0.07999832392421749,-0.029117604428353785,0.011223293857313245,0.02025080541691583,0.077640227424065,0.12026540105091174,0.14544194514559916,0.17415339747973918,0.2324086628507804,0.27514398821706,0.31274127443416194,0.3473241215950569,0.37977576306098526,0.4105765537708043,"2.1972245773362196"
-0.04797322391674774,-0.00566868711933925,0.028840336618373912,0.05881969273098967,0.0855326375324144,0.10959944554286569,0.1313253276414787,0.15079539796442712,0.16785703669363256,0.18193442580117625,0.19114418550934065,0.17797121164780547,0.21386694982726523,0.22112223940418965,0.25151636795691606,0.2766450280442452,0.30657026547640465,0.35435412765230806,0.39875868971016115,0.4377073661527355,"3.1570004211501135"
-0.06606512250880162,-0.04265602176966026,0.010278989086091485,0.07616766524261628,0.11199412818229242,0.1409182841025712,0.16404284303272298,0.18418793430901206,0.20189967218276875,0.21763604968344402,0.23182211095012656,0.24506852556100017,0.2574351931542446,0.2688379630549442,0.27950697473214675,0.2897559108002143,0.2995335289439879,0.3087294272965622,0.3174910842764605,0.32600559160876086,"1.7047480922384253"
-0.09647999715932702,-0.055393597828805485,-0.02177057536117431,0.007750072161654272,0.03449664192468463,0.05917220847594019,0.08220674455884948,0.10388687467244379,0.12441470968676291,0.14393817164163475,0.1625680271577438,0.18038798498530736,0.19745992077693528,0.2139326935482196,0.2210228427984027,0.28095737054461484,0.3337105505156973,0.38217361568966746,0.4263336892462208,0.46685795967223354,"3.6109179126442243"
-0.1321904178100772,-0.0760674729752335,-0.03221527893245708,0.002671246720574754,0.027472937388335644,0.004237143621937982,0.0787380092219621,0.09985976443697496,0.12287373027207689,0.15653746177327874,0.16374706582526866,0.2105463484817153,0.200769740145061,0.2648083369882781,0.24034857525638811,0.3203705467162663,0.3101459436381878,0.3776690478940889,0.38410192544772326,0.4368179712498433,"2.3513752571634776"
-0.2267690971930523,-0.1902555366191749,-0.15451959943556567,-0.11764189017656812,-0.0836053589716901,-0.05551542995043777,-0.013686532319478407,-0.015039190068798777,0.05274087277726372,0.07347973474080852,0.1114789742740543,0.1519674627843505,0.15755468749087884,0.21720865204997017,0.25617610226662707,0.27205897732108575,0.32207955978559194,0.370942298003308,0.41053904625465104,0.44604229182440847,"1.5040773967762742"
-0.15174651585689822,-0.0970332914917009,-0.05621767942285007,-0.028111642184851425,-0.04737073529227642,0.029242079125727207,0.047267073525558936,0.0807768799954924,0.10826714812292315,0.13306148787573646,0.16536999439806072,0.18870031818427596,0.22162115373650024,0.24806691310018114,0.27736259985496664,0.3101242488560404,0.33098293053075967,0.37380476350731484,0.3663622835091998,0.43829816562583807,"1.8718021769015913"
-0.17790508189639387,-0.14493942453151581,-0.11353354935667548,-0.08011897113473042,-0.049060428752784976,-0.025055942963523238,0.014927639851762074,-0.019962050037355388,0.07546189684426007,0.10020521942656693,0.12515639430583816,0.17073859270145697,0.1946029466261185,0.22226360875931875,0.27338754559556355,0.31107117909026366,0.34409695937228735,0.3743524871381607,0.4026403547038049,0.42940284866759576,"1.252762968495368"
-0.06134554898197014,-0.017685759699502115,0.01879632873761272,0.0511539802833624,0.0806162589170462,0.10784110083398775,0.1332315407129568,0.1570534358299172,0.17948893806004967,0.20066369771749026,0.22066138886992556,0.2395310941788158,0.2572898236677822,0.2739207494215557,0.28936645571584096,0.30351507539055106,0.3161757204701553,0.3270430940970356,0.3357067424836496,0.342274361907979,"3.7612001156935624"
-0.12841551081354577,-0.08073791676863379,-0.04803622868745521,-0.03909741026302585,0.002980193023496993,0.026860961736282385,0.0514776350998694,0.08166250547710871,0.10356409433937665,0.1346752418315459,0.16007045274352344,0.1866645692784456,0.21940576656078453,0.2343433635874294,0.28015314680441217,0.2828791813532195,0.3410261122224941,0.37109514185199244,0.3953663546752462,0.44932105796221505,"1.3862943611198906"
-0.07721078303570614,-0.02593794102200048,0.016247449265576,0.05289598215580523,0.08535004676366006,0.11420682241816171,0.1396387003894423,0.16139201268194225,0.1783705375991032,0.18554836923846335,0.19990007602093185,0.22554537665941013,0.17330670574228763,0.26589071481168125,0.280615027249656,0.3013197510387021,0.3283427314755298,0.3231435397653097,0.3728741332123868,0.3818602950907861,"3.1780538303479458"
-0.08574895672985326,-0.06970201029925106,-0.05243130632418561,-0.0007392497392608321,0.058506258540938515,0.10111158202234763,0.1346257197906316,0.1623923032872665,0.18624168052965898,0.20721257175603425,0.22596822557000795,0.24296131141748303,0.2585163951182203,0.27287119085035866,0.28621063834870053,0.2986827553320113,0.31040278532526167,0.3214617402933288,0.3319379662244531,0.3418987326988608,"2.4423470353692043"
-0.0703793358757769,-0.026746554674306654,0.009745892574092722,0.042164958781789726,0.07174697911299621,0.09915642384460151,0.12480365358283595,0.14896345101291777,0.1718292235997997,0.19354110339937916,0.21420172414158709,0.23388546472255692,0.25264383971133925,0.27050832644975326,0.2874911969008236,0.30358446320039295,0.31875666375593287,0.33294684009278963,0.3460548535413046,0.3579285374543101,"3.871201010907891"
-0.062049267754478506,-0.013399449704593586,0.02674666876439193,0.06182555968821546,0.09317563015976627,0.12145634241786733,0.14699230146970158,0.16987491363265014,0.18995008245126674,0.20664844794192713,0.21821654125957754,0.21306602744245665,0.24046384268868656,0.24868906653489314,0.27852259774785065,0.3011693186643773,0.2679814470126224,0.3414425512877403,0.35739967637744763,0.37637252982004216,"3.295836866004329"
-0.0634396737203759,-0.0314895906371435,-0.032795157529882636,0.020762941854714678,0.034733216332216654,0.0774676895573964,0.11633759877455804,0.14617215432067795,0.17185590367816225,0.1949054788756848,0.21605645269458643,0.23574104537158572,0.2542429158088132,0.27176190971389863,0.28844574376239757,0.3044075747688419,0.3197365818724997,0.3345046432825117,0.34877074875141095,0.36258405943783334,"-0.6931471805599453"
-0.0806840346664557,-0.03472481559713947,0.003356776998403965,0.03700120767010182,0.06758514774999841,0.09584362684396974,0.12222781018561592,0.14703792951250189,0.1704837673303812,0.19271577252788527,0.21384226787350688,0.23393917003453718,0.25305508058309484,0.27121291243330237,0.28840812418783224,0.3046024692827526,0.3197101057338935,0.3335679634102512,0.3458593437361115,0.3567550795126026,"3.7256934272366524"
-0.05911626168788088,-0.011729880246003637,0.026710497143904142,0.05967265871968116,0.08840272071287633,0.11334231861947353,0.13434188735576466,0.15023364581055373,0.1546962721898114,0.1735458606913149,0.19489390799316708,0.2020479979858955,0.23876822803227443,0.24632220962977147,0.2789685557011347,0.30140955868574326,0.31454437521550666,0.3516569861408305,0.35780912472408727,0.4012151688576418,"2.970414465569701"
-0.09867324828619863,-0.05574538419177519,-0.026240103765335875,-0.016164728899933208,0.017594874742844213,0.0404136534665186,0.06075517839778719,0.08956461049400981,0.10863037642395602,0.13814863508289416,0.16153239684799994,0.18658791041679662,0.2179130375985226,0.23097330106647598,0.2769138118329593,0.2892761497804876,0.3387524017685705,0.37823165482569326,0.4105875039060181,0.4395063121163348,"1.5040773967762742"
-0.1870440407409131,-0.15581517074613002,-0.1305139474371582,-0.10850338374083501,-0.08863617547122532,-0.07034385722658493,-0.05327083285501481,-0.03718458968306655,-0.021919202473643148,-0.0072576259805910565,-0.0026817046327139737,0.0827093207014911,0.14611498704453632,0.20342370382632174,0.2555850366138558,0.3034050936327535,0.3475207419742957,0.3884464850865466,0.42660416204553775,0.4623434093170395,"3.784189633918261"
-0.1729119661918227,-0.15238464664788337,-0.13515316113172493,-0.12038421670891407,-0.10700753047751839,-0.09475333694820812,-0.08335656601508538,-0.06097237579250259,0.0021477660960564113,0.06131509077681405,0.11335691886685358,0.15978393451267536,0.2016550807605158,0.23976356480805824,0.27471977039664086,0.30700317810737093,0.33699637957810036,0.36500849126784557,0.39129194021169095,0.41605486102978245,"3.6109179126442243"
-0.14394853249403286,-0.0926070634001173,-0.05636078770075058,-0.03939148032250543,-0.005694482554708764,0.02603011660749941,0.039656856460576526,0.08287706181454499,0.08898608998236147,0.13875661501830258,0.14860296579312207,0.1949582197296264,0.2138985911871752,0.251127463583693,0.28029564360870785,0.3047317047861922,0.3468301853395215,0.32013965709866166,0.4129251321782905,0.4427497863839205,"1.5040773967762742"
-0.04470071030259946,-0.008223148238682474,0.02136708892349975,0.04704286509023232,0.06995324857168125,0.09067039027900438,0.10949184996810699,0.12653388726677947,0.14173259909576352,0.15472938844647438,0.16434190790956446,0.16350328862163743,0.17441770674388493,0.23130098117035738,0.27426974811177884,0.3121322065525317,0.3450348259609693,0.3741650954805635,0.40049941347433854,0.4246874796862491,"3.091042453358316"
-0.06388089293617921,-0.01712522992455305,0.021538078506460716,0.0555851067423988,0.08640223430920736,0.11472250830521503,0.1409865667477019,0.16547568076065938,0.18837057749086397,0.2097789772670603,0.22974625630802945,0.2482531456421102,0.2651974050047328,0.2803451659807518,0.2932041039344332,0.3026224235732095,0.30474903694913114,0.29778657407706466,0.3131088165131743,0.3524552284597492,"3.5409593240373143"
-0.05797388605348662,-0.011603977615796904,0.026859689901088682,0.06074964109825402,0.09139530179871615,0.11949605284442659,0.14546611947846613,0.16956081412316967,0.19193065501273662,0.2126436072892415,0.23168738443894152,0.24895103361336918,0.264170421247039,0.27678302148530903,0.2854707823292083,0.28598802349282887,0.24533380049286885,0.317754375707258,0.34564758856628186,0.3626734917930127,"3.5263605246161616"
-0.2445071468131285,-0.19059144478670598,-0.14654894935475105,-0.10787393749898765,-0.07278797279856482,-0.04035245276819572,-0.009992576830377504,0.018676583887590928,0.04592910683231576,0.0719689842959825,0.09695326176752539,0.12100609033783284,0.14422773636720812,0.1667010403700437,0.18841424686760094,0.21638111420462106,0.2884737129787024,0.37352644960811116,0.45153887818353866,0.523959188489654,"3.9889840465642745"
-0.49683164709823263,-0.43072908957020145,-0.37660484607593625,-0.3292521571918111,-0.2865210032595194,-0.2472278461156876,-0.21062540429750418,-0.17620250598442525,-0.1435905878927651,-0.11251366104762399,-0.08275895125840763,-0.054158518117820735,-0.026577187435446875,0.00009566764477177241,0.025951893554337312,0.05106870534594288,0.07551173672919693,0.09933732478131592,0.12259425007319079,0.1453250818384796,"2.995732273553991"
-0.06712119422417738,-0.018898908366158762,0.021228211288152495,0.05654168955773099,0.08833863699389095,0.11728231970636809,0.14373727806981493,0.16788428086314663,0.18975418807234626,0.20920574170180833,0.22581009535338945,0.23841691499620082,0.24235234145964668,0.2519455847780627,0.2700027212013465,0.2861794715390357,0.31366115722040805,0.3199731462842904,0.3470012239718418,0.3678201791339647,"3.449987545831587"
-0.16035269071652944,-0.10499177613076535,-0.06398168911097635,-0.03670590041235803,-0.03197487485511935,0.023921640913750597,0.036581107272423585,0.07826108584351288,0.10103054399521191,0.13296871607852523,0.15955424683697875,0.1901655320141507,0.21619762588198826,0.2500679114977198,0.27083594381204196,0.31196501609008576,0.3176670706557717,0.3749862492915828,0.38201111140062327,0.43800412571951464,"1.791759469228055"
-0.10120629113067758,-0.05313531615765261,-0.013360772088814232,0.02177748810882681,0.05374157198899297,0.08331237715441475,0.11097066433136611,0.13703857373849082,0.161744138239147,0.1852547218195781,0.20769590368515023,0.22916274942679848,0.2497267071013864,0.26943973008520417,0.28833640367372376,0.306434347870932,0.32373274553574394,0.3402069040909111,0.35592504576464334,0.36055096937296854,"3.7954891891721947"
-0.4379096253001965,-0.369096746446313,-0.31641197184697556,-0.27624336762789437,-0.26297346424673945,-0.1964290369412653,-0.13823486471934804,-0.09083638948164917,-0.04845446776575642,-0.009335972478098219,0.027360881546670036,0.06213401024338722,0.09531472366496495,0.1271404412525965,0.15779009216751716,0.18740350807852807,0.21609299739562193,0.2439507137397539,0.271053587623807,0.2974667610383397,"2.70805020110221"
-0.3356109190595641,-0.29310745838401653,-0.2679229130816579,-0.20613034625216958,-0.17856431190172584,-0.14259180642931804,-0.09180013560494946,-0.06539095940418922,-0.03540231166266404,0.019766434736834926,0.05481540850970449,0.061725351781459485,0.12578490225452102,0.1755260559162398,0.2166890951468913,0.2538249625915238,0.28834983349284776,0.32094002705079416,0.351990977249789,0.3817629761018247,"2.4423470353692043"
-0.055839884035427154,-0.013716854731966847,0.02081657857245231,0.05104210569719646,0.07825477514883461,0.10312856598735373,0.12605698213795447,0.14727583100659866,0.16691315163345616,0.18500422170056652,0.20147794741671132,0.21609599068799656,0.22825563405661645,0.23613877359190427,0.2240774409455186,0.2607968476486099,0.2992666588392209,0.3520051253314862,0.3977207093296441,0.4384063500781487,"3.349904087274605"
-0.10147878143976181,-0.060435247798138574,-0.03479582909071053,-0.035525706399851344,0.015144171001603963,0.013604298718962377,0.0632450575650992,0.06192472513449597,0.11302306541891212,0.10053235751771862,0.16445591852980446,0.18044441476074682,0.21619755855949135,0.24715557155740814,0.25752430125295367,0.3141319812892846,0.34958829195882823,0.3799422022754045,0.40743527453316614,0.4329484889808679,"1.0986122886681098"
-0.07053487468758528,-0.03975981410020915,-0.027625799676017727,0.0136095268858971,0.03596878507619636,0.06635023713226672,0.10964519268854732,0.1411348280387705,0.16795580236003627,0.19193351541122614,0.213898739464433,0.23432462530662226,0.2535159369898834,0.2716848326550393,0.2889869470144576,0.3055408891953631,0.3214397721591057,0.33675843140440503,0.3515581608768408,0.365889962522335,"Indeterminate"
-0.39971756281026133,-0.3397949288470915,-0.2982772479113064,-0.2949400965718842,-0.2178753022542874,-0.16924025436884976,-0.1352708215326495,-0.14911166743887494,-0.05670782669522712,-0.006203986008133129,0.03630061772130981,0.07477002969178405,0.11054790513212837,0.14430226546109137,0.1764338798303362,0.20721137565101602,0.23682825316418443,0.26543102946861363,0.29313475159012586,0.32003227577996973,"2.6741486494265287"
-0.033694801608409354,0.002863443600614125,0.029881652774939017,0.051405206415369865,0.09648109614216982,0.12800806715800941,0.1533279499244146,0.1750638683786358,0.194354842295823,0.2118422461778129,0.22791717363915506,0.24286359008399722,0.2568866312618668,0.2701295663229277,0.2827017001546442,0.2946945035383567,0.3061800796770742,0.31721327396933513,0.3278405274077897,0.33810342263146814,"1.3862943611198906"
-0.039665382914460624,-0.006862166680439817,0.019490320907238425,0.04218965125627316,0.06229270215985118,0.08029336774072392,0.0963905438663689,0.11052141685915018,0.12215633238819221,0.1311286966832304,0.16440169407969665,0.20595245904091522,0.24084889120889375,0.2701599734267926,0.2957671101709345,0.3187629583591916,0.3397924003664054,0.35926874141888215,0.3774751837301993,0.39461619405571385,"2.8622008809294686"
-0.06750153951424533,-0.023876067267827053,0.012579757145352847,0.044940424577192196,0.07444444172360083,0.10175657089855987,0.1272864100340289,0.15130716359960053,0.17400986750341665,0.19553138536511486,0.2159699695142033,0.23539415113776593,0.2538475804744147,0.2713509973495509,0.2879017083459779,0.3034703453902453,0.31799406818032405,0.3313647449983892,0.3434110182916612,0.3538821541210983,"3.828641396489095"
-0.07978570790259064,-0.03420430663758677,0.0036308046863663874,0.037094149792876126,0.0675381308645561,0.09568590579819433,0.12198207233203277,0.14672308761298578,0.17011669271545735,0.19231256350291628,0.21341936255486355,0.2335145221586221,0.25264962380276657,0.2708526351131277,0.2881273186910438,0.30444927972706554,0.31975687185393337,0.33393258022116307,0.3467638731741634,0.3578403146807863,"3.7612001156935624"
-0.28226205372301544,-0.26977681187905816,-0.2572915700351009,-0.2471337259424254,-0.23757859767652703,-0.22905170707117903,-0.22091433133684457,-0.21335633822302028,-0.2049726171682868,-0.12087253508699136,-0.05267081868080867,0.008679870487774436,0.06441107206726593,0.11545564996711298,0.1625322417847815,0.20620675620816498,0.2469331072390909,0.2850810876137033,0.320955980527384,0.3548127046681533,"3.979681653901961"
-0.03382688495686713,0.00044016544455708744,0.02536856247814441,0.04204617284637944,0.01723949387603881,0.08065744520531068,0.10443325182213732,0.14709863442879662,0.17611628076337876,0.2002822570133422,0.22155728069365752,0.24080854497748497,0.25852373993536376,0.2750153488200616,0.2905001933009724,0.305136953136253,0.3190463652336182,0.33232303327927554,0.34504277849558346,0.35726750128255935,"1.791759469228055"
-0.09397261285514669,-0.043475429091114,-0.003755545332675063,0.02847345498118795,0.053284263215282256,0.06536908146905492,0.08715047875878129,0.11703652783937803,0.0594542283389589,0.16291231625971508,0.17263085721891006,0.20875476005906038,0.2271456286435199,0.25626400999443594,0.2795303760572548,0.30664889913157956,0.3326079813982292,0.3608339249094405,0.3876600148039466,0.41957988823992026,"2.4849066497880004"
-0.08074565290677724,-0.030869708099764335,0.008677650478131889,0.04132717794302239,0.06772459600709638,0.0861579778341687,0.06502271037594665,0.12615053464475842,0.14238735125392435,0.16422787548081896,0.192383924339479,0.19911127222611869,0.24076185086228993,0.18682389868900012,0.29016869100618253,0.29226807075975997,0.34204611679240465,0.3530170224795035,0.39770538148112394,0.4152304686984858,"2.6026896854443837"
-0.07642041049181231,-0.030568479424875623,0.00731738322685913,0.04071928146437078,0.07102683158833774,0.09897939181244968,0.12502844821420248,0.14947195608737984,0.1725151554744866,0.194301453486651,0.2149289081468193,0.23445857802158385,0.2529171677536248,0.2702941804824582,0.28653145134981184,0.3014983775896885,0.31493290759353043,0.3263325376263741,0.3266352235813371,0.3842194279635216,"3.6375861597263857"
-0.06813414903275956,-0.023042625770840288,0.014405968800659948,0.047508241669697054,0.07758560510069741,0.10534307925955404,0.13121155954241936,0.15547496736992275,0.17832786868260253,0.19990469208942901,0.22029521730934642,0.2395522471884263,0.25769375660706406,0.27469975673494956,0.29050210857466824,0.3049620957632569,0.3178224874857887,0.3285982151979554,0.3363020752802874,0.3388690224733125,"3.6888794541139363"
-0.05602386212529455,-0.0261466525868522,-0.0020488703093249436,0.018890286918888485,0.0377099243457945,0.05494677444849201,0.07092279884778815,0.08580511707282781,0.10286053486565831,0.1370355062310722,0.17997454831301818,0.21547019979970192,0.2462828388271201,0.2734733849522966,0.29790835721264247,0.32018990398760705,0.3407401408682397,0.35986265264221245,0.37778286794037313,0.3946731121881192,"3.044522437723423"
-0.0567662973524655,-0.009980062668358483,0.028759336168831338,0.06281118487239021,0.09350905528460648,0.12154616879137141,0.14732187569427968,0.17106598200006465,0.19288756630506787,0.21278586512646633,0.2306272145029395,0.24606228427638732,0.2582695423479666,0.26487313129448686,0.2422318424975219,0.27122448656075504,0.3058903921833267,0.331950690158716,0.34429439814004004,0.3602820826367471,"3.449987545831587"
-0.45320410859457405,-0.36901952039744407,-0.30193734104272046,-0.24424983607901712,-0.19276286758943184,-0.14574179166531795,-0.10212301310041412,-0.06120500820988485,-0.02249919009288878,0.014350056177541827,0.04961095906012827,0.08349173007912161,0.11615784027873959,0.14774340990518708,0.17835898213523962,0.20809698314514247,0.2370356553783468,0.26524195526007377,0.29277373009413626,0.3196813816154073,"2.5257286443082556"
-0.05755628689031445,-0.010006127204435637,0.028606428464227767,0.061782693675350976,0.09079939283478845,0.11614719003206922,0.1377853277898219,0.15489757375461155,0.16385641925685934,0.16863721158012834,0.19863872903559418,0.15973960155629968,0.24032287694675264,0.25675242621345246,0.2761174211846898,0.3065148198333703,0.29629887910089986,0.35359620948596904,0.3750640527424532,0.39951475597507724,"2.995732273553991"
-0.10334491077902959,-0.07987445027238803,-0.04297061854743543,-0.02911623209338695,0.018310962463293175,0.031764888918309364,0.07586223336978547,0.11723059754153811,0.14949040468079425,0.17761793003681495,0.203117296055832,0.2267092306680582,0.24881610993979897,0.26971529733421407,0.28960268192216443,0.3086237499130425,0.32689061564426125,0.3444921575889531,0.361500431514194,0.37797492831478063,"0.6931471805599453"
-0.03867093568218816,-0.0067104203977420744,0.018880922654937973,0.0408696488513664,0.06029279541307452,0.07761970409469886,0.09300656621167003,0.10628235892117187,0.1176948358090287,0.14441433470108972,0.18715971598340964,0.22135706700538665,0.24976581207853252,0.2744880285386131,0.2966412264405517,0.3168669581475369,0.33557270967984254,0.3530367418928569,0.36945977239356464,0.38499271783025496,"2.772588722239781"
-0.05385213011494722,-0.009821516158634101,0.02629649540561725,0.0578747134804149,0.08624077844686771,0.11207819951803363,0.13577451895601111,0.15754384429943286,0.17747060683371987,0.19550825330826932,0.21142296580639136,0.2245981034401017,0.23321105858454222,0.22389679527775636,0.25299795003088177,0.2585552043608607,0.29523758624198004,0.3270880337738656,0.385583212987964,0.4320223267054273,"3.3141860046725258"
-0.08958036076214623,-0.043429247782019044,-0.005063427788940316,0.028917882819942668,0.059879168354771625,0.08855161633811728,0.11538644674765094,0.14068643471271336,0.16466599000094959,0.1874823474820701,0.20925319849440496,0.2300672139996812,0.2499904731564401,0.26907029211426237,0.2873371849252107,0.30480523083628835,0.32147075215377646,0.3373087598953387,0.3522658660367101,0.3662466326840391,"3.8501476017100584"
-0.05425092533630226,0.021899875798221606,0.05172528966342735,0.09557824829794208,0.12312678287552019,0.14336898057391106,0.15940324105280637,0.1787219328785877,0.19799439460983354,0.21293995000257185,0.2252438946891901,0.23966054021160463,0.25436117417344833,0.2662576700849013,0.2772406906294473,0.28959625358637875,0.3015800178928891,0.3120263766502169,0.3220909134524988,0.3325791281515578,"0.4054651081081644"
-0.0327296540011677,0.0007515925417945371,0.02660408798908082,0.04745508579381923,0.06341157385190598,0.07046874249670085,0.08564819917500936,0.11155919309401911,0.14166059336751324,0.1825545878793728,0.211419286298148,0.23566850562336064,0.257117156635524,0.2765873222856974,0.29454587405725496,0.3112930936900833,0.3270378850086592,0.3419336664714172,0.35609763982170667,0.36962205296154244,"2.2512917986064953"
-0.09568064076405199,-0.07526090657293696,-0.058119732675196746,-0.04342812902128808,-0.030310639979175838,-0.00013679181053203308,0.05449357716345,0.10111629255655828,0.14012732969071315,0.17361520973852987,0.20294265808804746,0.22906126916596514,0.25264377346635136,0.27417401249639267,0.29400811732317034,0.3124149181128559,0.3296022473166559,0.3457342649871615,0.3609430961483788,0.3753368331974084,"3.044522437723423"
-0.0712661556309979,-0.02601919231215041,0.011325719878579705,0.044214754254127124,0.0740214810651283,0.1014748941255107,0.12701804430997427,0.15094074195049342,0.17343927708776236,0.1946462103293039,0.21464540163243073,0.23347805079106695,0.25114123810328703,0.267577023059902,0.28264431345706087,0.2960491831235532,0.30714776778436553,0.313451046710049,0.34114672812838404,0.3971652113172355,"3.58351893845611"
-0.06072638355839552,-0.016909578018683116,0.01753843114838955,0.04569654159001427,0.06800172783431595,0.08217901496291155,0.0797108520205768,0.11987095564736111,0.12591855386550907,0.15859162554703515,0.17713060955650717,0.19779912506684555,0.22515017247459507,0.23791241829673954,0.27489466651680367,0.2748355562404992,0.32857934759273805,0.354166514701737,0.4050832493813598,0.44060895548736884,"2.5257286443082556"
-0.17969669655525505,-0.13226812415106867,-0.1105538334108577,-0.07155790263513653,-0.040388545256744054,-0.012796291303295368,0.020644133640953397,0.04931618854631527,0.07770187801703383,0.11340815030981963,0.127126961398817,0.17719268420232917,0.18273956618322584,0.23842253570069663,0.26900871896239376,0.287504895475435,0.3412409155845424,0.3685582169267785,0.3983851421624689,0.4533274258660916,"Indeterminate"
-0.15087530199424512,-0.1306933862430352,-0.11375184703179506,-0.09923141286417445,-0.08607981022475966,-0.07403017339971216,-0.06428243779350842,-0.014597830267036063,0.045152438320807155,0.09714816334169621,0.1428557125383265,0.18358802455439815,0.2202942822956673,0.253687315454062,0.28431533404615483,0.31260729155983685,0.3389033872535049,0.3634766140547434,0.3865484623680316,0.40830056358926603,"3.4965075614664802"
-0.04942389576170129,-0.009718288147036515,0.02267733061191841,0.050909256470591496,0.07620734885358965,0.09919859808002869,0.12023121506772891,0.13948554409452563,0.15700695973876577,0.17268410656822866,0.1861310327695649,0.19621290662767288,0.19743207140222832,0.21272615167860467,0.21741968538030387,0.28406976265330286,0.3304299265323579,0.37098512345354645,0.4068511393049434,0.43890927053925366,"3.2188758248682006"
-0.23506497522839018,-0.19136947046710984,-0.17008830872997668,-0.1155247488607292,-0.10061470674533633,-0.04689853503657122,-0.023469676712161595,0.016980543495189227,0.05191363229190561,0.07072267663975464,0.12306519568012599,0.13544184965933487,0.18756296252816068,0.22489969310598892,0.1922905068300496,0.29714473783051615,0.3343006700222215,0.3336336307917304,0.4096843478870655,0.45777504696394644,"1.252762968495368"
-0.04459583247112804,-0.006391847113898431,0.023395134494258483,0.04754423273370102,0.06633866084281904,0.077062315172413,0.08269811181606745,0.11209203129076134,0.10257827420421213,0.15071291531349368,0.1648513925605555,0.19034252860452847,0.2161442550381062,0.22643230878689788,0.285836199467603,0.31914818643126003,0.34701644649310903,0.37184383651202235,0.3945836107564995,0.4157454738952897,"2.4423470353692043"
-0.06220064907601936,-0.020373345043058037,0.013956981814070804,0.044068647943033425,0.07125989874631682,0.09621353121561287,0.11933831086592642,0.14089415252501697,0.16104693596137293,0.1798933751612662,0.1974689292948773,0.2137407297989308,0.2285773563915079,0.24166250595281646,0.2521948593853126,0.2600124099553566,0.2988921130766762,0.3501396355829511,0.39618660458265126,0.43751499582514136,"3.4339872044851463"
-0.29774444705210235,-0.2854672617559153,-0.2731900764597283,-0.2632015046968262,-0.25380560498455546,-0.2454208081765918,-0.2374190307202443,-0.23000626605361316,-0.22364169271625547,-0.17230945247458046,-0.1004701704397271,-0.03564746175753821,0.023246698296936267,0.0771972601297136,0.1269619149777385,0.17313686911885176,0.21620004072492846,0.25654062215052204,0.29447986618800753,0.33028605769010744,"4.051784947803305"
-0.05027454479895836,-0.012187729655020487,0.01672275069552881,0.03874704796433274,0.05181980218163543,0.05770255230850702,0.08926084458819196,0.07908982746335715,0.12874889793298208,0.13828658096919455,0.17133343087177624,0.18936223235329738,0.21863948195921842,0.2513464429519372,0.2900466200656109,0.31971223885000316,0.34554638431931134,0.3689744400328113,0.390660491183017,0.410988366568067,"2.1972245773362196"
-0.19657814907533114,-0.17561460682384628,-0.15801693782957707,-0.1429341409863409,-0.12927318898450588,-0.116758605196205,-0.10507542711778949,-0.09324695026093613,-0.04791545984586159,0.01934065260873777,0.07810713180455191,0.1305814815838292,0.1779424747992537,0.22107238114311076,0.26064863487154794,0.2972034689149593,0.3311625471454521,0.36287111686714313,0.3926124223731395,0.4206211155503017,"3.713572066704308"
-0.12174588317636738,-0.08257432931557473,-0.06878545387064819,-0.030576463060396325,-0.009575189168505647,0.02125073802425935,0.040490695009079994,0.07559462050621096,0.08045856675108239,0.13092714364080107,0.1426349955457067,0.1846453143590604,0.21606749147918317,0.210556894873494,0.2816546885569729,0.3187634350036953,0.3502281219319787,0.378651894246624,0.405004083630452,0.4297876779170364,"-0.6931471805599453"
-0.0522801688783679,-0.01065197852507621,0.023402518928858366,0.053138820466556505,0.07983525388967914,0.10414913784336538,0.12645317730609204,0.14695350396760662,0.1657312547520421,0.18273942061541362,0.19774197783508224,0.21009606707620812,0.21774948201660735,0.19032389629152183,0.24206613702124494,0.24912988992360402,0.3144316914463103,0.3628528066620565,0.40507769877675326,0.44266865391675686,"3.2771447329921766"
-0.06402544834781844,-0.01718384718466619,0.022016294058513766,0.05671624835144648,0.08817288135637905,0.11704755709886669,0.1437300394635466,0.16845675177377492,0.19136070539039113,0.21249040267499247,0.23180770921359464,0.24916052101438516,0.2642041494961809,0.27616885660555845,0.28290514394724753,0.26615847790698116,0.2897279649125548,0.31938022714631403,0.3430208373410026,0.3510676635057352,"3.6109179126442243"
-0.05074646677053412,-0.02081438236541151,0.003285049647196071,0.02418571571947191,0.04292839080107801,0.06004643861479553,0.07585317164067135,0.09077362558394078,0.08852938868749397,0.15292431943717802,0.19071812184502135,0.22309370049616695,0.2510881693804921,0.27590006302587633,0.2983117497948175,0.31884393137248834,0.33785528887770694,0.35560390052009433,0.37228239986724954,0.3880391189410413,"2.9444389791664403"
-0.12448978562772654,-0.07115995337305797,-0.029922332534763556,0.0021410082495337385,0.02251478484869913,0.03339012200134193,0.07669989342750491,0.08489913785986404,0.12477371321791551,0.14550351147879634,0.17289468168442795,0.19995902026523407,0.22328513772233435,0.25355202991918335,0.277148273138411,0.30748418106841885,0.3346255480681689,0.3618662781668465,0.39524762471678393,0.41540994476322857,"2.2512917986064953"
-0.08473229122147462,-0.05573925475329991,-0.03229831193520976,-0.01188603805595942,0.006526209055099808,0.023467058848986967,0.03926045498026244,0.054128610820403954,0.06683783065498494,0.1042864517183718,0.15212014830205683,0.19497231434592083,0.23262954960053642,0.26618491918148585,0.2964266736725392,0.3239714954104236,0.34929675856567777,0.37277106464373494,0.39468012169361644,0.41524777780183814,"3.3141860046725258"
-0.15060521263924695,-0.09392806555935646,-0.050676578569621926,-0.01837882758866656,-0.005019032591303518,0.03142069468417775,0.06322733999180925,0.06846241167778741,0.12002356510862444,0.10525140013955243,0.17553747907150452,0.1772682438369369,0.23196095825588017,0.23333800963585047,0.28997555853141627,0.27215917757373564,0.34960511037143677,0.35289138513698665,0.4104703906246301,0.4318802291428977,"2.0794415416798357"
-0.04568566926734239,-0.0038930105569124703,0.02988396976657816,0.0588616492947725,0.08421631722150381,0.10641303603288246,0.12545118877818087,0.14068720778157331,0.14936179443099348,0.14615666058666207,0.17904607173961054,0.17333432738062618,0.2181510499864923,0.2385041767458654,0.23544823659675854,0.28521764323266546,0.31561644545472556,0.36676927690977545,0.4063539992089407,0.43966326930544,"2.9444389791664403"
-0.22073111137089066,-0.19937479020040802,-0.18144740625045375,-0.16608201381490403,-0.15216510631206415,-0.13941604589101295,-0.12751303803495245,-0.11629668277523948,-0.1237623158801948,-0.028912050991458455,0.03660687959371797,0.09518441839050948,0.14808715471905107,0.1962907073952117,0.24054182133139093,0.2814262735469124,0.31941252693563665,0.3548810737140548,0.3881448625542151,0.41946398647013544,"3.8066624897703196"
-0.14745956994668455,-0.11832812736855479,-0.09473246938217955,-0.07421021174756899,-0.05569002733292577,-0.038641105724519294,-0.022731413221153213,-0.007743918482207243,0.006516743825479065,0.006814401997253403,0.08128840390643773,0.1389101704545475,0.1904736164370479,0.23692076068921006,0.279127053408815,0.3177707629828466,0.3533922412272848,0.38642816037060845,0.41723476279916605,0.44610461529170814,"3.6375861597263857"
-0.11508178219090029,-0.06038157360822746,-0.016943004964148783,0.018795555569182814,0.0472657046125369,0.06530630801792084,0.07388243758706706,0.1163459706290795,0.12712543811853602,0.1609244181251102,0.18498664979020116,0.20393440999208035,0.23757556116500061,0.2466117471497811,0.2896826187717179,0.29081872788524205,0.34278432164083894,0.3413298634215501,0.39765359518517096,0.4015252160795829,"2.5649493574615367"
-0.05730115850640516,-0.010970684033957899,0.027465375200196325,0.06132034287961411,0.09191483316372595,0.11994168929797516,0.14580855734276985,0.16976276625057138,0.19194395161303293,0.212403911522319,0.23110429313090503,0.2478878935752894,0.26239729001927614,0.2738419519814423,0.28012414269696695,0.27045930050331407,0.2744798656540869,0.32300106928731737,0.34612944645754345,0.3569570086685498,"3.5115454388310208"
-0.10327618568397635,-0.06996649185511665,-0.06880844862942376,-0.01655669801275088,-0.014217174562056586,0.03466548125422824,0.05309279134980434,0.08375100766341638,0.11684458309233128,0.10110354830625602,0.17734064839544736,0.21340947981143588,0.24332303339798983,0.2700368471217813,0.2946061002080267,0.31756955497824396,0.3392544593359402,0.35988106355953103,0.37960792811708505,0.3985547345077402,"-0.6931471805599453"
-0.13355352867090506,-0.1016872665821598,-0.07588291912290676,-0.05338114601254833,-0.03305667337644741,-0.014330790886954195,0.0031515503533498163,0.019625780171771256,0.03525942298757641,0.050067137262794464,0.07348665466007234,0.12841281749305322,0.1840394018404373,0.23372107857613442,0.27865141415214334,0.3196033126201214,0.35719511522183894,0.3919263861404513,0.42420507131185925,0.45436611842544894,"3.624340932976365"
-0.07458169526347004,-0.024966687808680284,0.015026541529995717,0.048911029650982485,0.07780421285963202,0.10175603650490062,0.11932330355297316,0.11886968908836752,0.15223812416839452,0.17190105571525485,0.1831368630509155,0.21744871921157144,0.2102215582044792,0.26124036634336095,0.27533481564376094,0.3051064506349934,0.3285401340256216,0.34974217122565976,0.3815044714585487,0.3946240318225352,"2.833213344056216"
-0.12180697296812555,-0.0876796635423901,-0.05999927029754159,-0.03581568074199268,-0.013953572870233261,0.006200127578359129,0.025019990549437963,0.04275548717179883,0.05958363161974493,0.07563409779591287,0.09130256250516414,0.10684671341090687,0.174471644758943,0.22757381763155157,0.27547821430848096,0.3189359001356173,0.35865617642334113,0.39520719549893596,0.42905409513227555,0.4605794546786947,"3.6109179126442243"
-0.20709883620901726,-0.15382774243412428,-0.11020488815082327,-0.07184698286361846,-0.037022470917772346,-0.0048147082283745936,0.025338506971299444,0.053814170032932075,0.0808809150369003,0.1067387587946951,0.13154167028464026,0.15541129400166512,0.17844575272619106,0.20072550156970492,0.22232502750111155,0.2424211827555106,0.28802569758418345,0.36547392642672827,0.4408539101041169,0.5104950054991984,"3.9415818076696905"
-0.31006448597416725,-0.2645310601687181,-0.2888650661070653,-0.18352176429990855,-0.14604126748337118,-0.1853380513648436,-0.07151283313207558,-0.03063047800420826,-0.00763798237387473,0.026940645147922854,0.08358118385756803,0.12623720496490184,0.16381131880486524,0.19833001246689733,0.23066538752926857,0.2613012284519316,0.2905461373150911,0.3186149585165008,0.3456663868117156,0.37182271682966545,"2.3978952727983707"
-0.07231277502398985,-0.026457969230957036,0.011532292874186905,0.0450711806554442,0.07552410861650631,0.10361861953359952,0.12979914214031493,0.15435865605666832,0.17749832010377314,0.19935771377735118,0.22003089335711373,0.23957438131883296,0.2580094407956905,0.27531880339145504,0.29143575297204016,0.3062192172996578,0.31939715355372605,0.33042128470261467,0.3380010385447305,0.33349796221094025,"3.6635616461296463"
-0.06063918091194399,-0.023189345609318596,0.007376070535422843,0.03411192032324188,0.05822119912353223,0.08033440993017063,0.10082873305653789,0.11994461952749899,0.13783675469486414,0.15459714552674134,0.17026234002667182,0.18480668502841208,0.19803732594565387,0.21416570339285942,0.25280838988125054,0.29905958824769757,0.3395573988876957,0.37580180087148884,0.4085549772988156,0.43846411460223556,"3.349904087274605"
-0.10094330519436179,-0.04764627870335157,-0.004822434329359371,0.031145874599917044,0.06122222865903931,0.08481385458186697,0.09674016863603603,0.11624868527555964,0.14749703353194263,0.14351536106990045,0.19156426026806947,0.20859361162815826,0.23404004781218457,0.26069472864385174,0.27593868288625784,0.3112628313696906,0.3177076326030048,0.36244064245607827,0.3600420774727911,0.41530464496894876,"2.740840023925201"
-0.08555088106752258,-0.03937304369060939,-0.0010787428086724718,0.0327803669052932,0.06358505704817596,0.09207351293344064,0.11869989135219229,0.14376762603054044,0.1674901928421851,0.19002252051176,0.21147857675664236,0.23194162996438605,0.25147016916618387,0.27010086994538585,0.287849114516554,0.30470689265958734,0.320637055229891,0.33556128129414897,0.34933612762375255,0.36159884304921486,"3.7727609380946383"
-0.20149937014477373,-0.18416043100999532,-0.12888152892840832,-0.15275818781076433,-0.06339653560551865,-0.04341018877583031,-0.00588957291799122,0.03146721393270036,0.026670247582157528,0.0942627079593723,0.12911144008673947,0.137360528579263,0.19309179208897181,0.23724061632498905,0.2734376858323683,0.3058804565859172,0.33588568697038074,0.36408748967526205,0.39085863913533325,0.41644520361397247,"1.7047480922384253"
-0.16409986115318634,-0.1702535839383177,-0.09401864824400878,-0.06948168539676172,-0.03774964020295596,0.005445961396350896,0.024116035496459312,0.0626180162496829,0.11003112473853807,0.14639132354712978,0.1781982309687753,0.20717961535793444,0.23412455637786292,0.25948473189164395,0.2835531829035487,0.3065356559180056,0.3285846242282161,0.34981759119101835,0.3703278335029999,0.3901911350380184,"1.6094379124341003"
-0.08752507774317761,-0.04202498660612004,-0.004079995103170798,0.02959471511938423,0.06032048919006934,0.08880707829593083,0.11549349557612518,0.1406750652896157,0.16456155168809414,0.18730740459351702,0.2090289216584473,0.2298145685229009,0.24973138838114387,0.2688289787273073,0.2871417994243342,0.3046901785818732,0.3214801142826048,0.33750172721254407,0.35272591428037925,0.3670982690645094,"3.912023005428146"
-0.3463912741444125,-0.3022827757450051,-0.28361639304452485,-0.21620292261307664,-0.18537055070556283,-0.15664277506634022,-0.10135795933753845,-0.07145159121584005,-0.052702670269193695,0.009591017277972846,0.0470724016713153,0.06452258449307849,0.11192073161419588,0.1648565775290224,0.20712873664815745,0.24495002119794682,0.27999410610445796,0.3130174969682318,0.34444951087232956,0.374567564733538,"2.4849066497880004"
-0.13712426249120874,-0.08548617367305754,-0.04275254758938153,-0.004968483240922439,0.02944468976348751,0.06133060850387039,0.09120984718337531,0.11943283878569433,0.14624963659014137,0.17184618414273198,0.19636496575915816,0.21991756850300428,0.24259270663455998,0.26446152854549915,0.2855811984405368,0.3059973161654587,0.32574549764909855,0.34485240639341447,0.36332290912852605,0.38205073046494553,"3.9318256327243257"
-0.11530446122674513,-0.06314875701061518,-0.023137273597525956,0.007441171594554368,0.024850512215193136,0.04449457621379064,0.08053682136542913,0.06885422207304659,0.13011217072511072,0.1416109890940241,0.17999532951417713,0.19756654985166067,0.2319691501658717,0.2512096199864262,0.2867818764921186,0.30384685222749663,0.3446228979890704,0.3529003734662496,0.40552209046130605,0.40081642637703657,"2.1972245773362196"
-0.11234454073402812,-0.09229854485445807,-0.07547110243478916,-0.06104845932159968,-0.04798887899354104,-0.03375438839218587,0.013388164147207487,0.06794079979779379,0.11351055726586595,0.15273573989322228,0.18710905488162655,0.21768693062337094,0.24523632982945076,0.2703247426750881,0.2933784220075932,0.31472272610600144,0.334610328669508,0.3532408832956222,0.3707747634537027,0.38734275249104444,"3.2188758248682006"
-0.07863980664588333,-0.028441142571624754,0.011960775276253558,0.046093487143431804,0.0750346389213332,0.09869555424241626,0.11502617621519418,0.08125102921128967,0.15271565976400006,0.167795807398658,0.18872762099575163,0.2164594677969785,0.21621089934305357,0.2625406151944503,0.26386511740448476,0.308791157727848,0.3237484629104546,0.3564775073573242,0.3792128321664883,0.4064996565594144,"2.803360380906535"
-0.05854638554699718,-0.015224860292414504,0.021114803732675342,0.053408439002940025,0.0828396889024344,0.11004245034165933,0.13540447597106783,0.1591803993727265,0.18154298143572528,0.2026090060326583,0.2224528198308102,0.24111274039645605,0.25859234787780133,0.2748569156447845,0.2898237842080211,0.3033439296358657,0.315171892497636,0.3249398597234916,0.3323408653825994,0.3390685039301712,"3.784189633918261"
-0.0572260441025581,-0.02872327132914207,-0.005753584925580997,0.014184550955933305,0.032108235130806344,0.04853748972790098,0.06374592122183392,0.08163976490053715,0.11807138570959975,0.16081540741313693,0.1958922373709885,0.22607867043018307,0.25256736394500984,0.27628288455117544,0.29784606603401975,0.31768545536703063,0.33610673711035727,0.353336002834025,0.36954572622692344,0.384871017452486,"2.970414465569701"
-0.06597975420145459,-0.016840210614079202,0.023784685449627363,0.05931777120123548,0.09109266271604516,0.11976613846596834,0.14566036590507367,0.16886329260626834,0.18921389878071707,0.20612343776004866,0.21774886721663717,0.21032658052848455,0.2417998768631816,0.2509723992267984,0.278168807192912,0.30101579116204674,0.27445587596721605,0.3408414031390857,0.3555255173724939,0.3763304446299274,"3.3141860046725258"
-0.21187818824475518,-0.1636024525889511,-0.1636024525889511,-0.0799111966230485,-0.0268412218957708,0.015669080222117503,0.052945388344159926,0.08681229697855163,0.11818459799429563,0.1476104658713198,0.17545352967735178,0.20197147770601998,0.22735585104139336,0.25175422984175305,0.27528349502563343,0.2980382656537166,0.32009654215357813,0.3415236127941076,0.36237483384034763,0.382697662264946,"1.8718021769015913"
-0.09456532160387476,-0.06869291410449128,-0.036970827622593655,-0.015448164234287022,0.024564764113030064,0.02259403059828568,0.08577155632048288,0.12391863592526005,0.1546687182687268,0.18169897567464058,0.20628304938422554,0.22906383749115716,0.2504285168862041,0.2706355424413635,0.28986940109622494,0.3082681043199996,0.3259385534281224,0.3429658152490199,0.35941905165574284,0.3753554885977881,"0.4054651081081644"
-0.16781177377136716,-0.11703436475502806,-0.0852427454363308,-0.07595533952718658,-0.020862032704498754,-0.024168834569014374,0.03852960489558078,0.04141948362937177,0.09801349300535431,0.08047204330568787,0.15814773739055263,0.16537987166446302,0.2179712285332272,0.24338261795814728,0.2744628059568497,0.3150436007615472,0.2887779021992646,0.38293191514984254,0.4158005851458021,0.4338145340067242,"0.6931471805599453"
-0.043204144897388455,-0.0031944869806202064,0.028987525199303355,0.05644688194273494,0.08028321825565664,0.10086100517879518,0.11796933956414031,0.13026686865621376,0.12842903104667344,0.1536958368058277,0.1686643404357434,0.18545170911762207,0.21401633750728924,0.223847220810578,0.2537637672593043,0.2840670132400312,0.3357936399673195,0.37318790380696626,0.4045542393880661,0.4323705431567039,"2.8622008809294686"
-0.06681727949292612,-0.021938394903407175,0.015056126435904427,0.04759515693026092,0.0770431329539518,0.10412174519261075,0.12926669045049155,0.15275927079707094,0.17478500880653688,0.19546190811410677,0.21485297969173697,0.23296773722978886,0.24975164716879522,0.2650548383487618,0.278550514873673,0.2894875888995814,0.29551024433617334,0.29754243885622716,0.3577074277106608,0.4107470927785865,"3.5263605246161616"
-0.17340009241521304,-0.14723429500176918,-0.10337140443406982,-0.05961655617899497,-0.046664559393856525,0.006709818878295839,0.054812572802894484,0.09269265846773407,0.12589518591978915,0.15611207772191527,0.18415620612508934,0.2105048100370327,0.2354716600206558,0.2592785733649552,0.28209045907001207,0.3040345296714083,0.3252117342724169,0.345703997917171,0.36557903062498853,0.3848936476196862,"1.7047480922384253"
-0.05448433441090469,-0.007518985149936543,0.03097147865511047,0.06444809727638247,0.09424756860836055,0.12101625423390139,0.14505282860467877,0.16639839340604726,0.18478824267882782,0.1993443810064112,0.20687498490062994,0.2038891538990785,0.23425001631817083,0.23820261708788532,0.2789490813782686,0.295176752170936,0.3091771996561917,0.34294047850875947,0.3564008567917238,0.3802330567557295,"3.1986731175506815"
-0.0939572433435424,-0.04735421758631146,-0.008897685422418615,0.02501455719583117,0.055817979149627765,0.08427731733987637,0.11086197672666852,0.13588522871779296,0.15956752711005392,0.18206918914467435,0.20350868583753012,0.22397332970413455,0.24352546928757576,0.26220562975534795,0.28003310727502645,0.2970037188987158,0.3130910705635479,0.32760403125149157,0.3574735778418193,0.4113835595597111,"3.713572066704308"
-0.20922345719933233,-0.16751147708157074,-0.1336379569970997,-0.1040125613737916,-0.07720459402603344,-0.05246750987063007,-0.02934494293970726,-0.007532701649384056,0.013185295450326926,0.032969456004660225,0.05194306750396129,0.07019829182565716,0.08876562903223603,0.13003572970016147,0.20832605025246728,0.27742998220390824,0.3408609705252182,0.3993918418484952,0.4536808342554795,0.504269419831704,"3.8918202981106265"
-0.06794061752264335,-0.027791764368898977,0.0016915812068639163,0.02159035657289266,-0.007885359741590377,0.06111514478500519,0.07203382858963565,0.10120690585802526,0.11890149909966077,0.14474500489928768,0.16522066850738695,0.19290907839639398,0.21325508081849068,0.24690085169984521,0.2661145205962857,0.3138115357321796,0.34647009048335886,0.3745421156811148,0.39993616452296604,0.42344850541266543,"1.9459101490553132"
-0.14242568637472527,-0.14147782924814634,-0.07457029902550714,-0.0617964006392905,-0.015204832108235417,0.019255494225787612,0.007763156264561756,0.0846361780189053,0.12507383426125182,0.15830089678288872,0.18784208670176475,0.21493417232300008,0.24020403674748753,0.2640307387870742,0.2866684576431182,0.30829953289180323,0.32906110375222053,0.3490599812929076,0.36838162126007556,0.3870958675124999,"1.3862943611198906"
-0.1908548290520145,-0.17830584461845866,-0.16575686018490285,-0.15554715588109613,-0.14594318689944594,-0.1376063161466538,-0.09861416513508832,-0.030796033743791133,0.027938148103742122,0.07922735791182467,0.12472164385811207,0.16557861539576915,0.20264542032060717,0.23656112429094092,0.2678193836765991,0.2968088346225519,0.3238402927548236,0.34916573434859965,0.3729919138838358,0.39549034381212317,"3.56953269648137"
-0.05700787750580429,-0.009516337720841482,0.02961029651199335,0.06379439063914694,0.09437320120578242,0.12201363841617957,0.14705823602948448,0.16963422387441107,0.18966226202307201,0.20675792349405975,0.21982614237926437,0.224605388025471,0.23058117746108736,0.2506601648948034,0.2700900777414878,0.2990350367236868,0.30829623596837047,0.3340770056652263,0.3595632689096362,0.3545662669146501,"3.295836866004329"
-0.06440399354636737,-0.016219153852035983,0.02389266968739271,0.059227756252553734,0.09109381176971397,0.12016602829186084,0.14682525122735296,0.17127714452246953,0.19359441534390964,0.21371477002711056,0.23138538892515803,0.2459756097719389,0.2557206948062618,0.24954873794019525,0.2730047012241105,0.24542432063104083,0.3145620850639728,0.3320989308190841,0.3334943870523862,0.3712047752272704,"3.481240089335692"
-0.2128655506897508,-0.16484004261297627,-0.15607259558189363,-0.09515477290555836,-0.07503926546043684,-0.029449528207269315,-0.012005553171531314,0.03616310074214918,0.03387249560790878,0.1011381277435737,0.11236022294647545,0.16345780213066646,0.19452429855948206,0.21584677987056178,0.2669134351145175,0.2859828195815187,0.3299436371509664,0.3735515157956372,0.39388450153093224,0.4409379703323154,"0.4054651081081644"
-0.17303220840755462,-0.14255742301777954,-0.11786903370013536,-0.09639296651519169,-0.07700929222073061,-0.05916311156137996,-0.04250731642685094,-0.026814947130604585,-0.011922631603065255,0.0018265882531231165,0.03897000847782036,0.1033080444074598,0.16264059655721302,0.21613363028015106,0.26479876819330267,0.30939395948239296,0.35052140540640264,0.3886680632837905,0.4242330119675989,0.4575464112363869,"3.7376696182833684"
-0.18486616537716463,-0.14220474259781896,-0.061141786316555195,-0.013961659085444993,0.024413986958535163,0.05820094757398931,0.08894737407479986,0.11745150087279073,0.14419876471990167,0.16951373256678443,0.19362750928744776,0.21671248686193523,0.23890184697785566,0.2603012619942495,0.28099639139020655,0.3010579275094368,0.3205450959089601,0.3395081485260518,0.35799019097787393,0.37602855426676307,"1.791759469228055"
-0.11178346852048182,-0.0813342717479835,-0.05668892764028344,-0.03520655782413623,-0.015810285566757995,0.0020536335652864813,0.018724860695909,0.03442853155589592,0.04933654380270901,0.061340906543964284,0.10651980912856576,0.15955778842724738,0.20729047999295314,0.24994539695763815,0.28845138427643807,0.32350957126728125,0.3556795383996638,0.38541086623315857,0.41306598726446536,0.43893769769239643,"3.5115454388310208"
-0.15825936872018934,-0.13030792282834278,-0.0941274946920559,-0.07026387274776864,-0.03172079140998746,-0.031308852334767934,0.02835084875480128,0.04740757149323184,0.081154241620365,0.11984629090332492,0.1359147621483887,0.17705904935530067,0.22098030809852737,0.2557143458043125,0.2864788034154296,0.31473913852067853,0.34117469812858503,0.366177072689322,0.39000158475404284,0.41282833299735616,"1.252762968495368"
-0.12309350302684709,-0.07807443110787476,-0.04911530886773379,-0.06342994118527277,0.0047840780514179565,0.013426553787912071,0.05602590056868761,0.06790624280754719,0.10888234474175314,0.11352591728125369,0.16356512298319742,0.158337098638134,0.21914410493882933,0.24029038574549613,0.2731256130377186,0.3101606939665634,0.2986298754703917,0.37807880906522134,0.41816701971407483,0.45193781420961854,"1.0986122886681098"
-0.14222230403092312,-0.08993455294701332,-0.0467530106355601,-0.008617850974227754,0.02608813795618603,0.058227778573776645,0.08833281140408288,0.11676083333996326,0.14376681932849927,0.1695402736609242,0.19422636588116896,0.21793877974113404,0.24076791692282756,0.26278632084527126,0.28405233690231935,0.30461258526353563,0.3245036967577467,0.34373876956525534,0.3633369129708909,0.39154890092737876,"3.901972669574645"
-0.07777811972519054,-0.0270401420886409,0.014232061149710639,0.049601667658093915,0.08031645664923871,0.1067434662349047,0.12848905793021623,0.1433700943087191,0.1065380416549997,0.17892078866289504,0.19319674994754515,0.2136533269188564,0.24107317303968437,0.23179158736606892,0.28534486832607514,0.2941191533513078,0.3288258606099604,0.3490657653452214,0.37226244449746654,0.4012323468151476,"2.970414465569701"
-0.1779439005010955,-0.11121493781318469,-0.0629493229942484,-0.022242987562636936,0.014481334669526653,0.04826561481893629,0.07965660000306499,0.10914390648934043,0.13709623446145947,0.16375162379602543,0.18927869253586121,0.21381891442650902,0.2374907605163995,0.2603874453317938,0.2825840397706897,0.30414506763191845,0.3251264260680885,0.3455755922560793,0.36553331679910045,0.38503550035674905,"1.3862943611198906"
-0.1688620196361661,-0.12992863896358517,-0.12223923012552855,-0.06603347058966877,-0.06620232962854641,-0.006957442361815467,0.00740089967415932,0.04937009020448544,0.07690236105337478,0.09878276859535472,0.14179560510339692,0.15182508522913696,0.20049642050425334,0.23590846930218315,0.2412723550763716,0.3012099794300761,0.34380172003925474,0.3791355859313323,0.41092983283202605,0.44039863984725414,"0.6931471805599453"
-0.5010070647717971,-0.4260407463826671,-0.36519368861997215,-0.31226647457837037,-0.2646949285265018,-0.22107010923120485,-0.18050755496333606,-0.1424074795049004,-0.10634165189324929,-0.07199243114026678,-0.03911696578384672,-0.007524904925071411,0.022936099168129907,0.05239016224387444,0.08093995563642668,0.10867154530523193,0.13565792040593286,0.1619616177695645,0.18763670854726883,0.212730325822685,"2.833213344056216"
-0.043179503056973975,-0.004536689799129885,0.026010302424556778,0.05139519600655349,0.07238138132480969,0.0884491829748113,0.09521682473487107,0.10904894015653738,0.13154582363168757,0.1308867284619963,0.17172961748539645,0.183002962451835,0.21087830007259373,0.2353706785924771,0.2679153245084611,0.3128821474618237,0.3452967296044528,0.3730280247939238,0.3979276895062419,0.42082165634719304,"2.6026896854443837"
-0.03958394920161544,-0.009430143495819584,0.014672579496762315,0.03533279004910528,0.054089720135707266,0.06787161584450947,0.12414973176855344,0.1566734094423561,0.18300476392004475,0.20553844455518663,0.22549318508235613,0.24351779900585038,0.26002972124572576,0.27531361429572865,0.28957652219735835,0.3029743589708263,0.3156285548498944,0.3276356371181545,0.33907375762929753,0.3500072281593087,"2.302585092994046"
-0.09290393516360729,-0.041993281914568095,-0.0022966320150924627,0.029397911879193214,0.0525690455982478,0.05450393864412297,0.09399348211461218,0.11639319725800278,0.1313913213109996,0.1668099129779684,0.16307273686178614,0.21671111408933452,0.19746320289357802,0.26815162149469113,0.2637008774605013,0.32227450898274523,0.3161899421030845,0.38007082939425046,0.34201160787898477,0.4430305297421403,"2.3978952727983707"
-0.14185946215692663,-0.08615097257847745,-0.04343859321104208,-0.011052514771123572,0.00559309711843139,0.03388734723092764,0.06871281215080366,0.04702357747770594,0.12282386393172698,0.129429435351625,0.1762348101044233,0.19039585085096025,0.23103802481185046,0.24656029370866883,0.28796484794942273,0.2997245510411424,0.34707462288395663,0.342538445752063,0.4080956528880357,0.4146335880731819,"2.1400661634962708"
-0.20418370638740616,-0.16735338928397137,-0.13750815578342057,-0.11146706317465659,-0.08793281302710924,-0.06623814902579833,-0.04597362802441969,-0.02686768579758377,-0.00872740682477672,0.00859012597845812,0.025185609504191863,0.043010378355398005,0.09341828486224345,0.16592374418715825,0.23086669592624998,0.29024691373920536,0.34487913283888144,0.39542712454649753,0.4424320115880882,0.4863419522930933,"3.8607297110405954"
-0.2483943141199174,-0.20338372768901114,-0.16682264257774154,-0.13484030457422544,-0.10589424075135498,-0.07917955352596551,-0.05420418107587281,-0.03064011572934178,-0.00825433636767728,0.013126161219831343,0.03363435453559349,0.05337505802550766,0.07248538840277631,0.07979887364154858,0.16854510219997415,0.2484071514129477,0.32207084646639256,0.39009805223348215,0.4532444423956704,0.5121239326295841,"3.970291913552122"
-0.05950496856282889,-0.013122158184657338,0.02557221101705002,0.05976691021752834,0.09073706238188516,0.11915396136564436,0.1454142995418818,0.16976060427581338,0.19233255937572516,0.21318743738187182,0.23230061206055225,0.24954428472519413,0.2646262702870916,0.27692328612417644,0.284922284112535,0.2830154495256475,0.26055051261438156,0.31906319199269273,0.3431619222243357,0.3543295721026598,"3.58351893845611"
-0.06442252086974522,-0.016225478469831744,0.022783074836746974,0.05608625409617837,0.08489014030898209,0.10952258219784929,0.12951658158991558,0.1423705577114172,0.1299411478103993,0.17698004498155254,0.18530989555504357,0.21458338771587374,0.23687458997744307,0.24588889205235007,0.28299013060919154,0.28223232055375913,0.32848363954909027,0.34654682024399597,0.3739921453899098,0.40361877748393415,"2.917770732084279"
-0.05843576470985637,-0.018030705870627883,0.012858079973197116,0.03669427390265181,0.05188306194130807,0.050717297237456084,0.0898783729862134,0.09378761098080995,0.12884293520521461,0.14373680471608047,0.17025474553006695,0.1914179583401498,0.21566834860055273,0.24210874742055397,0.26619105981792907,0.30517804662009496,0.34374148682046524,0.3743167274844153,0.40124504405640804,0.42583110084952763,"2.2512917986064953"
-0.2503229399556839,-0.1918432648675187,-0.14393473954333058,-0.10179301458368813,-0.06352004514416895,-0.02811091618299026,0.00505084157865804,0.036378739412912316,0.06616755790218615,0.09463691162170505,0.12195599121205769,0.14825861110592267,0.17365286547349393,0.19822759252203498,0.22205716810497766,0.2451517625315213,0.27211463316613904,0.33948453325786215,0.4289721487657103,0.5108051992900077,"4.0163830207523885"
-0.07506614683619513,-0.02494011017873969,0.016642368062113458,0.0530894968354394,0.08573085927854554,0.11522211165244968,0.14188540080817338,0.1658090517960072,0.18683186214034514,0.20435968721710146,0.21649967674618623,0.20739089357235996,0.2430938184130267,0.2554191895316554,0.2758458807079128,0.300983067335372,0.2900978293317492,0.33933821803429676,0.354908684673588,0.3735810265441438,"3.349904087274605"
-0.15983910699425147,-0.1300662214444507,-0.10594857141844712,-0.08497052241966696,-0.06603757453805809,-0.04860743142141525,-0.032340871077246564,-0.017016083312560576,-0.002481952533124259,0.013229268592036126,0.05938923659614006,0.12205543686819569,0.1773683916342003,0.22724243707777889,0.2725888685376458,0.3141247354062366,0.35242005640464164,0.3879359338918867,0.4210496701278643,0.4520724711440934,"3.6888794541139363"
-0.03681340075195445,-0.004011980235602668,0.02220380692093734,0.04463311894385096,0.06429701243058641,0.08160677420254081,0.09657217186297076,0.10859599053930938,0.11483644235177311,0.13541428293880348,0.17817498884420357,0.21672311225808535,0.24739006105045014,0.27352555805349577,0.29670138521522293,0.3177376740558476,0.3371252271666158,0.3551863398186241,0.37214721987512933,0.388174593361516,"2.740840023925201"
-0.06983907936697867,-0.026856820199381695,0.005597457400146964,0.029724924533560033,0.04098308096551842,0.061927620651717113,0.08805219619562024,0.09155515071438693,0.13254785026400634,0.10155825777965888,0.17876483098118012,0.16743789707881965,0.22827227652298787,0.2120186322688549,0.28282365795823117,0.24723737357202152,0.35036647975014384,0.3870956349107233,0.4179167096965464,0.4455682406009952,"2.1400661634962708"
-0.051423109847390396,-0.006064230550698686,0.030862292007604056,0.06276005278049107,0.09091162357564318,0.11588913003278949,0.1378650485704805,0.1566201914800482,0.17119143428048839,0.17748153022625018,0.18493951449707083,0.20950097620738273,0.2139085265667048,0.2534358121269446,0.2684805152044281,0.2871593764016998,0.31864534604921757,0.33166080093253086,0.37135077400877115,0.4175311079872682,"3.068052935133617"
-0.30281197378517893,-0.2807388505498555,-0.26220975314326517,-0.24632863775445168,-0.2319446241449654,-0.21876765515587895,-0.20646512170439968,-0.19489947248176126,-0.1839286665252447,-0.17354027155355906,-0.1459101959153706,-0.07043194382220051,0.000914795515534852,0.0659955880514635,0.12581438792003705,0.1811424495455103,0.2325936247505562,0.28066507945476504,0.3257655303403597,0.36823527757036795,"4.07753744390572"
-0.30115166474988453,-0.2714899681695092,-0.24730627576959982,-0.22635807543632214,-0.20745519418221858,-0.19007549516955663,-0.17386234431082817,-0.15859641375282876,-0.1441147495771468,-0.13030069174402384,-0.11697986194175843,-0.10156817612256731,-0.010397691997143667,0.06505324793388802,0.13418061434431097,0.19791127523776278,0.257003057068867,0.3120656167100746,0.3635978247182667,0.4120136543143168,"4.069026754237811"
-0.2743438502539594,-0.2617509283106242,-0.24915800636728902,-0.238912555027991,-0.22927501769272093,-0.2206745861497716,-0.21246697886328225,-0.20500296995159237,-0.16922001516686994,-0.0956588354687776,-0.02941403265510556,0.030158213912399322,0.08426861652207286,0.1338238740851927,0.1795228521001844,0.22191611322692426,0.2614453868278038,0.29847058331203935,0.333288814928332,0.3661481297902746,"3.9415818076696905"
-0.04537289313894045,-0.004763817264738283,0.02825626706796061,0.05685916568492107,0.08226058529629249,0.10504248204974494,0.12546501529527965,0.143540120463547,0.1589566922288433,0.17065481818645992,0.1737628337281588,0.1859756057748853,0.20624534052138727,0.21071992768243944,0.24856496536450287,0.27959424453877196,0.32367680391162323,0.3669496986988436,0.40426060264691216,0.4368382025094786,"3.091042453358316"
-0.06545613718217072,-0.017419634526284145,0.022561410477630228,0.05776429337007063,0.08948692241225888,0.11839635193703678,0.14486430188280772,0.16908397056959132,0.19110837973468672,0.21083961521736486,0.22794872682181555,0.24159527803530453,0.24905556232636641,0.23893882423155266,0.2717322155199459,0.2784688286539238,0.3135383719702244,0.3264473204522414,0.34225735311596944,0.3689756397186116,"3.4657359027997265"
-0.05324051208318776,-0.007066398537250356,0.030495478825555984,0.06288773366405133,0.09139551294516143,0.11657034176411049,0.1385292173869443,0.15691026127569765,0.17025966787504593,0.17001787811473956,0.19323977112288876,0.208983572906819,0.2284996155178333,0.257222949318622,0.2603877556563467,0.29804763478463525,0.3212778887438754,0.32290230426272243,0.37351801971812293,0.4068864104601071,"3.044522437723423"
-0.32461350896902935,-0.2838989554063933,-0.2534506472540809,-0.19611608586247903,-0.1725104145523796,-0.12954923049072506,-0.08251741428177477,-0.060509875535261326,-0.02076714551113853,0.029502107133038913,0.06189569779855078,0.005949218736061241,0.13847340421635243,0.18575614192242562,0.22588690996332098,0.2623415610393173,0.29633320851041756,0.3284700205232544,0.35911737539551397,0.38851993016322184,"2.3978952727983707"
-0.06024883901498676,-0.016914290634677,0.019359473610212504,0.05156558531683469,0.08091014575052749,0.10803942061694076,0.13334965039594032,0.1571024468329985,0.17947725092894032,0.20059806407440126,0.22054777904718942,0.23937556241711444,0.2570995664302894,0.27370564252300433,0.28914159291620706,0.3033053902892181,0.31602508181479,0.32703294154973556,0.33598797377771766,0.34300431121658054,"3.784189633918261"
-0.05077880791901226,-0.007527937943738449,0.027860545754524086,0.058712815834040005,0.08632895749226763,0.11136629130053022,0.13417976443648894,0.15493535818844806,0.17363618362061928,0.19007707845410082,0.20364687626638442,0.2124491387962537,0.20017235241836787,0.23400481344489055,0.23974928905657794,0.2733902410877108,0.2928274183479145,0.3459717235192773,0.3938897181407445,0.43674822007315545,"3.2386784521643803"
-0.07586387170733208,-0.04137867564789894,-0.013344376394365547,0.011164850947256428,0.03330108849045189,0.053669700638360025,0.07263859068719382,0.09045101468664911,0.10727658556770527,0.12323739416576236,0.1383933499150918,0.1549479263761826,0.18826326871611973,0.23771391328589242,0.28005741417848323,0.3179910731947315,0.3522335171164741,0.38343800123448657,0.41212909887103083,0.4387257857748707,"3.4011973816621555"
-0.04035595738284436,0,0.04820089993872402,0.08573779675584921,0.1180006689076462,0.1428044747342092,0.16386974723949116,0.1825157200878964,0.19952582697266585,0.21494850443475513,0.2291630309646833,0.2426252038817116,0.25542836682970865,0.2674634655389438,0.2788670157238515,0.2898610836719017,0.3004655881976287,0.310623107212589,0.3203985595453679,0.3298943846034156,"1.0986122886681098"
-0.060948572669505235,-0.013814919628352509,0.025505227523612922,0.0602419657570815,0.09168567260350047,0.1205139421537916,0.1471248246792497,0.17175825168286227,0.19454693931575692,0.21553498766862195,0.23467402036734458,0.2517913981564866,0.26650005469399346,0.27793020083223013,0.28361105331187536,0.2588902511838146,0.2622122284336666,0.32660356777363525,0.3476198230797531,0.3506738170870224,"3.56953269648137"
-0.036810456770942857,-0.0013174395424515389,0.02640086893245263,0.04908605718757372,0.06722352109854624,0.07930500054950858,0.02135457067494429,0.10922577121842836,0.11995808045275777,0.14453122274051916,0.16917465591350986,0.19967176776618314,0.24161639474361823,0.2716695858750749,0.2972083868092736,0.32000874837228444,0.3408689951008374,0.360240765923003,0.3784137535957939,0.39558920751244364,"2.4423470353692043"
-0.08852180689273381,-0.03869426441699249,0.0006102025618292126,0.032703060537873925,0.05788537086502508,0.07259567824436855,0.08484686298925434,0.11978210317424078,0.12091789803592187,0.16309200050650313,0.17997264814464903,0.20649689117173434,0.23129723320008228,0.2515200664176535,0.28223343544516555,0.2996765959982759,0.33469705856582854,0.3524202152421436,0.3899688654464616,0.41067938575127805,"2.5257286443082556"
-0.057543719198984905,-0.012224850161890743,0.025507457310883743,0.05884034327980479,0.08904970281075299,0.11681046235157853,0.14252635279560175,0.16645138927802552,0.18874312323672343,0.20948667782570277,0.22870233985193672,0.2463394409007602,0.26225185063211404,0.27613762067995273,0.28738946726904685,0.294682611499525,0.2951219912004643,0.30346478770579666,0.3333380429508184,0.3543654863184837,"3.597312260588446"
-0.07978753635889764,-0.038163824357397264,-0.008264385998786941,0.009565739356568341,0.021219186113435082,0.05587237814248153,0.012816276168298899,0.10038486641157181,0.09623099672386833,0.146976095277967,0.13646047132749864,0.19656242794083692,0.19652347239347717,0.2497653025096024,0.2693383755785949,0.3088573491986941,0.3486139369338869,0.38026834353795635,0.40827800458197067,0.4339549103796675,"1.791759469228055"
-0.13532425935288003,-0.08200374646031092,-0.04172843583663765,-0.012510538979328238,-0.007497379675637107,0.03779343835945637,0.0631223241624934,0.08186508356546916,0.11884660147577616,0.1254271920455336,0.17295012826879985,0.1746496407079654,0.22756951940567902,0.23429277029844717,0.28325768222112446,0.2993260288904322,0.3398581752256061,0.3658241022933346,0.39623163192710065,0.4333370596759545,"2.0149030205422647"
-0.05817384082698864,-0.013408570656318475,0.023917371336854253,0.05694073640735873,0.08692007400680896,0.11452429413626637,0.14015738555690713,0.16407862209923044,0.18645616807243545,0.20739282930769895,0.2269373192617593,0.24508553969725727,0.2617717250043122,0.2768445192456324,0.29001420215792767,0.30073793763340256,0.3080034572738417,0.3110164997816178,0.32279436802598604,0.34717042500563366,"3.6506582412937387"
-0.2948700597181005,-0.2441615745290807,-0.22824834388134257,-0.16590611974461428,-0.11724409513573683,-0.08846616637129734,-0.06335017036035448,0.002899290369972909,0.04904477801068137,0.08895893848660816,0.12525267368678786,0.15900365839107972,0.19079941215188334,0.2210109898724665,0.24989479128993186,0.2776389556891382,0.30438755466932105,0.33025447996691937,0.35533200870981047,0.37969638682822116,"2.302585092994046"
-0.49736905408975246,-0.4196551393882287,-0.35679399946599516,-0.30223580466335687,-0.2532698916470521,-0.20840869112196353,-0.1667212938725227,-0.1275790799505454,-0.09053518902501727,-0.05525943513090868,-0.021500156195763256,0.01093943272382104,0.0422165404317378,0.0724590636695927,0.10177268865761785,0.1302459369707104,0.15795383445914446,0.1849606335932449,0.21132187009192982,0.23708594173357422,"2.772588722239781"
-0.07303002635055122,-0.029082384252603826,0.004580926103886021,0.030524319235363556,0.046749481597944426,0.05155402127604566,0.08942425983784137,0.09210239959533326,0.13087239609268264,0.14539610394275387,0.17419418440940543,0.19428726544947594,0.22083197702348561,0.24401689450780076,0.27206042766706606,0.2968186499642899,0.32924917752053323,0.3596601535133945,0.4051030401803792,0.4391905612543126,"2.2512917986064953"
-0.05790062954514679,-0.013167509914265007,0.0242029514526707,0.05729606599346013,0.08735052194187713,0.11502456362002657,0.1407151116727866,0.16467583720472578,0.18706967071927522,0.20799376411899295,0.22748992594117867,0.24554469848480576,0.26207835503866767,0.2769165703968876,0.2897275299584806,0.29988244631802485,0.306203755305993,0.30855591761037743,0.3244145584917459,0.3479567022703592,"3.6635616461296463"
-0.0554312556620421,-0.014049761529001517,0.018223116116554645,0.04425982104881565,0.06417452605228956,0.07385485126542896,0.08875749256554878,0.11434555452596379,0.10673318743057246,0.15511839078620945,0.16048757656870946,0.1972465691591563,0.21374275930123707,0.24227589553654127,0.26738181629214863,0.287303947654858,0.3368723792189035,0.3746196336219449,0.4053925340529666,0.4326788096133403,"2.4423470353692043"
-0.2368024179300861,-0.253253769018527,-0.1597615064881489,-0.143391163936554,-0.09353598181751406,-0.06034980726273858,-0.045631494267088867,0.009922556946156895,0.034271738844103984,0.06327845714541544,0.11175847036856477,0.14017040293313768,0.15125186492488302,0.2167658968026657,0.2586021005894609,0.29470792237267307,0.32763593624270415,0.3583717500102834,0.3874333571041273,0.41514044064051253,"1.9459101490553132"
-0.03302961740933843,-0.00021462292012229772,0.02528922989961535,0.04620458489701586,0.06272833426833588,0.08966307078976449,0.13184658555803197,0.16150479293153153,0.1858227599789857,0.20696469584406868,0.2258775096788594,0.2431075572812681,0.25900504060359414,0.2738145957389258,0.28771476815837893,0.3008411379264606,0.3132996581470937,0.32517478169269737,0.33653495897033964,0.34743665145670155,"2.0149030205422647"
-0.09414247144598567,-0.041493564785115185,0.0011300178812050287,0.037346995834112946,0.06830698601490776,0.09405031482367474,0.1130256213876503,0.11174132579562852,0.1498590596392392,0.17118431344492532,0.1786834093015088,0.2174491163218375,0.21821572163811556,0.26150735708719297,0.27784648121807376,0.30519365052120484,0.3297947573524004,0.34940759669285787,0.3810024568576239,0.3948599043224591,"2.8622008809294686"
-0.05848827555365628,-0.013025941727940407,0.024745802226332485,0.05808204584684398,0.08828488285221467,0.11604339165269664,0.14177082098064117,0.16572891456624245,0.1880826780249226,0.20892559528828383,0.22828860693175204,0.2461362179936082,0.26234636665567906,0.2766600794111401,0.28855840934078314,0.2969263421387263,0.29909226953640855,0.299542510759428,0.33088615981241654,0.35554091114109737,"3.58351893845611"
-0.16967715687967969,-0.12246088036341135,-0.09857406337835745,-0.06521027371932124,-0.03104938577724504,-0.009481551672124484,0.028802029872274603,0.05144887215997526,0.08593941739866184,0.11561909359393083,0.139050093839419,0.1799597390772831,0.1526326594566641,0.2425733746380692,0.26697645061769015,0.2985430423705815,0.3428318679045683,0.3623622460430945,0.40764107023566293,0.45572491049138497,"-0.6931471805599453"
-0.04682513263343275,-0.009213676953292654,0.019525552327491025,0.041829855461168276,0.05657948970168176,0.037672472209994035,0.0903603987987966,0.09796746176628522,0.1277132123690336,0.14590581472299494,0.1677287401804018,0.19486472874897084,0.20574225185232128,0.2585090867161958,0.29261029799439187,0.32049262525177913,0.3451604669405507,0.3676819560724208,0.3886032261888865,0.4082557045160662,"2.2512917986064953"
-0.058385497117782126,-0.014015317324754103,0.02303872803279792,0.05586143295960951,0.08569233848727768,0.11319191179142903,0.1387608380761616,0.1626584699584477,0.18505600166789718,0.2060625675404865,0.22573765105507557,0.2440947386536444,0.26109720079409915,0.2766442486451876,0.2905403464549733,0.3024336662821558,0.3117080007517722,0.3175522687916632,0.32302823009162174,0.3416080963782982,"3.6888794541139363"
-0.03235943837006385,0.0015814475746499701,0.026864692207612267,0.045395003122355594,0.051312246849153205,0.07663128733672867,0.1164614329925316,0.15243239534660127,0.17956675569839867,0.202597415022557,0.22301150226511268,0.24153846310922342,0.2586097603167189,0.27451054092826266,0.28944250587294446,0.3035551979020011,0.3169634753262648,0.3297579326721885,0.3420115055398571,0.3537839430799489,"1.8718021769015913"
-0.06777302348938631,-0.023159183005708187,0.013954030226402708,0.046796545767663025,0.076664890204571,0.10425198926945904,0.12998233904269316,0.15413665923728267,0.1769085178180692,0.19843322250318776,0.21880340203680668,0.23807717701145853,0.25628137900018927,0.27341049402487794,0.2894205934767216,0.3042156086228958,0.3176196417516073,0.3293210650357171,0.33876047244909785,0.34499301483871236,"3.7256934272366524"
-0.06329171066005025,-0.034844989786979676,-0.011894043196058664,0.00805119243750185,0.026004398600026443,0.04248513917765648,0.057816657986030494,0.0710844995548551,0.10458530133136384,0.14806646994304817,0.18670340547950062,0.21984851237904643,0.24891148624873805,0.27483258834271845,0.2983069838776789,0.3198268324400013,0.33974672515685006,0.3583287201447734,0.3757719066967722,0.3922313599175784,"3.068052935133617"
-0.05843629568107391,-0.014916827233662003,0.021595632824040336,0.05404017525119866,0.08360143170013336,0.11091328611598353,0.1363627566596899,0.160203051825483,0.18260471930579203,0.20368132341606085,0.22350260261985586,0.24210023065887057,0.259467995254879,0.27555624692367614,0.29025860782561674,0.3033866462819565,0.31462815759309576,0.32352039329455323,0.3298808272773809,0.33764273281103174,"3.7727609380946383"
-0.08322121833624851,-0.04070674197608073,-0.0058039989205958785,0.024874345959354453,0.05267132530351192,0.07829890268222969,0.10219172662956895,0.1246378341896227,0.1458378128449388,0.16593504354875255,0.18503224595755824,0.20320057102371464,0.22048390059839934,0.23689944097005464,0.25239880776743906,0.26911857257154714,0.3039332664274042,0.35904603815508057,0.4072397609926778,0.45116888629562646,"3.58351893845611"
-0.23461958031984825,-0.2169398314302378,-0.1589556644480357,-0.1261950824406048,-0.10260320588713492,-0.051547826206793566,-0.030576787649647625,0.0067307680190687455,0.05203211019560305,0.07795714862942504,0.10061367270106597,0.15891447225774896,0.19987371204829646,0.23549333081579057,0.2680222882289896,0.2983818500443241,0.3270706867217061,0.3544020620042281,0.38059173130928964,0.4057977769203247,"2.0149030205422647"
-0.05914068898002005,-0.021115317035996773,0.006392398321542111,0.023893570519194413,0.022052241828440546,0.06344767337249023,0.06374331515574437,0.10435388878403933,0.11303830434723426,0.1490458538263321,0.15958735167648314,0.19921235172017882,0.2097279612068944,0.26202624183143386,0.29410689196861145,0.3212609384643197,0.3456329085287432,0.36807944692455263,0.38906075095181214,0.4088643013736927,"1.8718021769015913"
-0.20175757642790262,-0.16974861497145213,-0.14381363588175047,-0.12125048827030782,-0.10088351435050387,-0.08213019821093491,-0.06462615310416119,-0.04813311716571587,-0.03248084095136431,-0.01756233221874933,0.0007996096701167587,0.059412807838245145,0.12756941358262905,0.18884181941754447,0.24464289063098976,0.29582126515962576,0.3430509875833008,0.38687562178597024,0.4277406891881504,0.46601579070369037,"3.828641396489095"
-0.11846205582871092,-0.08285144482126246,-0.1346429414031881,-0.02852824057725815,-0.03907304267440059,0.023722194351697087,0.025364942681520453,0.07552610116302495,0.09696612867374399,0.12340800862291094,0.16045331985956815,0.17083242822840117,0.21817858761508063,0.2571829817569034,0.28884175076087654,0.31702786911223557,0.3429589064454607,0.36722450155072955,0.39017256883533885,0.4120331761032638,"-0.6931471805599453"
-0.0643858398586158,-0.0643858398586158,-0.0643858398586158,0,0.037663301894727795,0.0643858398586158,0.08511345062202279,0.11636806457928195,0.1494992904806386,0.17387007924007794,0.1931575195758474,0.21841720633262554,0.24513974429651353,0.26586735505992054,0.2849887736680846,0.3078518608214359,0.33025319491853633,0.34937461352670046,0.36791649681326416,0.38775520957933235,"-0.6931471805599453"
-0.04724550892728109,-0.011334385016525636,0.01461081764127666,0.031280479640886635,0.022112197769960772,0.06808992302288965,0.07016093894590533,0.10896557738967137,0.12072446455873266,0.15561772711750577,0.17729330248466693,0.21958644086494006,0.2491237024316219,0.2743038264962353,0.2968890911238076,0.3176427193797286,0.3369905459074661,0.3552043625610984,0.3724727606374719,0.38893425132723464,"1.8718021769015913"
-0.047168753645070345,-0.019133743006145575,0.0036231066518740405,0.023205812334486566,0.04735558859462169,0.08952750869663535,0.13031967265635833,0.16038186304419477,0.18544152795388288,0.20715301222179777,0.2264781413657173,0.24396998037981946,0.26000334685090404,0.27484112311883085,0.28867856951390153,0.301664938326069,0.31391784150389807,0.3255312333531705,0.336581609649202,0.3471323173744191,"2.3513752571634776"
-0.21671658054405554,-0.1892341028271681,-0.16682940655765616,-0.14742383935954653,-0.12991419402606888,-0.1138164863937387,-0.09880014183800406,-0.08466186514789631,-0.07124270153188429,-0.06231954830628703,0.0025679143324253075,0.07102880881872949,0.13278521499702858,0.18880886073834752,0.2400383840481794,0.2872012687913109,0.33087614887010125,0.37153159071041436,0.40955243997868274,0.44525831909509633,"3.8394523125933104"
