0.1308939447944163,0.14846301483998672,0.1627897899396886,0.17507669900136238,0.18585214969875416,0.19543492976461627,0.2040491360916386,0.21186463228081368,0.2190140306454185,0.2256015399461155,0.23170927040045008,0.23740253550497595,0.24273408544572153,0.24774716639685013,0.25247768166733614,0.25695578010079734,0.2612070368777462,0.2652533305013585,0.2691135188074749,0.272803972487664,3.295836866004329
-0.24490895084327502,-0.16466252717233784,-0.09770821492662664,-0.04029386140206429,0.009578349166124977,0.05318247468566946,0.09140045062470246,0.12489302228763077,0.1542323644895894,0.18004052276127402,0.2030806188157511,0.2241012200460518,0.24352082182541207,0.2615459792457731,0.2784133716083919,0.2942453914457097,0.30915018388074667,0.3232607557463071,0.33660580824142905,0.3493132729180884,4.197201947661808
0.13622736041735245,0.15079831298182575,0.1632188408078585,0.17428142420370535,0.18431860058392588,0.19351956282073063,0.2020104253757083,0.20988429096088415,0.2172149534448073,0.2240638283350227,0.23048361217552055,0.23652022906335865,0.2422138924796777,0.24759976982280543,0.25270852009207284,0.2575668158040254,0.26219786152604757,0.26662188457595387,0.27085657587996353,0.27491747217359347,3.9415818076696905
0.09786797982097326,0.11766065857431501,0.13488179842696715,0.15041722686763265,0.16464435452176604,0.17777977382331914,0.18996798333860848,0.20131518809129398,0.21190529034509248,0.22180856339229507,0.231086732263492,0.23979596000824824,0.2479884072059782,0.2557127552755697,0.2630140625258013,0.2699333658054913,0.2765073953047474,0.2827685899949647,0.2887453897904214,0.2944626739860119,4.283586561860629
-0.03547810644763246,0.006459756771123776,0.04259909383873059,0.07465696756757641,0.1034549827707483,0.12950306250275792,0.15315817933376408,0.17469107416476418,0.19432279789997145,0.21224888326550992,0.22865637707085784,0.2437328531323198,0.2576638347110277,0.2706192672599028,0.28273994201190594,0.29413610335169726,0.30489537463853,0.3150889732647519,0.32477516322474853,0.33400292576957596,4.283586561860629
-0.3789781456933338,-0.2898018717573341,-0.2138428772146477,-0.14751844845406267,-0.08889352800183654,-0.036705005222752406,0.009937541277301934,0.051690986240944876,0.0890630690420976,0.12248124154286825,0.1523684897657858,0.179227940919824,0.20367079112608552,0.2262687266678873,0.24736032457380364,0.26714418879183366,0.28581171692246976,0.30347733216689793,0.32024129866174245,0.33620447946107174,4.448516375942715
-0.35514589084112885,-0.2550249930977135,-0.17283655991218128,-0.10342843236649638,-0.04401195862773946,0.00716758334843454,0.05129100036777496,0.0892211749574434,0.12175269779781255,0.14995732168000292,0.1752840523991135,0.1986311196395102,0.22008045691986886,0.24008421878375288,0.25879834357390147,0.27624430224923313,0.29283704513803166,0.3082900927161653,0.3231224493333125,0.33708546650960697,4.182050142641207
-0.06567223976969126,-0.012428498483031736,0.0318399598122779,0.06975842213140272,0.10264917645410292,0.1313422308432219,0.1564297492808287,0.1784011779109678,0.19773994189114294,0.21496859308035582,0.23057984476036855,0.24490687098668998,0.25814412864652825,0.2704572318537241,0.2819702422638428,0.29277068050302885,0.30295092740368795,0.3125705188367509,0.3216880947864699,0.3303612384873236,3.970291913552122
0.10657739843192768,0.12453722780462925,0.14025188366391655,0.1545114832664045,0.16764950884798482,0.17985543778833524,0.19125425617575087,0.20193654175580691,0.21197254825837622,0.22141976945765654,0.2303273907557015,0.23873904531382806,0.24669452217311538,0.2542307513873926,0.2613822645567408,0.26818129648190453,0.2746576942278991,0.28083878824127906,0.28674933465171587,0.2924115706298881,4.400603020246817
0.1171443103079784,0.13855579391687461,0.15578431133252352,0.17029337739094125,0.18275397001965235,0.19360241621617835,0.20317170096756387,0.21172465146608085,0.21946016168419435,0.226522812805277,0.23301999055303357,0.23903553209721246,0.2446360001832892,0.24987476379016857,0.2547957574604573,0.25943546295761477,0.26382422252310384,0.267987806635971,0.2719482568692953,0.2757243976044186,3.1780538303479458
0.12452297088322639,0.14031519980340335,0.15398184645485627,0.16628951849246654,0.17755952421379553,0.18797363992999394,0.1976517850087231,0.2066813284043556,0.21513071086055838,0.22305662672053778,0.2305080784494407,0.23752869356849582,0.2441579800064915,0.2504319210498526,0.2563832026098369,0.2620413003125985,0.267432578463571,0.27258046640253936,0.27750570840394495,0.28222665192783414,4.197201947661808
0.03417737295591395,0.06382351013028272,0.089654747148891,0.1128789248499326,0.13403787682088802,0.15345519218925255,0.171352679582533,0.18789614114970452,0.20321809911678565,0.2174310359692864,0.23063590102828366,0.2429275445609363,0.2543974310136813,0.2651336455355918,0.27521874878162794,0.28472700364137415,0.29372275778246254,0.3022606528076274,0.31038692479664654,0.3181408451831454,4.356708826689592
0.11749097283957506,0.13994865952263716,0.15759440960614832,0.1721544414072846,0.18445565359663604,0.1950494851570297,0.2043428376806109,0.21262848672788448,0.22010704479269727,0.22692002259699173,0.2331758520790792,0.23895931913695279,0.24433635279024962,0.24936035728302397,0.25407527624545917,0.2585166832413404,0.26271445935714643,0.2666942215150132,0.27047731978746914,0.2740822062915261,2.9444389791664403
-0.05434984856417523,-0.011842029889011,0.02522134984544216,0.05845239530750408,0.08861479567205802,0.11618163122064644,0.14148375035755054,0.16476993807903903,0.1862380342242997,0.20605417304080373,0.2243663981074544,0.24131482334517038,0.2570382114601839,0.2716754752453581,0.28536116635233877,0.2982173526403534,0.31034760872437783,0.3218368518536585,0.3327548141039035,0.34315931737955024,4.454347296253507
-0.13327306014239346,-0.07709990555192721,-0.028714722968207044,0.014090015181411755,0.05242030572873084,0.08697965977671333,0.11826458362332622,0.1466491988734735,0.1724331667064705,0.1958754893411895,0.2172221061311893,0.23672652198358016,0.25465421690234674,0.2712614419711387,0.2867613445059611,0.30131248541876177,0.3150358521199313,0.32802856444383083,0.34036760974440367,0.3521170681500607,4.375757021660286
-0.010946739934018358,0.02712305285529277,0.05995472165631385,0.08912494413930597,0.11537560858226655,0.1391629312310046,0.16080521332187311,0.18054409532212498,0.1985774653302559,0.21508056350558272,0.23022015278267172,0.2441614866511426,0.2570660524274962,0.2690814383435454,0.2803314628575396,0.2909149094531185,0.3009110831281648,0.3103848277770811,0.31938960794382654,0.3279704315126853,4.2626798770413155
-0.518943056126853,-0.34613397405288493,-0.22289671308116282,-0.130834276535868,-0.06208775251362197,-0.013897070672102127,0.019440508456236474,0.06135796835833441,0.08160405389072303,0.12027531388987296,0.13080847607357576,0.16699175417021347,0.17659392834592125,0.20280562787779727,0.22048042425952782,0.22826303646802062,0.2552877540577057,0.25919788763104895,0.27841342417424003,0.29474566989484674,3.7495040759303713
0.12889150677252756,0.14706284351991733,0.1618299988232906,0.17444683942812006,0.18546856810436593,0.195233807953085,0.20398308194176248,0.2118995858307984,0.2191258372618956,0.22577270686450715,0.2319265978858873,0.23765574279484752,0.2430150405254547,0.24804936167493338,0.2527958523810715,0.25728563950101946,0.26154507365506513,0.26559664421255086,0.2694596985648866,0.273151005417496,3.258096538021482
-0.5528068001061299,-0.3191283034077471,-0.17618620294956056,-0.0860519032197173,-0.05889355937844405,0.015825902590705924,0.015935723012801373,0.08707487337221644,0.08679419449254812,0.13250380931866212,0.15810450086362926,0.09745125887818909,0.20165230607964543,0.20166019819868902,0.21127536294465282,0.24801020132820464,0.24937576346953194,0.25885997767489705,0.27410966890411226,0.301937739263807,3.3843902633457743
0.10477422115556297,0.12451011391369696,0.1414471814070101,0.15654844234305082,0.17022520395111937,0.1827153626978225,0.1941803066364879,0.20474203170317207,0.21450064572478655,0.22354342610419964,0.23194927860678516,0.2397902780004932,0.2471315026759362,0.2540303781356737,0.26053648628456855,0.26669212502935213,0.2725333052839832,0.2780907879114677,0.28339099590811584,0.28845678263423796,4.034240638152395
0.10078104646843336,0.13766032564791342,0.16072547575554286,0.17669330435499972,0.18935513112767668,0.20009234232054662,0.20877201651484098,0.21630313445524527,0.2234036576944089,0.22940087817899393,0.2347334076658791,0.24005257461797083,0.24455539456642067,0.2486949272506239,0.2530581334835271,0.2566337436614324,0.2599656114020915,0.2636263710659561,0.2665918802355852,0.2694578152959866,1.8718021769015913
-0.23562912115628604,-0.1426479124917622,-0.06895617601675721,-0.008666695646951921,0.04128091750704855,0.08273017065032363,0.11697014997277067,0.14534962412673202,0.16989131880728606,0.19226964985524211,0.21241060184122568,0.23086267046373116,0.24805250492247669,0.2636328152090477,0.2785899002561184,0.2921489963658036,0.3051592422209235,0.317506441131191,0.3286255912517288,0.34025582668417276,3.8815637979434374
-0.35607840203815677,-0.2712133163691572,-0.19852882480832945,-0.13473044291577055,-0.07805652565852036,-0.02735639468376136,0.018185394181904686,0.0591746406069519,0.09608139318517821,0.12929618955578082,0.15918627773777805,0.18615737583729322,0.21069387300607717,0.23330483768619462,0.2543775015435229,0.2741393347492721,0.29276702845215824,0.31040265987926363,0.3271404937520537,0.34307639549992563,4.477336814478207
0.1227055524538201,0.13969277664200305,0.15417988045617242,0.16705761844755573,0.1787026616844448,0.18933145463731374,0.1990903230354631,0.20808948955602882,0.21641864738865743,0.2241546675052606,0.23136528016405464,0.23811055606660098,0.244443364311291,0.25040963690767115,0.25604886621505063,0.26139486265324274,0.26647660139031243,0.2713190122714765,0.2759436607305607,0.28036931523766206,3.9318256327243257
0.13147201551243354,0.14928597614607153,0.1636387222223099,0.17585381341714865,0.186514625010081,0.1959692704892217,0.20445692534217755,0.21215390849489174,0.21919435746943597,0.22568174342751077,0.23169686751265808,0.2373038950459481,0.2425547000127408,0.24749184632942078,0.2521506907924211,0.25656093563680477,0.2607477765544962,0.2647327618428809,0.26853446317095003,0.2721690026566967,3.1354942159291497
0.12734213955937623,0.14274404666417684,0.15605409643764365,0.1680305810805647,0.17899098782039694,0.18911479546190588,0.19852036679473514,0.2072939334054553,0.21550304120333877,0.22320361214654755,0.2304439077679884,0.23726677964047568,0.24371088747268682,0.24981129057871154,0.25559970236405,0.2611046223394965,0.26635148008710663,0.271362843475556,0.27615868359643675,0.28075666490517875,4.174387269895637
-0.010185742177606106,0.04357208092240219,0.08513423698770044,0.11825642751501526,0.14480122799510267,0.16614304924835055,0.18381820910167032,0.19931339443774376,0.21307930431798686,0.22528873744834144,0.23648824348562583,0.24662232751366364,0.2559427059550339,0.2647164332921398,0.27266307155624653,0.2803259446316325,0.28743259071402366,0.29399799324950726,0.3005732653463253,0.3063764322634428,3.349904087274605
0.10585405402263877,0.12336820114865793,0.1388074883831772,0.15290748915860272,0.16597772360120577,0.1781933479518816,0.18966923662838764,0.20048792911330526,0.21071265438043993,0.22039429219603673,0.2295754721367952,0.23829315915663446,0.24658035540348378,0.2544672331813588,0.2619818662914559,0.26915065879127337,0.2759985442744518,0.2825490245064079,0.2888241179078823,0.2948442837005019,4.564348191467836
0.13479026683787365,0.15147565228434728,0.1649676150878375,0.17654384639058246,0.1867458521129339,0.19588291120465026,0.20415993848394906,0.21172490727992377,0.2186902191270298,0.22514379818939848,0.23115569918375414,0.23678254690290088,0.24207072439659894,0.24705870079513095,0.2517787375547233,0.25625815740398067,0.26052030570839385,0.26458528793878144,0.2684705422499862,0.27219129097680017,3.1135153092103742
0.018750498340839406,0.049727978256489176,0.07690899471183743,0.10149052935551993,0.12400995995568877,0.1447885900573978,0.16404650930151166,0.1819473631266619,0.19862027042692693,0.21417238333307007,0.22869696788231308,0.24227896511725092,0.2549987450804377,0.2669341589033372,0.2781608208431098,0.2887508329793445,0.2987707467877868,0.3082799040143498,0.3173299112314163,0.3259651457910926,4.48863636973214
0.0691976191465774,0.1018555347911065,0.12801517112832725,0.14968177839428298,0.16781877336686116,0.18311392671933965,0.19619989429977377,0.2076601017802354,0.21790068379059696,0.22714037587796482,0.23555328580924287,0.24328668670648296,0.25042900880370755,0.25706961328021494,0.26328036630624707,0.2691008785518409,0.27458895155949903,0.27977758597317715,0.28468844462995624,0.2893665904228732,3.295836866004329
0.1206672742739314,0.13633633151677887,0.15006221056020996,0.16254684597074093,0.17408378134273425,0.18483822367252806,0.19491811525179917,0.2044009080682863,0.21334601116447965,0.22180141143464435,0.22980753366427495,0.23739962835550002,0.24460928924139963,0.2514654072325935,0.2579947351545218,0.2642221805585522,0.2701709213378822,0.2758624270946166,0.281316454159925,0.2865510596283815,4.442651256490317
0.10746224726330673,0.12633247806477296,0.14261330901934,0.15720476242719383,0.17048916973479428,0.1826860094788861,0.19394250938271582,0.20436817130474744,0.21405103651830729,0.2230663108384311,0.23148107002881604,0.23935657146557765,0.24674899969178535,0.2537093373559493,0.2602830259574671,0.2665098957319143,0.27242450054897965,0.2780567156525735,0.28343240191560676,0.2885740276860089,4.127134385045092
-0.6051508051863211,-0.46996835559300526,-0.37188808305930926,-0.2967139412962018,-0.2380669365998217,-0.19358144558708265,-0.17659052705468603,-0.13756306844629823,-0.12739895071808566,-0.09195982609965794,-0.08675824959515603,-0.054432247993760875,-0.04926656233961115,-0.024167021878361998,-0.01414675883894171,-0.0015722475325232515,0.014863395244063509,0.01711909168203805,0.036145026841365314,0.04597422779684246,4.22683374526818
0.003989807181718384,0.0492355046112222,0.08574060914934681,0.11614058788908949,0.1417233711514742,0.16332756044896077,0.1816653951834127,0.19748428883313252,0.21149939478798976,0.22414488074672795,0.23562518442346683,0.24615746254385362,0.2558881292952079,0.26490323510563124,0.27333565949401745,0.2812303855138241,0.2886545027374991,0.29568912089041205,0.30232190373266243,0.3086471512320838,3.58351893845611
0.13627584083223301,0.15244860311065042,0.16568757410647975,0.17711167898456906,0.18720505163048098,0.19625208465631563,0.20444658657109452,0.21193191259946187,0.21881893975803066,0.2251954099602656,0.2311316295494621,0.2366845008359035,0.2419005868561211,0.24681843946533066,0.25147033530931506,0.2558835706862383,0.2600814409734934,0.26408398953672807,0.26790858658446504,0.2715703839910409,3.332204510175204
0.13977611709409857,0.15375090168681238,0.165651116193079,0.1762486361800589,0.18586698990314612,0.1946899324894248,0.20283960459903289,0.21040576180444862,0.21745908240665593,0.22405792406823638,0.2302519518476843,0.23608414567477512,0.24159196307516342,0.24680809376810503,0.25176104441598673,0.2564756603661534,0.26097361254032125,0.2652738443424354,0.2693929689840196,0.27334561347981345,3.9318256327243257
-0.6058902216153909,-0.4280818296026097,-0.3005709032443529,-0.20451273686193108,-0.1317397368508323,-0.07958892709953609,-0.04881761534622559,-0.0031564504218299103,0.015358060056154938,0.057287906425851874,0.06683481449932288,0.10561922847859298,0.11469078775247148,0.14311749298798687,0.1601744993752091,0.16993120193292607,0.1965561652319083,0.20035239689418585,0.22129929800758522,0.23734748180443999,3.8815637979434374
0.13205380978857384,0.149652202024817,0.16377100316086457,0.1758004959654012,0.1863341881743809,0.19571387782661887,0.20416772319099993,0.2118610129040345,0.21891888133905307,0.22543833328907947,0.2314958066798439,0.23715249303139577,0.2424581543441301,0.24745382099715568,0.25217372205700817,0.25664671285081553,0.26089734764508443,0.26494669182523395,0.2688129510397242,0.2725119675493229,3.0204248861443626
0.06982106191403624,0.0992042666279344,0.12353491781038275,0.14440132320146126,0.16252926152815544,0.17837657569472304,0.19229959297655425,0.2046204040486454,0.21564167429418307,0.22562206498474652,0.234751289463016,0.24316327231366375,0.25096347592275314,0.2582356241463254,0.26504517844720404,0.27144804009730666,0.277490213283474,0.2832093853418523,0.2886393174129414,0.293807413487001,3.6109179126442243
-0.02014976674623607,0.0735473091074797,0.12246805519204627,0.1444261310469274,0.17210017625986512,0.18628710256685962,0.19298346336430391,0.21909451734618535,0.21047238059372364,0.23308882182411236,0.24455170534900414,0.22696402356304848,0.25995756573529183,0.26120115105224034,0.26176335311749593,0.26609208092343545,0.2814190540318556,0.2814200575290721,0.2759451342767025,0.29857187788071377,2.2512917986064953
0.10314443362080941,0.12217183535979823,0.13870863938651798,0.15361973829778075,0.16727233269895547,0.17987655368935337,0.19157232330438884,0.2024623855687829,0.21262788238166733,0.22213675306965902,0.23104860767977475,0.23941755331261397,0.2472936496496024,0.2547234017504517,0.26174966298929025,0.26841133457003924,0.27474317977065255,0.2807758991251263,0.2865364341877003,0.2920483869723194,4.2626798770413155
0.12600244760001003,0.14153184949217218,0.15497460308309102,0.16708571553576398,0.17818132272040066,0.1884400683424694,0.19797964090907355,0.20688563362502033,0.21522494816914636,0.22305285864648383,0.230417006597305,0.2373597007075028,0.24391918697318948,0.25013027754729444,0.25602461426000045,0.26163077888413255,0.26697439487320007,0.2720782891158652,0.27696271871325084,0.28164563554197897,4.204692619390966
0.10725846364646185,0.12652127493581222,0.14306143278620226,0.15782088665753088,0.17120096421010306,0.18343320976563454,0.19467425131030086,0.2050420489263805,0.21463294432821473,0.2235305010741097,0.23180995052722977,0.2395398955714028,0.24678238662027524,0.2535924330367429,0.2600178096810168,0.26609948375430065,0.271872463301674,0.27736673140481094,0.2826080916475414,0.28761888962503446,4.04305126783455
0.10948103026853044,0.12892979113429248,0.14549799631194263,0.16018057876338443,0.17340286835684815,0.18541223401172235,0.19637848244457476,0.20643222076612855,0.21568256904535224,0.22422563452925717,0.23214782796087713,0.23952625219593673,0.24642809227194737,0.2529105213571858,0.2590216090769469,0.2648017706911057,0.27028517295183,0.27550090512620073,0.28047393715924596,0.28522587619615575,3.912023005428146
0.09622857278656795,0.12963521429812574,0.15345691729744637,0.17106013938924056,0.18472242927392013,0.1961668684460724,0.206027105604029,0.2145040949556354,0.22205868346700552,0.22890732514847523,0.23503664146479913,0.24069707742021432,0.24595589679813376,0.2507314889704468,0.25525830569993085,0.2595351909684553,0.2634442795316583,0.26722635490051094,0.27082247042957364,0.2741199233887005,2.4423470353692043
0.09034534140385102,0.1099702746740487,0.12731442930351167,0.14317022315774883,0.15787379804053991,0.17161684290739432,0.1845258938524066,0.1966923182903458,0.20818633899020175,0.2190645703623359,0.22937449253047593,0.23915730806292892,0.24844985489504876,0.2572859084012163,0.2656970429713295,0.2737131469179958,0.28136265702651203,0.2886725806477757,0.29566838618879965,0.3023738490385502,4.61015772749913
0.07140737634305812,0.09845247173226639,0.12130791184981002,0.14131474346298512,0.15907229741736373,0.17494278168393135,0.18918597838967813,0.2020144212935062,0.21361989747794427,0.22418259230904505,0.23386661366765266,0.24281005837066075,0.2511215185382386,0.258886017768417,0.26617216230409085,0.27303587427038073,0.2795233905539142,0.2856738604071614,0.29152052112683374,0.2970918956692262,3.8501476017100584
0.13452878736511378,0.1504444627633794,0.16370635008641785,0.17529333137569672,0.18562423470586495,0.19494431854094013,0.20342257012798945,0.21118723712092374,0.21834112247883555,0.22496875237433572,0.23114013993898838,0.23691328233762735,0.2423362571104171,0.24744909775788035,0.2522853874577752,0.2568735364063013,0.26123778147181587,0.26539896635744065,0.26937515003983425,0.2731820835387447,3.58351893845611
0.10762406567479584,0.12503120366662698,0.14034259830798282,0.15430144941947613,0.1672204650580276,0.17927663644642544,0.19058611732357086,0.20123248305438698,0.2112799094424518,0.2207802214993567,0.2297770430258473,0.23830840517077057,0.24640844513128227,0.2541085095922028,0.2614378324853031,0.2684238943060542,0.2750925507647251,0.28146801731355897,0.2875727939120891,0.2934275994222164,4.516338972281476
-0.46487169493709396,-0.3549945322876713,-0.2644207056450804,-0.1876630697081463,-0.12170431069888726,-0.06463073964471826,-0.01515870663824122,0.02760906526344828,0.06438516878596855,0.09601218167104159,0.12390171289187757,0.14958645580737426,0.17330679414785674,0.1952553170450332,0.21599714206303802,0.2352179971156903,0.25354843114927395,0.27072463663994295,0.28695830457001364,0.3026531719556482,4.297285406218791
-0.03264041731132723,0.007144793534634449,0.041764233162172655,0.072763986636604,0.10087085530833526,0.1265325507876949,0.15006123558333648,0.17169171112030124,0.19161156055948433,0.2099798189796594,0.22694006380050594,0.24262972299223756,0.2571851439449898,0.2707410659105535,0.28342465928978267,0.2953479911022096,0.30660441245768477,0.31727029201771284,0.32740861275994226,0.33707177667336574,4.406719247264253
0.12422959457829201,0.14127542602581325,0.15572924847521621,0.16851589149823193,0.18002761312576177,0.1904912249860495,0.20006154261289114,0.20885649629384073,0.21697290251482396,0.22449389024871125,0.23149212342964176,0.23803096801184986,0.24416500859012158,0.24994071691790928,0.25539745292324273,0.2605685980234876,0.26548260194875395,0.2701638651456803,0.2746334610839628,0.27890971564598804,3.8394523125933104
0.10487847231622253,0.12440217852674366,0.14119957262674865,0.15621106395193154,0.16983764035143897,0.18231057777808712,0.19378603206100894,0.2043812117587553,0.2141914609410661,0.2232992360875747,0.23177878020138662,0.23969808229611028,0.2471191207690929,0.25409735710002773,0.2606813571854908,0.2669129942475524,0.2728281508142289,0.27845759649347224,0.2838278211565428,0.288961760156736,4.07753744390572
0.13364063834314732,0.15040607770135908,0.16414064937416947,0.17597858806929498,0.18641363579770717,0.19573967068097745,0.20416053196162764,0.2118295387280194,0.21886657276691643,0.22536678713112787,0.23140616673918835,0.23704582685797493,0.24233547556940105,0.24731606354777116,0.2520217301751842,0.2564812410722333,0.26071906924938115,0.26475621274387795,0.2686108216948437,0.2722986907946149,3.349904087274605
0.10306653542809627,0.12109837761019551,0.13697392750088264,0.15145303889083359,0.1648561934654498,0.1773651926499937,0.18909957085495027,0.20014545429444008,0.21056903528419688,0.22042379256564687,0.2297547544830083,0.23860119101904995,0.24699837789991613,0.25497875140860266,0.26257262302297846,0.2698085587704718,0.276713509642076,0.28331278157322737,0.2896299355246933,0.2956866956133217,4.532599493153256
0.054410788663726554,0.0797988511535698,0.10213737005028084,0.12242938519871423,0.14111263648578312,0.1584431471122466,0.17459355352094968,0.18969080459663232,0.20383417666126563,0.21710525466032338,0.22957408827959266,0.24130326506123223,0.2523506526320476,0.2627711112715551,0.27261728932202467,0.2819396087265648,0.2907856735798932,0.299199479223282,0.3072208129362215,0.31488506162797814,4.516338972281476
0.10735101246436501,0.12489012815684411,0.14029872768112156,0.15433094487074198,0.167304318339177,0.17939873119915445,0.19073236854898704,0.20139039881557838,0.2114383610694015,0.2209293327277081,0.22990815109301582,0.23841406203297286,0.24648243154236563,0.25414583627701487,0.2614347058508415,0.2683776321984201,0.2750014470262116,0.28133116877732317,0.2873899138216608,0.29319884231086024,4.48863636973214
0.10009850481036786,0.11868922036677022,0.13503451629112875,0.14992055519649589,0.1636797862282813,0.17650131004244815,0.18850980696484665,0.19979538664330412,0.2104275562405351,0.22046272839402106,0.22994866767866615,0.2389272995845469,0.2474365374273114,0.25551144821181127,0.26318492925495085,0.2704880111464381,0.277449895375919,0.28409784412463635,0.29045703734600853,0.2965504837866392,4.499809670330265
-0.33158802303370044,-0.2489039721521923,-0.17814796911741576,-0.11607958498379703,-0.060972839522481524,-0.011702958347322465,0.03252617657686423,0.07230628779609034,0.10809839111667367,0.1402897215562517,0.16925082958647295,0.19539541737100072,0.2192099398187635,0.2411843339646198,0.2616744904166742,0.28089329490726755,0.2990128611201013,0.31616603896742845,0.3324454501332622,0.34794461187694464,4.454347296253507
-0.043327682227854415,0.016595733271206017,0.06322991007846976,0.10068302283608897,0.13099141168302428,0.15552549173643437,0.1756888060209608,0.19312072017006196,0.20872987914144756,0.22258698529540635,0.23521122001477568,0.24677706605296743,0.25728361779876674,0.2672219398972142,0.27629065195290037,0.28485881203764873,0.2930254836231006,0.3004062519072301,0.3078215929521713,0.3145175049059873,3.481240089335692
0.11959451255976893,0.1381082155437595,0.15365116366011655,0.16726696068206445,0.1794036140382991,0.19032550490479694,0.20021847676579485,0.2092288736261785,0.21747991665776847,0.22507790698169333,0.2321137977028603,0.23866370886117064,0.2447903096271528,0.2505451091204007,0.25597078081110425,0.26110301570645106,0.26597195297132464,0.27060329706699165,0.27501915847887276,0.27923869485689984,3.6888794541139363
0.11187904167127088,0.1301006408275588,0.1457996151816213,0.1598594521024208,0.17265445516038924,0.18439908373958125,0.19523706327015375,0.20527526633471416,0.21459959921004113,0.2232833518118814,0.23139169233459445,0.23898384629722155,0.24611381616975492,0.2528303353220554,0.25917667171392145,0.2651906832589371,0.27090521133225176,0.276348676181348,0.28154571070355927,0.28651774609453595,4.102643365036796
0.05453515380188336,0.1451160835886232,0.1409713275489293,0.18270475528453622,0.19325793805636027,0.22437994644700265,0.21426810107077932,0.22385190096198188,0.2278901919895429,0.23155225733566914,0.20763468625276907,0.23798924218010392,0.2435195671341072,0.2732856850712761,0.2505842478654233,0.2274075012959752,0.2838388678431001,0.2583802900217002,0.26176636166667516,0.2633560243314925,1.0986122886681098
0.11622138509593952,0.13323958773075623,0.14800277912547002,0.16131214251825637,0.17350491379371635,0.18477259483107383,0.19524189231766315,0.2050053407538551,0.2141356136411042,0.2226931364551835,0.23073043496455803,0.23829464113620544,0.24542883306397276,0.2521726109138587,0.2585622245862766,0.26463052885458893,0.2704069717871949,0.27591771376979773,0.2811858726764283,0.2862318402774299,4.23410650459726
0.1418203445606406,0.15634691741345183,0.1684029404586336,0.17893579679273433,0.18834874576576366,0.19687440868959968,0.20466888314643852,0.21184665276815698,0.21849639146865488,0.22468909887917674,0.23048275752192368,0.2359253012480654,0.2410567093804094,0.24591059195925372,0.250515427329067,0.25489553427736233,0.2590718357810879,0.26306246063619515,0.2668832198188031,0.27054798608382946,3.5263605246161616
-0.6355880618002856,-0.4332892530565648,-0.3214956283641792,-0.3173670812259425,-0.23511899143006285,-0.17545069810725467,-0.17132241664131287,-0.11919681962045846,-0.1713222838143271,-0.11919681962045844,-0.07925380241768211,-0.07512525530046331,-0.11919587721538347,-0.0369389348769695,-0.036948729803560856,-0.007403194928072881,-0.003274613431193504,-0.036948729802611976,-0.0032746478108540904,0.02684784498518909,3.8918202981106265
0.029888822009955976,0.06486083371843329,0.09427745063412263,0.11983609855821963,0.14233079180856897,0.16225124609890323,0.1799516712619013,0.19572669229209544,0.20985268650345726,0.22260151601693232,0.234223591903727,0.24491837168905686,0.25482965069867936,0.26406697303133303,0.27271855215576474,0.2808537772712877,0.28853060117809853,0.2957983261921208,0.30269751697192887,0.30926419122606585,3.8918202981106265
0.1282926258857133,0.1452875695570888,0.15950455663970195,0.1719446539271888,0.18303643488309954,0.19303181640758715,0.20210623967742133,0.2103953937243473,0.218010684765349,0.2250457999588095,0.23157951407043356,0.23767742516940543,0.24339379434913927,0.248773567827931,0.25385424078254976,0.25866736684660346,0.2632397366255559,0.26759429634892856,0.2717508563738105,0.27572663992230334,3.6375861597263857
-0.09197648541635178,-0.04354009001349578,-0.0014477728461891935,0.03613696265128654,0.07010507549739059,0.10101584314220532,0.12926276621956503,0.15514228659268595,0.1788903390277096,0.2007058658499958,0.22076832657947418,0.2392512932702496,0.25633078970309225,0.27218484088536304,0.28698287682013784,0.3008716852097644,0.3139694488459639,0.3263702998747732,0.33815077403111055,0.3493736193682103,4.442651256490317
0.05204053940874569,0.08078771958220506,0.10544954417151764,0.12732055789632887,0.14698273969411071,0.16478499130318852,0.180969692550583,0.19572387871675911,0.20920555942798938,0.2215587315537523,0.23292059133375623,0.24342155949683317,0.25318001322665856,0.2622967456814662,0.2708539759882938,0.2789185516354549,0.28654554995905696,0.29378077133467995,0.3006628280563413,0.3072247525785539,4.0943445622221
0.1072461873770361,0.12795423609846074,0.14538931442245207,0.1606671649338505,0.1742703812275622,0.18648560944228743,0.1975163290464225,0.2075257270068647,0.2166549703500419,0.2250293374136793,0.2327580038389416,0.23993248922583418,0.24662731325127835,0.2529029626820859,0.25880910973291704,0.2643869837654933,0.2696711777358291,0.2746910744640204,0.2794718504940052,0.2840352394468186,3.7376696182833684
0.139031287124013,0.15303831076740287,0.16499365056744192,0.1756589852458159,0.1853532415992781,0.19425726153280737,0.20249100344494037,0.21014245266070067,0.21728082439469598,0.2239633005030132,0.23023866428769643,0.23614930742960394,0.24173236753419158,0.24702043222886433,0.25204206029346293,0.256822242618644,0.26138284188831484,0.26574300834728976,0.2699195590922628,0.27392731285899474,3.970291913552122
-0.4064348339305118,-0.26403163640621685,-0.15864057191006878,-0.0774517599847126,-0.014442310657394082,0.03340225262654323,0.06877216967971404,0.10081861445539622,0.13061492556236753,0.1534472885719756,0.18044685653753573,0.19576747367573546,0.22149252145039403,0.23231896591714157,0.255049906711742,0.26739275197645274,0.281521202073318,0.299090897972888,0.30483639207455615,0.32404731500675166,3.7612001156935624
-0.17265682276799527,-0.07279408520118967,-0.00008570498218922442,0.05471957686472592,0.09590208803307386,0.12642169192678454,0.15148312088621188,0.17487316033587272,0.1936621141951846,0.21192418653868755,0.22771036971236827,0.2411642275659005,0.2564554551340316,0.26556224714788257,0.28033291090307777,0.28865053373597116,0.29893648345719587,0.31055393927273695,0.31502902532906013,0.3278894352523367,3.4339872044851463
0.13774837626338737,0.15304187142766337,0.1657716826019543,0.17689684871326186,0.18682696380386934,0.1958006443515021,0.2039807329172326,0.21148921935829842,0.21842259288717022,0.22485938133640082,0.23086430857998852,0.2364910007840947,0.24178406392654359,0.24678080612044972,0.25151265802830797,0.25600631046774447,0.2602846098693273,0.2643672609636496,0.26827137908447163,0.2720119262785379,3.56953269648137
0.07582065891230734,0.10275900229774822,0.12536342822254143,0.14502152143155586,0.16235468811956663,0.17774243855117486,0.19146346752482862,0.2037532476852251,0.2148286483341631,0.22489016332085857,0.23411000547801283,0.24262291871485125,0.2505313214287133,0.25791633566051353,0.2648434975476912,0.27136601407324956,0.27752853999146265,0.28336877936510896,0.2889185837254767,0.2942056016631228,3.7495040759303713
0.04349327675890478,0.07723846916836526,0.1053432561821435,0.12954088049162338,0.150638636138823,0.1691400031977631,0.18542351211914193,0.19982374160498817,0.21266603547116836,0.22425517765964365,0.23483475691061767,0.2445735513551911,0.2535959993835269,0.26200300902013823,0.26987205603099196,0.2772670448369598,0.28424303795914957,0.29084356793543087,0.2971076313628426,0.3030684335013956,3.7495040759303713
0.09209817119264022,0.1117417269086922,0.12904617500603469,0.14482245739837402,0.15941492885511518,0.17302019763379334,0.1857682636501068,0.19775323848165577,0.20904774597642253,0.21971068479081088,0.2297918489326041,0.2393348734115781,0.24837918029280734,0.2569612524537876,0.26511540288339397,0.2728741441114005,0.28026825415390266,0.28732665189036494,0.294076205635259,0.3005415813716308,4.537961436294641
0.10714249775368061,0.1268364981281823,0.14365380943687406,0.15858487689790154,0.17205324614676815,0.18430491762325904,0.19550818875809278,0.2057918904279565,0.21526321828992814,0.22401652422312773,0.23213704141328123,0.23970155920108985,0.24677777850910562,0.25342388656849457,0.2596890906938834,0.2656148611022421,0.2712362858719602,0.2765832410618075,0.28168136003516475,0.28655281310209235,3.9512437185814275
0.123132986914362,0.14270414150808156,0.1585903455198261,0.17210993862321744,0.18385321054011827,0.19418946427689784,0.20339033182353686,0.21166861653746674,0.21919097012191646,0.22608508105638148,0.2324483644982264,0.23835679493134423,0.24387111417319726,0.24904059689779137,0.2539057835476978,0.258500523492272,0.2628533236239096,0.2669883839291546,0.2709264627257363,0.27468548286234695,3.258096538021482
0.09686969214779578,0.11542731090192171,0.13184878027691657,0.14688476373234427,0.16085218408067073,0.17393092750904998,0.18623921915549774,0.197862068314878,0.2088645313818409,0.2192988070178885,0.2292084241027058,0.23863090033977757,0.2475995180834774,0.2561445421228603,0.26429404970222264,0.2720744667688539,0.2795108701890769,0.2866271062263176,0.2934457790542977,0.2999881683482562,4.6443908991413725
-0.024613908811054058,0.013200128388426711,0.046257205950492965,0.07599740271306159,0.1030889022269164,0.12794037260673083,0.15083568051177862,0.17198762019654312,0.191565081432727,0.20970932847970417,0.22654507384811276,0.24218847874273192,0.25675246797802065,0.2703487916446538,0.2830863181242676,0.29506649068579555,0.30637879043498684,0.3170990010461413,0.3272904224957095,0.33700608855444997,4.465908118654584
-0.14730586176464663,-0.0914158379054404,-0.04285152524210905,0.00046159508008843705,0.03955139296867833,0.07507101233950386,0.10748260637550919,0.13713439364463148,0.16430213915136113,0.18921627687379283,0.21208280967661425,0.23310075111740966,0.25247459689643337,0.2704163215948693,0.287132329530536,0.3028023162460677,0.317568410656774,0.3315414867581187,0.34481084190376154,0.35744883897412105,4.483002552013883
0.1260774881196806,0.1453497468970867,0.1606318666691692,0.1735373627690876,0.18475042502661762,0.19466664742101927,0.20355191580671772,0.21159902340451675,0.2189526117847802,0.2257230990852295,0.23199627106215903,0.23784018090686515,0.24330982302363385,0.24845025998806458,0.2532988701925793,0.2578870187946686,0.2622412756483032,0.2663843335236111,0.2703357345416696,0.2741124310372174,2.803360380906535
0.08916252308377365,0.11248985868008889,0.13231027935266554,0.14978435184585545,0.16541882252858578,0.17951414462920695,0.19228106400730818,0.20388649354211597,0.21447521498825545,0.2241794821498758,0.23312054977758875,0.24140558186695882,0.249124650229597,0.2563511677399725,0.26314499661598734,0.269555549945649,0.27562400201761245,0.2813850847267483,0.28686846413419914,0.29209966986913055,3.8918202981106265
0.14303919510654592,0.15714909425945242,0.16892322171425472,0.17925404477235088,0.18851991807780227,0.19693832658910124,0.2046549416539107,0.21177665439362459,0.21838650817178448,0.22455134358013296,0.23032611612303738,0.23575658784079787,0.24088118581364273,0.24573239805618471,0.2503378728585683,0.25472129806044536,0.25890310489181456,0.26290103088344974,0.2667305707101425,0.2704053385200206,3.6109179126442243
0.04968983853194856,0.07565515298632444,0.09852414895428165,0.11931144479151458,0.1384607422707252,0.1562320005091265,0.1728007093246908,0.18829596066102067,0.20281864564284235,0.21645154007890174,0.22926553368561142,0.2413237719995757,0.2526844821990379,0.2634027945894337,0.2735316668662341,0.2831219908010273,0.2922220713196512,0.3008768240528131,0.30912709185896764,0.31700934447421714,4.537961436294641
0.1141014526352769,0.13387597219261996,0.1504285712204748,0.16487315153835197,0.17769148406108243,0.18917115958567965,0.1995178387930327,0.20889686571593172,0.21744984147896002,0.22529946535921308,0.23254949808068054,0.23928488063876946,0.24557413366036576,0.25147292117676634,0.2570270516440685,0.2622746258714014,0.2672477100287154,0.2719735936449839,0.2764756834292886,0.28077421258766644,3.6506582412937387
0.12020171975038527,0.18370679252590336,0.18370679252590336,0.20033619958397547,0.22377403244269847,0.18370679252590336,0.22377403244269847,0.24721186530142145,0.18370679252590336,0.23268468294406291,0.24721186530142145,0.22377403244269847,0.24721186530142145,0.24721186530142145,0.22377403244269847,0.22377403244269847,0.27674004257330226,0.24721186530142145,0.23268468294406291,0.26384127235949356,0.4054651081081644
0.1324599529896711,0.1469458104061229,0.1594772615328332,0.17077091648572537,0.18112585870931883,0.1907104964602204,0.19963533763372915,0.20798037303314093,0.21580775086418538,0.2231684317954512,0.23010595251555618,0.23665861915498757,0.2428607702996517,0.24874347009746836,0.25433486899447644,0.25966040192480117,0.264742938400397,0.269602945672623,0.274258682216376,0.27872641291337746,4.204692619390966
-0.20469028061003233,-0.11174396432614951,-0.03969971127909942,0.0180352739553296,0.06479349828750161,0.1025530950354493,0.13290533706840116,0.15816112060768067,0.18097948009669032,0.20138546926728793,0.2196432076315566,0.2368347541162497,0.25196238932106735,0.2666382774660248,0.2798635766107063,0.29214770988263933,0.304519459170435,0.3145404336644164,0.3262286555296816,0.33515425007285493,3.7376696182833684
0.10029095498751768,0.12490035006365911,0.14491387381649623,0.16184589879109304,0.17638828872278992,0.1889962189387445,0.200038087665981,0.20983337093429064,0.2186413464209964,0.22664909696763974,0.2339889565853366,0.24076372961778017,0.24705479455684473,0.2529257156702906,0.2584292907428776,0.2636092327364688,0.2685009848336947,0.2731352208440249,0.27753785804807424,0.2817304733608861,3.332204510175204
0.12703745397210736,0.14432996362872352,0.15878262568075915,0.17141478730649154,0.1826636562678024,0.192787033402045,0.20196527170453948,0.2103385656747183,0.2180224664948138,0.22511424750998574,0.2316955136135101,0.23783391971925563,0.24358517409199104,0.24899526762477114,0.2541024818129164,0.25893897877368804,0.263532031913248,0.26790497961294085,0.27207795421588066,0.27606844520332835,3.624340932976365
-0.006640333024562562,0.028916972052515418,0.059938146470940715,0.08781051948383903,0.11317328897957415,0.13641533651564286,0.15780599219248748,0.17754715844097754,0.1957996822489333,0.2126991651048283,0.2283666346047722,0.2429159784352434,0.2564583324281103,0.2691028795745773,0.28095403944887826,0.29210679280133933,0.30264323860822656,0.31263226699226054,0.32213141146454477,0.3311889852112505,4.418840607796598
-0.4767419516166857,-0.22693568532847275,-0.09966239107236526,-0.08776169514358201,0.010975012516006116,0.07606207322269258,0.0875651556839434,0.1501438588492494,0.08776188372803954,0.15014387521584768,0.19115786293397796,0.20305339864475658,0.15058576511138047,0.25003417941236716,0.24888572677895404,0.27741716947195516,0.2894300976622766,0.24888714624513586,0.28931270673456705,0.3254758697063108,3.044522437723423
0.10797038832032702,0.1381759256350303,0.1591547827653118,0.17490338272531097,0.18745322697270334,0.1980182144381101,0.20712553465781694,0.21504378230485371,0.2221034655077455,0.22850655113516294,0.2342968398501364,0.23960650533595595,0.2445453238281896,0.24909961835607458,0.2533508372077494,0.25737868487897586,0.2611353146285263,0.2646788910936108,0.26807717448025137,0.2712687615510653,2.1400661634962708
0.10959720741833115,0.12841663375778117,0.14458436727986637,0.1590225906406007,0.1721233371042224,0.18411226212948148,0.19514159701784456,0.20532559100286454,0.21475714290893938,0.22351643880238414,0.23167537377677705,0.23929938358443467,0.2464477229702968,0.2531731307526375,0.25952165371389035,0.26553297359376826,0.2712411275248808,0.2766753458262567,0.2818608336612993,0.2868194479208106,4.051784947803305
0.1424817925015907,0.15697694134986592,0.16894020883116465,0.17936391731480428,0.18866888224667563,0.19709560452973726,0.20480333377511276,0.21190715512721328,0.21849498790468205,0.22463644767104848,0.23038795156688427,0.23579594127320988,0.24089909363637543,0.24572993437114507,0.2503160591636221,0.2546810736609784,0.258845324148112,0.26282647051470326,0.26663993952900467,0.27029928654598173,3.4339872044851463
0.008665769331270017,0.0566742981109861,0.09429398169632137,0.12468619379738871,0.14941429793299804,0.16960787115123482,0.18644355097423576,0.20110807994801677,0.2141885761209305,0.22585369349430187,0.2364775078377382,0.24619924683950664,0.25509596382399885,0.2634360087711852,0.2711333755878021,0.2783605390365122,0.28522454260907737,0.2915584915103106,0.2977071014655301,0.30347355442064916,3.367295829986474
0.11379270898739509,0.13237453249598038,0.14822443929931012,0.1622959449939295,0.17499487226112154,0.1865560278899017,0.1971395021420888,0.206867302251345,0.21584025257496053,0.2241462633949898,0.23186394385381107,0.23906356078291358,0.24580687746471097,0.25214708684334064,0.2581293926449774,0.26379208297551,0.26916769063864093,0.2742840155817275,0.2791649783098093,0.28383131270832423,3.9318256327243257
0.04194319363451754,0.06928025952562969,0.093311418272628,0.11510700320159963,0.1351387627400458,0.15368482675796816,0.17093385858519222,0.18702520330148734,0.2020682282289784,0.21615316013097066,0.2293578648253773,0.24175239382455851,0.25340205247367326,0.2643692471788358,0.27471417821614863,0.284494501449355,0.29376431827119764,0.30257307048961757,0.31096487006392554,0.318978453113395,4.505349850705881
-0.5901362284856797,-0.4748918813760557,-0.3834317229522383,-0.30831886294201977,-0.2455362776435382,-0.19269751889805647,-0.1484029049421932,-0.11200907685279168,-0.08348588354388117,-0.06026546193436387,-0.0346225089902033,-0.01680718767303912,0.00682945980058894,0.020580312496575444,0.042724897929781375,0.05333885436824255,0.07396635765357897,0.08310780220848388,0.10105822755454434,0.11105097423310172,4.382026634673881
0.13890966450816022,0.15306183862056144,0.1651075976426507,0.1758288509909396,0.18555356239556967,0.19446821564544023,0.202696969088074,0.2103312565461355,0.21744325197169542,0.2240926841708995,0.23033047088732692,0.2362007088053427,0.24174181717552712,0.24698728593145342,0.2519662704850586,0.25670413517799046,0.261222965568557,0.26554203856396674,0.2696782385483646,0.27364641578454624,3.9219733362813143
-0.043929349188814616,0.004697941544435983,0.04534246309175048,0.0803500463785488,0.11088525026877016,0.13767752944876172,0.16124765047097547,0.1820218447924978,0.20040857356283967,0.21683764024817692,0.23172576922870314,0.24538765317420355,0.2580198024880769,0.26977186387171564,0.2807653609921383,0.29108663710954646,0.30081544450090736,0.3100160695138496,0.31873866474988183,0.3270361713975669,3.979681653901961
0.06823793721112625,0.09277230393088326,0.11411800179526976,0.13332420217046947,0.15084924875608577,0.16696164863519164,0.18184336176197713,0.19562978686145668,0.20842917004061629,0.22033351874350368,0.2314252381543137,0.24178104917283785,0.25147374636522585,0.260572153327136,0.2691399191839824,0.27723414737106267,0.2849047330543907,0.29219463376978394,0.2991406931694484,0.3057745765154287,4.297285406218791
0.1110240696434965,0.13699430640837953,0.1566383819205488,0.1722468257265504,0.18502915766662134,0.19583192874196645,0.20522460793521907,0.2135380375017404,0.22097909925190967,0.22771676135435992,0.23387789958685268,0.23954794387863795,0.24480116108274538,0.2496980671004868,0.2542788615886751,0.2585830460525654,0.262645792775394,0.26648824752142963,0.27013421385875713,0.2736062247828419,2.6741486494265287
0.1196019338410893,0.14228018912300255,0.15970533858864058,0.1739005715187538,0.18582795853629722,0.19609093910550585,0.20510184909728857,0.21313990616280387,0.22039390776174578,0.22700114849166028,0.23306823458320491,0.23867727854719634,0.24389206918394257,0.24876470147761107,0.253337601784436,0.257645040198852,0.26171622221978075,0.2655760322535861,0.2692450349539826,0.27274123498779235,2.70805020110221
0.07426709668707626,0.09656633180550324,0.11621317651686128,0.13410427144156947,0.15062497566535202,0.16599773716406963,0.18037099704518325,0.19385301637402022,0.2065278548312924,0.2184640798562158,0.22972002785859824,0.2403472151273206,0.2503926201964631,0.25990016909172164,0.2689115784560429,0.27746665676365695,0.28560318794754763,0.2933565783066334,0.30075947626849475,0.30784153219752947,4.537961436294641
0.13591775232591297,0.15098393241485814,0.16370511335753135,0.1749454444176211,0.18507001131533507,0.19428879534337543,0.20274373669633486,0.21054110986519892,0.21776598444412396,0.22448926606417177,0.23077125467025328,0.23666355255256566,0.24221028595964147,0.24744911261867358,0.25241217027844176,0.25712695987064726,0.26161712297135425,0.26590309696247655,0.2700026546425038,0.2739313435350971,3.784189633918261
0.022838147345879238,0.05276467359019434,0.07910874764718716,0.10301080209194673,0.12497883225760151,0.1453148946273627,0.16422507901008596,0.1818620656280745,0.19834573187953497,0.21377478078100587,0.2282340977132518,0.2417997833976765,0.2545426735861222,0.2665306023096003,0.27782941466519456,0.2885027536248222,0.2986109151789375,0.30820940587893797,0.31734791328243583,0.326070050343902,4.543294782270004
0.07143730356831741,0.0939319396223437,0.11379446641035236,0.13191460166458951,0.14867467412642546,0.1642953422026073,0.17892377613365565,0.1926671755667366,0.2056085739458329,0.2178154312741562,0.229344814342434,0.24024676140932727,0.2505665635227638,0.2603463074379519,0.26962584090883235,0.2784432457438222,0.28683490084011815,0.29483525756399737,0.3024764922530927,0.309788201349548,4.584967478670572
0.12582017473470988,0.14576827601436407,0.16142881355951788,0.1745147515911633,0.1857739764221914,0.19564796714918292,0.20443607652017834,0.2123535913010431,0.21955851575142782,0.22616877930718596,0.23227490572478335,0.23794833671916946,0.24324638922878697,0.2482156417484585,0.25289453407504286,0.2573151645285075,0.26150454906633036,0.26548566859473505,0.2692782642200062,0.27289938474785713,2.803360380906535
0.059411254215706186,0.08646912376535114,0.10977652288011154,0.13053792994874255,0.14928886519514456,0.16634774763119617,0.18193395660422182,0.1962147367004665,0.20932878948781156,0.22139973775451688,0.23254346419639924,0.24287034192263307,0.2524832092017141,0.2614734642954514,0.2699186203687283,0.2778829110368695,0.28541962753069067,0.29257334345688324,0.2993816650169052,0.30587670069829864,4.143134726391533
-0.5877235545144399,-0.47281039699131944,-0.38353928419754274,-0.31142743385272736,-0.2520443667479291,-0.20289207975641255,-0.16271367138908038,-0.13155320627289574,-0.11140679228223399,-0.0832950333776344,-0.06865125598459676,-0.04274102163474392,-0.03219216060225264,-0.007989861631585908,-0.0002161647607886561,0.0218178954229274,0.029452206820533042,0.04709441636162138,0.05716778601266153,0.06818607338620886,4.375757021660286
0.1333107933746343,0.14807673684931624,0.16074640291711492,0.1720875792190956,0.18242174022240906,0.1919309980266673,0.20073599266298667,0.20892517244804615,0.2165682681279679,0.22372324141536254,0.23044005881842874,0.23676274065244485,0.24273043641948064,0.24837798741455333,0.25373627791012776,0.2588325495184793,0.26369074610494675,0.2683318866621387,0.27277443797614104,0.27703466258209325,4.051784947803305
0.10953286899521385,0.12946037825794518,0.14632053261418831,0.16116787138198302,0.1744555993583636,0.18645004358821712,0.19733716959147798,0.20726317181872245,0.2163525650620583,0.22471569606031339,0.23245041216423384,0.2396412777529721,0.2463592043132691,0.2526627275476395,0.2586002494916092,0.26421213462184007,0.2695323415616322,0.2745897255191201,0.27940904339797346,0.28401169880843646,3.8066624897703196
0.13480011768174122,0.15158538546935071,0.16516658791110117,0.1768015833957174,0.1870322344141086,0.1961727806090681,0.20443389175262752,0.21196880212027144,0.21889418220270584,0.22530112962121315,0.2312619249176766,0.23683472631536093,0.24206698998850507,0.24699795293104895,0.2516604330547688,0.2560821600403391,0.26028677914849085,0.2642946164828715,0.26812327111951484,0.27178808181469327,3.1570004211501135
0.14108185814930843,0.15590066147821643,0.1681383151237466,0.1787918709005594,0.1882866251526581,0.19686794750103415,0.20470013188814393,0.21190317719834,0.21856952220524545,0.2247727254244636,0.23057248849830758,0.2360178940947656,0.24114969905376302,0.24600205710796072,0.25060384321093804,0.2549796769654851,0.25915071646863336,0.2631352782411105,0.2669493252040218,0.2706068540796699,3.449987545831587
-0.11940722905671389,-0.06270359224290789,-0.01438218126820348,0.027943637944977267,0.06548146511484504,0.0989983607700227,0.12903397706439296,0.15599734037930657,0.18022627583899412,0.20203335724530605,0.22174152460774021,0.23969371539180265,0.2562163831992178,0.271562853656221,0.28590710606598346,0.29938250167528063,0.3120954990120406,0.3241274764231803,0.3355491510536146,0.3464191777873855,4.255612709818223
-0.6001550321737905,-0.35979016279034165,-0.21205609292996883,-0.1177685555096084,-0.09156075728259021,-0.013605461037094741,-0.013534485205104637,0.059936412509587395,0.05974228439726952,0.10765477948148404,0.13271822676755105,0.06998401043329457,0.1782017920175538,0.17820629027899362,0.18767244843903447,0.22636338948605567,0.22741423746738335,0.23676583413855568,0.25438549515016134,0.28116039970435797,3.449987545831587
-0.6130472572503677,-0.4783679180909448,-0.37697156382986713,-0.2971124940813903,-0.23303301065351903,-0.18183976641622795,-0.14291643995406492,-0.12102473977679895,-0.08630074241027728,-0.0714542055321719,-0.03960991080701564,-0.030035062247320513,-0.0004559067610867272,0.006598304930241991,0.03216671380923102,0.04145062211249372,0.058571711346494595,0.07263861918313005,0.0798453566181927,0.09802120227053308,4.23410650459726
0.04843023017052852,0.07475239251545224,0.0979026976610379,0.1189164060243834,0.13824746066462523,0.15616239098298032,0.1728414428426575,0.18841745012282293,0.20299448062949477,0.21665822207085694,0.22948243098726967,0.2415332271174863,0.2528719882899151,0.26355712891530003,0.2736448545888786,0.28318900605612324,0.2922402789261546,0.3008452838729049,0.30904590382479397,0.31687915914537984,4.51085950651685
0.13049321776504924,0.14742042461273563,0.16146836945475548,0.17368520083543568,0.1845227806158685,0.19424908745052846,0.2030518745776254,0.21107598513364875,0.21843870966089787,0.2252364767697013,0.23154837364722305,0.2374389483062114,0.24296096236251788,0.24815789346032008,0.2530659427198914,0.2577155593639995,0.2621326037052924,0.2663392353434348,0.2703545902290996,0.2741953074794341,3.5263605246161616
0.10411988050329381,0.12248229218505985,0.13854580362416605,0.15311583225869488,0.16653292903043737,0.17899092930975083,0.19061790962179626,0.20150684468262348,0.21172998194030912,0.22134657718729656,0.23040745594170692,0.23895783750766025,0.24703907458465824,0.2546896351660493,0.26194553051772423,0.2688403681233257,0.27540521491106384,0.28166844225344345,0.28765566798552566,0.2933898312680427,4.394449154672439
-0.2965278987402998,-0.1992847332266589,-0.12070835461933992,-0.05527959221201218,-0.00005977399423922272,0.04676094576346809,0.08639449931531527,0.11981450314131308,0.14820724984746567,0.1732931895583727,0.19630002269543642,0.2172408164506867,0.23662577224268375,0.2547085692027647,0.2713759803178612,0.28726929888787733,0.3019001239202652,0.3159518340684156,0.32917742364029345,0.34152210702570795,4.04305126783455
-0.05837072819490595,-0.004665771558545803,0.039558700356278106,0.07709796167839764,0.1093589901690734,0.1372239573390192,0.16133452169365392,0.18225503676038993,0.20058442803427554,0.2169508708084028,0.2318361713503591,0.2454908855578292,0.2581023636038233,0.269837133922476,0.28078840117208426,0.2910637570758276,0.3007431915241939,0.30987615841810523,0.3185458851796405,0.3267731119671804,3.8815637979434374
0.11446210577056382,0.13887192561847983,0.15756459056526578,0.172629076679413,0.18512131079639282,0.1957574858088158,0.20503607765928752,0.21327584631155838,0.22067957912391828,0.2273988208307999,0.2335527145462983,0.23922809950991103,0.24449308653518984,0.24940499743049407,0.2540074084931211,0.25833585093304146,0.2624227313501046,0.26629316677517745,0.2699679176309933,0.2734673187985826,2.740840023925201
-0.1433558058377868,-0.05609392447586978,0.00945783398144916,0.06039055378936153,0.10013842388929357,0.1309020186216459,0.15544275838008548,0.1773776987642733,0.19675303588454912,0.21358587564030881,0.2296752819715956,0.2432319498139561,0.25667090422114125,0.26869745324970945,0.27926825348718554,0.2910084296617772,0.2991458675491699,0.3099321809753254,0.3181013722066113,0.3256454291939157,3.5115454388310208
0.14010938064491116,0.15439603281254152,0.1664536087277099,0.17711461125070976,0.18673004081095043,0.19550098159892942,0.2035624273634332,0.21101443844059536,0.2179361413635228,0.22439270293516897,0.23043903267062757,0.23612189314834175,0.24148126084300187,0.24655135710477255,0.25136152534786016,0.2559370025002089,0.26029958692545974,0.26446820250985975,0.2684593667401518,0.2722875753457535,3.784189633918261
0.13760981868152944,0.15314281922031997,0.16584340691865124,0.17686230854618654,0.18667713607280684,0.19555533461029462,0.2036710327788178,0.21114846752530606,0.21808167805575365,0.22454464838826746,0.23059707645492022,0.23628796867722457,0.24165807189819857,0.24674162443463424,0.25156766508829714,0.25616103164444953,0.260543132619904,0.26473255063689166,0.26874551912050115,0.27259630255248296,3.2188758248682006
0.11534638018639166,0.13947199520292267,0.15771829905933854,0.17246926895436135,0.18480128494208928,0.19538019261692524,0.20465309506618148,0.21291307317318023,0.22035554522541037,0.22712605017996393,0.2333381640435588,0.2390769197674391,0.2444083725363865,0.24938745587447436,0.25405791596920413,0.25845486142626356,0.26260917713508086,0.266546577625896,0.27028784163066233,0.27385198829685153,2.3513752571634776
-0.4084052343196612,-0.17682438993989957,-0.060676641562330984,-0.04847628543589725,0.04256785832008831,0.101633786518006,0.113196409637944,0.17090413573903077,0.11351035842609702,0.1709042028174306,0.20750686200645774,0.21969532397251804,0.17155251570405888,0.2634819768641118,0.26196017403613375,0.28705195119499927,0.2994419279187363,0.26196389687007726,0.2992404212090099,0.33258872376769677,2.9444389791664403
0.136816175785407,0.15293636683954068,0.16608718148241364,0.1774185334509133,0.1874261999044808,0.19639890725892872,0.2045312189293377,0.21196549529459058,0.2188109209410068,0.22515346224023425,0.2310618737624841,0.23659181985228472,0.2417889110951397,0.24669096892809833,0.2513297044644569,0.25573197032688555,0.25992070849637167,0.26391567689564,0.26773401275712067,0.27139067613984824,3.2771447329921766
-0.20493620050733483,-0.10597356469452854,-0.03121477968042388,0.027261833482771478,0.07332304293218272,0.10925510191298628,0.13746873874093923,0.16206871603107573,0.18447158425272708,0.20354089627493485,0.22189756200333935,0.2376917839627907,0.2525431272831835,0.26691525698503504,0.27833067523140276,0.29223799791050026,0.3013554660353303,0.3135797868331001,0.323253991906563,0.33143386039565126,3.624340932976365
0.08024335667041516,0.10767209086047819,0.1303607818322419,0.14982088670621696,0.16673707605562388,0.18154150607536995,0.19457113851765132,0.20612776066424784,0.21648867347889425,0.22588609202315266,0.2344908773374653,0.24242636162714387,0.24978989851386785,0.25665882267834417,0.2630943726010648,0.2691483754583402,0.2748636560972697,0.28027561948148183,0.2854154411773602,0.2903089522909383,3.56953269648137
0.11580797039531682,0.13201118130116554,0.14625330629787534,0.1592389124007274,0.17126310411578,0.18249215332595528,0.19303472500095104,0.202968714468151,0.2123537298929262,0.22123774163466262,0.229660975105962,0.23765834254212204,0.24526101905337647,0.2524974684877423,0.25939408626698063,0.2659755637546875,0.2722650540890465,0.2782842114621654,0.2840531699990429,0.28959051615134807,4.51085950651685
0.13691167775637747,0.15275418902238225,0.1658020212041199,0.1771117779953721,0.18713885213085787,0.19615051904575553,0.20432949836604938,0.21181184776664377,0.21870375025041358,0.2250900576925756,0.2310393632895263,0.2366075495081681,0.24184053264570965,0.24677641787346527,0.251447154216806,0.25587978943398576,0.26009742648933026,0.26411995899204,0.26796464122040126,0.2716465356179024,3.417726683613366
0.12886574915842175,0.14378834662880977,0.1567355856151145,0.1684274147890809,0.17916454137609217,0.18911631662365574,0.19839379470394627,0.20707724694277277,0.21522892597245485,0.2228998018284924,0.23013340720326217,0.23696811059861383,0.24343844661797293,0.24957585034841673,0.25540902370399504,0.2609641041134167,0.2662647619621664,0.2713323056307311,0.27618582610073233,0.28084237907046783,4.255612709818223
0.1400601353473764,0.1547792286437295,0.16706382081531787,0.17783111531569196,0.1874711483971447,0.19620960331667897,0.20419919536897152,0.21155338128979811,0.21836137519991441,0.22469565309424255,0.23061610173799205,0.23617262157000374,0.24140700629946438,0.2463544392096666,0.2510447208667846,0.2555032674315697,0.2597519106290136,0.26380953445207783,0.26769258163770776,0.27141545757321744,3.6109179126442243
-0.02612028782713856,0.030607879987531107,0.07461854982364023,0.10983839928094366,0.13821039169083796,0.1610971275483314,0.17996507814013493,0.19639837392585383,0.21106837629246483,0.22407260564817602,0.2359676933430955,0.24679938275148489,0.25668920527512656,0.2660365587997293,0.2745221965420047,0.2826268577383292,0.29025212485014473,0.29720613545506513,0.3041973633740552,0.31042916173729973,3.417726683613366
0.06221780168669823,0.09692437081275093,0.12456890687697622,0.1473116251056866,0.16620357854287787,0.1820130089015206,0.19547051912097405,0.2072452548395589,0.21776010291866768,0.2272248971727125,0.23583709138241107,0.2437483599442088,0.2510417305157013,0.2578259975604167,0.26416507325732297,0.2700979682720032,0.2756994983696935,0.28098395874882476,0.2859853190178534,0.290757100701737,3.2771447329921766
0.0630396183866258,0.08846780477950551,0.11057643972067131,0.13044919890436468,0.14856194133507547,0.16519454933591593,0.18053726394204075,0.19473201739515875,0.20789262064466207,0.22011620482011401,0.23149021504706,0.24209649537309252,0.252012972794962,0.2613133091318474,0.27006531423382907,0.27832934670283715,0.28615770035280685,0.2935950948788634,0.30067970766294255,0.3074442431411551,4.290459441148391
0.13336726371702423,0.1506231946232059,0.16453187547806492,0.1764045930507979,0.1868093214113656,0.19607723378181216,0.20443131258083913,0.21203400185184942,0.21900870943101738,0.2254512825393836,0.23143729713754574,0.2370272494232456,0.2422703217628086,0.2472070598470969,0.2518712870774968,0.25629151682102935,0.2604920128512277,0.2644935920863424,0.26831424576865653,0.27196962948618153,3.1135153092103742
-0.19029249423196032,-0.11473085468505774,-0.05247149243065865,0.00032347209095473614,0.04567563059390524,0.08485701579204243,0.11874877194096245,0.14804801101953147,0.17345454066541846,0.19582330744553722,0.2160392475214775,0.23459894479762639,0.251704512569392,0.2676272986328489,0.2825004139020306,0.29642651171968487,0.3095740236892021,0.3219460611246402,0.33370018423068976,0.3448580276309753,4.060443010546419
-0.02448070509925116,0.03863889241142679,0.08515773376521775,0.12037402533371057,0.14696086931452357,0.167504284400785,0.185195039445072,0.20074980789704328,0.21389413186060613,0.2262456178359269,0.23694412699723338,0.24670451783417174,0.25631515341974576,0.26403554047056305,0.2724744396818271,0.27970794432258683,0.2859586676549695,0.2935923258151759,0.2986380928318257,0.3048361766904223,3.1570004211501135
0.06411579706006504,0.09426812441222951,0.11931792739847974,0.14086176494977412,0.159630571889295,0.17608198129863298,0.19056655028788896,0.2033976465143272,0.214873284514426,0.22525812386203847,0.23475432556717746,0.24350423106047997,0.2516172202636411,0.25918114418158295,0.2662643524939065,0.2729242687026369,0.2792091840956311,0.28515818117365105,0.2908060392933316,0.29618181496442025,3.6635616461296463
0.11797665179350345,0.13481034210344908,0.1493900808937962,0.16251843738182645,0.1745330727411643,0.18562573469311536,0.19592339031672149,0.2055189150311485,0.21448541943452185,0.22288384435406053,0.2307672616088455,0.2381833087551954,0.24517544938901992,0.2517834850279496,0.2580436576378958,0.2639886268821323,0.2696475143464982,0.2750460859817013,0.28020704752232867,0.2851503918407268,4.204692619390966
-0.35315962644572585,-0.2571694768948771,-0.17749157115030023,-0.10952714868316571,-0.050780512852101396,0.00033978033119157826,0.044920990865974245,0.08375375197823576,0.11749962639795208,0.14690066347422448,0.17298219287509967,0.1968122387920547,0.21884634709660147,0.23926602509519368,0.2584234752936632,0.27636571168464097,0.2932698407869202,0.30928679463630576,0.32436990662616927,0.33882657461858395,4.248495242049359
0.10719966627586218,0.13183675489013977,0.1513694158500911,0.16751884852979862,0.181111491397718,0.1927276420772369,0.20283734066945072,0.21180144810568363,0.2198617406091365,0.22717945190975378,0.23387957061348116,0.2400597235623033,0.24579317162878866,0.25114060767874047,0.25615183663562463,0.2608654142652864,0.2653150590770893,0.2695294318828989,0.2735310615900133,0.2773409723437182,3.068052935133617
-0.327609106315787,-0.22630627679628473,-0.14433855246990593,-0.07600367618730644,-0.01825118935153927,0.030800415468915297,0.07240165185053118,0.10752198484747975,0.13729253075597805,0.16344411215719618,0.18743502386292268,0.2093096159694843,0.22950206109095497,0.24841130914721882,0.2657924239831879,0.2823898373523935,0.2976943024154703,0.31231314378300434,0.32620340792421904,0.33899576624612265,4.07753744390572
-0.2743345478588235,-0.16301180670213516,-0.07851356250702611,-0.012049013049627806,0.04071254415008947,0.08221933997373479,0.11458419388217361,0.14189956418742422,0.16737855379491054,0.18898275415861035,0.20947916015143775,0.22788102461731136,0.24400407473176514,0.26101178697182664,0.2732136388170599,0.28947297654313037,0.29959088799851485,0.3133774086037159,0.3245898745013139,0.33348182409604205,3.7256934272366524
0.09517390134890316,0.11528156752234581,0.13280136431082915,0.14862212554556506,0.16312303434809236,0.17652187373738273,0.18896392983564544,0.20055586705942827,0.2113817646656659,0.22151183751251474,0.2310075841350686,0.23992487116833727,0.24831561641395106,0.25622843374643434,0.2637085661330289,0.2707974871608188,0.2775325443011038,0.28394687468039365,0.29006961572466233,0.29592629774275814,4.310799125385514
-0.2005503795888547,-0.12834267998530777,-0.0677193363163579,-0.015413655270795489,0.030292002295360658,0.0704944222269944,0.10595855816414383,0.13726137653394763,0.16489541945377878,0.18936648639579753,0.211262740596638,0.23119267998721646,0.2495874487408251,0.2666746078417242,0.282646945954512,0.2976541034101969,0.31178873296695925,0.3251624694473943,0.3378398444837781,0.3498885067444989,4.204692619390966
0.13738800400790135,0.15148864104908974,0.16357572687942012,0.17439384577742806,0.18425427870984284,0.19333303900392737,0.2017464377767461,0.20957944127941647,0.21689869023139197,0.22375920944323952,0.2302080764475529,0.2362864629031321,0.24203076810533822,0.24747326653754487,0.2526425320914338,0.25756378942327296,0.2622592573809865,0.26674849470948486,0.27104873521231615,0.2751751978992556,4.04305126783455
0.13353611226954856,0.14792874114218163,0.1603587108747322,0.17154682570826013,0.18179395748425287,0.1912696154883477,0.20008515230388202,0.20832130022174442,0.21604090236141044,0.22329557824842688,0.23012947123608637,0.236581411474413,0.24268614619148077,0.2484750097592974,0.2539762797142574,0.2592153902306704,0.2642151116555609,0.26899574756246264,0.2735753582324306,0.277969997995551,4.174387269895637
0.10337058291316778,0.12222270876158756,0.1386361982843219,0.15345984240271035,0.16705360492946536,0.1796231643260927,0.1913051698017617,0.2021996228013834,0.21238512369690224,0.22192709500019756,0.2308825859772231,0.2393031291422464,0.24723631396062726,0.25472644889387025,0.26181461834088116,0.26853845334177046,0.2749319093112214,0.2810252315972387,0.2868451374961982,0.292415141464924,4.297285406218791
0.08107320074270885,0.10359011765205209,0.12317607985431737,0.1408132128940957,0.15692592146207032,0.1717607241039775,0.18548369670383066,0.19821793547864175,0.21006154314428296,0.22109758206445898,0.23140001074035385,0.24103714628377168,0.2500732795899445,0.2585688445744348,0.26657968204902205,0.27415612165894815,0.2813425051484041,0.28817735041747783,0.29469394684655764,0.3009210832954469,4.283586561860629
-0.01891414546366675,0.01863746005386248,0.05135842991358188,0.08071045164635436,0.10737351946138976,0.1317638718657368,0.15417076834048654,0.1748114409792145,0.19385920760821218,0.21146058569115597,0.22774705210624482,0.24284331768290815,0.2568720470901302,0.2699541438887376,0.28220462436217786,0.29372665061109576,0.3046078587979078,0.3149208364297349,0.3247257926233357,0.3340730537656778,4.412798293340635
0.11616621655289408,0.13577059243424153,0.15211817136341846,0.16633985114423383,0.17892601808893227,0.19017107676231393,0.20028700306188282,0.20944474277441452,0.21778989116304906,0.2254467756897617,0.23251859436983074,0.23908861477192886,0.2452236214748108,0.250977840543676,0.2563958909008618,0.2615148945812617,0.2663661261527391,0.27097620863196703,0.27536797542946545,0.27956116957398225,3.597312260588446
-0.4585829146631311,-0.33731873350469427,-0.24024742918608888,-0.1600698259842705,-0.09287128721250712,-0.03628368962827269,0.011190964459771661,0.05061490664257895,0.08334119895727517,0.11216759721519574,0.1390927828184504,0.1631241761176618,0.1858328437669214,0.2067892398974939,0.22594152568487486,0.24491448358813736,0.26089570543378143,0.2786105085955881,0.2920298013975592,0.308486937568417,4.135166556742356
0.11380474957686604,0.1321866344997256,0.14791146262134208,0.16190850468315923,0.17457251158790163,0.18613106040587454,0.19673838910301783,0.2065110912975295,0.21554469465438322,0.2239220067291391,0.23171708049928258,0.23899659532636863,0.2458199202683442,0.2522389284165858,0.25829822630029553,0.26403588566390784,0.2694844011126392,0.27467161533158657,0.27962152065813545,0.2843549280660939,3.979681653901961
0.004558869245347916,0.05557290189424521,0.09485743188620317,0.12600998548934733,0.1508293544786488,0.17072546386155438,0.1873059214822114,0.20191243191394412,0.21480970631563895,0.22628173362414705,0.2368128608328806,0.246289287931878,0.25508209900189777,0.2632979454992182,0.2707504078293997,0.27798752516915304,0.28460084895245014,0.29081219194770225,0.29697870318129926,0.3023887719628137,3.2771447329921766
0.1352144421644873,0.15115123255101762,0.16437734209095684,0.17589865852998618,0.18614698823423784,0.19537594967053923,0.2037603886502174,0.21143254554961669,0.21849764280040757,0.2250413536060093,0.23113394797357545,0.23683318260883562,0.24218669849961805,0.24723406468386516,0.2520084381918504,0.25653785803190904,0.2608462439136734,0.2649541691643531,0.26887946040249466,0.272637666968322,3.5263605246161616
0.11968503151439563,0.13845383202307807,0.15413862443847695,0.16782180586052384,0.17997025144199996,0.190861849730034,0.20069414841526537,0.20962417947500883,0.2177843619814994,0.22528781140352114,0.23222949736118714,0.23868729311002346,0.24472440889063912,0.25039246475584315,0.2557341009528156,0.26078491156997813,0.2655749330343846,0.27012977450030523,0.27447144705513576,0.27861900947056367,3.624340932976365
0.08884060931397725,0.10899057741389864,0.12673786664358927,0.14291119464303237,0.1578632770836956,0.1717959335927383,0.18484286597586944,0.19710103025422393,0.2086453660537272,0.2195367544124615,0.22982676817417977,0.2395607088005753,0.24877961417504227,0.2575215658481443,0.265822462302465,0.2737163643074423,0.2812355169688737,0.2884101765820171,0.295268382984894,0.3018357944319806,4.532599493153256
0.05738767068871567,0.0837919772803801,0.10673221605411605,0.12732995776957617,0.14608050062845437,0.16327640510926744,0.17911715026491623,0.1937519562049829,0.20730084837866475,0.21986670277361658,0.2315426510515296,0.24241634724736136,0.25257153476375227,0.26208730282472337,0.2710360336489987,0.2794815695437175,0.2874787175982002,0.29507403060117804,0.30230707354381425,0.309211633161179,4.283586561860629
0.018205271223164045,0.053504095564740776,0.0835671776925823,0.10999064014298333,0.13352022843934816,0.15461288833540804,0.17359049645070415,0.1907058405142119,0.20617940062628776,0.22022116023689578,0.2330378231127293,0.24482358918534805,0.25574274371422384,0.26592231238347,0.2754603806073103,0.2844358667123678,0.29291256838559165,0.3009431614455127,0.30857250582551254,0.31583857954700445,4.060443010546419
0.09164319514108266,0.11146145581698415,0.12889840696508642,0.14477763184493603,0.15944924050491294,0.17311335671298309,0.18590247440915722,0.19791266530233814,0.209218228354643,0.21987960113796307,0.22994807636985032,0.23946880619323116,0.24848277177400865,0.25702804348443703,0.2651405002535462,0.2728541223227547,0.2802009745241259,0.2872110193513161,0.29391190331766126,0.30032882535958494,4.51085950651685
-0.5872216986172044,-0.45100919872448697,-0.3571626347232588,-0.287853742670485,-0.23632943190822414,-0.22430447208712745,-0.18038572064123673,-0.17506908406946856,-0.1357730413815996,-0.13438085369286945,-0.10010507639337105,-0.09480073258123413,-0.07311912360572964,-0.06114288661072356,-0.06448495579367922,-0.035970384135081815,-0.030698417077440438,-0.030689461900893812,-0.006229478764904024,-0.004832033187142358,4.219507705176107
0.1274885200035992,0.14676597958307333,0.1619973955923234,0.17479835001366392,0.18586930891462958,0.195620686352818,0.20432980611902912,0.21219714280239954,0.21937167354679452,0.22596592498180937,0.23206673829577823,0.23774278908240623,0.2430493994269979,0.248031727288562,0.2527271245185073,0.2571668620946256,0.26137735486447217,0.2653811110829524,0.26919748664281096,0.27284324191366627,2.8622008809294686
0.12585905895740515,0.14164906025808985,0.15526226044203534,0.16748420407071266,0.17864441842268078,0.18892972698024968,0.19846385707758252,0.20733747186399343,0.21562209910000102,0.22337741318610096,0.23065525854432162,0.23750185041991762,0.24395888222046105,0.2500640026729228,0.25585100565591995,0.2613499725798968,0.26658748889397366,0.2715869510415236,0.2763689239698031,0.28095150338502306,4.127134385045092
0.12337886509299516,0.13895293580436394,0.15252171480205606,0.16481010880534136,0.1761213677256477,0.1866264000910346,0.1964372190699296,0.20563462730794563,0.214281091419258,0.22242757661974658,0.23011749682064897,0.23738910171255592,0.24427692058892866,0.25081259099500464,0.2570252789477517,0.26294184834168904,0.268586909894486,0.2739828484610862,0.2791498863636962,0.28410619967370604,4.330733340286331
0.0920049539007708,0.12191112276155248,0.14507882614007872,0.1636691341760063,0.1788097761911935,0.1914095498132492,0.2022443813518919,0.21180027774131222,0.22031260618533224,0.2279844799144483,0.23498568705061484,0.2414053797852261,0.24733940888835595,0.252867195609388,0.25802132129649524,0.26286062373676483,0.2674268917902746,0.27173010114942553,0.27581736945842417,0.27970751662409005,2.9444389791664403
0.08647274550664616,0.10678203555140847,0.12470855255253183,0.14107398136266447,0.15622804914067184,0.17037083896945615,0.18363482959086952,0.19611596552774016,0.20788822669967844,0.21901148709500415,0.22953620141215325,0.2395064088501042,0.2489617429450631,0.2579387822933848,0.2664719099961798,0.2745937768159814,0.28233544617331785,0.2897263136242825,0.29679391315916515,0.30356372224597883,4.579852378003801
-0.02094154540230063,0.015993111770050982,0.048348212136502804,0.07751806157236552,0.10414574833311911,0.12862321060579138,0.15122215837060898,0.17214594891529528,0.19155556461386156,0.20958496952686143,0.226351406482944,0.24196281916907578,0.2565230065550023,0.27013423342407644,0.28289681966511904,0.2949060279635059,0.3062480467251595,0.3169974945490766,0.327217467965311,0.33696111898715747,4.4942386252808095
0.12846038463776563,0.14415766867869742,0.15760603890238606,0.16961939902496428,0.1805397266879288,0.19056168541734134,0.19981509763469826,0.20839600640518186,0.21638097428728678,0.22383439976987482,0.23081237736352012,0.2373646515641895,0.24353551760228973,0.24936423516351508,0.25488532873932374,0.2601289580091462,0.2651213823404814,0.2698854643178155,0.2744411544418819,0.27880592609541505,4.0163830207523885
0.10580776058289529,0.12889456675239166,0.14775666269166782,0.16380979909427135,0.17769220334045907,0.18981397347299406,0.20049687684420317,0.21001528154939975,0.21859648048833927,0.22641329555750778,0.23359165181242017,0.24022773233905928,0.2463981051299486,0.2521635954502265,0.25757385108634795,0.26267037138309657,0.2674874664724438,0.2720541347924525,0.2763953050964763,0.2805320706758874,3.367295829986474
0.12703553302471776,0.14409558238268375,0.15841800021925673,0.17098532790864318,0.18221708682795867,0.19235884368808392,0.20158091522087576,0.21001484670949397,0.21776903442947107,0.22493544316321348,0.23159231937501562,0.23780556111585482,0.24363011322097003,0.24911167825878316,0.2542884499108198,0.2591925919006971,0.26385141556218117,0.26828830862784714,0.27252345906512015,0.27657441647691816,3.6888794541139363
-0.1388257099075206,-0.037664144923742045,0.032268409841780865,0.08201586042429035,0.11652156733130478,0.14202054650938997,0.16675538716117,0.18537289232516108,0.20288873593570994,0.21952122518448702,0.22988434198086694,0.24744054388564207,0.25363507161583076,0.2682658242414087,0.27826364616680765,0.2825069281058584,0.2984373240083766,0.3006696968739281,0.3108297775625839,0.32027485921246956,3.1986731175506815
0.12261921198868495,0.14362868467180845,0.16015026431499782,0.17386082051730106,0.18554217648250446,0.1956885375208049,0.20464897681594119,0.2126748582638073,0.21994525598886697,0.226589905261177,0.2327075361326417,0.2383757627392758,0.24365608454084733,0.24859811901489243,0.25324274653129303,0.25762376547806526,0.26176940217966077,0.2657037057977088,0.26944720558292806,0.27301749386573204,2.917770732084279
-0.03236100957136108,0.012383280100234689,0.05021462107597608,0.08317077664781844,0.1122475026945505,0.13806627163083457,0.16106655952480647,0.18159483734219778,0.19995998174616744,0.2164695713920511,0.23143769478867554,0.24515316341011695,0.2578368809396606,0.2696429824737338,0.2806909275779112,0.29107603407437926,0.30087227048731113,0.3101435860727144,0.31894313692553466,0.32731532707609834,4.069026754237811
0.08885223597427412,0.11330035288960055,0.13382319741006177,0.15170542219195174,0.16751437900673352,0.18159388230102216,0.1941946606559572,0.20552575226630318,0.21577575223497858,0.22511599356272466,0.23369368436150587,0.241626512056734,0.24900595858891225,0.2559048620378499,0.26238240025983356,0.26848702945757447,0.2742592998923816,0.27973356507868863,0.28493900664572797,0.28990081412032315,3.7256934272366524
0.06901237580322978,0.09226130097430518,0.11271191880618538,0.1313011338753094,0.14843372176993114,0.16434442166738736,0.17919050521714597,0.19308710788032707,0.2061240004468447,0.218374793487281,0.22990254108976937,0.24076338966826216,0.2510089972716016,0.26068803916542,0.26984694418016975,0.2785299837657673,0.2867789070768736,0.2946324000181843,0.3021256492926302,0.3092901783021221,4.505349850705881
-0.3793509443764137,-0.28426683718306917,-0.20450863018560722,-0.13583518854361534,-0.07593699232917134,-0.023323745096881194,0.023035806517438785,0.06389091267662032,0.09983148811425852,0.13141827979786688,0.1593483495670041,0.18452924131133722,0.20774716941187146,0.22931204043939105,0.24944424963604295,0.26839653700461163,0.2862261760562328,0.30311101773491766,0.31912296556656944,0.3343110620352317,4.33729074083249
0.13544134542038286,0.1519184588341421,0.16526536824431096,0.17673496703424765,0.18685743700878915,0.19593505450736076,0.2041677538881988,0.21169976695677295,0.2186406776837599,0.22507633271590055,0.23107528204492342,0.23669305773130056,0.24197523215612976,0.24695965846609189,0.2516781221162776,0.25615757315697446,0.26042106153789635,0.2644884563599848,0.26837700536541315,0.2721017763345126,3.1354942159291497
0.1330955765544713,0.1502197296680658,0.16415085927065215,0.17609562535076592,0.1865822366272659,0.1959255853120386,0.20434315946923784,0.21199700851015332,0.21901225610096703,0.22548694293751162,0.231498560055337,0.23710905307727695,0.24236866253385264,0.24731871779465356,0.25199363581201045,0.25642239006672846,0.2606296097438664,0.2646364064141755,0.26846101064847605,0.2721192738706246,3.258096538021482
0.10372028142046642,0.13172310864720693,0.1529594261290903,0.16974216502513498,0.18333559599084126,0.19471348026162294,0.20456626482403065,0.21325893841278454,0.2210063936552482,0.2280069621453437,0.23439792623876957,0.24026355913204261,0.24569380330864055,0.2507510899433179,0.2554705871055271,0.25990518351697495,0.2640887731975152,0.26803621045038856,0.2717850018898081,0.27535305009268285,2.740840023925201
0.10116183451351994,0.11931448058542074,0.13533072179591413,0.14996319326400662,0.1635293544792709,0.1762092675394868,0.18812125451373002,0.19935045789459727,0.20996216527955813,0.22000894300969673,0.22953484745133454,0.2385780916448828,0.24717281009803432,0.2553502419127652,0.26313950033796946,0.2705680262905508,0.27766179716882217,0.2844453598749007,0.29094176189244514,0.2971724525227389,4.579852378003801
0.13058183818799096,0.14725552838778286,0.16116382490515785,0.17331158399184637,0.18412957668361232,0.19387132514069166,0.20271322934484248,0.21079105449295302,0.21821527301976112,0.2250777700896258,0.23145504318794743,0.2374103849845839,0.24299601330431464,0.24825517576945752,0.2532239803843154,0.257932848268705,0.26240764063050553,0.2666705327983325,0.2707406881346259,0.2746347816806954,3.597312260588446
0.1274197728620001,0.14269800122255752,0.15592670543901802,0.16784976416493994,0.1787783695758765,0.1888881808448636,0.198294767298352,0.20708204058388954,0.21531545022295318,0.22304893542723536,0.23032886280435175,0.2371963077117805,0.2436883353278461,0.24983865828169435,0.25567793237989067,0.2612338888553889,0.2665314406942154,0.27159283319633043,0.27643785093441264,0.2810840609971003,4.212127597878484
-0.4243733415523437,-0.29028922626780645,-0.18773991447350272,-0.10636722684433701,-0.04098010784009514,0.011266343364961828,0.0521226273514118,0.08454554027813188,0.11501535951166254,0.14200584117885715,0.16556916753371906,0.18956285186646304,0.2073369038533704,0.22980608477524564,0.24303238282398218,0.2640282364480828,0.2757307745001453,0.2926982420781896,0.30652710667079375,0.316911773651218,3.901972669574645
0.11647819294668917,0.13322020649770913,0.14779462449984776,0.16097422816341939,0.17308376061273217,0.18430714408470167,0.19476556528520383,0.2045469804345048,0.2137198891403705,0.22234067859779982,0.23045787394905515,0.23811468137928204,0.2453504697383966,0.2522015407978869,0.25870143049022176,0.2648809489183899,0.2707681386780779,0.2763882771784148,0.28176397583639157,0.28691536748709223,4.30406509320417
0.13230025751169594,0.1498406926413344,0.16400181668717292,0.1760785020836367,0.18663925009687166,0.19602185911537032,0.20445770012543324,0.2121172380511772,0.21913047009513692,0.22559810977468558,0.23159913442305766,0.23719643125722317,0.24244092482791585,0.24737446168190005,0.2520318509594728,0.256442367856007,0.2606308728792713,0.2646186516339745,0.2684240666012096,0.2720630709454741,3.1570004211501135
-0.1558620735510062,-0.09446408452712363,-0.04202406844215081,0.00398027679440485,0.04483822051934635,0.08137365000347974,0.11416697005213022,0.14365532235486284,0.17019325978055824,0.19409978687430923,0.21569856617833655,0.23533998573032455,0.25337901107402766,0.27011188619540444,0.28574361387091574,0.3004229188625916,0.3142702581359056,0.32737668254780167,0.3398181590041989,0.351660320414582,4.310799125385514
0.1177785809082998,0.13643940700726273,0.15215826060982207,0.16596482348545738,0.17830033531660353,0.1894241166624299,0.1995174554182003,0.20872254359127881,0.21715925083176812,0.22493183535063185,0.23213070686953166,0.2388325970782421,0.2451013020875042,0.2509894870195087,0.2565408417983429,0.2617919245333738,0.2667736009338303,0.2715121816776936,0.27603029305021265,0.28034753676388025,3.7376696182833684
0.08030217322060351,0.10717439621718977,0.12953593550193496,0.14883144748310326,0.16571063475581804,0.18057702449603247,0.193736826997245,0.20545787896356515,0.21598793879496125,0.2255451260793081,0.23430113721611728,0.2423822356541393,0.2498854691454913,0.256888800160407,0.2634542957783666,0.26963321646802224,0.27546885696052803,0.28099705803817254,0.2862486772402841,0.29125028518893065,3.6375861597263857
-0.5635743051473415,-0.45573496785665535,-0.37414672829603524,-0.30948828120057287,-0.25712829433384854,-0.2146710554944421,-0.1814777381309996,-0.16671186704562005,-0.13705303335698288,-0.1270551270239406,-0.09992420335796844,-0.09348830593544477,-0.06839771522801291,-0.06363510854188041,-0.041753165930396026,-0.03538351126989435,-0.019794746227478174,-0.009998553710220254,-0.002494482847914096,0.01107991649806517,4.418840607796598
0.10385937682915093,0.12237941419073542,0.13855643337745752,0.15320955860592075,0.1666854633150374,0.17918170320161103,0.1908290284644925,0.20172258196473764,0.21193654675707693,0.22153203654828232,0.23056174065164542,0.23907277279406283,0.24710837947445266,0.2547088425314991,0.26191180197316416,0.26875221379053166,0.2752621633518801,0.2814707207556921,0.287403939611074,0.29308500523562625,4.363098624788363
0.13891607928146943,0.1540690780910211,0.1666445265705794,0.17761546738204073,0.18739790567917036,0.19623396150541436,0.2042881914369424,0.21168299598635854,0.21851434786628185,0.22485969628640262,0.23078245277852705,0.23633493852343448,0.24156059316759945,0.2464957383649357,0.2511709895921012,0.2556123680386864,0.25984216877334115,0.26387963938197384,0.2677415127399868,0.2714424280206261,3.5263605246161616
0.11593244098885579,0.13340738132005292,0.14847504345691548,0.16198610053358056,0.17429972287177747,0.18562093758449386,0.19608655853383908,0.20579776775584538,0.21483533982006053,0.22326764284767447,0.23115500824775606,0.23855197456294036,0.24550820282828387,0.25206864930315465,0.2582734946212531,0.2641581811595916,0.2697536882447618,0.2750869889802191,0.28018157178033315,0.28505794434449144,4.119037174812473
0.09591928609828744,0.1187967620242692,0.13805406364127024,0.15489495985376653,0.16984586260988419,0.18322246221060423,0.1952515895305376,0.206118571378045,0.21598751130167523,0.22500680705088946,0.2333062166612488,0.24099290023422926,0.2481522190368422,0.2548525086683935,0.26114950161424205,0.2670891152014338,0.272709710626242,0.2780438216679667,0.2831192139807999,0.28795980356536083,3.7495040759303713
0.0016429273481764672,0.03614904398281613,0.06622111591309715,0.09322217038257882,0.11777796387196578,0.14026820121639316,0.16095550596462413,0.1800368135710853,0.19766938027628297,0.21398637018167715,0.22910731241260757,0.24314520935440817,0.2562104039320171,0.2684107292501033,0.2798482364391058,0.2906146300424555,0.3007884742981632,0.31043549088928696,0.31961059668992425,0.32835996244877397,4.394449154672439
0.13538922279575988,0.15194553501248367,0.16540932981701947,0.17697431914517925,0.1871578430435154,0.19626294115710594,0.20449484235592186,0.21200411464511157,0.21890616364705512,0.22529151053102123,0.2312321588345304,0.2367860957767422,0.2420006388285397,0.246914901838922,0.25156159408375595,0.25596835065651796,0.2601587352564447,0.2641530042179563,0.26796869679273483,0.2716210998651046,3.2386784521643803
-0.10959303142225513,-0.05534236783720312,-0.008901280662784368,0.031960311780061375,0.06835993369145515,0.10100601230547465,0.1303972798493738,0.15691110138999717,0.1808555946552613,0.2025081277829779,0.2221457344299233,0.2400600711453076,0.25654200222329676,0.2718402261841227,0.2861372111928119,0.2995673410705758,0.31223825769882046,0.3242342799458079,0.33562431741189336,0.3464677760035272,4.290459441148391
0.08137246898322936,0.1059803169337207,0.1269143208214444,0.14537571539333483,0.16189267200414498,0.17677942392925067,0.1902564689386992,0.2024983866081221,0.21365699105583844,0.22387202014713148,0.2332730231292443,0.2419756038428857,0.25007723487221684,0.2576570707590331,0.2647793195430095,0.27149679566255613,0.2778533609412548,0.2838859131250393,0.2896259265284775,0.2951004465018569,3.9219733362813143
0.06124614107796729,0.08744449112228658,0.11012411937651832,0.1304245497935732,0.1488491114183462,0.1656953515933082,0.18116672818409651,0.1954164301989291,0.20856906829110664,0.22073306689871836,0.2320080169240647,0.24248832144997234,0.25226360629177025,0.26141677094955856,0.27002146197856536,0.27814083555081554,0.2858281441769319,0.29312825815613347,0.3000791824785143,0.3067133452844997,4.219507705176107
0.10280911853108984,0.12616902107083272,0.1453577095706354,0.16176375903080384,0.17600921480739018,0.18848877538980488,0.19950936809339978,0.20933518886621408,0.21819208553793448,0.2262582795026792,0.23366545023938984,0.24051302607592004,0.2468799891656548,0.2528293475305347,0.25841217295183394,0.26367118847059884,0.2686419158454674,0.27335420493643475,0.27783377091387623,0.28210246626173735,3.4339872044851463
0.07629082573606716,0.09982781242206289,0.12024889977773316,0.13858732786303907,0.15529238663181422,0.17062650418417993,0.18476746481601852,0.19784795503434455,0.20997472649809248,0.22123928511309235,0.2317242097247888,0.241506595584142,0.25065922497591775,0.2592500209023426,0.26734069423794415,0.27498566983431033,0.28223194200256907,0.2891197424606496,0.2956835170929363,0.3019528754666284,4.241326752570746
0.09806396735574269,0.11678220072430874,0.13327674370078654,0.14832593011892073,0.1622589215769981,0.1752629167106944,0.18746125694660526,0.19894294860078693,0.20977646473368117,0.22001715592571633,0.22971163961405675,0.23890058487401528,0.24762054937581904,0.25590519183013477,0.26378602860501876,0.2712928366504848,0.27845378708164026,0.2852953996580171,0.29184241535888267,0.2981176747635406,4.548599834499697
0.031935490142514435,0.06377602389222006,0.09113603272264031,0.11540776435520822,0.13722776962511113,0.15698116759306022,0.1749358422252936,0.1912973688376347,0.20623791208294484,0.2199136197242387,0.23247421304026153,0.2440646829206244,0.2548197161264841,0.2648557591419195,0.27426773840272123,0.28313206921015766,0.29151123649965655,0.2994568636414196,0.3070121647585918,0.3142139776341612,4.151039905898646
-0.40362435335347424,-0.3097100880314514,-0.23021567726404002,-0.16121255542144222,-0.1005599319068119,-0.04686385473985786,0.0008511995684729798,0.04329836014996792,0.08102668323155199,0.1145091520383941,0.14425112417988503,0.17090637824115765,0.19524490497407743,0.21783443451245,0.23891607774792872,0.2587118816381496,0.27740219838096053,0.2950640400763377,0.3118468013138608,0.3277970691071658,4.418840607796598
-0.5121220607418826,-0.39601144502118435,-0.32153354570642007,-0.26894498245392146,-0.26398742330992264,-0.22148694787731418,-0.22148694728710752,-0.18450963186999536,-0.18450964055888308,-0.15587390309639307,-0.15091652107274198,-0.18259179053857708,-0.12512934274620255,-0.12512934274487972,-0.12321174503401751,-0.10050987249435846,-0.10050911631746903,-0.09859183777184387,-0.08139618015626016,-0.07643769990782794,4.400603020246817
0.01674023494963667,0.05524013773312626,0.08733120833505384,0.11494898243139134,0.13901580880400183,0.16010676189922235,0.17864627790049828,0.19500279480226448,0.20953902701674762,0.2226117668347554,0.23452078209571092,0.24547186633144574,0.2556085546553874,0.26504814730411186,0.2738798825971422,0.2821751685891992,0.2899976632370645,0.2973962013592638,0.30441479381982245,0.3110921277022123,3.828641396489095
0.11383761563515653,0.1320294188424004,0.1476334989482542,0.1615567056148943,0.17418362443196028,0.18573528678871992,0.1963607263305677,0.20617179106190708,0.215259378553706,0.22370177285190682,0.23156884757858326,0.23892379821175647,0.24582346984108863,0.25231818681050466,0.25845175808608767,0.26426191132255655,0.2697810295553018,0.27503695648684445,0.280053735039845,0.2848522428807048,4.02535169073515
-0.326664411350146,-0.23966996281211772,-0.16623563733850655,-0.10262299687975421,-0.04681943744523358,0.0024767031022692914,0.04617405715692816,0.0849410829818939,0.11930722290661837,0.14975873585529598,0.17684795597727143,0.20126020535870226,0.22367437170843507,0.24449438797982911,0.2639282330023779,0.28219334157383585,0.29941654758800046,0.3156991523674765,0.3311630768449128,0.345847922944355,4.343805421853684
0.12503792992577142,0.14024392692997112,0.15351444448202686,0.16555224937680837,0.17665088694655579,0.18697546970377013,0.19663392929862275,0.2057038529607803,0.21424495029699736,0.2223056682727326,0.22992702308291715,0.23714493733579659,0.24399168661638354,0.25049676992215014,0.25668739254574224,0.2625886965145367,0.2682238482879735,0.2736140717574316,0.2787786869176426,0.2837351834593428,4.3694478524670215
0.0927890894493405,0.13936558819862252,0.16351417260513057,0.1786957917022936,0.1925493910845819,0.2026807064805272,0.20934153332204528,0.21849995836172934,0.22527229045157562,0.228698933466221,0.23583364405078536,0.240544680274603,0.24285947823903833,0.24942087485808367,0.2525871528915878,0.253866172623872,0.2593207443499698,0.26239141151924267,0.2639374222309003,0.2680451016160264,1.6094379124341003
0.13581618557681788,0.151867314731762,0.1649390792018061,0.17624091117082957,0.18627581435991253,0.19532636091896563,0.20357724006940642,0.21116067706517316,0.21817694359717416,0.22470489500406024,0.23080799768517335,0.23653814722241207,0.2419383047462419,0.24704442004409702,0.2518868715897201,0.2564915592229702,0.2608807431722382,0.2650736961492769,0.2690872156748192,0.2729360307723541,3.1570004211501135
0.125754567576532,0.14182993570888333,0.1556256974276953,0.1679623325332626,0.1791848285394938,0.1894896098716792,0.19900764949070018,0.2078358237183531,0.21605139979400254,0.2237194954882732,0.23089704164087754,0.23763478406088823,0.24397816807847506,0.2499676833371842,0.2556390754845511,0.26102364408406226,0.26614866848124713,0.2710379023396558,0.27571206592160336,0.28018929518487573,4.04305126783455
0.10619605481557842,0.133152939153317,0.1537316360586707,0.1701305104335275,0.18351891669854434,0.19477354731668053,0.20452990582410954,0.21315446978791433,0.22086116613506385,0.22782989469769252,0.23419716824754128,0.24005034711088452,0.24546944330629533,0.2505191005194535,0.2552386130618009,0.2596715260480901,0.2638550005877188,0.2678081752052199,0.27155903267361464,0.2751307749543688,2.772588722239781
0.07100639348015901,0.09569606578653721,0.11705558827608381,0.13617686749453184,0.15353817341850387,0.16942061187811921,0.18401582177086223,0.19746798751659722,0.2098944388361259,0.22139723267314423,0.23206985377443987,0.2420004179178178,0.25127199360030744,0.2599609823254734,0.26813513772576325,0.27585270342449536,0.2831630099094022,0.2901078008694215,0.2967225638484957,0.3030376761123909,4.197201947661808
-0.23615928751984488,-0.1378908003750978,-0.06156223329836214,-0.0002597531091476328,0.049530425895376234,0.08987548271513246,0.1223402017823912,0.14912467215679365,0.17319719580153017,0.19491428692374246,0.21419180979949068,0.23245541038097103,0.24853567545377142,0.2640013910895713,0.27819203011081794,0.29101048505390503,0.30433521590260487,0.31479888459839656,0.32728151665436855,0.33676432358918057,3.784189633918261
0.10773967908745613,0.1262496686520287,0.1422869335634516,0.15671477769498626,0.16989903039772117,0.18204887532939773,0.19330374633257214,0.20376635650073183,0.2135182410512506,0.2226280759113976,0.23115640380811045,0.23915824637736968,0.24668431397725243,0.2537812957524167,0.26049168391838873,0.2668535489973908,0.27290053274123033,0.2786621099789311,0.28416402147596803,0.28942875850787075,4.204692619390966
-0.040239683608360444,-0.0009401999142660824,0.03355081204208731,0.06468286729046241,0.09312882456265499,0.11930084290180044,0.14348557062163048,0.16589774447121414,0.1867070205276134,0.20605381502143097,0.22405994578798227,0.24083643237556446,0.2564892305862821,0.27112272584076114,0.2848403679984829,0.29774226672748133,0.30992097671700075,0.3214579569653635,0.3324225611463559,0.3428732151357332,4.537961436294641
0.1173215581142244,0.1403959640668695,0.15804230787939735,0.1724574067491096,0.184615402913266,0.19510973046364957,0.204343814009097,0.21259355702548283,0.2200481129790417,0.2268454962436618,0.23309275119136139,0.23887280564081248,0.24425023508050406,0.24927761264480486,0.25399804978242085,0.2584465388735353,0.26265265966858903,0.266641755910471,0.27043495665861217,0.2740505237012068,2.4423470353692043
0.040674409521432996,0.0728567316900239,0.10012305471075153,0.12399579983699142,0.14517538830098076,0.16408924468954086,0.18104177223190313,0.19627862713649127,0.21002119734319905,0.22248291047076013,0.23386729537737802,0.24435225999047727,0.2540777692426285,0.2631502592836251,0.27165422773287534,0.2796579655102749,0.2872170153673279,0.29437831014511834,0.30118158913148335,0.30766068762763993,3.9512437185814275
0.12004836498439166,0.13971862965462642,0.1558743385862002,0.16975009828260418,0.18189049511630473,0.19263157618150456,0.20222125186018236,0.21085936135523567,0.2187098091216501,0.22590370838574714,0.2325431983365294,0.23870794358065803,0.24446143590398006,0.2498551810922079,0.2549314825340585,0.2597256041288877,0.2642672825598967,0.26858177323110255,0.2726907255887866,0.27661284807339787,3.4011973816621555
-0.013408420971622077,0.036481486053112314,0.07637748472071351,0.10930137147620735,0.13674425645849342,0.15967974802170104,0.17896033004340076,0.19552146158698708,0.21022098055585958,0.2234707655345196,0.2354681382955799,0.24648911162376164,0.25664306896489597,0.2660440890173124,0.27485288834383986,0.28305987575424574,0.2908106030685018,0.2981353786735991,0.30501873713947814,0.3116387550238699,3.56953269648137
0.1022639693503342,0.12001407240872833,0.13572358300180185,0.1501155489520871,0.16349426006859985,0.1760318813249636,0.1878412276586947,0.19900319848766942,0.20957954766362197,0.21961969786700608,0.22916474935607997,0.23825001483328448,0.24690670676163476,0.2551630936406204,0.26304529316655556,0.2705777960342915,0.2777837789561785,0.2846852527111538,0.29130309036990226,0.2976569835409801,4.653960350157523
0.13801473973960932,0.15235079176516375,0.1645473383868213,0.17539666254897623,0.18523132435561898,0.19424064464947852,0.2025508889693709,0.21025525271045825,0.21742748680734683,0.22412876964933934,0.23041134329480736,0.2363204814828587,0.24189561144971164,0.24717105589353247,0.2521766405943975,0.2569382631135858,0.2614784333729126,0.26581676885493205,0.2699704305831734,0.2739544965157248,3.912023005428146
0.11942098655603206,0.13688404228817874,0.1518045090644514,0.16508219161639268,0.17709801230963143,0.18807093627850813,0.19814895658823,0.20744354394453998,0.2160455235608626,0.22403301583220753,0.23147526010328118,0.23843410831917367,0.24496436681113418,0.2511138831359062,0.25692389800162,0.26242973883610665,0.2676616675152352,0.2726456979337164,0.27740430940530064,0.28195704512948155,3.960813169597578
0.10210563098904163,0.14039524260993225,0.16346288195216246,0.17868485423082284,0.191158077136058,0.20175249357305305,0.2096517659464891,0.21697446585171346,0.22417482080760587,0.22944768875694863,0.2345797531695191,0.24004210519394367,0.24380240987744914,0.24794137756737972,0.25251532809917887,0.25526407747260405,0.2586167432095343,0.2624644324284965,0.2647598100388405,0.2677373003778392,1.3862943611198906
-0.4129291638648684,-0.3069678220841952,-0.21979475987752486,-0.14604201512877416,-0.08278004065436345,-0.028158026271816138,0.019066291243382282,0.05977714425965482,0.09472723854733599,0.12488182013660598,0.1517227754568615,0.17648292984620859,0.19926788846520369,0.2204459913964288,0.24036063232492746,0.25885497455514217,0.2764942078197051,0.2929381939277278,0.30863793582012544,0.3235781289905023,4.241326752570746
-0.19527103669333476,-0.12153271323856177,-0.060160955251104174,-0.007633306964947054,0.03790614134553269,0.07763501831605502,0.11237103850908978,0.1427403666679819,0.1693124640337544,0.19272872234549698,0.21373439325688948,0.2329588459233355,0.2507127918751427,0.267201778570183,0.2826329063329626,0.29710250999097104,0.3107355206888159,0.32362791711192673,0.33582524266354163,0.34744330797975076,4.135166556742356
0.032464210938623464,0.06265730346873925,0.08890881830715937,0.11246083259783242,0.1338728695855255,0.1534800401357804,0.17151260829524256,0.18814325777223126,0.20351076940850493,0.21773395421831393,0.23092060927830863,0.2431730178459014,0.2545901737764801,0.2652667937684521,0.27529017300541275,0.2847371205049552,0.29367293288950297,0.3021524475803075,0.3102218256908881,0.3179201629238169,4.324132656254979
0.04854688615177691,0.08321439162945884,0.1116140526994564,0.13566497538123426,0.1562706443817902,0.17401583754839325,0.18937857588863993,0.2028192062807427,0.21477387468740344,0.2255753342482921,0.23542830637127685,0.24448257841661575,0.25286395254721733,0.26066016163603734,0.2679475878623016,0.27479241526466525,0.28123992204521475,0.28733793139053937,0.29312229863002237,0.2986191079598798,3.56953269648137
-0.5733983042822918,-0.46431432709514353,-0.3749446179853972,-0.2996086493221643,-0.23512953834459477,-0.1795031244469846,-0.13141489342859655,-0.09001090401096684,-0.054753469842772906,-0.025159842506718336,0.0001671625038761006,0.02407188308999769,0.046083611824398206,0.06615166490813011,0.08602974659415673,0.10297760984733881,0.12134939014704699,0.13560798064570553,0.15284110416626925,0.16494659533731998,4.442651256490317
0.10096397854196831,0.12009248086631706,0.13676978853080501,0.15184677336340746,0.16568466759404538,0.17849000709184504,0.190399998876086,0.20151495036126138,0.21191354717604607,0.22166111082285425,0.23081445411615795,0.23942481206003208,0.2475395100870749,0.25520272244311953,0.26245559745088426,0.26933604272423567,0.27587846110493874,0.28211364326821076,0.28806887989715146,0.29376823999583235,4.324132656254979
-0.5731254515122071,-0.41382416793454957,-0.29492310567123475,-0.202311081396906,-0.12922563570166878,-0.07237988652766683,-0.030646369785405872,0.0014128396445656248,0.038099755272417414,0.06015546109716793,0.09381438617423073,0.10820973069956297,0.1398266474700458,0.1502563677517494,0.17756537452805038,0.19053316333189665,0.20757913319126423,0.2265556272097286,0.23326531993010424,0.25518076737722434,3.970291913552122
0.0925577500920805,0.11657363004933569,0.13666801915769725,0.15413015068036434,0.1695292005027809,0.18321171410013654,0.19543280474816463,0.20640699215023411,0.2163275242549779,0.22536708673868117,0.23367023716617616,0.24135023883870757,0.24849494298316632,0.25517464112558386,0.261446402587098,0.26735704256784365,0.27294587978680995,0.27824615883341364,0.2832861395974938,0.2880902520641922,3.676300671907076
-0.16905990480075875,-0.10453201695238692,-0.04969450628186315,-0.0018227575198069212,0.04048983579256556,0.07814310381597604,0.11176958234868425,0.14184561480016003,0.16876171621279806,0.19288044899423867,0.2145857913211637,0.2342988815611401,0.2524218304609286,0.2692497057811473,0.2849724911861676,0.29974033860136795,0.3136705132083114,0.32684990178032947,0.3393591212398092,0.35126015967377716,4.276666119016055
0.13608016006662668,0.15235604754150822,0.16556209951429376,0.176927549165564,0.1869718166953829,0.1959905503460788,0.20417898098412487,0.21167780051537438,0.21859390883976315,0.2250111523539831,0.2309966162912215,0.23660476105432926,0.24188036161950263,0.2468606644990796,0.25157698557267466,0.2560559065334179,0.26032018483229896,0.2643894550159339,0.2682807753761331,0.2720090595762261,3.1570004211501135
0.07747510393002081,0.10043092906928225,0.12042585728655272,0.13844848873267573,0.154926873764603,0.1701099737217155,0.1841655467249966,0.1972177910202661,0.20936542983391918,0.22069174887560603,0.23127064402204597,0.24117024666040607,0.2504547472896717,0.25918476526413864,0.2674167187772769,0.2752018616104423,0.282585645428742,0.2896077131195152,0.296302392133377,0.30269938796641466,4.310799125385514
0.10718850899564206,0.12666162860123859,0.1433379928382879,0.15818287411372237,0.1716082492771386,0.18385254170479046,0.19507787576603633,0.205407284574445,0.21494215840645597,0.22377111034430067,0.2319741377699511,0.23962386754651094,0.24678525571976256,0.25351504463268476,0.2598618469886174,0.26586695374252317,0.2715654522171378,0.2769872936040795,0.28215820611754566,0.2871004517996077,3.9982007016691985
0.14052951693348703,0.15557143424018738,0.16791003868761822,0.17861556359263117,0.18814124314754,0.19674530606001786,0.2045981457270884,0.2118224772633779,0.2185117107383672,0.22473950974309082,0.230565306167127,0.23603780405822017,0.2411973993679253,0.2460779479264634,0.2507080949048786,0.25511228844108147,0.2593115607206534,0.26332413648513564,0.26716591203810425,0.2708508360563937,3.332204510175204
-0.05234056400377144,-0.00745094843221158,0.031144817524250405,0.06529075681177353,0.09588074167346099,0.123473042115506,0.14845935732749121,0.17113700421948186,0.1917493762737349,0.2105135382582312,0.2276400869999111,0.24334293344643385,0.25783345567781063,0.2713009401993975,0.2838965818739142,0.29573609467650924,0.30691139078396246,0.3174967331503481,0.3275526221225868,0.3371303031657186,4.276666119016055
0.0573130144374981,0.08908899916829705,0.11540684048104487,0.13795888594451625,0.15752737038178338,0.17460566791580798,0.18957649588372527,0.20278842798547683,0.2145763680388107,0.22523241718980253,0.23496949968380956,0.24393373534983032,0.25224010371148814,0.2599798323783584,0.26722302924054825,0.2740304962822711,0.2804518589021083,0.2865273192058618,0.29229390162255137,0.29778055495498373,3.6506582412937387
0.13658474054893732,0.15234825818374095,0.1653890628267607,0.17672758819740517,0.1868024602494788,0.1958710431459563,0.20410990529666934,0.21165146037343227,0.21859999601853283,0.22503962373328482,0.231038863273139,0.23665383030859152,0.24193076451384946,0.246908086326805,0.25161802157753316,0.25608785307096293,0.26034088190488847,0.2643971698909906,0.268274116027352,0.27198690873619463,3.481240089335692
0.11842359329839473,0.13853562308411874,0.15502759970399538,0.16916404234461177,0.18150496137243244,0.19239836253502882,0.20210329125218013,0.21082992235192108,0.21875051071151824,0.226001680815877,0.23268874819957433,0.23889341102772108,0.24468070930427913,0.250103304662464,0.25520437080549124,0.2600198879514569,0.2645801579792164,0.2689108699800496,0.27303403674008275,0.2769686600085467,3.3843902633457743
-0.017465189392601874,0.01865042429219148,0.050348909774466384,0.07898275154250489,0.10517224543417038,0.12929413588573,0.15160907733205287,0.17231185069861463,0.19155629938669755,0.20946989642626077,0.22616338206134345,0.2417376712473313,0.25628877924351706,0.2699107082887932,0.2826959241184224,0.2947334350269743,0.3061055267418996,0.31688503262085127,0.32713449672892647,0.33690702165504854,4.5217885770490405
0.0174510115411412,0.05122262429760017,0.08032348301555724,0.10618980717963336,0.12948407075300825,0.15060899907268155,0.16984454576102329,0.18740397064083958,0.20346342197935124,0.21818021576272179,0.23170412054890904,0.2441816724365191,0.25575290968714115,0.2665432585902154,0.27665738806003776,0.28617971498817024,0.2951788626918456,0.30371137206898197,0.31182428049267064,0.31955743762014094,4.212127597878484
0.07724815143808368,0.10237020421618091,0.12378869791825636,0.14270939222065754,0.15966372709376614,0.17496777103547045,0.18884242665504317,0.20146136066583006,0.21297456525203862,0.22351993486074664,0.23322635783556409,0.2422107240887315,0.2505732991673828,0.2583962856876457,0.2657464001494522,0.27267844916417466,0.2792379202423878,0.2854629922871279,0.29138618109136677,0.2970354199621474,3.960813169597578
0.04028208251201234,0.09418879598083987,0.1307763671064015,0.15545926009868727,0.17305412306399046,0.18867651649076084,0.20120953293262545,0.21132322052183503,0.22183427082534996,0.22945901320312295,0.2371879809288344,0.24515092080648415,0.24978312900657715,0.2569564177412911,0.2627423593612469,0.2661177330143831,0.272878238238432,0.27670865541822526,0.2800347246746104,0.28567006444779103,2.5649493574615367
0.1296584092485605,0.14541311829104409,0.15884356100777325,0.17079195976939698,0.18161298650882735,0.19150943263471584,0.20061747154301746,0.20903869437988098,0.21685472137128448,0.2241345028414258,0.23093800209089466,0.2373179543462637,0.24332068110106575,0.24898658534010906,0.25435066339020646,0.259443119428822,0.2642900261806963,0.26891395378510735,0.2733345251641175,0.27756888802451485,3.9318256327243257
0.12672570802265123,0.145563814360684,0.16081515306197955,0.17379084582534726,0.18507661215338714,0.1950342972840602,0.20392394281174134,0.21194441588714616,0.21924941110397217,0.22595688292691268,0.23215763290100325,0.23792293076973434,0.2433099544329262,0.24836528258978355,0.25312736604282066,0.25762836538637496,0.26189543846665314,0.2659517019244595,0.2698170101964588,0.27350854137348996,3.2188758248682006
0.06479322667571305,0.08952580597150726,0.11111194071958738,0.1305866994784613,0.14840220887100075,0.16482318941682794,0.18002869471419972,0.19415138155294462,0.20729648653496027,0.21955247261431368,0.23099758390983186,0.2417039448246661,0.2517398079802179,0.2611702083540174,0.27005636810062367,0.27845449889227014,0.2864147992523924,0.2939811621360771,0.30119156624683413,0.3080788012974826,4.356708826689592
0.12704488822243848,0.14350127654935219,0.1574720859331357,0.1698509884028399,0.18101598667238336,0.1911847663727092,0.20050503621328106,0.2090884356418201,0.2170258340968329,0.2243947051276922,0.23126255292811382,0.23768835007158484,0.24372320093876687,0.24941095336705554,0.25478901095812523,0.2598892705727247,0.2647390277309832,0.2693617647650765,0.2737778081305773,0.2780048648119699,3.8607297110405954
0.11280307781613862,0.13795687131194073,0.1571065726366919,0.1724362690290309,0.18507266749112383,0.19579170623008213,0.20512614573481947,0.2134025533983104,0.2208256593784776,0.2275543221143006,0.23371200099352618,0.2393853306723709,0.24464468953168858,0.24954928450329247,0.25414154478301787,0.25845816037882746,0.26253310132064794,0.2663901388044406,0.2700507331691698,0.27353652263802114,2.70805020110221
0.08780593863720519,0.10950907475343193,0.1283324328170599,0.14524776077980467,0.160673429356661,0.17485191561254726,0.18794659781717685,0.20007894808514082,0.21134635496788007,0.22183190512077602,0.2316100646141879,0.24074976692092415,0.24931557868687781,0.25736749156644123,0.2649600636521274,0.2721416981228292,0.2789545383938979,0.285434949797004,0.29161427116222216,0.29751958405885204,4.22683374526818
0.07643954196807623,0.09806642155466101,0.1171884926993626,0.13466000198006559,0.15084638709619586,0.16595769381264022,0.18013351159386365,0.19347518378374662,0.20606094126493243,0.21795408844171113,0.22920790677221262,0.2398688211539372,0.2499785456097738,0.2595755555507377,0.26869605599943563,0.2773745333943398,0.28564395646037233,0.2935357079665468,0.3010793592430046,0.3083024134186843,4.61512051684126
-0.4789164421064265,-0.3112415212353681,-0.1919294589124294,-0.10309747499064653,-0.03714273592163231,0.008781185408890838,0.042317730634546045,0.08208643637896834,0.10256342291756775,0.13930575399565753,0.1500093505835644,0.18457938057375134,0.1941423408647341,0.21915771359436745,0.2366037289909296,0.24370100310491563,0.2702143215618401,0.27406477559777725,0.2923772039571168,0.3084052813120006,3.7013019741124933
0.1354921229985068,0.15205536174411916,0.1654808856575119,0.1770017696405732,0.18714790175387314,0.19622582024203433,0.2044406100278112,0.21194130128310162,0.21884143821624435,0.22522986464278547,0.23117726723160556,0.23674066477478548,0.2419666727094142,0.24689389023183625,0.2515546435192071,0.25597627796664824,0.26018213465298395,0.2641922970337504,0.2680241694276966,0.2716929328706727,3.1780538303479458
0.02101542280939905,0.060887369784079076,0.093578094029479,0.12125696703247306,0.14496527427756478,0.16536725816801445,0.1829894133315974,0.19833921385233214,0.21192776188118878,0.22417663101835136,0.23534082821835925,0.24558866314818675,0.25506938379459254,0.26388421792699013,0.27211692067602694,0.27984780364250855,0.2871253752923762,0.2940053220925466,0.30053111183310466,0.30672750281659855,3.6635616461296463
0.10949253133833095,0.12917387820479473,0.1458853340809991,0.1606503038633134,0.17390735668796406,0.18591277016706365,0.1968438533856503,0.20683840380159674,0.21601267782116176,0.22446951509229446,0.23230093857636328,0.23958792927079497,0.2463997709016748,0.25279448807765886,0.25882039725399736,0.2645179271183937,0.269921161092733,0.2750590775455615,0.2799565423406858,0.2846350647132454,3.8607297110405954
0.06415488470307411,0.088167004557248,0.10928158773740143,0.1284621278791204,0.14612649325779142,0.1625178141344225,0.17779941018319473,0.19209109391988374,0.20548645589240985,0.2180623917548561,0.22988493335927573,0.24101306394889754,0.25150124803868074,0.26140098232172637,0.27076150235858665,0.2796297743515742,0.2880500014443995,0.29606297792830605,0.3037056150247736,0.31101080679210086,4.499809670330265
0.09475009334652115,0.11408135491073322,0.13109300993554254,0.1465913373012998,0.1609183309017837,0.17426906518557925,0.1867724495562269,0.1985217989914974,0.20958916214670062,0.22003304176944005,0.22990298460988012,0.2392424978365561,0.24809096104764158,0.2564848583044616,0.2644584995364,0.2720443426189072,0.2792730230576585,0.2861732140673705,0.292771444180082,0.29909197295967593,4.516338972281476
0.02489205716944238,0.05767257623521035,0.08588075551215568,0.11092999634524937,0.13346936700115516,0.15389246592933475,0.17247293688127813,0.1894199430184828,0.20490740357025894,0.2190918565959954,0.23212295161503305,0.2441464962100675,0.25529998056108544,0.26570439764218284,0.27545944896522895,0.28464539689516194,0.293327684507429,0.30156030945196566,0.3093883228446572,0.316850020399836,4.182050142641207
-0.07282271779672791,-0.019952329918221677,0.024375008157830842,0.0626420067649305,0.0960979695851821,0.1255287147454172,0.15148973349791187,0.17442238148624262,0.1947342562956361,0.21285390343992902,0.22922539154533242,0.24422219620319183,0.2580844503851283,0.27097595149344217,0.2830348526414493,0.29435963874358095,0.3050327732386203,0.3151288901864314,0.3247007221046302,0.3338044188895442,4.051784947803305
0.10194970971453647,0.1235080663286236,0.14169657972443575,0.1576520225511362,0.1718675441798808,0.18463622884438488,0.19616600113873764,0.20662384334277403,0.21615514155946977,0.22489041551679007,0.23294486046830878,0.24041584836379304,0.2473827579228617,0.253909827266321,0.26004966588430223,0.26584584304845177,0.2713348277485246,0.27654755075124193,0.2815104867103397,0.2862464629697428,3.7727609380946383
0.1229353151019487,0.14413249988804538,0.160644648770995,0.1742817687467042,0.18587798958037402,0.19594598385001352,0.20483863095680635,0.21280525968670236,0.22002216132264044,0.2266176210133678,0.23268985412413645,0.23831603410330168,0.243557185842884,0.24846258049402098,0.2530728041587003,0.2574213600173956,0.26153625930817265,0.2654413983901255,0.2691571483246358,0.2727009661971152,2.803360380906535
0.12075891432724781,0.14290964785199223,0.160013727489234,0.17401669798069958,0.18583295895788152,0.1960320091290291,0.20500459834841023,0.2130200057991523,0.22026321981567137,0.22686827855903677,0.23293868226954828,0.23855498964694247,0.24378011543808709,0.24866509222987354,0.25325178901937334,0.2575742945671535,0.2616613145784613,0.2655374133655852,0.2692231745505867,0.2727363473129821,2.740840023925201
-0.20608833761131182,-0.1351733730201212,-0.07518081230032074,-0.023054210286533275,0.022807579377165408,0.06343158347132222,0.09953754726981516,0.13166502632199223,0.1602575010398152,0.18573667685257939,0.2085686517515253,0.22927457279246252,0.24832476477341472,0.266020373775877,0.2825508440664203,0.29808117108126714,0.312725477457577,0.3265758073933362,0.339721244780717,0.3522183424730115,4.269697449699962
-0.26606980524993795,-0.1730253778986433,-0.09794936448547986,-0.03551479029954808,0.01710058288149896,0.06163272511475735,0.09925535003361476,0.1309491803441068,0.1579519083051342,0.18194176950210691,0.2039193005365925,0.2239039332023692,0.24244590630829366,0.25967656854206617,0.27561121324797605,0.2907683145008979,0.3047198364608584,0.3181682755094119,0.3307284248467739,0.3425923029832379,4.007333185232471
0.10273479126614907,0.12213357795255436,0.13892814855632643,0.15401856426396246,0.16778789404432665,0.18045611573737927,0.19217049933234684,0.20304007522648543,0.21315193443527924,0.22257998937675702,0.23138992879763656,0.23964186512993163,0.24739140639477292,0.25468970661272444,0.26158307102745154,0.2681126417162986,0.2743144502005246,0.2802198194207684,0.28585593708355045,0.2912464485419262,4.189654742026425
0.131178084314714,0.14599765804681455,0.15878942053251696,0.17029411354599638,0.1808213756377581,0.1905459798767432,0.1995830164671888,0.20801619467517365,0.21591093874030978,0.22332124180433435,0.23029350195061818,0.2368687064902357,0.24308363804006752,0.2489714978035285,0.25456221646044597,0.25988264297026786,0.2649567265886679,0.2698057379302212,0.27444852660600866,0.2789017931861543,4.1588830833596715
0.04048308300243151,0.06823362417807634,0.0925901902088119,0.11464693407341829,0.13488761910530211,0.1535981408689716,0.17097280241844212,0.187155400967579,0.20225911102737082,0.21637769589200076,0.22959256491438776,0.24197750534458543,0.25360180767961565,0.2645319951902961,0.27483221614541614,0.2845635095627438,0.293782485113782,0.30254015676044366,0.31088146054075505,0.31884548713832,4.477336814478207
0.023991442715939542,0.0556319749322765,0.08311253620312868,0.10773134850524661,0.13007795957714796,0.15050736982089433,0.1692643230190416,0.1865327890910706,0.2024610118621398,0.21717645176233186,0.23079550375941332,0.24342941017430791,0.2551863387488244,0.266169630305903,0.27647367654381766,0.28618039420230745,0.295358543441858,0.30406541939072046,0.312349027562153,0.32024988806649535,4.31748811353631
0.08497002459688052,0.10681768004183624,0.12583069027519472,0.1429652388292647,0.15863300052678006,0.173072352648861,0.18644346378421167,0.19886475338154744,0.21043032281884752,0.22121955159501808,0.23130280430765374,0.24074478876416658,0.24960620763848876,0.25794409146595143,0.2658112773389459,0.2732556404641329,0.2803196283401827,0.2870403251807564,0.2934499222697613,0.29957634854748066,4.290459441148391
-0.43990013550819224,-0.3317054695383077,-0.24260473389395107,-0.1671568109076626,-0.10238074702867013,-0.0463895479369166,0.0020826909426423144,0.04392810089074188,0.0798791937503613,0.1108409544338215,0.13827223360538762,0.1635642867251849,0.18687503758053364,0.20849514418949797,0.22887775049903186,0.24778100066886724,0.265816990908605,0.28266468638719083,0.29867855084163714,0.31402922696769503,4.269697449699962
0.10898647363726345,0.13737302223072748,0.15777060311094568,0.1734811589830987,0.1861571517044097,0.19684960412664285,0.2061278152280984,0.2142740447076988,0.22153297854264076,0.22811220544036462,0.23411077267226962,0.239611132919855,0.2447129255785088,0.2494583016562547,0.25388169234956376,0.25804818719446676,0.26197624121353874,0.2656765263766039,0.2691978310830997,0.2725471755524014,2.0149030205422647
0.12128305793428226,0.13778056354391385,0.15202033779039262,0.16480977740335548,0.1764883630196545,0.18724897246598587,0.1972195925437493,0.20649420576415461,0.21514716743001905,0.22324075931320966,0.2308293772121032,0.2379618055172106,0.24468231505105043,0.2510310676172698,0.25704420882573265,0.26275393201406433,0.2681886596920021,0.27337335655862555,0.27832991636415017,0.28307756045724647,4.143134726391533
0.07905712982019977,0.10274575816390716,0.12317385418139028,0.1414191389164141,0.1579513568601044,0.17304593871001542,0.18689089627533134,0.1996284862392455,0.2113755521645278,0.22223473712255196,0.2323005600936298,0.24166174698554624,0.25040071916447065,0.25859166471771405,0.2662990109979626,0.2735774015491845,0.2804728856908735,0.2870244018842886,0.2932650798570734,0.2992233394203509,4.135166556742356
-0.42990448960487265,-0.24997884949068033,-0.1299917756304149,-0.04645800284171515,0.008385909897248776,0.04078085916776794,0.0877395143334472,0.10239024418057988,0.1465993008805354,0.15042155135299745,0.1898348644123979,0.2022500531917509,0.21700591951890463,0.24497525734313033,0.23714580680130729,0.27158861084535785,0.28298464739623463,0.28370931434934205,0.31008096663701146,0.31438242303370334,3.4657359027997265
-0.5710174981923761,-0.4488725256787662,-0.3505189943693975,-0.2688249488624851,-0.1998918134663056,-0.1413358598899747,-0.0916631381311237,-0.049963983963303316,-0.015583021563534971,0.013086417063841598,0.04001345907474859,0.06479364460965842,0.08686173977588628,0.10919819004905947,0.12732400145282205,0.14800942826620211,0.162792622340127,0.1822146296112309,0.19460058291072788,0.21240806958543146,4.310799125385514
-0.32543419841431065,-0.22874765815617026,-0.14947183187904345,-0.08258941842007703,-0.025396774096572452,0.02380389048338632,0.06615773270669141,0.10251580086919994,0.13369467110438465,0.16080845859568144,0.185250690461781,0.2077597880018964,0.22843750718155775,0.24774185525540757,0.2657600828621018,0.2825939018076803,0.29856993196766923,0.3134608556224227,0.32776785823210763,0.3411887798811855,4.151039905898646
0.01097022339101866,0.06675479232075525,0.10736268581612712,0.13751962503642834,0.15987722417246408,0.17751306356830193,0.19308119100666454,0.20620867052347205,0.21761700262502268,0.22834063319819267,0.2372594942425178,0.24605521699418292,0.2540540958721588,0.26069927619209354,0.26824558402909665,0.2740265706708972,0.2798068368727978,0.28625201567765274,0.2904147003443765,0.2960618313836933,2.970414465569701
-0.1962557285294838,-0.04951181975066234,0.03575139639421547,0.0827656098554562,0.1105663490809357,0.1501281854135982,0.15137686038817483,0.19455390561294508,0.1924301755412422,0.21920063967128878,0.23969767840704026,0.2044557817839887,0.2643095970843102,0.2644878565404249,0.27134155245608477,0.28856256512207196,0.294216054201109,0.3008081221986399,0.2997741951203982,0.3277465415272068,2.8622008809294686
0.1266645799421451,0.14626904742296007,0.1617108250046426,0.1746524143701815,0.1858170404238782,0.19562998299386997,0.20437913938612143,0.212272181707155,0.21946255622212948,0.22606549052428634,0.2321696466103908,0.2378450591414342,0.24314804135085583,0.24812446089986837,0.2528122095075004,0.25724297180402705,0.2614434666525064,0.2654364384600541,0.269241435367982,0.27287536452459943,2.833213344056216
0.1407875911495317,0.15532842072081104,0.16747443503530635,0.17812985646018734,0.18767870376574053,0.19634273099452593,0.20427161710635588,0.21157628326954245,0.21834378441482358,0.22464478630616808,0.23053770620803904,0.2360712906272046,0.241286446792202,0.2462176803042487,0.25089426886103755,0.25534121882608757,0.25958003543064256,0.26362933855325343,0.2675053544360348,0.2712223091165934,3.624340932976365
-0.7004336992709314,-0.4362476158583175,-0.29367223629113387,-0.2861240512614156,-0.17960970625874226,-0.10452788824869412,-0.09699075294527147,-0.029486152879153883,-0.09698523260427548,-0.029486152878520015,0.020039999431790207,0.02758817324356106,-0.029464051810041143,0.07714381002218985,0.07702820334146694,0.11308922668866361,0.12063953038085971,0.07702820459154457,0.12063740050044602,0.15964715665493737,3.5553480614894135
0.14110486609354866,0.15598282770923075,0.1682022235048075,0.17881643845707806,0.18827096368001134,0.1968192448589877,0.2046282819425235,0.21181821101587148,0.21848042978287008,0.22468703051291264,0.23049623069436934,0.2359558042772817,0.24110543526551534,0.24597842992308244,0.25060300364415433,0.25500326398025036,0.25919996996707895,0.2632111249556187,0.26705244418734336,0.27073772714280464,3.349904087274605
-0.09378251569455351,-0.041602818011263684,0.0030140373561390746,0.042240105092313206,0.07715826164247362,0.10845285205979867,0.13660532432997635,0.16198105738534965,0.1848808543454771,0.20557886682432666,0.22435123122838568,0.24148669535095496,0.25726608745364166,0.27192200803353295,0.28562319476081277,0.2984962041457888,0.3106426916617335,0.3221422046525974,0.33306085825716053,0.3434552516387926,4.2626798770413155
0.07534613207380646,0.10339792259297426,0.12668731859755997,0.1467255162890068,0.16419730760104256,0.17953124147378105,0.19305645887204714,0.20506539920213468,0.2158308343182442,0.22559003799555497,0.23452398407628694,0.24276285176376003,0.250407511457876,0.25753882234555747,0.2642205136774726,0.27050589618434784,0.2764397124662231,0.2820586564149591,0.2873948690697531,0.29247551391346177,3.624340932976365
0.09347977372771503,0.11263059763348246,0.12955788579683936,0.14503785098745264,0.1593990967475103,0.17282864824123503,0.1854497467886292,0.19735124280156058,0.2086013270293909,0.21925489681521163,0.22935791926362914,0.23895021000444752,0.2480672902223192,0.2567416513545754,0.26500359769131177,0.27288176116586077,0.2804033530821243,0.2875942152863056,0.2944787426453015,0.3010797540961669,4.61512051684126
-0.08450798054204643,-0.024849983101049314,0.023914614603240233,0.06500044634899131,0.10004587880361944,0.13007614662780015,0.15583689866767453,0.1780021805373926,0.19732441810201332,0.2145872639559705,0.2303049811738984,0.24469867421380795,0.2579961855848691,0.27036291523488476,0.28188299229772956,0.29270561370053666,0.30287710323262523,0.3124781445792642,0.32159902169074034,0.33022230958405047,3.871201010907891
0.1138030589552109,0.13259575814093455,0.14857539548540033,0.1627218211836337,0.17545298748439253,0.1870117490964612,0.19756483670793837,0.20724048136243806,0.21614558830558087,0.22437380271736224,0.2320086297622429,0.23912392352902742,0.24578360850838366,0.2520419206713798,0.2579444640503457,0.26352963313124067,0.2688299381417575,0.2738731039871984,0.2786829650435599,0.2832801704224184,3.8815637979434374
0.14071443965027147,0.15569906456210697,0.16802356331475155,0.17872679431183466,0.1882513079275209,0.19685134653329867,0.2046961106417113,0.21190836441602362,0.21858208380705818,0.22479164817508193,0.23059717239015806,0.2360479350120218,0.2411847836295034,0.24604191730966438,0.25064823865910596,0.25502838840073677,0.25920354310049526,0.26319203615734643,0.26700984588161164,0.27067098282784446,3.3843902633457743
0.1270185374781996,0.14483891187428846,0.1595769415914304,0.17234168069872888,0.1836146490903726,0.1936848938187208,0.20275817294592563,0.21099556248146706,0.2185284094007889,0.2254642399822752,0.23189008787955534,0.23787591379055306,0.2434782608607194,0.24874340069229528,0.25370966666389183,0.2584091723065756,0.26286911176570205,0.2671127259932069,0.27116003012214646,0.27502838605112373,3.481240089335692
0.03419239686359764,0.07009827323085253,0.09989236937182715,0.12543749905854606,0.14761120391370944,0.1669639268047138,0.18391340480376503,0.19883590201170842,0.21210356779793774,0.22406141824778938,0.23497141464586918,0.2450062983827326,0.25429693053660973,0.26294947029431354,0.2710427836368489,0.27864517565673874,0.2858139545674062,0.29259336382146933,0.29902602403852335,0.30514481087371426,3.7376696182833684
-0.3541425747226546,-0.267086961561156,-0.19299870296631808,-0.12834820962434182,-0.07123659234559863,-0.020427139933291566,0.02495101245986519,0.06554092595578147,0.1018425312417089,0.1342829715016654,0.16329382217596786,0.1893907934334647,0.21318107278435428,0.23520002485500535,0.2557536497002507,0.2750375431692279,0.29323421806719824,0.3104504706013138,0.3267899775929588,0.3423446932059292,4.42484663185681
0.02653114666596119,0.07920008590317607,0.11719189636111638,0.14502083631947107,0.16546270897879567,0.18189741029938966,0.19642482475509734,0.20839734377818192,0.21910723454637154,0.22898758251708975,0.2371587982004301,0.245516230024279,0.2527042243816827,0.25895211353872866,0.26602076639279093,0.27116297063430644,0.27674201815077476,0.2826061176916421,0.28640920129275194,0.29175553581570685,2.8622008809294686
0.1136278606315684,0.13025828002977818,0.1448562532862579,0.1581482660486639,0.17043914543944994,0.18190098795986132,0.19264652414010922,0.2027567862665462,0.2122939956238921,0.22130844003020186,0.2298425057274921,0.23793319267657465,0.24561373146774293,0.25291461276033406,0.25986420168020086,0.26648905129049455,0.27281400999314875,0.2788622120705034,0.28465503099146483,0.2902120538079993,4.477336814478207
0.09975533670702742,0.11850108668978215,0.13496161595413295,0.14993529681048715,0.16376005419053452,0.17662830476321983,0.18866707823662154,0.19996834069172656,0.2106032014945845,0.2206295607741119,0.23009664185959045,0.239047847466346,0.24752259784019576,0.25555747198803186,0.2631868281650068,0.27044303252503377,0.2773564261117958,0.2839551705046274,0.29026509975523473,0.2963096610477695,4.471638793363569
0.11580715859925107,0.1344091591109882,0.15018436702549273,0.16412049366247894,0.176639027430448,0.18798542495774892,0.1983288956221896,0.20780019614240025,0.21650864958668536,0.22454985803757693,0.23200845725299205,0.2389584669898546,0.24546321522494452,0.25157597564631695,0.25734134687879595,0.262796811074501,0.2679740850211959,0.2729002178779715,0.277598472230904,0.2820890082351948,3.8394523125933104
0.13483467691397558,0.15030880306915664,0.1633164234169888,0.17476446556729455,0.18503774524592653,0.19435906698161343,0.20288027262538932,0.2107159231127407,0.21795813425190114,0.22468362944800077,0.2309572428534786,0.23683387716397764,0.2423599227146845,0.24757454258534864,0.2525108798240081,0.25719712647131693,0.2616574169263499,0.2659125532049228,0.2699805870290314,0.27387728443125003,3.713572066704308
0.11249670485126928,0.12991717401022257,0.1450749625166687,0.15877036853139714,0.1713406619641368,0.1829774306618481,0.19380730828869094,0.20392252863880486,0.2133952269362728,0.22228508803182753,0.23064377623472967,0.23851756612886696,0.24594883221280567,0.2529767618196001,0.2596375621015744,0.2659644091455674,0.2719873546547405,0.27773332923128946,0.28322628263337357,0.288487428497493,4.290459441148391
0.06834236006342961,0.09459540164483644,0.11706753607551214,0.136978913550415,0.1548703880109559,0.17106386655582226,0.185782989191529,0.1992013833347333,0.21146686873422127,0.2227144309175005,0.2330714570621879,0.24265660768178676,0.2515751789487652,0.25991564134288886,0.26775024575359563,0.2751381916806908,0.2821285391475358,0.2887623205420118,0.29507432639963355,0.30109440596369785,4.034240638152395
0.13217611845333802,0.14913484090111445,0.16307914334061058,0.17512260047258932,0.1857494196087305,0.1952487696953571,0.2038230576735064,0.21162649503651862,0.21878120876576415,0.22538503739765153,0.2315164603222515,0.23723863775024887,0.24260287884316775,0.2476513858118646,0.2524192861343033,0.25693613535900667,0.2612270485714642,0.2653135534165638,0.2692142413112764,0.2729452781862882,3.4011973816621555
0.13456939439921603,0.1509924020726059,0.16432802456782228,0.1758288338579263,0.18601662001282135,0.19518525255474223,0.20352737028571652,0.2111812227181106,0.21825174967731256,0.22482140094577202,0.23095636974449787,0.23671060315205797,0.24212861288682846,0.24724753726168866,0.25209868025364485,0.2567086723235482,0.26110035737724335,0.26529347928955904,0.2693052191486092,0.2731506204525354,3.1135153092103742
0.1410948791602773,0.15503765652057497,0.16685117519603382,0.17733173898770924,0.18681398176823105,0.19548868185738286,0.20348316795225677,0.21089129076571134,0.21778698254151369,0.22423108707787012,0.23027501974899928,0.2359628344504545,0.24133249591191797,0.24641678002514575,0.2512440078206502,0.2558386908912115,0.26022210429335985,0.26441278526450634,0.2684269580992975,0.2722788906767386,3.8501476017100584
-0.09879557917315979,-0.05024032516597858,-0.00788965103382287,0.03005350088357025,0.06445691038084793,0.09586472367978972,0.12465993358883526,0.15113094174408012,0.17550636165114644,0.19797684793794032,0.21871096696677536,0.23786770779953448,0.2556055303118034,0.27208572679108156,0.28746771537010796,0.30189800189908633,0.3155006062026144,0.32837582735771387,0.34060501929229875,0.35225504876184677,4.4942386252808095
0.06900885019210805,0.09321920266964236,0.11432307984319055,0.13334637721126133,0.15073618294790117,0.16675383817551123,0.18157600790422002,0.19533368137196486,0.20813100969794146,0.2200558528365718,0.23118622259304836,0.24159422226552923,0.25134807849285257,0.260512562756886,0.2691482373706661,0.27731025857867403,0.2850475297372549,0.2924026108089733,0.29941224550763224,0.3061081355132116,4.330733340286331
-0.3897205499851269,-0.23638426119063455,-0.12783032108535794,-0.04763507877940512,0.011127628082086649,0.05164671101308338,0.08452361757446848,0.11908146408587116,0.13948763021207353,0.17148171480476215,0.1822939497738254,0.2128516949900901,0.2220043219455255,0.24422953559184338,0.26057966978032665,0.26643000308788745,0.2910653808469356,0.29465566947719074,0.31087126883211735,0.32574909296377624,3.597312260588446
0.006866458445879678,0.04256064647371119,0.07326506453953281,0.10049832288648762,0.12496830271409426,0.14710788439438346,0.1672189060204292,0.1855318597107175,0.2022379781375821,0.21750948269994855,0.23151209252015814,0.24440905890729142,0.256355707986934,0.2674886696740498,0.2779192866995121,0.28773605593547513,0.2970106373594112,0.30580180857710215,0.31415834940791887,0.32212166989391516,4.204692619390966
0.1048405751341047,0.12641967491996683,0.1444864497109261,0.160227341234508,0.1741595955442772,0.1865946524641704,0.1977582318401768,0.20783558192805113,0.21698909582703466,0.2253617000169909,0.23307414555935385,0.24022374214163233,0.24688766459984865,0.2531280539011858,0.2589957411853129,0.26453273954034195,0.269774308946469,0.2747503860412252,0.279486547514317,0.2840048652806251,3.6635616461296463
-0.24142428595518386,-0.1588397625416761,-0.09061001129926773,-0.03262781357412981,0.017294142511100858,0.060538171198734746,0.09805430526151597,0.13056700654306924,0.15875922481241028,0.1834644391272987,0.205665419072821,0.22604677472863036,0.24483800119496363,0.2623081022849528,0.2786590225416817,0.2939537536138249,0.3084005678360374,0.32201118910984583,0.33490992401047104,0.3471979643302062,4.127134385045092
-0.04040555357422675,0.002897026782663275,0.04008374267595026,0.07295685476653478,0.10238560766549604,0.12891122893121243,0.15291322662790297,0.17468046897337683,0.19445110973901253,0.21243967588095614,0.22885579082439786,0.24391162134476818,0.25781326300967927,0.27074085473404363,0.28283603947477887,0.2942076487405881,0.3049427530227093,0.3151116987243449,0.32477218429032073,0.3339732876921848,4.248495242049359
0.04153300129547553,0.08832063740595042,0.12280599754677106,0.14871989200119928,0.16827866260957314,0.18393405549741526,0.19760640832883034,0.20928134257723383,0.21945269641117562,0.22886654231151538,0.2370161724059327,0.24467137022613936,0.2518476696219163,0.25800034838263697,0.2643202622347837,0.2699276472627043,0.27493316160691683,0.28041410255471455,0.28480490119968727,0.28921843592687535,2.8903717578961645
0.12037223026770286,0.14176314322522598,0.158687488222515,0.17276407079100345,0.18475201522786608,0.19514464361813585,0.20430267307191838,0.2124914858113623,0.21990028724433525,0.2266646481306486,0.23288713987230464,0.23864833658331058,0.24401185863120928,0.24902893798971346,0.2537418164231075,0.25818531041314474,0.2623884334742065,0.26637593559588296,0.27016887827149055,0.27378527916650697,2.995732273553991
0.1372924813705425,0.1515267064358685,0.1636980087451912,0.1745688487708292,0.18445841814309585,0.19354762319139426,0.20195640518215738,0.20977273322716236,0.21706587731404114,0.22389320095959567,0.23030382835985158,0.23634065186524308,0.2420414381429651,0.24743947961457538,0.252564058837784,0.25744086374747654,0.26209239933024037,0.2665383914548899,0.2707961649223179,0.27488098270522787,3.9982007016691985
-0.00010833441358013654,0.047501173507008096,0.08546628112238361,0.11670647968704474,0.1426561892057672,0.16427249032600652,0.1824289452162981,0.19807741164136924,0.2120053309412382,0.22453996939611595,0.23589362776600667,0.24632915152020507,0.25592686850796864,0.26482923603842323,0.27316307943246304,0.2809228397320916,0.2882688846520672,0.2951873867453572,0.3017072550936227,0.30797499726895466,3.5115454388310208
-0.013219025844877148,0.0240845115558175,0.05647476453278746,0.08543813157489283,0.11166781015618722,0.13558841241642594,0.15749521436710298,0.17761058626949638,0.19611326638230242,0.21315648589762687,0.22888045316986483,0.24342060095412235,0.25691090655783394,0.26948137616346324,0.28125123559179854,0.292322756191578,0.30278007551275515,0.3126921390700515,0.3221160300058147,0.33109942069112924,4.356708826689592
-0.2823546768737758,-0.2045673946968474,-0.13812174593053475,-0.07990817848605829,-0.028283919397216622,0.017816374957532057,0.05914497944790423,0.09626199353115236,0.12960828634142413,0.15956342303297405,0.1865033089398492,0.210852918787814,0.23309142462152357,0.25365968667064065,0.27285412136910936,0.290864343607712,0.3078500098995205,0.3239264960834389,0.3391840945283113,0.35370864955551257,4.406719247264253
0.024772242024700932,0.05421524913932222,0.08017206938932135,0.10375767049221209,0.12546692803717238,0.14559332443923073,0.16433671797327892,0.1818449235261618,0.19823375556761205,0.21359826608305216,0.228019800655486,0.24157080231369857,0.25431819662810384,0.2663256638951992,0.27765484660396245,0.28836549573455267,0.2985147221261753,0.3081557929260821,0.31733706597491285,0.32610149136345495,4.56954300834494
0.0893421446989509,0.1123379460269562,0.13194260017737777,0.14928233049237885,0.16484745824264269,0.17892725603389603,0.1917228400403073,0.20339142314734115,0.21406749767444916,0.22387303452998034,0.23292056677208864,0.2413116232420714,0.2491338740578863,0.2564602376403345,0.2633506357765402,0.26985465115161894,0.2760136893031408,0.2818626616040709,0.2874313571412289,0.29274542802562664,3.9415818076696905
0.050614059403987895,0.0833383200729042,0.11052092810734229,0.13387248169147994,0.154186333776527,0.1719596248252632,0.1875716932183642,0.20136317481333346,0.2136643310754961,0.22477470838441999,0.23492288190437416,0.24426535815857248,0.2529214068309001,0.26098718149167316,0.2685361276030845,0.27563054300326323,0.28232287937224837,0.28865477193375827,0.2946643343154921,0.30038263281307703,3.7013019741124933
0.09424796610309717,0.11498952638747796,0.13295985234552837,0.14910306527218098,0.16382366612253876,0.1773552275515023,0.1898547817265617,0.20143898172448155,0.21220133810492106,0.22222158990623997,0.23157106542635061,0.2403155367004846,0.248516277597849,0.2562299058802605,0.263507701669942,0.2703950855663593,0.2769316292802896,0.2831515438029539,0.2890843776099064,0.29475572185868265,4.204692619390966
-0.5374110860936437,-0.4267284758455308,-0.33517580304849964,-0.2573634974059787,-0.19028779986266234,-0.1320298579024124,-0.08130005463235783,-0.037214095443283766,0.0008619438735508328,0.03353120637030722,0.06184921648051359,0.0876254079341842,0.11169555994614473,0.13377444642712258,0.15474633657708173,0.17426888541037572,0.192664318655697,0.2103247515365928,0.2264405690985603,0.24275472695614117,4.400603020246817
0.13877758168987184,0.15308486355597126,0.1652262796083831,0.17600589522440477,0.18576164576364348,0.19468629086931025,0.20290868292801295,0.2105241021019184,0.21760798737301185,0.224222823130955,0.23042177171555359,0.23625065962558497,0.24174915379010814,0.24695158496320263,0.2518876413961015,0.2565830083384271,0.2610599563201807,0.26533786375424356,0.2694336666208857,0.27336223746307786,3.871201010907891
-0.03486141466492584,0.020895081026368403,0.06499950138142621,0.10100287028998038,0.13066955149800427,0.15515206963499634,0.17550188057747135,0.19293548970334576,0.20847213458124939,0.22242748980079707,0.23504148264280905,0.24665809926895035,0.25729127150813536,0.26717670493256246,0.27642505493752795,0.28498987986894414,0.2931745477320229,0.3007889845996982,0.30801776825051136,0.31498890480731145,3.5553480614894135
0.09589465277846865,0.13843295405335543,0.16240438662653703,0.1779811614784082,0.19110857476453866,0.20177534994997373,0.20940460758722812,0.21732784853246612,0.2246146979354063,0.22935974691853867,0.23507395859137953,0.24053220584916363,0.2437683121536321,0.24868427819864888,0.2530520722381584,0.2552140442462758,0.25929718287465026,0.26296855497092636,0.26496843272479537,0.2684497108936002,1.7047480922384253
0.0012747291558094476,0.037189233283100406,0.06821619721172076,0.09584243827687386,0.12075987110834302,0.1433913731992447,0.16403111138335133,0.18290199770525878,0.2001860038173897,0.21604316327406028,0.23062416088533,0.2440769040172813,0.2565458409132816,0.2681647878299227,0.27904875368975013,0.28929140376373863,0.29896849082281335,0.30814218793679365,0.31686399126900117,0.325177199428578,4.269697449699962
0.10212930201838773,0.1223712629941711,0.13973237394909616,0.1551981845691973,0.1691907571453218,0.18195486570448335,0.19365707070495355,0.20442377371375897,0.21435921836149946,0.2235547821607701,0.23209343251161998,0.24005105992403905,0.247496024734799,0.2544883201377563,0.2610794136707763,0.267312979648299,0.2732260655733718,0.2788502368523305,0.2842125588448768,0.28933641387880715,4.02535169073515
0.13324285719449694,0.14814655300125368,0.16090286697918726,0.1722976695456029,0.18266044910853313,0.1921783007043214,0.2009756043676055,0.2091439590998168,0.21675591711280898,0.223872008037938,0.2305444897220826,0.2368193327556583,0.24273723982566725,0.2483341967385544,0.2536418659123637,0.258687979187867,0.263496768231689,0.26808940863895814,0.2724844431727478,0.2766981627193286,4.007333185232471
0.025983650696935045,0.05700676727082617,0.08401197814950863,0.10825932878825065,0.13031837665674964,0.1505310534268894,0.1691325226160144,0.1862989732112688,0.20217156516538848,0.2168705505581905,0.2305044542380439,0.24317593063087034,0.25498449953223745,0.26602607717844323,0.2763900482088534,0.28615591644768745,0.29539171798698144,0.30415469120509175,0.31249299616735016,0.3204473789127363,4.350277936359301
0.09595854322616768,0.11818114608448031,0.1370350012049204,0.15364768226405798,0.16850880075591437,0.18190789839451033,0.19404804109163395,0.20509006365857468,0.21517303992905995,0.2244229876301473,0.2329541573875288,0.24086656155513317,0.24824396922017528,0.25515483878330925,0.2616552281946759,0.2677915511599939,0.27360259600156084,0.27912116105706797,0.2843752975294593,0.28938917794717833,3.8607297110405954
0.14117187078926519,0.15586760381198853,0.1680519702633381,0.1786862861937498,0.18818035136783012,0.19677104401156387,0.20461767491046942,0.21183731247943285,0.21852074173399055,0.22474066577064966,0.23055640976493372,0.2360169432921349,0.24116303648006845,0.24602890529598928,0.2506434983537378,0.2550315051878793,0.2592141454444687,0.2632097884693134,0.2670344424659028,0.2707021433382684,3.5115454388310208
0.09550664152694197,0.11541888647599825,0.13279754069287802,0.14851503523764634,0.16294307979737135,0.17629484117992977,0.1887122325562804,0.20029912597769592,0.21113704273295755,0.22129367472433478,0.2308279343797005,0.23979303781658964,0.24823828388971836,0.2562098697255399,0.2637510094960561,0.27090165754576784,0.27769815761475214,0.2841730631378796,0.290355214647427,0.2962700185696462,4.343805421853684
0.13028121645799842,0.14860416239797733,0.1632423456092714,0.1756328027551729,0.186406653280062,0.1959367733782043,0.20447655024560762,0.2122106866921017,0.21927813586961337,0.22578510809995464,0.23181412074311586,0.23743059358529403,0.24268737221858708,0.24762775957089975,0.2522876771984587,0.25669726785003194,0.2608820675608702,0.264863887591047,0.26866151001899496,0.2722912271409558,3.0204248861443626
-0.5219933115466276,-0.3781368857743838,-0.2676296536714213,-0.179498835884265,-0.1081851676197237,-0.05064368446407331,-0.005251145479086257,0.02976157967037203,0.06149150573128287,0.09161634753479575,0.11556337204035676,0.14284306436322122,0.16055122306179187,0.18615043277804316,0.1992538522990162,0.22288957280019525,0.23491394192806334,0.25367243120048644,0.26839128789955147,0.2796343985053044,4.0163830207523885
-0.05358868001425162,0.01153704969206734,0.06120915089674839,0.10030076337194385,0.1312106355759889,0.155645838324199,0.17563958825689888,0.19328397756789223,0.20889692888225117,0.22265958672345193,0.23542591783570566,0.2467530728900672,0.25734315584682255,0.2672619512041158,0.2760497661993942,0.28496360695654577,0.29266090785802784,0.30021208500264634,0.3077240913455127,0.3138102404760731,3.4011973816621555
0.12203294469042342,0.1376490373680321,0.15129292684106846,0.16367728517652672,0.17510017992096089,0.18572946226559944,0.19567494990495224,0.2050156279884098,0.2138122979353426,0.22211430149395125,0.22996342808686185,0.23739630920047042,0.2444459088729247,0.25114242473560117,0.2575137863950459,0.26358588556245954,0.269382650052135,0.2749260554308842,0.280236141771835,0.2853310703239705,4.388257184424518
0.09313257545254197,0.11317616210838799,0.1307190515885765,0.1466220578381817,0.16125196171807585,0.17481900222972935,0.18746292550660587,0.19928568889955117,0.2103668867337218,0.22077212493922027,0.23055801383965108,0.23977528823860483,0.24847072357921324,0.25668817057073223,0.2644689159953364,0.2718515826474405,0.2788718194293696,0.2855620233303014,0.29195124519974947,0.29806530390579505,4.400603020246817
-0.5241334506402867,-0.3862266715604617,-0.3083950404949138,-0.3066040433640068,-0.25011088961154354,-0.20808239215261698,-0.2062913952446247,-0.1704882614150888,-0.20629139513316744,-0.1704882614150888,-0.14200814021627173,-0.14021714308536493,-0.17048825893484412,-0.11399500653426643,-0.11399510766262543,-0.09265663034954086,-0.09086563320553337,-0.11399510766262543,-0.09086563321863403,-0.07017561329570658,4.343805421853684
-0.5860246960902981,-0.4741139963654755,-0.38523941144287993,-0.3121992989017525,-0.2510955261625586,-0.199608163753603,-0.15637317956100313,-0.12076751114462102,-0.09285157027279578,-0.0706603625460013,-0.04548897514104856,-0.028503212631568766,-0.0052734547512433665,0.007819107609251554,0.029586054378644425,0.03968451875839829,0.05995174723972287,0.06866402548920575,0.08630376609602236,0.09586969048981779,4.406719247264253
0.09287219680786334,0.11516159824043923,0.13418153991671877,0.15102573884906922,0.1661683639982901,0.17988809834881542,0.1923778723480228,0.20378763226181362,0.214244716697318,0.22386381049853266,0.23275039104848885,0.24099992916197996,0.24869561645040414,0.2559073842128336,0.2626931167258004,0.26910088511241903,0.2751709398768905,0.280937277254297,0.28642892088789584,0.2916708826238438,3.9512437185814275
0.1067849841254363,0.1371812453991925,0.1584147207533738,0.17433882168134449,0.18700949446892434,0.19768990699235314,0.2069023118046569,0.2149000094439305,0.22203256370656846,0.22850944998425007,0.23435981298171207,0.23972410475475464,0.2447200160083036,0.2493206352039036,0.2536147756533681,0.2576907465582379,0.2614857108593483,0.26506440067426007,0.26850375453909875,0.27172702620021244,1.8718021769015913
0.08494252641821931,0.10986044364924263,0.13084034189230007,0.14916530268156367,0.16540260493068026,0.1798947884855533,0.19288953461165484,0.20459144720191658,0.21518484805022328,0.22483928376629975,0.23370391963450188,0.24190068620172103,0.2495249914483681,0.256652450042532,0.26334445283962776,0.26965123837246524,0.2756146746397819,0.2812702532773379,0.2866481355099354,0.2917742983143255,3.7727609380946383
0.13261674057776945,0.14964320631037986,0.16340235735206024,0.17521861665732594,0.1856453237200251,0.19499553152251276,0.20347549021546413,0.21123376238885147,0.21838318992813627,0.22501218307071333,0.2311913488897519,0.2369778889061303,0.24241874551380863,0.2475529094068516,0.2524131209908416,0.25702713985184644,0.2614187082998424,0.26560829229643296,0.26961365772836,0.27345032503569405,3.044522437723423
-0.41962922751264786,-0.3080030643645301,-0.21735245980411058,-0.1415333772820033,-0.07721715720987896,-0.022339899037260875,0.02445232129516572,0.06412531410982304,0.09763793505776427,0.1265758466021642,0.1529915016302773,0.17729913556330473,0.19951657384735905,0.22052749123116416,0.23978350439693702,0.25810537244938103,0.27525409820001984,0.29119921059387494,0.30693747877893696,0.3207459177578284,4.174387269895637
0.10274349147588861,0.12091757410222086,0.13689910143207257,0.15145915978448535,0.16492323365675843,0.17747613512326785,0.18923951731310618,0.20030116634738804,0.21072869134342717,0.2205768695240146,0.22989198670474528,0.23871457443856026,0.24708119116945637,0.2550255666237717,0.2625792807103269,0.26977208929928526,0.2766319970462305,0.2831851825965113,0.289455879594695,0.29546629420709647,4.505349850705881
0.009484407650110868,0.041920361072629204,0.07035915172744388,0.09604897840870034,0.11955429561102719,0.14121437296336278,0.16126240630403302,0.1798721636561389,0.1971809760091552,0.21330303548357502,0.22833805115869943,0.24237726845994545,0.2555075264759143,0.26781336419123075,0.2793770336856462,0.2902767066539577,0.3005839444133172,0.31036187429078876,0.31966485996540056,0.32853932216318443,4.483002552013883
0.12154412213709087,0.1376354012760808,0.15160526412772982,0.1642158566970853,0.17578678037333353,0.18649878071986303,0.1964709019407133,0.2057896106419391,0.21452235913981657,0.2227247781821686,0.23044479434740864,0.23772504724777013,0.24460425884587303,0.2511179227140672,0.25729857404076184,0.2631758542305848,0.26877653575807964,0.27412460486266177,0.2792414284348518,0.2841459839962636,4.255612709818223
0.04212971559339101,0.07686563209167369,0.1056144150168288,0.13020877076973797,0.15150794237271664,0.17005384516274022,0.18626476593105382,0.20052398988464298,0.21320822046319848,0.22465284659291232,0.23509966594714293,0.24470860495729754,0.2536060030577352,0.261891957774504,0.2696415462957756,0.27692171362932116,0.2837860933589909,0.2902776657593054,0.2964377848917093,0.30229654308149384,3.6888794541139363
0.12691319650715757,0.14630930912778117,0.16175185350742508,0.17473515921238494,0.18593480863646852,0.19576490819111514,0.20451467881274918,0.2123965839394537,0.21956846161517216,0.22614837260263185,0.2322265862904126,0.23787413593105097,0.24314802824298076,0.2480946196355252,0.2527521613012927,0.25715260736818457,0.2613228661067881,0.2652858157488394,0.26906110207298095,0.2726656971427169,3.0204248861443626
0.12123346754183648,0.13937558927194874,0.1546200711266268,0.16798972330805625,0.17992270108256306,0.19067671994372057,0.2004320487581645,0.2093297893471219,0.217488124660964,0.22500878835365867,0.23197901460693457,0.23847221594153153,0.24454920182190726,0.25026016933235107,0.25564681240594345,0.260744068704981,0.26558148166757173,0.2701842695605206,0.2745741424492693,0.27876992630507247,3.7013019741124933
0.06931619770563854,0.10302149108286134,0.12969824834275512,0.1515064783210045,0.16951080858511627,0.18451834398351763,0.19730204114401229,0.20851787085742798,0.21852931738743697,0.22753280415198263,0.23573317074190864,0.24326055294352056,0.2501992759363143,0.2566603201213137,0.2626901561209485,0.2683370000641687,0.2736709381858363,0.2786956296545287,0.28345861009045115,0.28800054136076597,3.1986731175506815
0.1176589106318811,0.13529024968500641,0.15038849126204895,0.16384774638246272,0.1760464866860821,0.18720199718996397,0.19746075265539073,0.2069326880549016,0.21570708412930698,0.2238606368384421,0.2314614721434765,0.23857080575468387,0.24524333482598545,0.2515272275671771,0.25746429268376275,0.26309050614901086,0.26843676179756876,0.273529649635433,0.27839215784544524,0.28304427258573195,3.9982007016691985
0.08209867553240359,0.1141580807537312,0.13910976855986631,0.15917442986240934,0.1754982374674598,0.18901682861536115,0.20058598610874817,0.2107769712920918,0.21984274787061361,0.2279970650409041,0.23543592059454027,0.24224696667565646,0.2485368620214229,0.25439755699532524,0.2598522632985646,0.26497514943132144,0.269809042579944,0.2743541797071348,0.2786793219537509,0.28279121750785885,3.0204248861443626
0.14290948997617858,0.15723869113819477,0.1691094842204962,0.17947576983121816,0.18874260995418243,0.19714237787026664,0.2048297630048741,0.2119172079600002,0.21849109374437864,0.22462015291501772,0.23036030746280867,0.2357577260681967,0.24085093302852315,0.24567236297863862,0.25024955061480914,0.2546060554482243,0.2587621856064031,0.26273556784197394,0.2665415995603568,0.2701938099578637,3.4965075614664802
0.10713149198773145,0.12730352983876222,0.14441822766854504,0.15952301711357214,0.17306796565470245,0.18531689758250186,0.19645312384914282,0.20661993319556962,0.21593900602258276,0.22451852823084642,0.23245541974816675,0.23983464871955726,0.24672838803776873,0.2531966488238125,0.25928916523115436,0.26504743505358525,0.2705063696102874,0.2756956117726113,0.280640578390196,0.28536323784340945,3.8501476017100584
-0.2980093918476295,-0.21134901995305397,-0.13887869945061496,-0.07662628790866917,-0.022456499787863397,0.024999082094672737,0.06668670975835862,0.10330425040563726,0.13543038882310485,0.16366419016955774,0.1887594733060101,0.21155882619472605,0.2326195084191074,0.25216531948502313,0.2704435066454287,0.28762140238191564,0.30378260550199127,0.31909251842535635,0.33357853433915363,0.3473569565698407,4.255612709818223
0.12973785195388637,0.148138188133266,0.1628985243925342,0.1754047519355667,0.18627315565519462,0.1958750027672491,0.20446702733330357,0.21223852910715538,0.21933254438370017,0.22585826072950665,0.231900198786609,0.237525157657545,0.24278698175063296,0.2477297127096442,0.25238983141424204,0.25679791695881793,0.26097984629165877,0.2649576968074209,0.2687504628974643,0.27237460697383264,3.091042453358316
0.10242675401446298,0.12074739747056948,0.13683751773416025,0.15147994783383542,0.16500541193148485,0.17760188237416832,0.18939324483765888,0.20046904519757977,0.21089840711589652,0.22073750900109484,0.23003400521172981,0.23882980776371987,0.24716287942332593,0.255068358079295,0.2625791875483055,0.26972637836684543,0.27653901713988066,0.28304414954905444,0.28926665236371213,0.2952291733070421,4.477336814478207
-0.6290075173294831,-0.45243611446127313,-0.3407506852045154,-0.26434444823337294,-0.25290717165483634,-0.1907229951251575,-0.1907226199336927,-0.1352704790471655,-0.135272633706952,-0.09476340712452222,-0.08334853249706178,-0.13084700334057664,-0.04620860064474729,-0.046208595078863136,-0.0418030565250493,-0.009308418445205203,-0.009269137065537086,-0.004874051679022649,0.016900241031329213,0.028371861631615924,3.979681653901961
0.046459053733096084,0.08352296208830641,0.11333880309326963,0.13811038923460586,0.15889752325672987,0.1764286467571575,0.19136603760626486,0.20437034982068752,0.215963131002902,0.22642000449500715,0.23592548355358198,0.24465816599356208,0.25271968727518573,0.2602042827600586,0.26720514909472404,0.27376015140932763,0.2799371085206999,0.2857792725741444,0.2913003148986899,0.29656348428197404,3.417726683613366
-0.01204450827202436,0.023785702907137985,0.05514276638067937,0.08339538386131913,0.10917276593300927,0.13285741813205165,0.15471410358690432,0.17494092620763724,0.19369491609830405,0.21110716013983225,0.22729292670595083,0.24235887885301222,0.25640790033721444,0.2695412291883694,0.28185753896156757,0.29344957243122827,0.30440035567309043,0.3147812656798476,0.32465252277686046,0.33406487625207676,4.471638793363569
-0.5141352186437712,-0.38143480921381395,-0.30640665293826375,-0.3047683762786346,-0.2503726764434858,-0.2098183703049686,-0.20818009372885957,-0.1737062435083065,-0.20818009368709953,-0.1737062435083065,-0.1461972951156233,-0.1445590184559942,-0.17370624241419394,-0.11931048944797264,-0.1193105436731577,-0.09867808723275624,-0.09703981056874178,-0.1193105436731577,-0.09703981057312715,-0.0771179609585314,4.394449154672439
0.08042366447199419,0.1067796167028595,0.12882888645500803,0.1479567756650446,0.16478259680359295,0.1796861735212381,0.1929493362090486,0.2048127661230838,0.21549808504802556,0.2252065074161442,0.23410574452463934,0.2423241479121855,0.24995950491217933,0.25708988101103064,0.26377817599436276,0.2700756758155823,0.2760256220503766,0.28166434081916353,0.28702263437149017,0.2921272569115375,3.7013019741124933
0.08706047071023741,0.10928353822029407,0.12847456307150015,0.1456502614526599,0.16125000819108296,0.17552961691752336,0.18866262207972848,0.20077941992289913,0.21198614410903457,0.222374973144549,0.23202982481794815,0.24102890966491036,0.2494449622570729,0.25734414285500035,0.2647848612815411,0.27181746139413065,0.27848485819948127,0.2848236118573207,0.2908649936196816,0.2966359166707578,4.151039905898646
-0.5698507883104869,-0.4420201374210036,-0.3538053841149634,-0.28847232538544504,-0.23962149039568043,-0.22895116945257313,-0.18733283687811528,-0.1826152333765332,-0.14545323883486264,-0.14421790107684732,-0.11178422569210873,-0.10707342781186163,-0.0860416400445495,-0.07539978376163403,-0.07836906791670059,-0.05143936848341114,-0.04674887926883327,-0.04674344886720134,-0.02355037505827009,-0.02231176085220563,4.276666119016055
0.1084703838744209,0.12633839210500306,0.14192899300415293,0.1560439464094876,0.16902165199143457,0.1810544933254313,0.19226957627181313,0.20275929575029766,0.212595657697303,0.2218379666596473,0.2305373246953814,0.23873936676664065,0.24648588382877581,0.25381567372753067,0.26076485264695576,0.2673668405785413,0.2736522271959654,0.2796486818441067,0.2853809900116452,0.29087121597501314,4.343805421853684
-0.3491594962852454,-0.22568356626011926,-0.13157760297346752,-0.05720554457888499,0.0022222813395151014,0.049354155156093205,0.08608470978027324,0.11607434974070067,0.1443732320854658,0.1687003870825715,0.19101231211409783,0.2122381427615115,0.22938381530384674,0.249173897924153,0.2620173475705813,0.2807075758940013,0.29173282341519624,0.3071456815555314,0.31980040074939897,0.32945021123612345,3.817712325956905
0.13186361201153088,0.14963002643390233,0.16388996632428704,0.17601406584249304,0.18659979675652658,0.19599768512070356,0.20444481936719075,0.21211406874017266,0.21913626171658915,0.22561229855483325,0.23162117525962778,0.23722580501632354,0.2424771627510633,0.24741714928769748,0.25208062276896515,0.2564969006999279,0.2606908780205942,0.2646838678323726,0.2684942559407923,0.27213801603829113,3.068052935133617
0.030686112327795962,0.061461742749032745,0.08815831385393756,0.11205510497951122,0.13373095007590038,0.1535335525521015,0.17170244734337953,0.1884179392696336,0.20382587022779597,0.2180523467163295,0.2312131645242674,0.2434192367724131,0.2547780085274052,0.2653911310599613,0.27535028033157793,0.28473418961800606,0.29360865038386996,0.30202848591675807,0.3100396776290209,0.3176810978985493,4.290459441148391
-0.008531765679209581,0.03045514620117586,0.0638062923422157,0.09321131885793661,0.11947247155293737,0.1430848938483614,0.16439581967636194,0.18367278363866085,0.20114202998716255,0.21701359449457946,0.23149539364998303,0.24479261457452653,0.25709237683980085,0.2685471659136658,0.2792737807599446,0.2893641024418838,0.2988924505036133,0.30791910733342986,0.31649469889500625,0.32466234766614305,4.1588830833596715
0.11197212240928153,0.13002025837286366,0.14560443633039716,0.1595893682577198,0.17234094583615706,0.184068361160529,0.19491131651583832,0.20497315011224618,0.21433637448322548,0.22307090186463893,0.2312385860915836,0.238895580995663,0.24609329298359198,0.25287850772812065,0.2592932176661535,0.2653745547738872,0.2711550013570047,0.2766628305922529,0.2819226417295351,0.2869558886402372,4.143134726391533
0.10751143434841517,0.12882897267542975,0.14661045609012885,0.16205567381577432,0.17568860985441467,0.1878266201540494,0.1987016491296723,0.20850501143961206,0.2174035503315029,0.22554162503540964,0.23303849158161205,0.2399887236875675,0.24646706678947802,0.25253380559564,0.2582382423524593,0.2636211659580352,0.26871687181277804,0.2735544639950558,0.27815880884449207,0.282551379013318,3.6109179126442243
-0.4083313294660943,-0.30706834123439697,-0.2228423163616721,-0.15088136713491757,-0.0885744634734851,-0.034249517459019094,0.013235590272734748,0.05469999218007434,0.09079659387599678,0.12220890819518059,0.1499072985644659,0.17508896388136821,0.1984110220572512,0.22000591901438574,0.24025732264874597,0.25926996587148554,0.2771363074188522,0.294122692708065,0.31008227531712745,0.3253917854437399,4.30406509320417
0.1327587732970619,0.15011586872578103,0.16407045527012346,0.17598242489233518,0.1864311539412467,0.19574954556105958,0.20415938555297478,0.2118212450406988,0.2188568442054676,0.2253608046652478,0.23140791845523545,0.23705820713161416,0.24236056662763186,0.24735537200862392,0.2520763510869779,0.25655196991778223,0.2608064767283055,0.2648606952683366,0.2687326388649199,0.2724379948081523,3.044522437723423
0.06921350744876026,0.10093108817359989,0.1265968681931586,0.14808674109674289,0.16628577789439775,0.18179781049187566,0.1951524065415236,0.20685196401155884,0.2173015751527183,0.22675092253791976,0.23536438023512557,0.2432845663562456,0.25061261359465103,0.25742638400880374,0.263800369771314,0.2697833743140859,0.27542023133192234,0.2807542891815869,0.2858088979868668,0.29061641009741496,3.3843902633457743
0.06245941645698533,0.10142595165026437,0.13098812553303477,0.15400049778402422,0.17205326495005432,0.18665897415929364,0.19919575612339407,0.21018662319186465,0.2198032253363877,0.22850694584125475,0.23639266644125878,0.243533732149029,0.2502331362836395,0.25636008889436673,0.26205429219005283,0.2675089767419146,0.2724780856492268,0.27725358821846413,0.2818430498608836,0.2860021866562683,2.9444389791664403
0.08362012819227527,0.14357513296723584,0.16568309231832612,0.18074248080037478,0.1985202839081252,0.20143075605180805,0.2091806782432137,0.2256380970932867,0.22171689418013427,0.22694261310385985,0.24069748557533535,0.23595132473592825,0.24413820428421548,0.2521450505913371,0.24692809103196703,0.2500943624974001,0.2613857608267686,0.26280544492642566,0.258509634124974,0.26913568301817425,1.3862943611198906
0.1035592941536946,0.13510976794944074,0.1572687110034697,0.17368066146483363,0.18661611296766975,0.19749120939273118,0.20685108666872729,0.21494708180779157,0.2221651265069088,0.22870768126420016,0.23459769654755824,0.24001381190811263,0.2450500386119415,0.24966256523365454,0.2539924904674972,0.258097166770563,0.26188949535886175,0.2654976269368179,0.2689580450401338,0.2721697959035655,2.302585092994046
-0.5306138155763401,-0.40563046603173436,-0.305263536090584,-0.22211202121371748,-0.15216608015389693,-0.09298708471140325,-0.04304556389799774,-0.001357900389490681,0.033036139776967205,0.062493383226612145,0.09027364872939664,0.1152443595906753,0.13835479830639827,0.16051970037383598,0.17973510533947076,0.2000679133834354,0.21589441994718386,0.23495201302057736,0.24821609467356168,0.2657921449231124,4.22683374526818
0.028158888114248447,0.06150783835278904,0.08997271618345584,0.11505714151050186,0.13745595267489308,0.1575925099327936,0.17576407364534605,0.1922030461681042,0.20711026974849714,0.22067457092260304,0.23308027338224324,0.24450174017443624,0.25509026223249565,0.2649663323959679,0.27422394143419615,0.28293865810728497,0.2911720212660145,0.29897476967465203,0.3063899352159493,0.31345417380258994,4.069026754237811
0.03540285068275675,0.06594260628950185,0.09233406689878723,0.11587847156589601,0.1371650671931725,0.15654806115678624,0.17427208128421115,0.19052248995002985,0.20545113217001829,0.2191917047040779,0.231869194164896,0.24360426319697195,0.2545125411615624,0.26470013670257087,0.2742589841262958,0.2832655293437984,0.29178275670528164,0.299862977725963,0.30755000480681094,0.3148809558201447,4.22683374526818
0.05406429126671966,0.09121351905450562,0.120604067840971,0.1445927815432962,0.1643413447304682,0.18072188640729786,0.19459537969441731,0.20673507097328056,0.2175642019272883,0.2272831140862361,0.2361283596190824,0.24424232077732144,0.25170809648797227,0.25866423813146056,0.26514672413567725,0.2712122035432644,0.27695008356280776,0.28233748003502573,0.2874532212459488,0.29233309718709044,3.258096538021482
-0.6614691989604985,-0.467946989156469,-0.33622425494878533,-0.24100494195214447,-0.17336906601631544,-0.14939423298487506,-0.09151109124932137,-0.08089678094566209,-0.02824256467699255,-0.025464139761895464,0.020380997858670334,0.030737161795383182,0.05442515894895121,0.07764623587256855,0.0711506822021604,0.10997711058279802,0.12000940555165704,0.12012854032543892,0.15231171877659996,0.15515578285347684,3.871201010907891
-0.30690945253101554,-0.2266016865353843,-0.15794001613600817,-0.09774624456346696,-0.04433434303763753,0.0033917977022775566,0.04620707834694218,0.0846878647719372,0.11928535038296642,0.15038304449206483,0.1783543599189214,0.20361945474843937,0.22666303567501064,0.2479520310959086,0.2678117953363678,0.28644269096367864,0.30401113474080194,0.3206409602666039,0.33642354734687246,0.35144898889987325,4.430816798843313
-0.04934572326283344,-0.007992412845685139,0.028149296535343277,0.060631772418764794,0.09018515342549731,0.11726003476376202,0.14217098934605032,0.16515427048464398,0.18639728526848082,0.2060564994539104,0.22426987235647203,0.24116611926914802,0.25687112098552445,0.2715105656410103,0.2852078439311782,0.2980781199521959,0.31022232955733353,0.3217250142040783,0.3326561036990537,0.34307378492327645,4.483002552013883
0.121486277283712,0.14042723056218798,0.1561056649302332,0.16967227291679238,0.1816284359503496,0.19227764212000065,0.20183944350127986,0.21048950838738906,0.2183739209392101,0.22561334611899184,0.23230506231939632,0.2385264376293235,0.24433944724853662,0.24979452030512292,0.2549332212341909,0.25979022140417035,0.2643947961219639,0.26877188962499565,0.27294291862359643,0.27692641862150835,3.4965075614664802
0.13262475065201207,0.1501305864765093,0.16421173753509483,0.17620835975218802,0.18670270993664992,0.19603530296930974,0.2044359273928386,0.21207207624607602,0.21907078015762013,0.2255303771454557,0.2315281391404589,0.23712576064475335,0.24237331135312903,0.24731200859599264,0.2519761895218477,0.256394766978048,0.26059231884859246,0.26458990966052803,0.2684057277107791,0.2720555875210531,3.091042453358316
-0.5279815097942374,-0.33142022512734565,-0.19944625701458366,-0.10639623172908043,-0.04374717624544102,-0.011840205418673417,0.04190455894348078,0.05617126058056088,0.10614811103524677,0.10987587523868995,0.15386022413775793,0.1667372745218585,0.1848306638290236,0.21362901034840634,0.20555475726278893,0.24366131507504837,0.2556526310522556,0.2561432196840231,0.2861858237127516,0.2902142336917898,3.58351893845611
0.08319916262457926,0.10473229238994138,0.12359005858149175,0.14068008411713828,0.1563918617780304,0.1709500422557106,0.1845046831417668,0.1971656641779931,0.20901900680962127,0.22013580520461468,0.2305776087099244,0.2403998251444167,0.24965382321933213,0.25838804389209635,0.2666483204427486,0.27447764297220895,0.28191567978873894,0.2889983718540129,0.29575779519016837,0.3022223067246993,4.412798293340635
-0.021527718962070796,0.027939037952485,0.06804882004445123,0.10160774837093486,0.13000401271449166,0.15412007017802148,0.17465813357504517,0.19233159670199942,0.20789611447328743,0.22192381595673377,0.23467725587936014,0.24636071845942006,0.2571675958503977,0.2671846345606621,0.276538895409084,0.28531601351838,0.293554558911219,0.3013626421098282,0.30873961455013565,0.31574767170241264,3.6888794541139363
0.00035705247535763423,0.0682237022348176,0.11319270578055929,0.14272808656982333,0.162964704840816,0.1816869399286028,0.19604620177271567,0.20755582389970528,0.22056222073396592,0.2279329081533555,0.23834983771328408,0.24711447625346278,0.25087322473091483,0.26203679312632083,0.26611768446647804,0.2708529867147306,0.2800281694403061,0.2816636559334263,0.287770433851083,0.29370118533042294,2.6741486494265287
-0.5941378199412343,-0.4692231843140753,-0.370309912423925,-0.2892628017280791,-0.22171765608029642,-0.16509635089311983,-0.11789552832992198,-0.07938879084475309,-0.04910815267871894,-0.022810499092519497,0.0040825520512281065,0.02445035732910615,0.049106831867534735,0.06491799077972277,0.08799171060362206,0.10023409442348646,0.12176424634207346,0.13224314719022906,0.15100081904826668,0.16227232564886135,4.30406509320417
0.08950567185017047,0.11643087630604687,0.13833625302269903,0.15683384532347117,0.17266640312851572,0.18632766086309877,0.19822799012497108,0.20873654940017217,0.2181577113368158,0.22670472851234855,0.23452323847194403,0.2417281629320141,0.24840973927861743,0.25463685547500914,0.2604683864773892,0.2659520941136,0.27112590720578095,0.2760241878754025,0.2806745150604966,0.2850998998998354,3.367295829986474
-0.5855940403304563,-0.4139964168601713,-0.3182280012123262,-0.3153195669159629,-0.2453072276859929,-0.19390985258843937,-0.19100143838705574,-0.14663037774204127,-0.19100142833968284,-0.14663037774204127,-0.11202361480442016,-0.10911518050831363,-0.14663027051212274,-0.07661622213115842,-0.07661803851181448,-0.05086196209419623,-0.04795352583693736,-0.07661803851180839,-0.04795352779808971,-0.022312249212877354,4.07753744390572
0.10937764615276972,0.1266860641279271,0.14187489310245438,0.15569603261650378,0.16846583460727582,0.180363400563252,0.19150637095878023,0.20197954061848927,0.21184821291244424,0.2211653459409338,0.22997575477571933,0.2383187376954996,0.2462297591786109,0.2537415055049538,0.26088448902267225,0.26768732303313986,0.2741767763450854,0.2803777146281778,0.286313023324526,0.29200357664605797,4.465908118654584
0.08004656697788361,0.10312201893319668,0.1231129215907836,0.1410460028390192,0.15736674714854165,0.17233503414595708,0.18612695307235902,0.1988741796086813,0.21068303366417848,0.2216450502282473,0.23184311321489295,0.24135462703475732,0.2502523770943557,0.25860376354020226,0.26646944848123055,0.2739024977978765,0.28094850516042935,0.28764642315233796,0.29402958546781277,0.30012665376749775,4.212127597878484
-0.00592505906729706,0.03416898667455308,0.06813117135973758,0.09779543426492922,0.12404016720841671,0.14740955837519937,0.1682889730046237,0.1869839073901931,0.20376687395131135,0.21890572945013964,0.2326683148733936,0.24529898506360867,0.2569892241465991,0.2678776954982746,0.2780718831693793,0.28765803073796165,0.2967043533900126,0.3052686956097449,0.3133998710942617,0.3211387712720088,4.04305126783455
0.1219219847507745,0.14285492237572694,0.15920504154642864,0.17282440455105974,0.1845110044569746,0.19473603114253496,0.20381993940711104,0.21199269417191338,0.21942178089546707,0.22623134156285607,0.23251649508308825,0.2383522775395271,0.24379872306015934,0.2489045001857665,0.2537097501369175,0.2582479344099465,0.2625471526052768,0.26663130357558507,0.2705209057340532,0.27423364340420603,2.6390573296152584
0.08204406278615978,0.10592483513815167,0.12637067467668114,0.14451323883219133,0.1608471660116243,0.17566417086746872,0.18916581330696083,0.20150785134901397,0.21282190845365073,0.22322676011464998,0.2328330010862648,0.24174279636983298,0.25004704572029635,0.25782313984586436,0.26513526664716813,0.2720365605517755,0.27857136211303135,0.28477698230713844,0.29068515616997653,0.29632316753256593,4.0163830207523885
-0.1809778571164696,-0.05748088877685662,0.02268559107263649,0.07566566451058367,0.10837254818543529,0.1374095169168199,0.163804473672839,0.17833666336233778,0.20464378873641711,0.20842180778174754,0.23443040056041203,0.24263259254393446,0.25112168712405464,0.27217171055823935,0.2664868170987254,0.2891017188667699,0.2970083523601892,0.2986769405385737,0.31371402284396166,0.31893781004520705,3.091042453358316
0.05806078301135591,0.08904547359566592,0.11486320148945516,0.1371232421655648,0.15656451619976075,0.1736470087635933,0.18871799437462689,0.20208380876505413,0.2140374605352958,0.2248476595530882,0.23472843685240755,0.243831967807846,0.25227225240581946,0.26014119430413535,0.26751054015484727,0.27443935870243846,0.280978084388551,0.28716750775686734,0.29304333691826806,0.2986362672391809,3.713572066704308
0.12013824593991973,0.14185757605083518,0.1586947487853296,0.17262318561371337,0.18450119488059372,0.1948412518020751,0.20399283572119675,0.21220367000956622,0.2196505475057789,0.22646299594912658,0.23274032791895982,0.23856072844982185,0.24398622558100633,0.24906693284645945,0.25384417120040403,0.2583521766793697,0.2626195919609153,0.2666708330081066,0.27052678502655936,0.27420536133086415,2.5649493574615367
0.05092061187049749,0.07654502218692844,0.09914424585151742,0.11971343093548703,0.13868666238203847,0.1563177420110853,0.172777710053952,0.18819216951547507,0.2026590697329411,0.21625851862372636,0.22905881262615416,0.24112043608075712,0.25249881020769155,0.2632461254393734,0.27341238080322805,0.2830456953292973,0.29219201768197206,0.3008944845656978,0.30919275968765036,0.31712262849959777,4.564348191467836
0.12727297374666668,0.14280402254311678,0.15619815647208246,0.1682290294612505,0.17922086375699883,0.18935725375044293,0.19875960157631795,0.20751668841690843,0.215698380281276,0.22336279571283965,0.2305602812780476,0.23733561275951337,0.2437291352997497,0.24977728513358533,0.25551281380839513,0.2609649407935567,0.2661595561332907,0.2711195000004545,0.27586489073372106,0.28041346172647214,4.135166556742356
0.055885912889515776,0.08948043051474495,0.11690331060322502,0.14005141027482373,0.15981643493387881,0.17678380157454468,0.1914437641285085,0.2042705597471443,0.21569541110952475,0.22602465549964643,0.23544468083088638,0.24410237982379376,0.25211644176604303,0.25956918799937656,0.26653719198864073,0.2730812887149108,0.27924508859621544,0.2850763032192105,0.2906059192443292,0.2958614238874038,3.5115454388310208
0.1143294666559644,0.13903565335665943,0.1576023443741213,0.17252264549934496,0.18493485967100076,0.19554871644551042,0.2048352164942912,0.21309420398455695,0.22052372221870353,0.2272745532441279,0.23346372467829757,0.239176437431003,0.24447979139268952,0.2494302406644412,0.2540712239274167,0.25843802573329716,0.26256265371767623,0.26647048819538566,0.2701820687517129,0.2737172703475945,2.302585092994046
0.11788423181219705,0.13486386109415996,0.14954079987849328,0.1627335737847801,0.17478689130644098,0.1858968273093086,0.19619356420588524,0.20577270895309155,0.21470991240686674,0.2230685921133526,0.23090424924877467,0.23826683403039978,0.24520188485452843,0.25175091819842027,0.25795146223014986,0.2638370459698716,0.2694373211750282,0.2747783457083957,0.27988296659554074,0.2847712290511983,4.1666652238017265
0.0401467582963184,0.06903284502380024,0.0941718602572688,0.11675568632167947,0.13731729843358118,0.15617428223679658,0.17354414041697036,0.18958959577452075,0.20444107822816224,0.21820979866960777,0.2309960645033175,0.24289442063621564,0.253995945193258,0.2643878175450212,0.27415094642728954,0.2833573601628474,0.29206902254029654,0.3003384034155369,0.3082098932918566,0.3157212220224237,4.330733340286331
-0.40848714659412316,-0.28507435300943823,-0.1883950277609267,-0.11005571046031741,-0.04569133586351498,0.007233757438108408,0.05029827576773542,0.08501811729011868,0.11465263282291215,0.14245968994855396,0.16683077090376397,0.189648770572396,0.21085314422986542,0.2294171354587863,0.24880762958265387,0.26363045044510525,0.2819039212780839,0.2941806824749429,0.3106551966393517,0.322664651056226,3.9889840465642745
-0.018538654582474945,0.02181433940228866,0.05638047898456077,0.08688483469287943,0.11415083321500151,0.13868812688910578,0.16085397240451496,0.18092232297230973,0.199122737426284,0.21566623314417108,0.23076114569567208,0.24461534786164318,0.25742278436668503,0.2693450728616102,0.28050661416309813,0.2910043958930289,0.3009167249019027,0.3103069547845248,0.3192278795227349,0.3277245216454591,4.189654742026425
0.08984241047975837,0.1096369247711987,0.12711186821109285,0.14307123090921214,0.1578564270977725,0.17166236195294143,0.18461784012746568,0.19681599029184665,0.20832851153480902,0.21921334172376442,0.22951921823680307,0.23928859249450396,0.2485595764369549,0.25736725324208737,0.2657445210894099,0.2737225654613118,0.28133103446257407,0.288598000102912,0.2955498040036295,0.3022108869931986,4.584967478670572
-0.6463895310416302,-0.44413099233624537,-0.30697563670724065,-0.20849534234837813,-0.13955924991980428,-0.11232477652998908,-0.05326379115826479,-0.041189450284633826,0.012839742041635255,0.015999376715018117,0.0630973552642537,0.07470337887721049,0.09751134792739172,0.12347960621086727,0.11620841360224436,0.15635093898880947,0.16747204720298184,0.16766945377664008,0.20053182132727027,0.20380211763684036,3.784189633918261
0.13702177930516546,0.15272254528726534,0.16554376406065868,0.17665499496429096,0.1865419747473809,0.19547697142906048,0.2036374699013867,0.21115024319679196,0.21811131340555243,0.2245962225441261,0.23066588255056084,0.23637023744775515,0.24175075687595798,0.24684223995066304,0.2516741654967776,0.25627172076141236,0.26065659494482546,0.26484759841745087,0.2688611510511672,0.27271167111972033,3.1986731175506815
0.12430788128606937,0.14199607218076965,0.1568203753924108,0.16980017636219033,0.1813723074509773,0.19179400318842313,0.20124525315509703,0.20986652960903704,0.21777460944513483,0.22506892342851348,0.23183378908989674,0.2381396086516389,0.24404450916585327,0.24959647338061128,0.25483539961882024,0.2597947654012725,0.2645029205785043,0.26898409551040386,0.2732591712204637,0.27734627145142327,3.6635616461296463
0.10460993890177428,0.12504833954202335,0.1424342967890624,0.1578099572961039,0.1716232185824406,0.184136131696855,0.1955299808582282,0.2059456743026393,0.21550241035301257,0.22430631954517324,0.23245326774598515,0.24002841040364095,0.24710504368665803,0.2537446423490733,0.259998321317455,0.26590876419615617,0.2715118847114726,0.27683815845379506,0.2819136963174776,0.2867610581578912,3.8918202981106265
0.062294129376177926,0.08691198029640135,0.10849519897245173,0.12804565941589263,0.1459998345653061,0.16261265383759166,0.17805597750376267,0.1924564144697589,0.20591344917904889,0.2185095217229928,0.2303162423856414,0.2413984343175191,0.25181669794074746,0.26162876225402815,0.2708897741660799,0.27965178139707647,0.28796285310356934,0.2958663478715871,0.30340065225720886,0.31059939113450297,4.442651256490317
-0.4029389574617107,-0.3119485822244335,-0.23437948927369381,-0.1666082939825233,-0.10667049932461525,-0.05328098292906836,-0.0055327975446556625,0.03724267362833201,0.07555968638168661,0.10984531645272726,0.14051325358706337,0.16805139356842164,0.19306860868943904,0.21616836161826872,0.2377249296459927,0.25794072648823557,0.27701358463154724,0.29506740192925474,0.3121976043172632,0.328513572160943,4.471638793363569
0.0020084214843939,0.03537173630812693,0.0646522132188976,0.09111885302115293,0.11534721827877172,0.1376840701918098,0.15836810155975128,0.1775772339502703,0.1954519305056033,0.21210868002364763,0.22764879050128956,0.24216456083768564,0.255743558635123,0.2684710384391518,0.2804303050311373,0.29170115716316003,0.302357322621934,0.3124643367713898,0.32207887054867806,0.33124936950597617,4.505349850705881
0.102788681453788,0.13899228269886046,0.16183421191081337,0.17747218278831184,0.1899232933780893,0.20057774912860682,0.20907288262978244,0.2164419519674202,0.2235174647937382,0.2293954700506241,0.23459360729969847,0.2399085010606043,0.24430250038141474,0.24833256837732767,0.25272856078854866,0.256199776679822,0.25942594825702686,0.2631247204055842,0.2659936583704125,0.2687816623712578,1.5040773967762742
-0.5558553423377317,-0.4478861357743548,-0.35844342476501245,-0.2823282005538283,-0.21662539430695896,-0.15946667574909806,-0.10959412403130171,-0.06614865480827443,-0.02853468973443884,0.003752235325975003,0.031551728885455606,0.056611352499967085,0.08015046981186022,0.10169609489325981,0.12212422146912735,0.14129554682153583,0.1591297543855415,0.17658391383474553,0.19212475547338925,0.20832559448174665,4.448516375942715
0.1300842790269522,0.14489193572302042,0.15771941178456816,0.1692896168131918,0.17990447475195262,0.18973407460605993,0.19889004727218024,0.20745319348575056,0.21548629024813137,0.22304083364521343,0.23016086812691308,0.23688522889268865,0.2432488354867907,0.24928339433698934,0.2550177482689006,0.2604780486720075,0.2656878744465208,0.2706683681873901,0.2754384119874129,0.2800148345507902,4.22683374526818
0.11388982666998013,0.13190047401210295,0.1473878439123611,0.1612379683998901,0.17382605215605149,0.1853671592589977,0.19600565703757536,0.2058492013482619,0.2149846237119014,0.22348620256796745,0.23142001445511612,0.2388459430452562,0.24581826909111476,0.25238559895842544,0.2585907576835459,0.26447099074048874,0.2700584841979888,0.27538103213086723,0.28046269963627257,0.2853244164765119,4.069026754237811
-0.033915456599194246,0.009283407032105768,0.04619257718591893,0.0786681392892029,0.10760780453285074,0.13357051112955076,0.15694884840495255,0.17804434878576236,0.1971111339758556,0.21438584643011557,0.2301058087730048,0.24450899839730458,0.2578133825859631,0.2701935525734712,0.28177983971200976,0.29267394720602513,0.30295771300439206,0.31269677443254384,0.32194647266876436,0.330753776121952,4.182050142641207
0.07573786326995281,0.0983401260531131,0.11815027014452342,0.13610643537473852,0.15261325771141984,0.16790511835659766,0.18213905651544762,0.1954302761512537,0.20786903866981538,0.21952995516633356,0.23047763161664991,0.24077028063778308,0.25046198762014266,0.2596039292445253,0.2682447249924728,0.2764301512980682,0.284202555652737,0.29160033839196536,0.29865774468928513,0.3054049961454333,4.430816798843313
0.12290146296963674,0.13910515834678253,0.15309577724062076,0.16566761745021005,0.1771542577590972,0.18774496239049873,0.1975651106143077,0.20670657420512223,0.2152418432031075,0.22323144684076546,0.23072808286357865,0.23777889108278732,0.24442659150030652,0.2507099463879247,0.25666389950589474,0.26231965560679016,0.2677048456834514,0.2728438060081697,0.2777579287797516,0.2824660301634965,4.151039905898646
0.13962909328359202,0.1543079362225481,0.1666019302750099,0.17740484193050188,0.18709585053543662,0.19589392613574327,0.20394719647086035,0.21136595660993046,0.2182373542625609,0.2246326593880122,0.23061119120124182,0.23622270669670384,0.2415090972141476,0.24650575367293046,0.2512427167245984,0.2557456371134469,0.2600365604745632,0.2641345600031163,0.2680562439098437,0.2718161621987421,3.6635616461296463
0.0774929769736684,0.11274790577444752,0.13944428458014183,0.1602345074484388,0.176626685247994,0.19001404701205987,0.20154099769336373,0.21164059182774447,0.2205219968296799,0.22855300695937003,0.23584020857690974,0.24246774802656731,0.2486492228463382,0.25434447890010703,0.2596322572783539,0.2646625834543178,0.26931897312582853,0.27373075735940067,0.27797610401984074,0.2819002843984489,2.8622008809294686
0.1294913591175953,0.14774908324401098,0.16249285114622686,0.17503595368390407,0.1859623459510896,0.19562711999895682,0.20427959370999138,0.21210654823146835,0.21925095684958837,0.22582278899527225,0.23190734402304158,0.23757197592706192,0.2428709254734092,0.2478485446762442,0.25254156374050074,0.2569807687808873,0.26119221793197134,0.2651981465359609,0.2690176837545262,0.2726674087733107,3.1780538303479458
0.0416313519743724,0.07135647631529368,0.09700831127930189,0.11987088627827658,0.14052343849701956,0.1593133902682155,0.17648068743365958,0.19220764874469587,0.20664444830155415,0.21992419328410967,0.2321718579674647,0.24350787526661716,0.25404658313804945,0.26389142665466353,0.27313087927673674,0.28183806600253053,0.29007324586597044,0.2978865318785743,0.30531995801644374,0.312409227039621,4.197201947661808
0.13994317817556443,0.1551541332321226,0.167615225631973,0.1784141985910563,0.18801236890949394,0.19667297711182744,0.20456998152956524,0.21182880754998473,0.21854497442894513,0.2247937835697212,0.2306359233698766,0.23612105316303555,0.24129029595921223,0.24617806681650065,0.250813447309487,0.25522123087701226,0.25942272625989427,0.263436382059647,0.2672782774034793,0.2709625113802319,3.3141860046725258
-0.057916328871248285,-0.007222426206615404,0.035216196351238585,0.07181206858275227,0.10377110243505946,0.13185009064157188,0.1565863171776154,0.1784126967530595,0.19773663135494288,0.21498766420340543,0.23059757647933607,0.24491055674063814,0.25814310464780044,0.27045130138162177,0.28196517767455126,0.2927764400987384,0.302966289264866,0.3126042463559841,0.3217413041832927,0.3304324530590753,4.0163830207523885
-0.6629558876600197,-0.46342329077339767,-0.33786482288906433,-0.25299590539588146,-0.23846093935766438,-0.16920140209524598,-0.16919981273463824,-0.106855799298512,-0.10686325830714914,-0.06230858346823501,-0.047840585727049786,-0.1012365760463583,-0.006706354480093609,-0.006706319215056181,-0.0011345288869987,0.034747637871771396,0.03484497570818417,0.04039488101841488,0.06318568915622902,0.07779870414770966,3.8607297110405954
-0.07161765581617797,-0.023342239539713833,0.01805792998019914,0.05457659615466365,0.08719356458813758,0.11652451459140252,0.14300216296094714,0.16695504514009596,0.18865284738822224,0.2083384409608888,0.22625147674002355,0.24263881183768252,0.25774321322732086,0.27177517913234567,0.28489554229473085,0.29722531702114474,0.3088611022410593,0.31988003685363137,0.3303450923129164,0.34031011674379247,4.269697449699962
0.070535856529414,0.09866288663720313,0.12221687706534452,0.1426486676164149,0.1606128889780564,0.1765118075377335,0.1906433775322942,0.20326262044878776,0.21460724891984947,0.22489706330384102,0.23431740355342365,0.2430093025180773,0.25107874128640345,0.25861003292878876,0.2656708707537213,0.27231609964716297,0.2785920748614455,0.28453762827183854,0.29018559241013414,0.29556462473534234,3.7376696182833684
-0.11569613681826454,-0.03388938469690097,0.027370913112460187,0.07478413464300675,0.11158787815154078,0.13998044852855923,0.16289664397790232,0.1835250474319456,0.2014707590105001,0.21729956047139493,0.23225316134743662,0.24484954652211838,0.257550354231384,0.26853354475973734,0.27867699670274965,0.2894138349198516,0.297096096386827,0.30721089374037613,0.3146681162843071,0.32192267625008986,3.449987545831587
-0.07561563048682737,0.010590496826270385,0.0694436915188966,0.11039828960255721,0.13827198516081562,0.16061036933774722,0.1814352173678444,0.19628069673877116,0.2123111953212043,0.22472529259737412,0.2350420091967949,0.24892180274784248,0.25395200097977555,0.2669745590810453,0.2745094543828909,0.2789219569411314,0.2919494327218885,0.29378398786810567,0.3023334728470214,0.3100757190809147,3.0204248861443626
0.09517996885507846,0.1324189656550031,0.1569949028741697,0.17395639153261402,0.18717019649069616,0.1984508178440017,0.20773253809025613,0.21565494542179914,0.22303628759139954,0.22942253620167513,0.23508461844579284,0.2406284001699054,0.2454133303280678,0.24979061392444596,0.2543198591009804,0.25813728297254473,0.26169023155832183,0.2654891219782785,0.26863546401784905,0.2716763472361731,2.1400661634962708
-0.016811938021992358,0.02147245470528188,0.05462547223685894,0.08419116403004054,0.1108943762517938,0.1351806296167052,0.15736036457505753,0.17766800587766662,0.1962930877557131,0.21339989363697764,0.22914105570742926,0.24366599825419996,0.25712283898098337,0.26965299511599433,0.281382046038383,0.29241410268469203,0.3028332408633325,0.3127080906452731,0.32209530847918194,0.3310421880624456,4.324132656254979
0.08578233253234932,0.10920639991545573,0.12921999944586451,0.1469512749679437,0.1628922858135688,0.17733321351147813,0.19047512262168206,0.20247424807903253,0.21346343969345044,0.22356294900914236,0.23288433861773758,0.2415295462613836,0.24958794577846335,0.25713470472559663,0.2642318317114194,0.2709306337435052,0.27727394216346996,0.28329783033855915,0.2890330310951524,0.29450599174980546,3.979681653901961
-0.19624309134291168,-0.12989046228960888,-0.07309934926952712,-0.023206243014218666,0.02116324143922527,0.06089247011293435,0.09660499989010747,0.12876854311800262,0.15775698148767137,0.18389799263024623,0.2075160416409953,0.2289644625443494,0.24861995224385772,0.2668219632760195,0.2838143233458386,0.29976472680316796,0.3148078573706981,0.32904704604946183,0.34256374176449705,0.35543058156957896,4.363098624788363
0.11155569754265054,0.12851639277769744,0.14340225303043458,0.1569521669102075,0.16947657212063277,0.18115096896832375,0.19209047066092375,0.20237793364998344,0.21207707228359463,0.2212394667804412,0.22990867758883757,0.23812281432903518,0.24591618481815186,0.253320337660274,0.26036467263122876,0.2670767365989535,0.2734823063361036,0.2796053557059024,0.28546799399305794,0.29109043688597025,4.471638793363569
-0.5937176471733173,-0.4751663171083498,-0.3831315927912764,-0.3088445085190026,-0.24773394085963596,-0.19722869690259798,-0.15604223626982952,-0.12420701638095576,-0.10297363599815292,-0.07428268979936431,-0.05883519765005557,-0.03239489287944171,-0.021260217609662835,0.0034479922142509004,0.011653281366164076,0.03414936258594468,0.04218652069436844,0.06014550740597795,0.0707144512390296,0.08183931212779406,4.350277936359301
0.11540300762312736,0.13183564375883833,0.14624346579857592,0.1593516540189949,0.1714642995509988,0.18275300501365402,0.19333016268627182,0.20327658763574447,0.21265438660826885,0.22151382197748384,0.22989732929003032,0.23784201410405678,0.24538124462640334,0.2525456515142352,0.25936371045046336,0.2658620272521984,0.27206542676117806,0.2779969390353576,0.2836777623323511,0.28912725657230043,4.454347296253507
0.07094489757411485,0.10870340392617091,0.13699594537777784,0.15872695524558206,0.17561244683893903,0.18933304286279315,0.20119304399690227,0.21151140382555506,0.22054776675600668,0.22876776507228977,0.23615816436221845,0.24289144510959118,0.24921339066393666,0.254944038859005,0.26032893053055584,0.26546115164555734,0.2701125831567949,0.27464058205765446,0.2789421710313292,0.2828450535790685,2.833213344056216
-0.6222861994726911,-0.44609834837924195,-0.3195508214873363,-0.22399388493365666,-0.15130760022013245,-0.09884350448878418,-0.06941398569552938,-0.02343610881242448,-0.005758081373552806,0.03640054348716961,0.04549978684423353,0.08439428193911425,0.09312050820496713,0.12178475363096868,0.13828238058879974,0.14859656428240128,0.1745253464879046,0.1782032550070098,0.1993713447532907,0.21498246305218124,3.9219733362813143
0.058477811819611585,0.086004715305346,0.10965040915677612,0.1306560278775935,0.14957536221133447,0.16673876813023564,0.182374905931416,0.1966594893530228,0.2097400161887448,0.22174975929605292,0.23281475046681435,0.24305463986150425,0.2525789263249,0.2614823171424874,0.26984322634682334,0.27772588558813815,0.28518340125169295,0.2922600838423601,0.2989933197605741,0.30541508949914603,4.102643365036796
0.11897168091695279,0.1408767053724071,0.15815001134896342,0.172461959331714,0.18460377074953377,0.1950959866112587,0.20432106986379403,0.21255774034263297,0.22000110660856098,0.22678971176821608,0.2330288689732096,0.23880123197118092,0.2441716064281662,0.24919224469337792,0.2539062338210935,0.2583488138788524,0.26254939214233547,0.2665331371769852,0.2703212937917198,0.2739320655377725,2.970414465569701
0.13210770842841713,0.14723298464957496,0.16017375352445393,0.17172718356435282,0.18222777924103628,0.1918657122187208,0.200767624229274,0.20902699478423833,0.2167180717603429,0.22390297814471194,0.23063547669625178,0.23696292724662132,0.2429272647463438,0.24856552005367252,0.2539102086514456,0.25898974274096637,0.2638288930821329,0.26844926483574966,0.272869747106473,0.27710691402727167,3.9982007016691985
-0.40534110977603094,-0.3080409455301087,-0.22634755491081707,-0.1559573781062111,-0.0945175512861979,-0.040506540293383145,0.007129165833964779,0.04915249536071715,0.08615594032753952,0.11868664912361152,0.14741400692455597,0.17324348909882273,0.19703103870559655,0.21913525557292285,0.23975863899366318,0.2591799330343302,0.2774570147837378,0.2947572447973918,0.31118064498673553,0.32674329842680305,4.363098624788363
0.10682696056927934,0.12464216251054251,0.14025227008349544,0.15443483348270687,0.16751775848181585,0.17968715767512136,0.19106562052376444,0.20174180457727403,0.2117842744820443,0.221248926996901,0.2301833640544541,0.2386296167755368,0.24662586423733654,0.25420746767246366,0.2614075060728086,0.26825695643730313,0.2747846585588376,0.2810172010417133,0.28697883782851497,0.29269149337986544,4.430816798843313
0.10637619956758858,0.1378984119500869,0.1593768936200968,0.17524881009162654,0.18782178171215455,0.19841575671576667,0.20749396709714776,0.2153361358399262,0.22235912812455647,0.22872249941396952,0.2344315127730834,0.2396926310668087,0.24458830862518258,0.2490597274075418,0.25326836728046254,0.25726211979495595,0.2609369008068052,0.264440362087877,0.2678065975400108,0.2709197439723553,2.0794415416798357
0.08742608008109704,0.10938337176519863,0.12838729441990543,0.1454313417522903,0.16094402454851364,0.17517423658080675,0.188290210871155,0.2004176454574443,0.21165803154403814,0.22209869971115875,0.23181854020425832,0.24089088516556126,0.2493842704802359,0.25736180027803923,0.2648800777961282,0.27198860427053123,0.2787299970028942,0.28514076906094915,0.29125225378612224,0.2970914622883878,4.189654742026425
0.07707951840369019,0.09919144569831675,0.11862757658154106,0.13629258739379507,0.15257532414466193,0.16770029272206827,0.1818174096969409,0.19503619056474422,0.2074419311067686,0.2191045495121694,0.23008393452755796,0.24043339464086416,0.25020191543053594,0.2594355424689967,0.2681780478258999,0.2764710157140025,0.2843535384820451,0.2918617735574021,0.29902859926528,0.30588350282702514,4.48863636973214
0.032368754391554164,0.0694566956095611,0.10002053239500433,0.12604267227850147,0.14846331967910653,0.1678790523715335,0.18475617167818548,0.19953202866624356,0.2126421160314825,0.22446281673978374,0.23524578115576164,0.2451541206930915,0.254323994054591,0.2628578969464597,0.2708334280554305,0.27832391360577374,0.28538207109295866,0.29205440946926225,0.2983853910220958,0.30440229185991924,3.676300671907076
0.1299287295852172,0.14497532690042744,0.15795937376113728,0.1696321545060751,0.1803079636198951,0.19016438159459642,0.19931850095613443,0.20785563396916815,0.21584260279535952,0.22333469352775387,0.23037953790371934,0.23701930566570034,0.24329189325222375,0.24923151794930917,0.25486900255553036,0.26023195169271485,0.2653449379107861,0.27022973880607193,0.2749056153425755,0.2793896036494551,4.151039905898646
0.07519612580656702,0.10387253929680577,0.1275309524889507,0.1477563876366755,0.16527266752157388,0.18054079255495667,0.19392564793507067,0.20575963993738092,0.2163491665213683,0.22594470512966106,0.2347234446291424,0.24281247507221063,0.25031369912514656,0.2573066876588411,0.2638545897327114,0.27001171748151603,0.2758217354524482,0.2813212568897081,0.2865428327670577,0.2915123230554739,3.5553480614894135
-0.4272762304032484,-0.3317328146477195,-0.2507907682594176,-0.18048676832887567,-0.11865289596246589,-0.06387456816932002,-0.015160853064323843,0.02821175455932673,0.06679634535410588,0.10106038611557663,0.13149098304537815,0.1587199779251427,0.1835293865367465,0.20654259403486594,0.22802195381176218,0.24818243840981521,0.26722448573717555,0.2852188094464673,0.30231677597700773,0.31857534489964495,4.442651256490317
0.13701615925317528,0.15297389110869605,0.16605512280327372,0.17735918368094403,0.18736056796644873,0.19633714499302005,0.2044777236669232,0.21192169872518152,0.21877686232226268,0.2251286449209373,0.23104567962493539,0.23658366834807312,0.24178829587096368,0.24669745187187486,0.2513429018955773,0.2557515409726368,0.25994634474137335,0.26394709905279823,0.26777096531066896,0.27143292489044624,3.349904087274605
0.13403429879214696,0.1493513839322782,0.16231385609364538,0.17378429617892518,0.18412688074604608,0.19355087872930676,0.20219770204279955,0.21017336614871926,0.2175630417666749,0.2244381364529607,0.23085981110214973,0.23688076990477666,0.24254633185281727,0.24789531083909638,0.25296088997703753,0.25777147985480775,0.26235149969438754,0.26672204749668454,0.27090145740329885,0.2749057559324883,3.817712325956905
0.12913147864061061,0.14694616929365167,0.16153160395319158,0.1740682910001007,0.18507418290633387,0.19486298424156318,0.20365771294842042,0.2116300913586349,0.21891616956598103,0.2256238559847896,0.23183842079645242,0.23762761295494458,0.24304603426968927,0.24813836391911243,0.2529416291888477,0.25748687656493746,0.2618004136574811,0.2659047233400573,0.269819166537586,0.27356053758992627,3.349904087274605
0.0873553800698134,0.10808458210714643,0.12627035265944953,0.14278311415196307,0.15799474731488167,0.17211886238344395,0.18529758178253367,0.19763453443509038,0.20921042711425258,0.22009151348960992,0.23033467364022545,0.23999063972420892,0.24910605045288858,0.2577246521774668,0.2658878255301231,0.27363460353348956,0.28100139086817305,0.2880216205033738,0.2947255382846834,0.3011401960888326,4.448516375942715
0.08048005029385671,0.10218229788422986,0.1212376441967643,0.13854384658306382,0.15448616719985384,0.16928675377874958,0.18309383626330303,0.1960156969224096,0.20813674461996204,0.21952629316437905,0.2302438598048781,0.24034256171892032,0.2498713067431207,0.2588760927852074,0.2674005830055166,0.27548611408954027,0.2831713548016504,0.29049187875529825,0.29747987769546125,0.3041641186793867,4.465908118654584
0.13963479687461955,0.15376185881170343,0.16575644503664014,0.17641209680190306,0.1860620689234744,0.19489621195111567,0.20304120079007915,0.21059048675079844,0.2176178739219775,0.22418435625316535,0.23034175323288375,0.23613471808947342,0.24160193034330518,0.24677691697272627,0.25168872576938855,0.25636253523611785,0.2608202132305477,0.2650808148078769,0.2691610128804598,0.27307546307498126,3.8815637979434374
-0.07840412137390515,-0.030110141620976694,0.011507180106686733,0.04838164522354778,0.08145977687264498,0.11133637714154494,0.1384295696328057,0.16305543997249727,0.18546964138406924,0.20589586675236962,0.22454750657705233,0.24164147318444618,0.25739812223668657,0.27202424538570136,0.28569160931602355,0.298531894116694,0.31064787053062504,0.3221224505561999,0.3330225664559073,0.3434041563974015,4.330733340286331
0.12121967381187025,0.13786437422438738,0.152199900712853,0.165050754143372,0.17676398517807235,0.18753715980235003,0.19750179474574614,0.20675490792995233,0.21537368955065492,0.2234231625460943,0.23096035140280835,0.23803645266310886,0.24469779630971122,0.25098614633273897,0.2569387713347689,0.2625885722212116,0.2679643738135997,0.2730913456112338,0.2779914683861446,0.2826839841321782,4.102643365036796
0.14170464783508846,0.1563550950383336,0.16846688691419942,0.17902218020257343,0.18843925350756469,0.19695894534202335,0.20474218757520185,0.2119063298165289,0.21854169017535957,0.22472014549441405,0.23050008936653857,0.23592960358499038,0.24104868309575697,0.24589089748280624,0.25048466738490305,0.25485425356387176,0.25902052668370995,0.26300157019917786,0.2668131561198427,0.2704691235092128,3.4657359027997265
0.11245786416033726,0.13686125993574277,0.15579664015334663,0.1711905099951487,0.18400580907878125,0.19491751735966165,0.20442642284104473,0.21286913000942523,0.22045795228773576,0.22734542532532032,0.23365276743733426,0.23947002347426904,0.24486648168386432,0.24990065359042066,0.2546179911300793,0.25905465397424315,0.2632434237179215,0.2672104907592937,0.2709770507873301,0.27456365758015866,2.8622008809294686
0.09676128275356344,0.12172277668832644,0.14213828402754697,0.1594954407777498,0.1744691278912733,0.1874966152524743,0.19892827925891451,0.20907245275345077,0.21819007754942976,0.22647767642147795,0.2340744229419247,0.24108613989217045,0.2475972875858881,0.2536739275747404,0.2593701770499812,0.26473142413364875,0.26979451289497414,0.27459091567834953,0.2791476647172531,0.2834871270343558,3.4011973816621555
-0.6513361548253755,-0.47622525415833417,-0.3564873870745039,-0.26922201145936653,-0.20613571278383525,-0.186777544911116,-0.13286883775644695,-0.12430614251805205,-0.07558666014877159,-0.0733447711225388,-0.030930202714771544,-0.02247051877455699,0.0012432107626262545,0.020268358358423146,0.01495264646694301,0.050609401047427144,0.05890286279931734,0.05895737458914513,0.08892874838515598,0.09120064009545052,3.9889840465642745
-0.09140079671652206,0.03926979811436995,0.0925802179238722,0.10789135922475239,0.1552676021848845,0.18470336281099645,0.19265011945669872,0.22316921364454184,0.19588312031002655,0.22325081275476422,0.23447442542965236,0.24898524203355737,0.22754635944245674,0.27759000622436336,0.2713545637183853,0.27656123256426646,0.29441034027761603,0.2718281839177295,0.2911029650906232,0.3087155015133082,2.1972245773362196
0.026908162034121382,0.05897242058479812,0.08664413657804523,0.11128768529083066,0.13352636565863896,0.1537369226191428,0.17218040914048915,0.18905517090852228,0.20452434633653038,0.21873254889095678,0.23181614352619107,0.24390765137794002,0.2551339926723712,0.2656104236493662,0.2754351022435245,0.284688422872576,0.29343612748644854,0.30173259772507655,0.30962322189847075,0.31714642908075263,4.219507705176107
-0.25819074212778964,-0.18301988342159103,-0.11887029792697845,-0.06270577917670744,-0.012929172828265754,0.03149262885138049,0.07128832672694461,0.107001197604821,0.13906156036499429,0.16784501130803944,0.19372963563011802,0.21714348394905905,0.2385565343932803,0.25838140033171114,0.27688776368194407,0.29425591766329007,0.31063784758520185,0.32614128347721477,0.34085535396898137,0.35486111562326034,4.382026634673881
0.03592357687077748,0.07076385395529117,0.09985048771843315,0.12494335945578104,0.1468662493657015,0.1661312632207141,0.18311842666041997,0.19815812230728388,0.2115709298511902,0.22366500302268738,0.2346978702607654,0.24485214211843948,0.2542586853390839,0.2630230429914988,0.2712272608096715,0.2789371899301518,0.28621023184476163,0.2930922130100442,0.2996229727496301,0.3058377255358513,3.7954891891721947
0.06581343338947883,0.09405591074335258,0.1178801694757866,0.13868764448589196,0.15710939368742696,0.1735288827910464,0.18822288068382392,0.20142006666675588,0.2133292908952016,0.22414809584322726,0.2340551596006499,0.24319767974202705,0.25168892240533947,0.2596170878943963,0.2670533537789378,0.27405540887775226,0.28067102398636223,0.2869407272073253,0.2928987501524484,0.29857457356280837,3.8394523125933104
-0.11330970434567782,-0.06302796738342922,-0.019131420011756724,0.020219497017423958,0.055916369539393954,0.08851979117583757,0.11842498882442186,0.1459296845833354,0.17126953813009366,0.19464032163647968,0.2162140368098717,0.23615177709684204,0.25461348784206733,0.2717625420460433,0.28776233711448757,0.3027655298995957,0.3169030759370633,0.33028124285830446,0.3429859532211668,0.35508768217141445,4.516338972281476
0.05657810011401109,0.08513623591455398,0.10951492083456951,0.1310390065457301,0.1503042651109382,0.16766877079328654,0.18338332022885276,0.19764471007338102,0.21062317902156075,0.22247707009988205,0.23335749962540359,0.24340431358605163,0.25273833322509404,0.26145763890178825,0.26964059855746253,0.277350952281107,0.2846411641941291,0.29155493035817415,0.2981293511863198,0.3043961903751397,4.0163830207523885
0.07612729873642024,0.10256617920579908,0.12485264471042734,0.14432193931910275,0.16156923040533042,0.17695487769360227,0.1907392252446666,0.20313744961918367,0.21434480563069444,0.2245434282896674,0.23389577875336276,0.24253522322387788,0.2505653669623727,0.2580676728303837,0.2651080817310943,0.271740319686121,0.2780090257150806,0.28395204329245544,0.28960144881130545,0.2949848596358263,3.8066624897703196
0.1271610816066923,0.1429689880753751,0.15654042567123133,0.16868308304019,0.17973621000055887,0.18989269977774728,0.19928093492602608,0.2079956431007846,0.21611214787252933,0.22369371937917074,0.2307955110243987,0.2374665933195441,0.24375089857310192,0.2496876191618816,0.2553114397082366,0.2606528181437906,0.2657383727483718,0.27059133489988096,0.2752320066776682,0.27967818375509135,4.051784947803305
0.11442631449263986,0.13480387521469478,0.1516814957960395,0.16626630409545126,0.17908699845741988,0.19046659974504188,0.200642982216829,0.20981124560377223,0.21813726150457172,0.22575915614451203,0.23278730030228723,0.23930811323821385,0.2453901439435747,0.2510888816188377,0.2564497859223091,0.2615106211109269,0.26630320587364925,0.27085454691495603,0.27518775972715454,0.27932281558044564,3.5115454388310208
0.08477770281400351,0.11059679260416828,0.1321257370076662,0.1507510395695489,0.1670920072930627,0.18153056742103202,0.1943533667450188,0.20580756957396026,0.21611982058062695,0.22549121831569333,0.23408411618644628,0.2420206207021894,0.24939445700318413,0.25628083092341325,0.2627401388790429,0.26882195880570126,0.2745681521529417,0.2800137077777656,0.28518846825487953,0.2901182796167148,3.6506582412937387
0.12495416596244706,0.14531041582066512,0.16128819010097648,0.17458297137723777,0.185963868179796,0.1958980200492957,0.20470666496635848,0.21262028554476803,0.21980565836671595,0.22638557740829854,0.2324538442312682,0.2380843371979872,0.24333601728990872,0.24825660369939392,0.25288542319922713,0.2572551899818004,0.2613933265382393,0.26532315264012507,0.26906466433662785,0.2726350658509857,2.8622008809294686
-0.6612671953513283,-0.4735389524979249,-0.34554927823315335,-0.25275525017419415,-0.18642027675601716,-0.16406096791785235,-0.1073211473438198,-0.09742610969155377,-0.045935415870227446,-0.04334501710464186,0.001478583114489716,0.011183224237555406,0.035014064152971355,0.05679737433657249,0.05070665278754126,0.08856451118499328,0.09800831516987045,0.09810027723738769,0.12964364999407016,0.1322845522898112,3.912023005428146
-0.10310565918306765,-0.040531016284518474,0.010707452722815364,0.053939818531594075,0.09087559161172218,0.1225843940012185,0.14983308988009372,0.1732940670120536,0.19371008354790772,0.21189624022191436,0.22844539237652245,0.24360739175647675,0.2576053633702714,0.2706322277808164,0.2827677934443385,0.2941636091462306,0.30488426552665604,0.314992109776426,0.32460226884357474,0.33368770095997774,3.912023005428146
-0.04574413413373194,-0.0009341845144013017,0.03740072497283485,0.07116027863897324,0.10126829652531413,0.12830170520821274,0.152665674011767,0.1746699843847271,0.19457322742014485,0.21261355415846026,0.22902893400381683,0.24406081913120864,0.25793610505036635,0.27084115190487407,0.2829154921485599,0.2942666292082424,0.3049810557454289,0.3151278823339914,0.3247648072751896,0.3339410121030688,4.212127597878484
-0.009756013800841982,0.031737158115828744,0.06671123940847713,0.09710975011134959,0.12387038237629223,0.14757585750777458,0.16864128978000842,0.1874013187208687,0.20416327219572009,0.21923635305063344,0.2329255572859171,0.24549146503281308,0.25712186816850113,0.2679513952783598,0.2780881159431205,0.28761634615023,0.2966038979051853,0.30510992624008987,0.3131821775071273,0.32086267639765503,3.9982007016691985
0.10181500271802658,0.12044282139387338,0.13675851513012824,0.15157011978717597,0.16521962839651633,0.17790183616012561,0.18974548113005382,0.2008439746921108,0.21126981460374405,0.2210823488536678,0.23033236730600393,0.23906496554335296,0.24732133684099825,0.2551398156373051,0.26255636527398707,0.2696046729841368,0.2763160243840754,0.28271912738941724,0.2888400127175765,0.29470206449892483,4.418840607796598
-0.005047279229859109,0.032824388639715,0.06533787810768625,0.09410707807287207,0.11989291837522499,0.1431635313830409,0.16424625768420303,0.18339162064893744,0.2008084641676514,0.2166866658073211,0.2312111451421455,0.2445652838202697,0.2569222476722984,0.2684308172874625,0.279208989588242,0.2893494199814059,0.29892699400579525,0.3080027742312732,0.3166274252722437,0.32484408381635044,4.197201947661808
0.08107879193194313,0.10608299995595577,0.12727732233034522,0.14590257876729537,0.16250621439462404,0.17741574514431285,0.19086333131794256,0.20303561960684535,0.21409749101295522,0.22420168280762487,0.2334881997181105,0.2420784817855155,0.25007167761514987,0.2575468633079815,0.26456801674736374,0.2711876729154341,0.2774493908799535,0.2833899217413856,0.28904062029662225,0.29442840106741225,3.871201010907891
0.13538963623313705,0.1498762272100077,0.16228508645769668,0.17338070894928617,0.1834831330029412,0.1927736852897444,0.20137253055383328,0.2093677878063706,0.21682889397780897,0.22381346760531431,0.23037102280258384,0.23654499105754204,0.24237380667011982,0.24789151080961808,0.2531281590237004,0.25811018751978015,0.26286079326472755,0.26740032354926113,0.2717466518281976,0.2759155213217886,4.02535169073515
0.038052342789757714,0.06564612806958917,0.08996203550661225,0.11206158904956831,0.13241229407239197,0.15128965727447036,0.16888045175032657,0.18532243241879884,0.20072339519815113,0.21517179920220228,0.2287433798299694,0.24150559656544707,0.2535207153727228,0.2648478347902469,0.2755439368442688,0.28566401002138647,0.29526042607890735,0.3043819597778525,0.313072936118166,0.3213728404180944,4.553876891600541
0.1307462508588101,0.1467754557819868,0.16031525942060454,0.17226907120829596,0.1830196089348929,0.1927880166053335,0.20172495512904237,0.2099445437943868,0.21753943543113707,0.22458793183774836,0.23115729870760174,0.2373053413695089,0.24308141095808536,0.24852739935650897,0.25367882392686647,0.2585658894806577,0.2632144217251421,0.26764664323259474,0.2718818044838372,0.27593669047392866,3.784189633918261
0.08108337771113065,0.10256299287238269,0.12144864937151802,0.138622713130761,0.15446325908211456,0.16918796911649225,0.18294186679262545,0.19583068597679787,0.2079366262774408,0.2193269329514137,0.23005906475842022,0.24018401509960363,0.24974848728251886,0.25879624562419656,0.2673688045281019,0.27550558359431093,0.28324369444997954,0.2906175730664347,0.2976586669842866,0.30439530753099775,4.4942386252808095
-0.5482874607822704,-0.43159719901084204,-0.3362845451003499,-0.2561546336540777,-0.1877815598559455,-0.1290180023236815,-0.07846070759172881,-0.03518466042549341,0.0014762756031933219,0.032403374410266514,0.059685943682546004,0.08536889745639134,0.10864301682608848,0.13053554508380252,0.15119899029287154,0.169926437629183,0.1887828892549739,0.20471954276872747,0.22230189574808906,0.2359068460496759,4.343805421853684
0.11593603103799668,0.13500550922034718,0.1510546507282759,0.16513512337320202,0.17769861338257295,0.18901146281773992,0.19926078736143552,0.20859427181006937,0.21713714852695437,0.22499865831120555,0.23227336923266143,0.23904108374958166,0.2453676998536443,0.25130734671153354,0.2569048001002623,0.26219745050759297,0.26721681925954377,0.2719897525912974,0.2765393189554985,0.28088548660880913,3.7256934272366524
0.07593500332298436,0.1087575537184358,0.1345386357742661,0.15545675525750666,0.17260650842625389,0.18684994873107627,0.19900397525943914,0.20969328096324727,0.2192218475118128,0.2277880637541342,0.2355978674725026,0.24275829885832176,0.24936245392061335,0.2555161003410099,0.2612509127053468,0.2666279302928974,0.27170613785496334,0.27648418465534097,0.28102203082508875,0.28534396059250416,3.1135153092103742
0.020832949744845168,0.05127007791314016,0.07802159145572612,0.10225518856813524,0.12449299062978002,0.14504630061749066,0.1641279322732598,0.18189582591930065,0.19847427668619053,0.21396600054451156,0.2284598303760599,0.24203600138575337,0.25476979811981215,0.2667337541443672,0.27799836816128615,0.2886314213027824,0.29869639105529033,0.3082508363190815,0.317345536829881,0.3260245785117091,4.516338972281476
0.1270853732304925,0.14319939433363038,0.1569621460668511,0.16922076967056726,0.18033214308625922,0.19050028710990724,0.19986213826568056,0.2085198504764054,0.21655559883336128,0.22403902811927384,0.23103102281694413,0.2375854713297725,0.24375000576662134,0.24956637992941133,0.2550708740562052,0.2602948462158408,0.26526537398362,0.2700058900382355,0.2745367541588518,0.2788757441611141,3.960813169597578
-0.04465364289638342,-0.004366336288829888,0.030920392460603765,0.06270499172299364,0.09168748663783614,0.11829827005531428,0.14283725307288186,0.16552939502570896,0.18655276285043995,0.2060553187202938,0.224166377951019,0.2410050865151633,0.25668651934138326,0.2713249153006462,0.2850332241918309,0.29791912657434827,0.3100797759687776,0.32159857163090394,0.3325453571429988,0.3429785295990034,4.51085950651685
0.04162687510373508,0.07002565670068125,0.09479108037412914,0.11708409125949126,0.13742188887030976,0.15611182640159468,0.17336389367511915,0.18933468977485998,0.20414908158349726,0.21791268689215576,0.2307198100295479,0.24265851283130768,0.2538132776938826,0.26426535315149385,0.27409121428010613,0.28336029352681713,0.2921334306020759,0.3004627673086333,0.3083926910744993,0.3159610571380343,4.363098624788363
0.0038292367335925255,0.04525753348778358,0.07963628767222726,0.10908015701349051,0.13461008842152317,0.15686527021026886,0.1763201810776155,0.1933940943157568,0.20850971292780915,0.22208247027886943,0.23444315871637705,0.24580177638907333,0.2563084825638471,0.2660889288330524,0.275232844962431,0.28381729185007987,0.2919098091126459,0.29955874013237843,0.30681424341060587,0.3137140179273508,3.817712325956905
0.1211767608747559,0.13909015287971754,0.15420370907236927,0.16750677710913955,0.17942161112707314,0.19019489787713317,0.1999975740773634,0.20896220582524622,0.21719933374208594,0.22480450333744528,0.23186069756556718,0.23843897349344254,0.24459911755553115,0.25039097578626557,0.25585616057571875,0.26102964074802454,0.265941034649606,0.2706156420983779,0.2750752550953123,0.27933878268371054,3.7612001156935624
0.0981574416390762,0.11775981373571166,0.1348450371217809,0.15028236905046555,0.1644417025911593,0.17753498749524366,0.18970331464677243,0.20105004478301022,0.2116564514718089,0.22159020047698744,0.2309103449895997,0.23967033067805057,0.24791967360078926,0.25570466865563973,0.2630684272643503,0.2700505764767395,0.27668694838072155,0.2830094792220863,0.2890463647870969,0.294822391682447,4.31748811353631
0.11323831092854297,0.13530387283652406,0.15314484212806886,0.16821239086898843,0.1811687736885163,0.19244564131966288,0.2023787420740212,0.21124141342555236,0.2192456500350097,0.22654597469188825,0.2332559135453381,0.23946378907457505,0.2452396755044031,0.25063947935625785,0.25570920984590567,0.26048708427716544,0.26500476259793976,0.26928914992675723,0.27336324996435574,0.27724662340796463,3.2386784521643803
-0.3252534140420881,-0.2355586887788781,-0.16047104855056088,-0.09591781462066208,-0.039699825902072286,0.009595604729442982,0.05294533808397969,0.09106551335293793,0.12453874261021511,0.15395174935195693,0.18004453880639013,0.20369271056900284,0.22552987509366823,0.2457991204877855,0.2647442473607883,0.2825602186038021,0.2993188010840993,0.31519584076932544,0.3302267825299637,0.3445118801475182,4.283586561860629
0.11116833539501342,0.1378975377509412,0.1575154792912377,0.17293225175950647,0.18553906936000317,0.19622078361585868,0.20552033874409875,0.21374084306076113,0.22109317760228905,0.22775592532646938,0.2338498276716245,0.23945534027400708,0.24465015641828694,0.24949309947146994,0.25402115340445575,0.2582769288830928,0.26229539413391795,0.2660942191224301,0.26969911169013955,0.2731330844103191,2.1400661634962708
-0.591310414009966,-0.46356388925945385,-0.362491459699827,-0.27974550396984676,-0.2108590045915768,-0.15319827687830956,-0.10522910835178115,-0.06618732385501991,-0.035393271464544046,-0.008151571658876177,0.019051663334903258,0.04023632924465869,0.0651136825063051,0.08160113812159821,0.10486554634987465,0.11764994118109656,0.13937431782259127,0.1502902831096484,0.16923747219838525,0.1809037594808442,4.276666119016055
-0.09162498249923118,-0.03280495619863303,0.01579655505247504,0.057162577599825015,0.09281645929797125,0.12371455018681021,0.1505375870008611,0.17385536545228253,0.19425363414578417,0.21238420006670747,0.22882878130658338,0.24391915611604342,0.25784918982952576,0.2708104095018287,0.28291668576518264,0.2942675103353053,0.30496793175700826,0.31506316230391335,0.32463998058896976,0.3337400562075142,3.960813169597578
-0.6345977746551291,-0.47199640839772056,-0.36053072857887647,-0.278930312714861,-0.21937535424002427,-0.20260722781002186,-0.15175920601254203,-0.1443439719763829,-0.0985487999922426,-0.09660720720413271,-0.05672184563078838,-0.04936232967827986,-0.026093299295159716,-0.009516778501078276,-0.01414590457661543,0.019258546582856875,0.026513510929545233,0.02654581854153474,0.05482538812624853,0.05678496517232243,4.060443010546419
0.014856548347918512,0.06661075056449449,0.10539373382057242,0.13519567742903507,0.15811590266746434,0.17618745697035565,0.19165445785276744,0.20525069095495369,0.2169424788606779,0.2276578882138615,0.23724139107137168,0.24584585437219383,0.2541577986549377,0.26137716875964767,0.26838899700368746,0.2750747191769541,0.2807575373015802,0.2869304111858729,0.29223017588370154,0.2971086206481178,3.091042453358316
0.12838113462008513,0.14681782455302705,0.16154343674421714,0.17405972778908949,0.18499948607271954,0.19472530108311503,0.20347908063001233,0.21143612988842952,0.21872901038585296,0.22546018796741463,0.231710137956272,0.2375431224500605,0.2430113113679972,0.2481576572588373,0.25301794311426956,0.25762229902264516,0.261996337129407,0.26616200741662477,0.2701382624003333,0.27394158135738017,2.8903717578961645
-0.17784832727912464,-0.0941830586200191,-0.028121588166832988,0.02573172731155814,0.07014927737822309,0.10681199504450158,0.13697736704345942,0.16211097384639053,0.18417533618724505,0.20423313037934185,0.22221046929587882,0.23881458699861138,0.2540932710430072,0.26809056555852034,0.2814453110286726,0.2935130948519036,0.30527994748395015,0.3161296175783411,0.32629309827722025,0.3365028281810781,3.7954891891721947
-0.11674110842821481,-0.055998521428330686,-0.005266014453579045,0.03833765253116373,0.0762930374889599,0.10953544594896382,0.13872190078649602,0.16436916672037377,0.18695646109763145,0.20700448654735418,0.2250712811914504,0.24161480619013087,0.2568990590663419,0.2711050141907957,0.2843931037544704,0.29686401096118353,0.30861409159259867,0.31972644764459585,0.33025339228663086,0.3402682394619255,4.07753744390572
0.1328204773893621,0.14875733058409543,0.1621337809085564,0.1738855330601674,0.18441065709778617,0.19394065289981177,0.20263428824036672,0.21061223074068067,0.21797213776397042,0.2247956423943374,0.2311517001794643,0.23709847072588688,0.24268480663058295,0.24795170682005382,0.25293370064954984,0.25766005074483905,0.2621557362569374,0.26644223921011123,0.2705381681651552,0.2744597507467585,3.6888794541139363
0.09449826176108009,0.12655175741775823,0.15025358555072876,0.16838081171657523,0.18263217684397834,0.19444311034477066,0.20466875016031805,0.21358056765774053,0.22146310088351295,0.22860483716629196,0.23507176910075375,0.24098539502123528,0.2464883351145744,0.25155984698311834,0.2562866032920275,0.2607648013998282,0.26493208326249285,0.26887432905401404,0.27265356040773453,0.27618253033746937,2.6390573296152584
0.09030298314732217,0.11068152932943533,0.12853898185347898,0.1447406655248584,0.159655773480642,0.17349614200862837,0.18640263892220363,0.1984780021915878,0.2098023337287267,0.2204415193159766,0.23045226480734932,0.23988527058223907,0.2487872192905694,0.2572018957321801,0.26517063057087586,0.2727322562963794,0.27992280654822,0.2867752002836386,0.29331908447612226,0.29958088829459223,4.42484663185681
0.12168127885228809,0.14128354443251245,0.15729348424147,0.17098331197772468,0.1829181511103606,0.19344940820489945,0.20283655191983518,0.2112863263387929,0.21896461384365554,0.22600113090254093,0.23249564732090708,0.23852587918846135,0.24415386753913332,0.24942994163086557,0.25439546881744246,0.2590849688540211,0.2635275363355421,0.26774787300392744,0.27176716124375094,0.2756036984751594,3.332204510175204
-0.03081121439345614,0.015858198656837793,0.054801881320569165,0.08830247884724038,0.1174852918672605,0.1430542195186353,0.16551532961039941,0.1852900387472344,0.2027890382317241,0.21844128024330994,0.23264566655186497,0.24568795837701426,0.25774832241315443,0.26897062977788627,0.27946776571807763,0.2893221216380232,0.2986115162865901,0.30739520179064295,0.31572315695544656,0.3236453942210625,3.9415818076696905
-0.3771779915232488,-0.20787060916697161,-0.09542083596122229,-0.01772975021179465,0.03257832168085163,0.06474601980662384,0.10769573053673127,0.12238096083808371,0.16313239738137567,0.16695977236331785,0.2036672730678738,0.21556085314952186,0.2286822438323369,0.2557017875958225,0.2481555198549377,0.28034740810405834,0.2912104180477529,0.29207844771829633,0.31627107791057707,0.32069942047938216,3.4011973816621555
-0.27384461742640015,-0.12761844863189117,-0.031450850492352536,0.03375187665961661,0.07481221818532816,0.10579431669938065,0.140334984846,0.15493245483207113,0.1883746177795365,0.19217072290668816,0.22330885929932623,0.23365498534000692,0.24397598725288677,0.26832684032627524,0.26159527714217207,0.2889700443730824,0.29845169683808537,0.29966974957718956,0.3192581959145422,0.323991403854611,3.258096538021482
0.09845833726247218,0.1178773039965671,0.13483053352574145,0.15017160381316325,0.1642633104318046,0.17731323844593802,0.18945930003459374,0.20080223363053187,0.21142092183098044,0.22138068537245364,0.23073818628477602,0.23954442695764291,0.24784650686858983,0.25568847584565296,0.26311153406122545,0.2701538448341494,0.2768502422937765,0.28323205831812986,0.2893271644216056,0.29516019882226563,4.350277936359301
0.13098188301440183,0.14619357517322493,0.1592361180521924,0.17089945256803052,0.18151486982390844,0.1912704704109422,0.20029125750786841,0.20866927045297742,0.21647745348329733,0.22377678315415386,0.23062009077369822,0.2370540765697232,0.2431203113249344,0.24885573192975666,0.2542929650639741,0.2594606607048364,0.26438388690286585,0.2690845607908521,0.2735818731186074,0.27789267742634255,4.034240638152395
0.14010035708665278,0.15525864873408665,0.16771058261152771,0.17851172135340782,0.18811249579746034,0.1967721786578477,0.2046636369314799,0.21191246817563153,0.21861487214458783,0.2248469581249781,0.2306701637802858,0.23613476710725942,0.24128237133785682,0.24614775375917725,0.2507602667335943,0.25514490622146113,0.25932313310049915,0.26331351090587646,0.26713220595128423,0.27079338351685855,3.367295829986474
0.13055725564182863,0.14825078406895392,0.16247123941050806,0.174625230645479,0.1853026201366378,0.19483901091466926,0.20345680967862595,0.21131677017777092,0.2185408835661514,0.22522423785277312,0.23144222039552664,0.23725547857205323,0.24271350582153364,0.24785722969908702,0.25272088451755365,0.25733339735687805,0.2617194345676797,0.2659001996685576,0.2698940510472352,0.27371698914739295,2.970414465569701
-0.6207084979973949,-0.4694840264524082,-0.35606046725935087,-0.267158950139252,-0.19633588336357827,-0.14041432918156596,-0.09869297655819005,-0.07134401721296504,-0.034260289357245385,-0.01564153208589056,0.018407272955193683,0.030456898188188527,0.062221038526133546,0.07104637197691016,0.09841670724636824,0.10979755447634598,0.12743298752356144,0.14442309241209408,0.1514720103314009,0.17225642543185402,4.110873864173311
-0.3588593097673943,-0.2537350750512353,-0.16856620029401612,-0.09748162384355168,-0.037326597910667926,0.013847946339857156,0.057330034725342933,0.09408708552891284,0.12519300568498734,0.15235793149038906,0.1772623840139125,0.20002604985782396,0.22097235721281255,0.24066071387433088,0.25872189751638675,0.27597213001784954,0.29193110129077926,0.30706525364278925,0.32160607744526054,0.3348002636937288,4.110873864173311
0.081202253668098,0.12891304096111,0.1568341455227929,0.1736031893971451,0.18814813105786032,0.19995620993811355,0.20779842581757202,0.21692955355143254,0.22460210401899505,0.229180434401258,0.23643201711780634,0.2416135160321377,0.24456544365404648,0.2512767597202138,0.25496628272836364,0.256979766718986,0.2624973788917746,0.265638961798432,0.2677530963421708,0.2720762616094963,1.9459101490553132
0.10769939248542688,0.16154908872814033,0.1772991152167465,0.18847393684949706,0.2073331698786119,0.20422396333810322,0.21021184550592784,0.23114881145945995,0.21997398982670938,0.2240666500316937,0.2423236330922105,0.23114881145945995,0.24109037570597938,0.25099149815305044,0.2398166765202999,0.2423236330922105,0.2580736595808167,0.2580736595808167,0.2489990437367847,0.26406154174864127,0.6931471805599453
0.12815516756264747,0.1459573714708936,0.16060933003562453,0.17325260846449855,0.18438535176384202,0.19430811161216738,0.20323502589954842,0.21133264021876952,0.21873495251741087,0.22554991621466935,0.2318637735025382,0.2377453663916911,0.2432502213433312,0.24842376740007321,0.25330364322915516,0.257921393395894,0.2623037406079131,0.2664735238723386,0.27045041165387856,0.27425146531022215,3.417726683613366
0.0982663411308,0.12497634364684218,0.14618565901759037,0.16368955308964628,0.17835481389104962,0.19080655798302518,0.20157828498047223,0.2110940440870149,0.21962891510702576,0.2273572840528007,0.2344193854167957,0.24092356329502826,0.2469475451865899,0.2525595765840676,0.2578138292976082,0.2627500130113999,0.2674067448947913,0.271814193174148,0.2759950230107469,0.2799744427012271,3.1135153092103742
-0.578386978056609,-0.4637527098579141,-0.3771300570920367,-0.3085880864543122,-0.2532093366641002,-0.20846897069158227,-0.17373760770220917,-0.15729115349722078,-0.12626456741567,-0.11512670198022103,-0.08672551956359821,-0.07955388439176445,-0.05326266881638607,-0.0479598466559838,-0.0250901950909682,-0.01801937451952799,-0.001990104465694862,0.00885068545702174,0.01626200474977924,0.031042554692511815,4.3694478524670215
0.06705228166913693,0.09423515375069753,0.11734843438104883,0.13769436212684907,0.155854373738765,0.17217758415159506,0.18691029135285572,0.2002487135951519,0.212365440321379,0.2234219107570422,0.23356979900976363,0.24294456466043052,0.25165874511681324,0.25980189574312706,0.26744580359984627,0.27464914145724767,0.28146028126934314,0.2879198014845095,0.294062278981163,0.29991731795972265,3.9415818076696905
0.12217627462565231,0.13768322420234924,0.15125072751610147,0.16358059586468043,0.17496619240089206,0.18557257979108646,0.19550761356749172,0.20484872286853337,0.21365535813872166,0.22197560759570767,0.2298500476230892,0.23731411474731393,0.2443996010673575,0.2511355815993175,0.25754895177756026,0.26366469783880425,0.2695060000147544,0.2750942540990006,0.28044907794468,0.2855883436345294,4.418840607796598
0.049746880787592616,0.07966033151102841,0.10515396682698977,0.1276158020866467,0.147675264038143,0.16571263492142327,0.1819953641550301,0.19673451969718195,0.2101143501020987,0.22230801190821312,0.23348161296393788,0.24378785761503186,0.2533562306253722,0.2622897303815621,0.27066992931204065,0.2785630452016814,0.2860233431980905,0.2930959990041814,0.29981943128588906,0.3062264483330216,4.007333185232471
-0.13813805643123467,-0.06765613527317743,-0.010450369693240381,0.037402348843203564,0.0779353955355778,0.1124131915488991,0.14173799257176764,0.16672744508550244,0.18835321180855086,0.20767183569397923,0.225280817228348,0.24136696628839546,0.2562477251148883,0.2700703464939534,0.2829230971887857,0.29502988187708606,0.30634898086931805,0.3170791081690647,0.3272453517652043,0.3368273549840048,3.901972669574645
0.0881983824934494,0.1096581009580963,0.12830704596097073,0.14509655166551086,0.16043549833143522,0.17456039120249234,0.18763013920773955,0.19976238632497031,0.21105086772288453,0.22157493277354307,0.23140514777418836,0.24060650128377048,0.24923986651249175,0.257362161294628,0.26502574497593234,0.27227770072778124,0.27915951452794874,0.2857072876274785,0.29195229609271617,0.29792165425824485,4.2626798770413155
-0.06614334567061363,-0.022180841336063635,0.016187993408805897,0.05061064034163524,0.08187046629016231,0.11045408532165879,0.1367023570245032,0.16087162891790502,0.1831653837542159,0.20375377792168262,0.22278749913960902,0.24040828967122377,0.25675618832581515,0.27197202035888063,0.2861937789254581,0.29954851507494373,0.3121452447339927,0.32407361307779076,0.3354070868183978,0.34620647686341127,4.477336814478207
0.12272050591535218,0.14008442322379958,0.15479855558904085,0.16780447055882755,0.17950213790828984,0.19012334418762572,0.19982681684220757,0.20873398688828246,0.2169450090126985,0.22454619399384004,0.23161308872364197,0.2382114738307734,0.24439780421359752,0.2502199333178945,0.255718240300606,0.26092687838118334,0.2658748976204085,0.2705871769342024,0.27508518044142427,0.27938755839814705,3.828641396489095
-0.5721401868861572,-0.45344907826323005,-0.367076375197889,-0.30058724624754163,-0.24833993423285416,-0.20812864953962504,-0.19471849034960118,-0.15945236492675524,-0.1514314741498091,-0.11949488608610867,-0.11539196230811564,-0.08632106528139433,-0.08223086520570569,-0.059235157054917734,-0.051270008681139415,-0.038604338588793474,-0.025427166294657733,-0.023630310175349396,-0.005994066071091113,0.0018809287744550537,4.33729074083249
-0.45989341180930887,-0.3215708191980342,-0.21561396697977153,-0.1313856515152847,-0.06353460790963096,-0.009132202655385268,0.0335210646922477,0.06698302168588698,0.09817174822721117,0.12636461843179697,0.15027106879036725,0.17551806784412075,0.19341426547579235,0.21708394028417916,0.23037006911372213,0.2523875828537267,0.2643007697106581,0.28196033430940975,0.29621884283077654,0.30693330603714947,3.9415818076696905
0.1403633479584751,0.155144879084242,0.16743587587905648,0.17818062341383517,0.18778157601060447,0.19647188416743236,0.20440915280044525,0.21171003651414458,0.2184657199563411,0.22474975435128972,0.23062248711950267,0.23613390201623347,0.24132567902562824,0.24623280758798818,0.2508848775075064,0.2553071054040153,0.25952114446121755,0.2635457225713713,0.2673971468152011,0.27108970435509344,3.5553480614894135
0.10708508116635758,0.12476013549951409,0.14026826653712446,0.15437504487170575,0.16740306875087546,0.1795352574936123,0.19089193777988972,0.20155996839113957,0.2116063472521495,0.2210855044277648,0.23004359828133283,0.23852120306866173,0.2465550279121533,0.254178985112699,0.26142478571579003,0.26832218923467993,0.2748990257436857,0.2811811087549042,0.2871921425208286,0.2929536909708546,4.460144413937834
0.10465024635876376,0.1256242354077903,0.14333763197678906,0.15889769965672604,0.1727831389223554,0.18527730071715165,0.19658006503395095,0.20685073028061318,0.21622692007822805,0.22483167314967212,0.23277385853601368,0.24014631919370039,0.24702552905432582,0.25347377471758,0.25954220816507245,0.2652732900904354,0.2707026165804836,0.275860388723259,0.2807724804218633,0.2854612208973096,3.784189633918261
0.1301854363700445,0.14770103932051146,0.16206300368421991,0.17442843148333834,0.1853033764164477,0.19499279257950408,0.20371228265003755,0.21162726491850958,0.21886882774154331,0.22554136168930175,0.2317278148080416,0.23749438043752608,0.2428945387369817,0.2479721225965085,0.25276351099139843,0.2572992408525137,0.2616052121651153,0.2657035827802993,0.26961345237705553,0.27335140195785473,3.367295829986474
0.08901769221344975,0.11269608358217034,0.1327411028986733,0.15035082036848593,0.16605007551827153,0.18015189799363263,0.19287819981139034,0.20440740826408518,0.21489650080220968,0.22448944880044516,0.23331656929708314,0.2414899249166956,0.24910101434232224,0.2562232556698172,0.2629163377442445,0.2692294292483138,0.2752034461544829,0.28087297434927655,0.2862675529651834,0.2914125811781827,3.8394523125933104
0.13017208433710836,0.1448675865505663,0.15762053845556687,0.1691409124848638,0.17972502136027696,0.18953958760980938,0.19869381938769276,0.20726654348338153,0.21531878534492738,0.22290040522059795,0.23005388891461087,0.23681659684090994,0.24322209294377822,0.24930089347975748,0.2550808549746472,0.2605873625106409,0.2658434377674173,0.27086984339010606,0.27568521801836166,0.28030624440397417,4.2626798770413155
0.021727970118938213,0.057869236007756036,0.08832786278970661,0.11483128492921643,0.13819216044180502,0.15891179774120126,0.1773502396503517,0.19380292010036856,0.20854386755154206,0.22184401907827053,0.2339597310551624,0.24510257547694012,0.25542689026010257,0.2650479524368094,0.2740584518348971,0.2825314782513301,0.2905270452093367,0.2980966336208112,0.30528258270239117,0.3121220127899399,3.9318256327243257
-0.5678274820936704,-0.4248104699779522,-0.33367025400837524,-0.2702464314208958,-0.262663091866944,-0.21124106875030677,-0.2112410463631732,-0.16599094568622477,-0.16599113815461597,-0.1318764506545047,-0.12429578408025464,-0.16305740538614746,-0.09332367776061537,-0.09332367761272292,-0.090392850534027,-0.06319880548836714,-0.06319194985119922,-0.060263455141972705,-0.04073887454011853,-0.033148579073078104,4.182050142641207
0.06361522970484769,0.09451429854428826,0.12002258659270884,0.14181906095651695,0.16067800146804279,0.1770919465780481,0.19144987075908634,0.20411011143344454,0.21541137431351357,0.22563584183121838,0.2349807383733449,0.24358387035757734,0.25155635758991796,0.25898440843449744,0.2659355737858183,0.27246901320579986,0.27863145580476856,0.28446212577978475,0.28999661534713783,0.29526196532952975,3.597312260588446
-0.5540220848922052,-0.37777711488106835,-0.25183566733060164,-0.15746561287749086,-0.08662561883919512,-0.03660627667626959,-0.0038203786405849862,0.03982157558991738,0.059652169499860894,0.09985206905262141,0.11013090524995547,0.14757283336792076,0.1570999416830573,0.18429907272308524,0.20197600751617625,0.21044777679154178,0.23765718032571892,0.2415763131434833,0.26154590648780396,0.277978753673334,3.7954891891721947
0.08090981513439795,0.11110561425181789,0.1352565252971291,0.15525808674991184,0.17201947274652127,0.18619392232929072,0.19837097914550966,0.20906930137785892,0.218640915541966,0.22728740627784136,0.23517015664416108,0.24242037101887579,0.24912332741754564,0.2553595925015744,0.26119379793913894,0.2666668257584725,0.2718273174204813,0.2767083170884027,0.2813322266542596,0.2857342133014948,3.2386784521643803
-0.6339574684552747,-0.4789829067071739,-0.3669646525838682,-0.2815799712364305,-0.21558207660709372,-0.16644809185888204,-0.14452277092738225,-0.10140823961532751,-0.08828425588495095,-0.04899338995710279,-0.042269063137612174,-0.0063113753419014144,0.00031003370534814565,0.027619093959071698,0.040368608243658545,0.05244503697855748,0.07305923962237813,0.07591990424990376,0.09636686798612162,0.10871918711264525,4.102643365036796
0.11469112022786439,0.1316268571893145,0.1463905695331408,0.15975497746437087,0.17204498837556048,0.18344466408997925,0.194075246672655,0.20402464474294832,0.21336120551059154,0.2221410706600011,0.23041245326689513,0.23821822301626233,0.2455974419035296,0.2525861905569594,0.25921791272761247,0.2655234722668032,0.2715310978884296,0.27726634963665087,0.28275217544475184,0.2880090623419862,4.330733340286331
0.09909005174916341,0.11816111147765619,0.1348613044961379,0.15001522771974293,0.16397259757857924,0.17693299928153483,0.18902857600745795,0.20035537839469375,0.21098809264934584,0.2209879926338073,0.23040765417322298,0.23929389733487474,0.24768961783830007,0.2556348314638157,0.2631671283808407,0.2703217136156744,0.2771312272571523,0.2836255349590756,0.2898316249442518,0.2957736592127339,4.412798293340635
0.07511983288806257,0.10447510268877551,0.12852135908423426,0.1489278186836463,0.16646415537191156,0.1816319446698888,0.19484269564093787,0.20647884121152627,0.21688114575660206,0.22630428517923523,0.23491692135816705,0.24284617352148494,0.2501949703073184,0.25704015753549697,0.2634462627040933,0.26946785944510954,0.2751465876297698,0.28052055727101294,0.2856213056562729,0.29047339515934417,3.481240089335692
0.0723577491094055,0.09638077772327282,0.11725319666313311,0.13601573248475865,0.1531219645733074,0.16883719941445954,0.18334118087950574,0.19676783934915662,0.20922457123419458,0.22080304159826106,0.23158566928881208,0.2416493186709556,0.2510667704773495,0.25990641869757675,0.26823096959592874,0.27609619598389756,0.2835505277714246,0.2906355317768631,0.29738682312137804,0.3038350117175736,4.269697449699962
0.08140586859380618,0.11248020695890082,0.13702952642345095,0.157094210913764,0.1736826353950287,0.1875627696737059,0.19944428778007012,0.20989513141495875,0.21923155657039214,0.22764290363434223,0.2353110476759482,0.24235459958432184,0.24885682389076516,0.2549110913484328,0.26056643212353325,0.2658674881369852,0.27087100115148083,0.27559307317042825,0.2800680064499231,0.2843323007036547,3.1354942159291497
-0.3528994072839298,-0.26331664483467104,-0.18762510841188135,-0.12201070176150396,-0.06441147265970255,-0.013490731626860883,0.03168530823189624,0.07180180371051913,0.10739565149655907,0.1389490800100405,0.16700033561663202,0.19223049259657687,0.21535691266984744,0.23683557340858105,0.25688129560470496,0.2757173434611824,0.2934862821004656,0.3102814682683877,0.3262365677568414,0.3413899383167272,4.3694478524670215
-0.122956216894094,-0.05732221982674027,-0.0034887784756345163,0.04199470534434726,0.08091193902768941,0.11437974687414035,0.14318953203213186,0.16801534778774938,0.18958911277069157,0.20874825442969247,0.22616481479092906,0.2421305554443681,0.256861153766106,0.27057595503598153,0.2833567160035823,0.2953507470808426,0.3066458519266786,0.31728518817999685,0.3274049741913478,0.33697635580619434,3.9512437185814275
-0.30337715323047443,-0.22126484740706504,-0.15151199366752546,-0.09072511499598544,-0.037093545945252236,0.01055637848277592,0.053049452103298415,0.09099652663870911,0.12487929009092191,0.1551230047326891,0.18217418728549586,0.2065644953213261,0.22887472114956886,0.24955979259324562,0.26887200442370923,0.2870007178496172,0.3041058859409705,0.32028456223155344,0.33564198636142284,0.35025351033214813,4.375757021660286
0.11677823274036303,0.13326292914880963,0.14765841982764963,0.16071200909011885,0.17273728321585824,0.1839114591137594,0.19435091689717143,0.2041397082659826,0.21334284768834363,0.2220134014751437,0.23019661747309397,0.23793244970075325,0.24525710627057803,0.2522039456917963,0.2588039227214006,0.26508574139159014,0.27107585607768786,0.2767984385936121,0.28227538865717344,0.2875264164430686,4.3694478524670215
-0.09569421235931744,-0.04091517161830893,0.00541265588351178,0.04571881263976411,0.08123048409738097,0.11272341869204078,0.14074318008368322,0.16570961187444258,0.18798505764126128,0.2079275044443968,0.22591932948938104,0.2423411213405959,0.2574980910513068,0.27159193063874304,0.2847704931671688,0.29715435504152515,0.3088322748069882,0.31988096773373753,0.33036572098126793,0.3403376031397768,4.1588830833596715
0.11941939050829824,0.13706833848987524,0.15210331188941995,0.1654478571130903,0.17749370267411024,0.18846685017238157,0.19852094230422598,0.20777258783065652,0.21631751956154832,0.22423846431822525,0.23160868512116534,0.2384931665212668,0.24494882047018005,0.25102469591212456,0.25676261627095515,0.2621981473911766,0.26736161763490945,0.27227902476628146,0.2769727972462392,0.2814624162469441,3.912023005428146
0.0816863224884511,0.10295124464992077,0.12167247538099418,0.13871774178064225,0.15445830095865193,0.16910760829520863,0.18280766314265237,0.19566180988120316,0.2077501951996256,0.21913816358848112,0.22988130261830672,0.24002868881401676,0.2496250367289856,0.2587120792977172,0.2673293410902086,0.2755144145136082,0.2833028668397742,0.2907279478098951,0.29782028193714927,0.3046076849852484,4.5217885770490405
0.11407120357213561,0.13046887929988504,0.14489731680988813,0.1580626856423505,0.17026093678679655,0.1816588984072386,0.19236562278464203,0.20245927094139052,0.21199961870370912,0.22103472100926036,0.22960481751652592,0.23774477845979256,0.2454856981698334,0.25285594240797327,0.25988181553249023,0.26658794902318017,0.27299748697348575,0.2791321364099898,0.28501214652502765,0.29065627183335146,4.532599493153256
0.11227247817079872,0.12887310516058428,0.14349526811331334,0.15684709072170963,0.1692255284379956,0.18079806286049085,0.19167420383757036,0.2019324342957895,0.2116327457498667,0.22082332037021934,0.2295444504584437,0.2378309983853443,0.24571400682109942,0.253221766419973,0.2603805063482356,0.2672148067128005,0.27374780458193587,0.28000125732900366,0.2859955248071966,0.29174952566443163,4.553876891600541
0.13061845899966426,0.14871870075474358,0.16327098615956379,0.1756291648259893,0.1863925014590706,0.19592023207140502,0.20445996194100652,0.2121942770654895,0.21926166150587623,0.2257684147386844,0.23179718661337498,0.2374134450723014,0.242670036603438,0.24761025688130395,0.25227001982177516,0.2566794621640079,0.26086411865142267,0.2648458016515205,0.2686432933866881,0.27227288578122777,3.1135153092103742
0.08978992658095976,0.11217399341085114,0.1313715744555119,0.14844813036331628,0.16386521417860272,0.1778929892322962,0.19071673576256723,0.20247827490735892,0.2132959386204174,0.22327502383458095,0.2325126024753145,0.24109834693873264,0.24911302352549264,0.2566267896113966,0.26369892661834227,0.2703790664239799,0.27670890321947617,0.28272369682505455,0.28845351293327764,0.2939242320131334,4.034240638152395
0.13720141261098354,0.15246305702122,0.16521407313089195,0.1763883890557364,0.18638376811168675,0.19543137360364973,0.20368889473324142,0.21127478391579257,0.2182832888031482,0.22479173107565606,0.23086438126965214,0.23655487985899176,0.24190807956806623,0.246961614681593,0.2517472439030433,0.25629195761171675,0.2606188652149168,0.2647478989232777,0.2686963706658889,0.27247941338192266,3.624340932976365
0.10568211688104845,0.12427164279325825,0.14043307716358877,0.15501377220246682,0.16837272674616377,0.18071496002070053,0.1921767165992361,0.20285782263410365,0.2128369101089915,0.2221796067115616,0.2309432854871737,0.23917983995201042,0.24693715733424274,0.25425968430365,0.2611884243520291,0.2677607088242156,0.2740100299172314,0.2799660849675113,0.2856550264266498,0.2910998291935835,4.269697449699962
0.03248313254581922,0.06075667950624614,0.08569478783936615,0.10837335350378144,0.129267254616545,0.14865686913703904,0.16673252014438436,0.18363465679408067,0.19947314101341182,0.21433799844906495,0.22830611760782313,0.24144577238535572,0.25381979075300937,0.2654876942916955,0.2765068903482546,0.2869329397040393,0.29681903339764826,0.30621502182857013,0.3151664770125176,0.3237141743300936,4.574710978503383
0.139792331412494,0.1549648079084963,0.16746588481255784,0.17832409553510303,0.18797968801382725,0.1966877712456369,0.20461991347411917,0.21190185784919072,0.21863062549591816,0.22488337691660562,0.23072258111615618,0.23619941149981474,0.24135620078896447,0.24622830397584347,0.2508455276005974,0.25523322584883473,0.25941314446898467,0.26340407590751813,0.26722237234106444,0.27088235133028443,3.417726683613366
-0.07445121661800899,-0.01825510411337292,0.02810138289394285,0.06750513147457958,0.10141993497527924,0.13076381680974983,0.15619659408143,0.17828394503302744,0.1976180682626498,0.21484158024996372,0.2304875653337912,0.2448432644175876,0.25809798705327813,0.2704320703042135,0.28194710554170394,0.29274729247443293,0.30292549030672994,0.3125275643166816,0.32164037716817956,0.33029348017906623,3.9219733362813143
0.13863088996476364,0.1531046263357406,0.16534763778001194,0.17618840310922845,0.18597593526246592,0.19491001967469276,0.20312477836079787,0.21071978591423457,0.2177740718821176,0.22435307662516962,0.23051229062029588,0.23629926284045838,0.24175484771663847,0.2469141406199444,0.25180729466163876,0.25646026554717544,0.26089547532518437,0.26513238341180373,0.26918796571762943,0.27307711097271936,3.817712325956905
0.048560385295892246,0.0791223119193366,0.10507107641125707,0.1278489150845998,0.14811293377554072,0.16626194427129357,0.18257871070705436,0.19728974659005474,0.21059675971739475,0.22269198985784067,0.23375868257148089,0.24395990759059594,0.253427787073358,0.2622645407301279,0.27055121605596655,0.2783536176216582,0.2857254688544586,0.2927118660172846,0.29935117360354146,0.30567606562832295,3.960813169597578
0.048425863725628585,0.07569029129436532,0.09948448276555885,0.12092703389921156,0.14051313652204958,0.15853569807066636,0.17519419847806875,0.19063704596554396,0.2049822929710431,0.2183294631209311,0.2307669987527349,0.2423770180064644,0.2532379125671681,0.26342493550128615,0.27300913163025176,0.2820555006936883,0.2906215680452228,0.2987570764510138,0.306504636857786,0.31390074427581266,4.3694478524670215
0.11133109561822915,0.1284189301387943,0.14339678551922538,0.1570147521400847,0.1695881890295953,0.1812955371843615,0.1922539816225556,0.20254801619472027,0.21224277159096383,0.2213911430545197,0.23003797405919532,0.23822265923150526,0.24598079692391958,0.2533452079147252,0.2603465006576053,0.2670133126592956,0.27337234530048315,0.2794483040609787,0.28526383732586813,0.29083953100945686,4.442651256490317
-0.2633257866616223,-0.18938622394663077,-0.12591807749655867,-0.07004844075285631,-0.020275410350605046,0.024374154846341547,0.06458970524748862,0.10088670554525031,0.1336706977274946,0.16328517068150672,0.190056105651316,0.21433401373964533,0.23651285785049786,0.25698891197529977,0.27607557510764663,0.2939797722068128,0.31085709040310655,0.3268326926769661,0.34199853118079315,0.3564359694664482,4.436751534363128
0.10360927048419506,0.12229241708667624,0.13858603904462735,0.15332369621863734,0.16685852226978115,0.17939201285037373,0.19105776848346886,0.20195326639215652,0.21215479824325892,0.22172552329039127,0.23072019539697247,0.23918802451214913,0.2471743319628114,0.2547213478740442,0.26186840975792053,0.26865182344716027,0.2751046445016179,0.2812565717697833,0.28713402646167524,0.2927603851835441,4.330733340286331
0.1073582738122495,0.12836068293892666,0.14596551753172096,0.16132820943095907,0.1749506899637259,0.18713371628179476,0.19809369068143617,0.20800662233009273,0.2170257106375888,0.2252857121872071,0.23290135572597687,0.23996620670730623,0.24655509734201939,0.252728446818715,0.25853577767922814,0.264018108525209,0.2692098710138997,0.27414031952871426,0.27883448596411897,0.28331397575519235,3.676300671907076
0.11771355417082063,0.13614325525745785,0.15172777062723666,0.1654644394404328,0.1777792090755756,0.18892081636071714,0.1990615101155161,0.20833501901075524,0.21685336886216391,0.22471420143448814,0.23200318766128245,0.23879434260160348,0.24515026893832564,0.2511232355273543,0.25675684924201536,0.26208771056137986,0.26714677651975044,0.2719604533509433,0.2765514595963943,0.2809394889086944,3.7954891891721947
0.11018390548239773,0.1281273186545417,0.1437083225578766,0.15775727831791997,0.1706250274054876,0.18251148250249769,0.1935492986238787,0.2038356015103601,0.2134468755170187,0.22244693221254191,0.23089149353755467,0.23883083935204574,0.24631119789338396,0.253375285810746,0.2600623391487431,0.266407958016029,0.272444017780892,0.2781987653168944,0.28369708575282226,0.2889608614302699,4.248495242049359
-0.5834200824825905,-0.46844657909963977,-0.3756515786169133,-0.29840344543319364,-0.23304852725421998,-0.17734147476141657,-0.12987084888365463,-0.08979846770401338,-0.056667029506508995,-0.029607010671284593,-0.0047142903747212596,0.01911151368433358,0.03923057885948526,0.060961475806195896,0.07732852790161326,0.09758027248947498,0.11083531997046205,0.12986189380123817,0.14097352470934965,0.1583477232584531,4.388257184424518
-0.15635981132861435,-0.09005802471757925,-0.03453196388930758,0.013287656923565138,0.05499708410376795,0.0916100536146962,0.12383516891914571,0.15221651648044177,0.1772373626820221,0.19941162143938493,0.2193201903773438,0.23750239367035247,0.25429645191553457,0.26989950057879464,0.28449167492987376,0.29819421783169153,0.31110109137204955,0.32331211062032694,0.334881389455788,0.34588343302371705,4.143134726391533
-0.36473710163998074,-0.2534776718373939,-0.1647502143318654,-0.09172758072891157,-0.030791366499819253,0.020237890416036637,0.06277197369923823,0.09797049950834952,0.12757927423531995,0.15425865473861952,0.17875876455856113,0.20077430464221654,0.22163862887182836,0.24050962581862875,0.2583690168086953,0.27517614749254493,0.29032260973020146,0.3059009740827103,0.3186783158512915,0.33326022535168204,4.034240638152395
-0.02735940737264509,0.015762839912867636,0.05239869943304072,0.08446612472999186,0.11289487074244511,0.13826377358376274,0.16098079696682446,0.1813637987056608,0.1996889731904344,0.21622337859445664,0.23123868301471248,0.24499671507922763,0.2577160491054995,0.2695570180235367,0.28063945068522567,0.29105956993837623,0.3008932256521256,0.3102028675615037,0.3190421143328727,0.32745530766971076,4.110873864173311
0.1304386918622856,0.14839270827954307,0.1629200229289682,0.17530514269367753,0.18611672544088326,0.19569864916528826,0.2042912950039451,0.21207456522716958,0.21918659839171997,0.22573424691477748,0.2318008154510582,0.2374522683372948,0.2427418082534411,0.24771300588542836,0.2524019953262878,0.25683909477595324,0.2610499962795105,0.2650566499826469,0.2688779566345157,0.272530310803335,3.1986731175506815
0.1278875188530032,0.1469343716906516,0.16213905892048197,0.17495750682579253,0.18604398989009782,0.19579705846677617,0.20449415080168923,0.21233947203380243,0.21948575180540422,0.22604807577091193,0.23211477049243626,0.23775540871677794,0.24302591449977803,0.24797186105509447,0.25263089617414153,0.2570345080627378,0.26120926239605174,0.2651777689073016,0.26895945315659175,0.2725711186535321,3.044522437723423
0.12703402531595623,0.1438786690964019,0.15807784900635988,0.17058133073977153,0.18179313236465447,0.19194825999510778,0.20120839917867134,0.20969753809202057,0.21751757207549088,0.2247553213774508,0.2314854672333849,0.23777181346198842,0.24366827070623925,0.2492201017267535,0.254465339300017,0.2594361132450765,0.26415975818771037,0.2686597065479291,0.272956198825328,0.27706684148316446,3.7495040759303713
0.04492148134538182,0.07502846479217498,0.1008187724823265,0.12364742954461422,0.1441286855688658,0.16263271266535972,0.17941760577765667,0.1946833794669939,0.2086001799418091,0.2213245225162878,0.2330067003803282,0.24378960972694905,0.2538015253705502,0.2631496409819676,0.2719200499139907,0.28018233411327104,0.2879936388181238,0.2954013206577465,0.30244531890107634,0.3091597985892193,4.085976312551584
0.08690116238298574,0.1173384199418129,0.1411709988316946,0.16048584100384453,0.17633884510000697,0.18956016593976033,0.20089769179439082,0.21088800798530355,0.219802076281383,0.22783172425147302,0.2351568960215143,0.24187973790984285,0.24808850537418725,0.2538722292276464,0.2592697615294108,0.264332619554398,0.2691115363824344,0.27361783055966554,0.2778929104542332,0.2819650031190169,3.044522437723423
-0.6004199784063778,-0.4742067149922506,-0.3790333184302431,-0.303924083411819,-0.2434753791878658,-0.19494701951809737,-0.1577225815446794,-0.13823276532770473,-0.10499889511870944,-0.09179204311092035,-0.06133706991205304,-0.052827007856157834,-0.024582516631509847,-0.01830144906581796,0.006171885820866495,0.014491632780105675,0.03119343324259921,0.04386914510769514,0.05115153810146231,0.06792344487473263,4.290459441148391
0.13611162052011186,0.1524457246686323,0.16575035647498712,0.17719683288773283,0.1872914259206095,0.1963298034528403,0.20451169256386348,0.21198343184277557,0.218857234137794,0.22522129766115043,0.23114597953086716,0.23668809438921587,0.24189409880412693,0.24680245473848683,0.25144536825917657,0.25585008024260913,0.2600398413526486,0.26403465725811176,0.2678518652999723,0.27150658837603436,3.258096538021482
0.11947363006344651,0.13659269420217424,0.15129648492074843,0.16444261282096004,0.17639300712283296,0.1873545065402185,0.1974655930869482,0.2068292338595952,0.21552814004466417,0.2236326527659131,0.23120488849850426,0.2383007176386316,0.24497047744833575,0.2512591000949152,0.25720617297552884,0.26284620439821504,0.26820911207866993,0.27332081659015806,0.27820382868189125,0.28287777775152095,4.051784947803305
0.07640983071219758,0.09876214044442863,0.11838209325803352,0.13619065062749566,0.15258433123642726,0.16779243356896759,0.18196832426765802,0.1952242647617193,0.20764793514130692,0.21931149235303604,0.2302770621522029,0.2406002710289082,0.25033251774670146,0.259522292155402,0.2682157055572565,0.27645640506351854,0.28428512665369327,0.29173919603268283,0.29885222898001773,0.3056541255625934,4.460144413937834
0.11991566673162816,0.1392589783798149,0.15524941605963724,0.16906339595354206,0.1812150927516366,0.19201741847975454,0.20169843149884253,0.2104418618334142,0.21840087559911753,0.22570149201495307,0.2324444719692599,0.2387093656023755,0.24455967543758506,0.25004698568228134,0.2552137339565318,0.26009528073745236,0.26472146408492575,0.26911767619578475,0.27330569593895093,0.2773043601093948,3.481240089335692
-0.5990319937984308,-0.4767569344863128,-0.38189931773629765,-0.30539565328922375,-0.24253081057756518,-0.19065909178028043,-0.14846348462306322,-0.11595384770458954,-0.09358001903621888,-0.06431865438916486,-0.04802358143121431,-0.021063835692257237,-0.009309348246714677,0.015895768500990635,0.024557857604522903,0.047510194169890135,0.05596960120406098,0.07424146466506601,0.08532363087846612,0.09655516036458861,4.324132656254979
0.10946867623773468,0.13851358415624732,0.1590162929216936,0.1746184230888821,0.18713424706355838,0.1976747804985752,0.20679377049097988,0.21476680013903765,0.2218679406490595,0.22830514242997646,0.2341562904687269,0.2395178023998403,0.24449589930648044,0.24911267807642193,0.25341455819389075,0.2574758008852462,0.2612918115375854,0.2648842248991189,0.26831331150733695,0.2715622809112511,2.1972245773362196
-0.5466202886358944,-0.42940569143115837,-0.348345002375064,-0.28809014522001025,-0.24269854020063802,-0.23365347072323214,-0.195007930463244,-0.19100894577767125,-0.15659147005986082,-0.1555443017919088,-0.12548115671533483,-0.12148501508333565,-0.10136851545891847,-0.0923363122466861,-0.09485615160890669,-0.06995457143923924,-0.06596857859650944,-0.06596597880485015,-0.04441027859034106,-0.04336147077032275,4.356708826689592
-0.02070884824893673,0.022365470741736934,0.05872989110114006,0.09037364094024447,0.1182626225312592,0.14299826658822717,0.1650072308551503,0.18462942981220284,0.20217243895651918,0.2179445744469969,0.23225596168552584,0.2453818041244022,0.2575259250426141,0.26883190228562803,0.279413345318899,0.28935989997819006,0.2987421852749961,0.30762180169128944,0.3160490810256337,0.3240671606431061,4.034240638152395
0.07774662292545198,0.09962709711458351,0.1188853952764367,0.1364107283083982,0.152584676682401,0.167627218521273,0.181685021820365,0.19486503167767927,0.20725033240397955,0.21890878964986105,0.22989826413478903,0.24026997814129888,0.2500707458068155,0.25934439319334784,0.2681325256405966,0.2764747552972285,0.2844085332627259,0.2919687845767242,0.29918755771368216,0.30609383901989334,4.516338972281476
0.09991412538529736,0.1240366203808311,0.14381073757554752,0.1606720045786262,0.1752673602299377,0.18801139648109547,0.19923113848873622,0.20921117772418898,0.21819393032872342,0.22636676346782222,0.23386524904494355,0.2407918079000687,0.24722805942294532,0.25323856967148733,0.2588758061760656,0.26418378488582656,0.2691987330018777,0.2739512201287002,0.2784676250392112,0.28277009345194165,3.417726683613366
-0.028504778881132516,0.010256498683610012,0.044066275079956446,0.07441497191854916,0.10199853178649428,0.12724412118552106,0.1504490265160257,0.17183647051591408,0.19158415331202888,0.20984162080448862,0.22674225892424185,0.24241193038286746,0.2569743050902157,0.27055194843100877,0.28326279400502624,0.29521403655322703,0.30649760024107425,0.31718981760008974,0.3273539238709186,0.3370426969898739,4.436751534363128
0.12271884589464083,0.13953321830523027,0.1539135818831372,0.16672837951147032,0.1783441944383185,0.18897097477575997,0.19874991377142912,0.20778664979535985,0.21616655964769527,0.22396248290533174,0.23123859526647622,0.23805212038618,0.24445391233225508,0.2504886610167358,0.2561951911609738,0.26160699868194315,0.26675293643256437,0.2716579111171206,0.2763435128311817,0.2808285548449155,3.979681653901961
0.08159715119181807,0.10385271196074441,0.12324705173603388,0.1407420087159883,0.15675244317044332,0.17151886494847157,0.1852029066857806,0.19792393996204652,0.20977659234602292,0.22084041708149463,0.2311856960013338,0.2408769370054787,0.24997470459107626,0.2585361293490214,0.2666144905336059,0.27425842715102144,0.28151134618101786,0.28841133722567097,0.29499154124108656,0.30128073865766597,4.31748811353631
0.11592972788679252,0.14070654424081167,0.1591753257819739,0.17390887318174283,0.18610288158086083,0.19649906167618816,0.2055783878307214,0.21363843791032966,0.2208766019129865,0.22744653133286669,0.233465004871151,0.2390149117545128,0.24416353976243937,0.24896729742861412,0.25346778300624906,0.2577002385052256,0.2616970383762422,0.26548199261962735,0.26907538922407737,0.2724976321399003,2.4423470353692043
0.12830968245403868,0.14507879150188172,0.1591683302582968,0.17154370914141256,0.1826164628003016,0.19262683245250625,0.20174078002770604,0.21008588099936748,0.21776682294483887,0.22487224362697925,0.23147763002354038,0.2376467751525864,0.24343310116589895,0.2488812105710753,0.254028476238867,0.25890643025241744,0.26354188587952393,0.26795782840292615,0.27217411502739897,0.2762080210486752,3.7013019741124933
-0.15789280991461335,-0.09979406583197353,-0.049472290542543276,-0.00473687055309826,0.03550827659241436,0.07196214694282545,0.10511951525960168,0.13535296524651258,0.16295791967316314,0.1881829786096278,0.21125414652914815,0.23239522784677652,0.2518406905827009,0.2698322824325312,0.2865959764307596,0.302316366293775,0.3171333765926143,0.3311565378007262,0.3444740193163936,0.35715675269048897,4.454347296253507
-0.32369845881170384,-0.1948639783829722,-0.09994293175783862,-0.027249842099556606,0.028665881042561736,0.07068604677960796,0.10242556509004114,0.1322563480744352,0.15814646018231224,0.1799295245920783,0.20306050518667357,0.21799048247753713,0.24019205240371902,0.2505943843246088,0.27061103770929107,0.28183374436510783,0.2945198179801526,0.3103512387454284,0.3156264433414831,0.33278615258428446,3.6635616461296463
-0.12352561487648558,-0.06347400023756533,-0.012916148685300962,0.030861225184502124,0.06924917030997267,0.10312980458162961,0.13312221394430307,0.1597025021775523,0.18328662074096744,0.20429869216263352,0.22320425205321123,0.2404564214428876,0.2563852372996818,0.2711917589637875,0.2850354526377116,0.29804191660818136,0.3102998809913923,0.3218959899114785,0.33289446837625253,0.343351015459442,4.151039905898646
-0.6058861183305507,-0.4600795246276587,-0.3598060159153729,-0.28598543951670613,-0.231468125597435,-0.21780953110017284,-0.1713120323206811,-0.1652728513202711,-0.12357228732554845,-0.12199092112732221,-0.08564016036760945,-0.0796233570738327,-0.05727951964775376,-0.04370485582140416,-0.04749376751416069,-0.01718306089058269,-0.01121799467247617,-0.011203113560868118,0.01467741103898348,0.016267303062496154,4.1588830833596715
-0.09683715198381211,-0.02340951681761324,0.03294145733774767,0.07761434954293953,0.11327899788908052,0.14166431106249627,0.16461112921233334,0.18451229594235596,0.20240515991842092,0.21809184534764847,0.23257359672629746,0.24566852207257947,0.2575599162298683,0.26901320598028605,0.27901416350874136,0.28905518952729176,0.2980953907976308,0.3064081551638814,0.31519468774315734,0.32209622696749873,3.5263605246161616
0.0038551735029575675,0.04255527685573771,0.07528434424537399,0.10383816168266005,0.12907165253083888,0.1515134417032481,0.17153924068870346,0.18944999527480197,0.20551778178281965,0.22001136015643052,0.23319566250396892,0.2453048893368085,0.2565174344912211,0.266963003077576,0.27674380780178076,0.28594142648611615,0.29462093452926086,0.30283804931059066,0.31063928098871296,0.3180641203364093,4.007333185232471
0.14255157956301182,0.15654337875101013,0.1682963763281212,0.1786568867327299,0.18798240271896208,0.19647793818848105,0.2042809153351729,0.21149265318321583,0.2181925374640118,0.22444517236791922,0.23030430854409614,0.23581520419131385,0.24101621373293855,0.2459399844549418,0.25061442633610204,0.2550635177384436,0.25930797271682293,0.26336578855120774,0.2672526921507642,0.27098250312033545,3.713572066704308
-0.17496622158192834,-0.087210458224269,-0.019341405510073552,0.03491910308819987,0.07872670096128505,0.1139786881051248,0.14230692702413753,0.16610661288144896,0.18766843391650487,0.20680129179490964,0.22406757223504148,0.24019084325640805,0.25442142485819513,0.2682905197336974,0.28060977919056873,0.29234259952288577,0.30380477955989227,0.3133829474170084,0.3243016795485369,0.33268300783954774,3.6888794541139363
0.1228374459778159,0.13918323810142413,0.15326628097960168,0.1658974986396729,0.17741780911481156,0.188021005603638,0.19783585997047895,0.20695714223527303,0.2154600308016462,0.22340764033353924,0.2308551420675038,0.23785195032601933,0.24444274185753628,0.25066782329970577,0.25656324400550595,0.26216092488976844,0.2674889182876574,0.2725717849149831,0.2774310205141409,0.28208547463427497,4.110873864173311
0.11662320058955271,0.133234366496464,0.1477181613556813,0.16083429482784786,0.17290178033072398,0.18410108954398524,0.19455092722170564,0.20433722408909988,0.21352666289848152,0.22217389285671388,0.2303257211120217,0.2380236515538446,0.24530540706603393,0.252205770582438,0.25875696350694505,0.26498874166124164,0.2709283689539312,0.2766005934785959,0.2820276949213302,0.2872296153882257,4.33729074083249
0.13826915726386624,0.15311698040042135,0.16558464899048986,0.17655802550587396,0.18641250911235704,0.19536477724025256,0.2035615929202139,0.21111264821961323,0.21810514541888795,0.22461092863551052,0.23069022994812496,0.23639386966685264,0.24176480189413005,0.24683938962700638,0.25164851994308235,0.2562185632503582,0.2605721714976127,0.2647289281586282,0.2687058724834111,0.2725179208239886,3.7013019741124933
0.09919141037573788,0.12022807002932069,0.13820792048402247,0.1541674023225967,0.16855262137294058,0.18162397987989373,0.19356034858012142,0.2044992990713047,0.21455612613298236,0.22383333479923814,0.23242453211969058,0.2404147242597032,0.24787900805127744,0.2548816694045922,0.2614767009398387,0.26770932122591773,0.27361760216254183,0.27923382772081284,0.2845856118086774,0.2896967847883448,3.970291913552122
0.11578359722396117,0.1337793448995261,0.14918195487637356,0.16290263078866485,0.17532773406971694,0.18667952604724278,0.19710822626302657,0.20672697236837534,0.21562804021249168,0.22389104916556646,0.2315869600166704,0.2387796097441198,0.24552595113110015,0.2518759558498244,0.25787280438541366,0.2635535041393899,0.26894973744131667,0.274088711264214,0.2789939079265701,0.2836857188778876,3.9889840465642745
-0.09618996116442356,-0.032412676922476666,0.01916324474846801,0.06217201271446541,0.09847087070022253,0.1292176538510032,0.1552714028247768,0.17747043024417422,0.19680582498906524,0.21418462650102282,0.2299961109387736,0.2444447886363599,0.257825521342737,0.27021607003476067,0.2817701124619492,0.2926306793721514,0.30278333974454485,0.31243846121191915,0.32153260933247463,0.33016661678910925,3.817712325956905
0.08943725971492728,0.11022361903173813,0.1283827731098067,0.1448116195559415,0.15989386381021126,0.17385031066958176,0.186828316509862,0.19893588692188244,0.21025783426757164,0.22086459763264157,0.2308175129382742,0.24017206953090095,0.2489798175936255,0.2572892529760988,0.26514593300819794,0.27259213107140146,0.27966638615000383,0.28640323878557683,0.29283326843885876,0.2989833744550826,4.363098624788363
-0.32476126462915145,-0.23188110632854173,-0.15486874856435953,-0.08923518250353522,-0.032554929530575996,0.016715268690120695,0.05963043124555043,0.09696475355048219,0.12938411514227652,0.15765756359159178,0.1828198023352093,0.20585251197586918,0.22713078105567425,0.24686404036215104,0.26537289499952577,0.28269428590455986,0.29903051382722223,0.3144831887911595,0.32905704007268644,0.34300994002354807,4.219507705176107
-0.4844318209660018,-0.33155041077309927,-0.21797415012068783,-0.1300454608046047,-0.06129127485564361,-0.008548265282857319,0.030091568387973024,0.06316626218206103,0.09646560920387816,0.11960902909793844,0.1500154892302143,0.1653215598067159,0.1941036806779043,0.20504820474937654,0.23015329173512425,0.24316594178172093,0.25868277972879455,0.2774060646209697,0.2836004565823242,0.30443598764971147,3.8501476017100584
0.12142727878682702,0.14290625734210957,0.15973583210356937,0.17364757130322145,0.1854568294351994,0.19568389952460555,0.20469687594964775,0.21275825915123953,0.22005225739344514,0.22671145525210834,0.23283707723737926,0.23850858292249025,0.24378856576062183,0.24872753455807745,0.25336709370210914,0.2577414384665743,0.26187913237900257,0.26580457509746624,0.2695384775248023,0.273098580061269,2.8903717578961645
0.09371318735487598,0.12017804165410974,0.14158122871956716,0.1595596511838153,0.17487355464404247,0.18803795452792438,0.1994856085833204,0.20959698682319047,0.21866850099738355,0.22689854499846884,0.23442625844768283,0.2413638137114941,0.24779687179305795,0.2537921184753785,0.25940708441605936,0.2646868102457297,0.2696681846946996,0.2743845950741471,0.27886184125101093,0.2831226839619773,3.295836866004329
0.1142482593428152,0.1343126747890472,0.15102417870104956,0.16554032674529626,0.17836457330476232,0.18980063308632725,0.20006876154634617,0.20934799947127775,0.21779159976292617,0.22553025310588926,0.23267161539490192,0.23930174410594063,0.2454892686953864,0.2512897904048357,0.2567489695889991,0.2619047350226496,0.26678902554067857,0.2714290032421408,0.2758479359529889,0.2800659319935176,3.58351893845611
0.09370566981813698,0.11491596590403985,0.13321197439779037,0.14958084277945297,0.1644469206213111,0.17805635147084203,0.19057578843495868,0.20213039558825197,0.212822039009466,0.22273908811431434,0.23196171769910442,0.24056422251896473,0.2486152358589741,0.2561768463963957,0.2633037282121079,0.270043028449758,0.27643502701216416,0.2825141281492013,0.2883098322245589,0.2938475856005644,4.127134385045092
-0.051658644161110004,0.00706276946917583,0.053632320489658866,0.0917479970405356,0.1232582131891818,0.1493466735803056,0.1710426833520517,0.18954234968320888,0.20597752586076,0.22078005244976937,0.23414298651941134,0.24644795192633054,0.2577382712504282,0.26819699975608147,0.27801383329602,0.28709227146779526,0.29575033152383345,0.3038513933193257,0.31148256551722425,0.3188898427970115,3.6109179126442243
0.11034699124996632,0.12813517917377615,0.14360887957607268,0.15758323376651073,0.17040232348501888,0.18226192922007312,0.1932916760676005,0.20358615528930138,0.2132195137338178,0.22225326978840168,0.23074084228463232,0.23873022774147704,0.24626548928697076,0.2533874302707016,0.26013374189549654,0.2665388988829308,0.27263404017929865,0.2784469792067601,0.28400237324315997,0.28932200372439154,4.283586561860629
0.10548910078559422,0.12425074235251635,0.14053182994497482,0.15519610286084973,0.1686099048704162,0.18098277988170472,0.19245431661242868,0.2031271664982989,0.21308259908829505,0.22238886186374507,0.2311059837883602,0.23928849932107435,0.24698678351184475,0.2542474404098164,0.2611131580780832,0.2676224359294249,0.2738094822707694,0.27970438263688563,0.28533347109258334,0.29071978505999474,4.23410650459726
0.12569121015815238,0.14208209045177403,0.15607467191555083,0.16852997145968585,0.1798111362408037,0.19012610473896,0.19961475889605937,0.20838176809928788,0.2165116370004687,0.22407624093708253,0.23113857843053526,0.23775445801622141,0.24397315561594865,0.2498377535733366,0.2553855650681606,0.2606487420473857,0.26565497792551374,0.2704281914952222,0.2749891336730893,0.279355903124767,3.9512437185814275
0.12270605076835789,0.1398760537447375,0.15447427902720462,0.1674157517611867,0.1790882123604207,0.18971533479147312,0.19944924248554263,0.20840538103504916,0.21667834206514588,0.22434948141005379,0.2314903369410542,0.2381638606116668,0.2444248124625589,0.25032018887593876,0.2558899994002703,0.26116826958107486,0.26618403703523874,0.2709622198195762,0.27552433961074546,0.2798891096813733,3.8815637979434374
-0.25146016109121555,-0.08894339148146573,0.006710489229839319,0.06125627464585418,0.08920696356159866,0.13512067047291146,0.13595963702989092,0.18412202740947708,0.18259526342969984,0.21209712444936438,0.23423812767946214,0.19430033980596684,0.2619473639721736,0.26205547290889175,0.26978089819509654,0.2904585908820491,0.294930966048737,0.3024316775720725,0.30371342952586444,0.3322397836914468,2.970414465569701
0.09352782597162577,0.11338421343120399,0.13078866157462682,0.14658733043264224,0.16114032143450174,0.17465377153527817,0.1872644762732764,0.1990720147589548,0.21015387469419677,0.22057364759143375,0.23038591477103906,0.23963932265790533,0.24837851840123193,0.25664526673402166,0.2644789368163646,0.2719165310906375,0.27899245790954386,0.28573825989804325,0.2921824590461106,0.2983505809149675,4.430816798843313
0.138520962299303,0.15405477856578262,0.16673545793409292,0.17770741985078278,0.1874518491640861,0.19624105696768349,0.20425380954505862,0.21161838060947594,0.21843213522699648,0.22477166154346714,0.23069860031827744,0.23626335132446447,0.2415076358817306,0.24646636588071852,0.2511690427261599,0.2556408185692146,0.2599033110891378,0.2639752367159669,0.2678729081347942,0.2716106292322415,3.2386784521643803
0.12962243764968737,0.14554376114709044,0.15907542203604824,0.1710826298843004,0.18193047489352143,0.19182845567544593,0.2009179830541036,0.20930519851846466,0.2170758330467035,0.22430249364701127,0.23104821479219653,0.23736809378576995,0.24331008437435647,0.24891559712701936,0.254220188159157,0.25925434390670776,0.26404426228729,0.268612553688742,0.272978837488054,0.2771602366690034,3.8815637979434374
-0.2958446344893032,-0.20281367576417392,-0.12662954833654488,-0.06242211894397248,-0.007579264761088509,0.03953605281044543,0.08003159950574486,0.11474695053164416,0.14452143901655165,0.17050175502555998,0.1940025712270332,0.21561686924292747,0.23547976689909508,0.2540338259668574,0.27131745815403147,0.2874999321736115,0.3028200136435796,0.31712153141774146,0.33086209026148655,0.3437216636980598,4.119037174812473
0.110709655066843,0.12820359479531515,0.143471265297201,0.15729977053534175,0.1700207808816981,0.18182254406050632,0.19282922997946428,0.20313094300860854,0.2127977637467747,0.2218872722940519,0.2304489452360227,0.23852683363317656,0.2461611680887396,0.25338922713051765,0.26024569174039275,0.26676268162858424,0.2729696592681797,0.278893352486212,0.2845577786259129,0.28998438060416726,4.350277936359301
0.1283611774622388,0.14454376651386822,0.1582899396232601,0.1704788270006807,0.18148182141076788,0.19151240808268674,0.20071505528326164,0.2091985644212125,0.21705114526502242,0.22434774965186527,0.2311535686158765,0.23752557686992753,0.2435132638036355,0.24915923539506402,0.2544999579169997,0.25956661400802983,0.26438594364719487,0.26898098777868157,0.27337171469831656,0.277575535358574,3.871201010907891
0.012262252740564233,0.05775440214596603,0.09391636580395725,0.12357363366504218,0.14811167704064346,0.1684807733777556,0.18558423478876104,0.20038299573544108,0.21357905601587981,0.22543233837156545,0.2361794610713644,0.24605658192124805,0.25512761784462684,0.2635602127115394,0.27144005951888495,0.27878004340650503,0.285740807428988,0.2922728802743553,0.29845243024848944,0.3043815211546352,3.449987545831587
0.062444194697456226,0.09604689014420073,0.12310891667111287,0.14563960043938118,0.16459765923564756,0.18064847457709898,0.19439276799995514,0.20640661381623962,0.21713199377969297,0.22681654034973775,0.23563257127779946,0.24373561845633976,0.2512234893646108,0.25818147999839,0.26468986116922993,0.2707915008743664,0.2765407085858705,0.2819795510825018,0.28712691049773115,0.29202729718490894,3.367295829986474
-0.5261989911546112,-0.39257755439079484,-0.28736939674145057,-0.2016696385037216,-0.13078069526298564,-0.07195991636353805,-0.023590862258973513,0.015401503512545796,0.04719623620480572,0.07701925562430499,0.10409523803475215,0.12792628732654382,0.15217090951007378,0.17108193130685767,0.19358243791782948,0.20841924488102542,0.22953598183979848,0.2420105539801563,0.2606593246387603,0.2734461551095577,4.127134385045092
0.10807899767968296,0.1262562045966847,0.14206389739596678,0.1563328752210723,0.1694144478333781,0.1815088626591649,0.19274894076991958,0.20323179793797677,0.21303374095298128,0.2222182635951309,0.23084068184577966,0.23895085925381,0.2465946907931185,0.2538147280613876,0.2606502575914959,0.2671371372403847,0.27330765191685014,0.27919053692369783,0.28481118353517365,0.29019196004771936,4.276666119016055
-0.09260625940039074,-0.04249463402733417,0.0007357838477128,0.03906671712332804,0.0734726704110097,0.10456789780072627,0.1327847142896058,0.15844947808339263,0.18182481640889342,0.20313849278130736,0.22260576553315112,0.240444915639766,0.2568800242266638,0.2721260403517615,0.2863655325170333,0.2997393229352236,0.312356330399726,0.32430419639746955,0.3356535136947433,0.3464627928164201,4.356708826689592
0.10410894276916931,0.12896805587569715,0.14884816631778364,0.16540566816881674,0.1794220891133504,0.19143803118428906,0.2018991048609397,0.21116728901897946,0.21949946753945865,0.22706564275446967,0.2339929721862766,0.2403826773934868,0.24631106281671603,0.251839879813931,0.25702094985309215,0.26189461549322546,0.2664951568710501,0.2708524532988008,0.27499002706442977,0.2789291226993673,3.1570004211501135
0.10152558069342832,0.11954038664163216,0.13545205849014938,0.1500029710894065,0.16350601063839038,0.17613849236758514,0.18801681805468065,0.19922464491462583,0.2098260166134426,0.21987238503081516,0.22940675060777735,0.23846628350442725,0.24708406313615022,0.2552902553780026,0.2631128954359662,0.2705783718573575,0.27771167701912086,0.28453648304678053,0.2910751056560211,0.2973484197065383,4.605170185988092
-0.16654658519001814,-0.09440278855334554,-0.03504559579121687,0.015230252528552403,0.05836492897802637,0.09557684354311338,0.12771493997395492,0.1554658910760595,0.17953958842071055,0.20079264815876396,0.22004576269302834,0.23771488050620063,0.2540023238107101,0.26916844229660625,0.28332146889625404,0.2965829446151176,0.30909478582744065,0.3208682985042011,0.3320625279398433,0.34267257087081315,4.02535169073515
-0.05085890067169024,0.0034079495954272418,0.04759796237594099,0.08471076330313433,0.11625233164494748,0.1431688032326148,0.16617493387847385,0.18595821613395605,0.20328252380612818,0.21884137009942173,0.23300536393994828,0.24597214474272355,0.25796422474723224,0.2690975753729055,0.2794769957532078,0.2892283626448214,0.2983806683408198,0.3070405185559145,0.31524645949845126,0.3230169638418774,3.784189633918261
-0.5593740607714736,-0.42060507172166034,-0.33208477637686573,-0.27034728848943984,-0.2632051319993923,-0.21317494581774651,-0.21317493170318666,-0.1692256419143442,-0.169225771700792,-0.13595560203600968,-0.12881533670456538,-0.16646274332625677,-0.09864788178799419,-0.09864788170653038,-0.09588697836257291,-0.0693883119133018,-0.06938314282859931,-0.06662405620056082,-0.04743717736440234,-0.04028965221311351,4.212127597878484
-0.059544921717491255,-0.0018234462015215345,0.044666424513570994,0.0832947454344941,0.11575822743877422,0.1431244461209333,0.16622995418317182,0.1859476094109372,0.2032539619536291,0.21886371218165213,0.23302898158348198,0.24599672787669277,0.25799684627944447,0.26908828226454146,0.27946311097317605,0.2891795157743148,0.2982871565169656,0.30694941109684115,0.31507751219856317,0.32284948103125877,3.7256934272366524
0.04306313315369892,0.07100158173374327,0.09541220119998234,0.117427229207896,0.13754929302206703,0.1560763099399259,0.17321136363301615,0.18910547150893708,0.203878507725703,0.21763116465485027,0.2304525340238903,0.24242505059544572,0.2536273566082828,0.2641352013131119,0.2740206100310472,0.2833500734257885,0.29218291006259195,0.3005706699290582,0.30855759836212215,0.31618160043475374,4.394449154672439
0.1381752742091696,0.15389048473126457,0.166748492881228,0.1778591108746666,0.1876986641561533,0.19654313796823467,0.20457766509657713,0.21193732506426877,0.21872570320933238,0.2250245698070157,0.23089961170875029,0.23640426324097955,0.241582487190156,0.24647085635769014,0.25110011576388386,0.25549635883163924,0.25968192288920094,0.26367607925640735,0.26749557071401125,0.27115503535304797,3.3141860046725258
-0.08914545270234271,-0.023918788290713637,0.02805101427510021,0.07077889328372264,0.10629999246119469,0.1358853179740471,0.16054810157075378,0.18142617469227437,0.19980874392436557,0.21642638841183873,0.23143031438882594,0.2452086642326144,0.2579255639635509,0.26963950718261476,0.28066782485632497,0.2908847468233338,0.3005513986876371,0.309710203544628,0.31822700335553955,0.3265550678977977,3.713572066704308
0.1217782065157843,0.14219777933703728,0.15858378570814266,0.17238436408810182,0.1842614257517446,0.19463778554151717,0.20382585350027704,0.21206511503561337,0.21953549770064656,0.22636967413536072,0.23266745020673482,0.23850685334392388,0.24395012336825525,0.2490474938326132,0.253840301050278,0.25836297126243046,0.26264431743057787,0.2667087803991762,0.27057730947371383,0.2742679064261179,3.1354942159291497
0.053266212681302424,0.07899423953331837,0.10159900225034667,0.12210384187744555,0.14095649950996073,0.15841939148381484,0.17466978227639887,0.18983827684116272,0.20402728028010514,0.21732127574671412,0.22979319427150988,0.2415086289605842,0.25252862710906254,0.2629113338736927,0.2727125933537669,0.28198566219850457,0.29078037623551745,0.29914226081940876,0.30711200880545775,0.31472546783172034,4.48863636973214
-0.27436528846286773,-0.19308263545856344,-0.12460915396634165,-0.06538294191742515,-0.01350335202703695,0.032252861875864444,0.07273867575480226,0.10858618670553319,0.1403090040398697,0.1684010331897374,0.1934367147885668,0.21608978922351302,0.23694567901493857,0.25631929949574916,0.2744119159524931,0.2914189484617181,0.3074448029539905,0.32260200291571606,0.33698660748941683,0.350647676841386,4.290459441148391
0.14285577925213194,0.15689633329048344,0.16865239940813062,0.17899178513154113,0.18828175301675212,0.1967332353817769,0.20448764525243313,0.21164905862479957,0.21829871422294,0.22450237664074488,0.23031443758179554,0.2357804322358568,0.24093876137555315,0.2458219907758501,0.25045789024023296,0.25487027983779426,0.2590797179698085,0.26310405801134357,0.2669588976455253,0.2706579418427702,3.6635616461296463
0.13505034310077835,0.15014935639618565,0.1629347546298819,0.17425654553490455,0.18447323521576703,0.19379049595624465,0.20234697399189958,0.21024629380000803,0.21757143974892512,0.22439180873353234,0.23076676725011225,0.23674749447088222,0.24237807695778674,0.24769636812165563,0.25273481269936676,0.25752125026027134,0.2620796515763419,0.26643075620479434,0.2705926067256649,0.2745809887453746,3.828641396489095
0.13912646524221922,0.15436505605184,0.16695959202665497,0.17791632170269317,0.18766635150638472,0.19646060469272236,0.20446910813236083,0.21181759319139562,0.2186038994992833,0.22490636117264706,0.23078866892134087,0.2363031000215208,0.2414929135584651,0.246394215823498,0.25103741634361204,0.25544835397672844,0.2596491668496534,0.26365896825970725,0.26749437550597044,0.2711699273079123,3.4657359027997265
0.02837781294818328,0.0682747640857307,0.10060395308516971,0.12765571292954422,0.15053277333505846,0.16996092184199882,0.18656072537972715,0.20096374760759267,0.2137525572616261,0.22529744675158161,0.23579625641954727,0.24543255619781323,0.2543408092334047,0.2626064142984576,0.2703335434018595,0.2775789094351157,0.2843945194386626,0.29084710599820723,0.2969489060256974,0.302752805591819,3.5409593240373143
0.12363267080381142,0.13898529526095751,0.15240104946044253,0.16458201736127853,0.17582156045482375,0.1862847083950886,0.1960793119356575,0.20528284421571266,0.21395485492050145,0.22214358485251767,0.22988980701001166,0.2372291817596007,0.24419372865288405,0.25081272589449866,0.25711322042930956,0.2631202773501391,0.2688570736142084,0.2743449234045318,0.2796032992019758,0.2846498838975275,4.394449154672439
0.0882953219491591,0.12605630712216406,0.15207332694440012,0.1704451397556493,0.18441976759781017,0.19632389686588428,0.2063414021540443,0.2147833336287581,0.2225525638543876,0.2294172727523901,0.2354558234758997,0.2413053488496489,0.2464668362633581,0.25112502892208766,0.25588038521354894,0.25999703947578773,0.26380329227630184,0.2678063697586574,0.2711792256567417,0.27442733769971883,2.3513752571634776
0.03151258676194962,0.0608992693296353,0.08663159613073022,0.10987211882988691,0.131139828902012,0.15074366324107236,0.16889468938843988,0.18574980223190005,0.20143311032124675,0.2160481826747281,0.22968588347167912,0.24242964621590954,0.25435881640471464,0.2655501504677441,0.276077520819907,0.2860102959573419,0.2954114120508046,0.3043362124441871,0.3128324573394453,0.32094111411410664,4.442651256490317
0.11952295382562447,0.13648214942696474,0.1510831663514865,0.16416474150528618,0.17608038613273083,0.18703165600740254,0.19715298102032303,0.2065437745960148,0.21528338099295577,0.2234388756347819,0.23106928190555312,0.23822771791893418,0.24496228835022052,0.25131630875242905,0.2573283320483258,0.2630322807428203,0.2684577788009723,0.273630622866939,0.27857329250270857,0.2833054332270052,4.0943445622221
0.14066420172670294,0.1549613617657283,0.16699179725830374,0.17760517936809248,0.1871604253922531,0.19586361442556968,0.20385332835084322,0.21123230441186722,0.2180816210612258,0.2244677682843769,0.23044644206251455,0.23606476892142236,0.2413627945639622,0.2463746329832085,0.25112943343385835,0.25565220878000505,0.2599645341304837,0.26408512515750354,0.2680303113302893,0.2718144210725451,3.7376696182833684
0.1176470351957046,0.1356551831328056,0.15098715391892253,0.16458421955681068,0.17684631310019566,0.1880046810886356,0.1982170148634417,0.2076034918880777,0.2162632518202554,0.22428234063211977,0.2317371468674163,0.2386953943928911,0.24521620075696754,0.2513502758550208,0.2571406654879923,0.2626238511805972,0.2678308670351536,0.2727882685298859,0.27751893648442566,0.28204272698479527,3.901972669574645
-0.1305209566355547,-0.07661335152804961,-0.029815207480552188,0.011897646726797476,0.04952415921287004,0.08369733450292467,0.11486436261791011,0.1433621677578505,0.16945816617923062,0.1933770222906362,0.21532125492252605,0.23548806541665498,0.2540803630375111,0.2713064322302851,0.28736519031006996,0.3024263827617406,0.316623266390224,0.3300604327584047,0.3428224156709134,0.3549778423051572,4.460144413937834
0.10985274459813478,0.13061835122047366,0.14796114731337343,0.1630501823601603,0.17639421118552534,0.18829976104273988,0.19898910644431675,0.20864391458632825,0.2174216509963616,0.22545875862479492,0.23286902698864406,0.23974375838357026,0.24615557794344398,0.2521631616166612,0.2578146034986248,0.26314975884835917,0.2682021360866357,0.273000207363833,0.27756833179906043,0.2819275456842362,3.624340932976365
0.05658569636089353,0.08922750762945218,0.11607932248325752,0.13892843762785048,0.15860735191346279,0.17565022210510314,0.19048579913767433,0.2035174496398095,0.21512769230522183,0.22562384956506956,0.23520850251715394,0.24402423367178558,0.25218905659930196,0.25979072679578213,0.2668999569910932,0.2735796716811399,0.2798763674342372,0.28583220391955433,0.2914841129792764,0.2968582335829315,3.58351893845611
0.019318640867068325,0.05657848501745324,0.08781715311842025,0.11485852311425068,0.13856610706471387,0.1594752319408023,0.1779749375533911,0.19439252901512877,0.20904068869485992,0.2222301604751635,0.2342420978074546,0.24528980963720937,0.2555218091348709,0.2650532725519574,0.2739763323002357,0.28236237006073694,0.29027282508216606,0.2977588275096304,0.30486239082350763,0.3116220428948805,3.8815637979434374
0.11357694662896393,0.13612255678991217,0.1541681621741322,0.16926728994150744,0.18214340905178691,0.19327930542747973,0.20305169011784693,0.21175701506914438,0.2196121722972436,0.22676932033880723,0.23334138032123253,0.23941717123799686,0.24506629020330403,0.25034437445467944,0.25529752301245023,0.25996348226481264,0.264373506551667,0.2685544156924275,0.27252882366224723,0.2763159934048572,3.1354942159291497
0.12683968591345388,0.14644658494281737,0.1619384593022539,0.17491257023449508,0.18608420755982713,0.19588330334104553,0.20460459184866767,0.21246144873160203,0.2196109867294427,0.22617046787928494,0.23222974614912847,0.23785966468747352,0.24311707981906802,0.2480482135285345,0.25269120907117004,0.25707792034361615,0.261235162114764,0.26518573938139534,0.2689492389727677,0.2725425790870575,2.917770732084279
-0.1721197932817286,-0.10156665750059425,-0.04292366444771478,0.007217675605800533,0.050643100564938384,0.08848290315751275,0.12152399906396705,0.15037724566991706,0.17561267836393232,0.19787916116795964,0.21790232852775948,0.2362477857571139,0.2531862267169423,0.2689242424918813,0.28364981389529337,0.29745352638485234,0.3104635918649438,0.322759334827833,0.3343971381320391,0.34548036940021937,4.102643365036796
0.13910440385062628,0.15446675471986468,0.16702473925223368,0.1779037052144526,0.18757631211520084,0.19630971288082955,0.20427905743624214,0.21160989073083958,0.21839746238231206,0.22471672111012445,0.23062805089753044,0.2361808957811076,0.24141624897537745,0.24636846174945445,0.2510665977734608,0.255535462879973,0.25979639754379974,0.26386789401113214,0.2677660820764036,0.2715051153325257,3.258096538021482
-0.6328634647408432,-0.45955887784734384,-0.3349010197137689,-0.24056639735885982,-0.16854242163855546,-0.11619679225390492,-0.08823820955796674,-0.04233712370216855,-0.025562944720101694,0.0164666040566932,0.025088483029068985,0.06377932042575533,0.0721105193609684,0.10079210215727741,0.11661826744955087,0.1274198622874085,0.15245675896405508,0.15599039697902314,0.17722253570466973,0.1922799374177036,3.960813169597578
-0.5329680660668928,-0.42174370614483875,-0.34472986325725136,-0.28736081134445374,-0.2439561176654923,-0.23578482963686612,-0.19884503985197205,-0.1952323834775257,-0.16238348651335682,-0.1614374799932308,-0.13273018073578616,-0.1291191268774214,-0.10956462967794296,-0.10140097859680414,-0.10367839161658751,-0.07993171800483564,-0.07632708222917843,-0.076325477715738,-0.05570962653696212,-0.054762576336653546,4.406719247264253
0.10189311151221904,0.11977380171843256,0.1355832656588319,0.1500540246085431,0.16349457903242356,0.17607961448764814,0.18792369919368587,0.19910907801998293,0.20969861882951624,0.21974272797501052,0.2292834232001436,0.23835691082689164,0.24699529928507505,0.2552277670357609,0.2630813528737141,0.27058146293857865,0.2777521557026953,0.2846162563423506,0.29119535343365777,0.2975097334985705,4.629862798578463
0.06094186338743804,0.08517059289885447,0.10652588347390725,0.12596321399586363,0.14389685713226075,0.16056778802926264,0.17613777684325208,0.19072531875499965,0.2044226974357286,0.21730535702701262,0.22943762381397706,0.24087646536382573,0.25167404096897916,0.26187937412493534,0.2715392843268757,0.280698663378452,0.28940023182752983,0.29768400699175956,0.3055867662150469,0.31314172898725023,4.548599834499697
0.13317730062573863,0.1482266718453374,0.1610735755529791,0.17252345923435752,0.1829145458669179,0.19243941422107735,0.20122660026870864,0.2093712236616658,0.21694898309496485,0.22402323910288185,0.23064872109619505,0.2368734372519568,0.24273964763754408,0.2482844316235902,0.25354015727644924,0.25853497782664453,0.26329335880120824,0.2678365943006179,0.2721832777071463,0.2763497120681965,3.960813169597578
0.09300395433218103,0.11836841834175241,0.13921863852120225,0.15702296285521203,0.17244437037042265,0.18590666143147463,0.1977451119868874,0.20825667182148505,0.217701245158858,0.22628337850504812,0.23415008985953634,0.24141092512966375,0.24815330100236924,0.2544460887066205,0.26034492232446177,0.26589672543240184,0.2711399065932084,0.2761068084989638,0.2808255118158731,0.28531932616291944,3.4657359027997265
0.13357504504044176,0.14972721066777678,0.16317331092563744,0.17490845049135362,0.18535913010172975,0.1947758171201322,0.2033317407855356,0.21115886668629197,0.21836324754379238,0.22503211502666298,0.23123759198341046,0.23703923517430192,0.24248625344555888,0.24761951445243047,0.2524732347152662,0.25707631737975506,0.26145339114501276,0.2656256169333702,0.26961131367195956,0.27342644711803615,3.56953269648137
0.11569198624831105,0.13816210440378804,0.15599165913225077,0.1708089680363265,0.183383520889672,0.194231485690548,0.20374702005115805,0.21222698316550748,0.21988033505676782,0.22685319074040328,0.23325588345944426,0.23917512687818757,0.24467852221181635,0.24982048803936305,0.2546460202141958,0.25919170665487884,0.2634880427822793,0.267561212651184,0.27143315268742496,0.27512268130057,3.044522437723423
0.08782333149176534,0.11924134236405921,0.14342287271900883,0.16266224008856298,0.17818641030768922,0.19102423126214046,0.20205387052862758,0.21177076712349474,0.22039589830857126,0.228165028211066,0.23525142183095896,0.24173259831895344,0.24772843804852673,0.2533101175729013,0.2585009329757623,0.26338491945112713,0.26798640827527553,0.27231306166164315,0.2764374566456825,0.28034999609015243,2.917770732084279
0.09128894442547955,0.11238013407889927,0.13068169770157362,0.14714094178723675,0.16216435165148363,0.1759868280775029,0.18876623168636164,0.20061961481876586,0.21164051313623403,0.2219083941998809,0.2314941455551243,0.24046311255969205,0.24887636226347654,0.25679067803198063,0.2642579014278793,0.2713242966752097,0.2780303898784268,0.2844113239427573,0.29049749410531506,0.2963152358334865,4.23410650459726
-0.5945830206031073,-0.47276157322496815,-0.3762221228966999,-0.29705626611827457,-0.23101135287554994,-0.17557030821539743,-0.12926307894412598,-0.09139539387738713,-0.06167638933940698,-0.036381984059462656,-0.009864086002852492,0.009656599245434988,0.0340209754453033,0.049141101869670745,0.0719531768619824,0.08364623617214233,0.10491820083084949,0.11494949786899522,0.1334692508558982,0.1443229563990979,4.330733340286331
-0.35250502994108907,-0.2599789382078161,-0.18244210656407225,-0.1157312512981522,-0.057588599684096395,-0.006560481998599612,0.03835855487840897,0.07790197451744582,0.11265626648282821,0.1431953711052377,0.17024014437243526,0.1946880927146339,0.21725020943693582,0.238197981211834,0.2577660091712898,0.2761783751549672,0.2934975040187856,0.30990380234722253,0.3254475071290124,0.3402061803958521,4.310799125385514
0.1318413301857181,0.14913026428042037,0.1632512049791481,0.17538275024723546,0.18604108509965012,0.1955361187927986,0.20408467791765797,0.2118506968837613,0.21896227742199223,0.22552048098222702,0.2316053281269292,0.23728070920569894,0.24259833897504132,0.2476006808404624,0.2523230374218956,0.2567950862438101,0.2610420272229758,0.26508544038891235,0.2689439442497761,0.2726337148006233,3.3141860046725258
0.13909191605431215,0.1537495699016458,0.16606638994147468,0.17691575565756393,0.18666736344440724,0.19553420539043706,0.20366018255429688,0.21115254121745053,0.2180963242810135,0.22456148963854505,0.23060667882934788,0.23628142678711414,0.24162768425000522,0.24668104407852826,0.25147180113305057,0.25602586433290275,0.2603655199396613,0.26451005680083206,0.2684762731554601,0.27227888569813796,3.713572066704308
0.013962687107922893,0.053847091149723574,0.08687462082136985,0.11511152688735622,0.1395489107229424,0.160808959026393,0.1793604657348186,0.19562641525242566,0.210034326432029,0.22298997028550244,0.2347979960483314,0.2456490353969388,0.2556877887364821,0.2650326510826782,0.2737677746571153,0.281969416026096,0.2897003101040561,0.29700721490424997,0.3039393921247325,0.3105303211961331,3.7727609380946383
0.13110679842307835,0.14605078258496018,0.1589229824069922,0.17047940662248687,0.1810363777377072,0.19077274747381645,0.19980660789460578,0.20822416793729812,0.2160930996218583,0.22346949188848966,0.2304016993649429,0.23693248698900427,0.24310017532818207,0.24893921338307143,0.2544804729764884,0.2597514615716962,0.2647765571347717,0.2695772907928468,0.2741726588865252,0.27857943587012896,4.119037174812473
0.006285069087726772,0.06722821457037324,0.10989929043949334,0.14009094220242957,0.16149835115353223,0.17913937108270284,0.19474045910969717,0.20686953794042945,0.2187002945580972,0.22878511077053912,0.23712523681149145,0.24676824785155257,0.2531035809831924,0.26047985798527257,0.26806381455197376,0.27207944141732054,0.27973280273559475,0.28475496895682817,0.288453176859122,0.29531844596537343,2.833213344056216
-0.04019946543186771,0.07308788387676499,0.11321562637846556,0.13130648537250347,0.16952686583962231,0.1957430972104172,0.20077707532217837,0.2261426289656399,0.20610041956841485,0.22650297568709823,0.2315360569642108,0.2476810720865863,0.23286495921967384,0.27519350658148384,0.26637996382920787,0.26663071818879885,0.2890350764615593,0.2676628029398376,0.2829417694651948,0.2974761087712165,1.9459101490553132
0.10070190708280777,0.12000944845249654,0.13681418145011115,0.15198284487965988,0.16588382593325346,0.1787280602941535,0.1906559731295356,0.20177054720630128,0.2121529278222153,0.22187086185601704,0.23098363451749032,0.2395449890855833,0.2476046969080334,0.25520915766561675,0.26240136420193616,0.2692205931490571,0.2757021494795309,0.28187735122774266,0.2877737608327963,0.2934155633841614,4.290459441148391
0.11769161552697195,0.13514853331631518,0.1501361019152594,0.16352748496206712,0.17569172675227873,0.18684010321940583,0.19711438133085665,0.20662027904481903,0.2154430285750449,0.2236554049683213,0.23132189739577547,0.23850062409272618,0.24524393739480238,0.25159846166560995,0.25760512809562197,0.2632994804734719,0.2687122332960919,0.27386992951449673,0.27879557555459406,0.28350920389956163,4.04305126783455
0.026130539378254755,0.060329686231953825,0.08940868165717512,0.114936804363407,0.13764339341001622,0.15797453270826775,0.17624533309087162,0.19270529499367475,0.20757443782811777,0.22106358134012383,0.23337873585736854,0.24470929109766557,0.25521142898903193,0.26500467740140843,0.2741821168810973,0.28281891700910633,0.29097586145164595,0.2987035523199407,0.30604508656722856,0.31303694222873896,4.02535169073515
-0.02266904057609905,0.050715774711508246,0.09995927843976476,0.13310111819774362,0.15553752176154959,0.17541088588753,0.1919900671924819,0.20426262639630555,0.2184278718929235,0.22728775168816684,0.23766579100034588,0.24811937067414402,0.252186068254297,0.26394079509669105,0.26910407407101833,0.2737877105479258,0.2841527348626195,0.2857809676584108,0.29274621930537054,0.2991489421410873,2.803360380906535
0.12444445588877262,0.1436238945333528,0.159221700657963,0.17252542067774598,0.18410883542612136,0.19432819001348173,0.20344348412316618,0.21165776368360784,0.2191307129973256,0.22598582231847716,0.23231804024476035,0.23820161647474203,0.243695974586004,0.24884941994317417,0.2537017475589747,0.25828620475481073,0.26263083924159875,0.26675949566369134,0.2706926371853459,0.27444795377102976,3.2771447329921766
0.0695438120698564,0.09963624953394595,0.12438804704193768,0.1454702305596503,0.16365271221977679,0.17943057462095718,0.1932022695229129,0.20533754556115788,0.2161773518097296,0.2259913570184458,0.23496176137934885,0.24322012355332961,0.25087367539630645,0.2580037248774734,0.26467602130752355,0.2709476987252246,0.2768627398601914,0.28245973974694183,0.2877724484554771,0.2928263974127099,3.5409593240373143
0.09311089796588555,0.12401288781260378,0.14747467247499105,0.1659084930274247,0.1806619579541877,0.19287249756131147,0.2034074950733305,0.21267246741234336,0.22088413321960576,0.22829578669343606,0.23504887070245215,0.24122278490291862,0.2469446588748094,0.25226234471405723,0.2572072462664178,0.2618677855103005,0.26625041010885436,0.2703738226034377,0.2743097694397403,0.2780350016934108,2.803360380906535
0.13205011933258465,0.14732460397605757,0.1603578561190373,0.17196710045454966,0.18249581024497674,0.19213981139734093,0.20103005637688942,0.20926370064492877,0.21691829549362457,0.22405894412073368,0.2307420074841625,0.23701697323588608,0.24292738248010237,0.248511373305918,0.2538021589488336,0.2588285566881802,0.26361555438274004,0.2681848615006246,0.2725554066370727,0.2767437676826992,3.9512437185814275
-0.03909348227111706,0.005667348118067765,0.04374813215218392,0.07711264464994312,0.10671847845805256,0.13316347296069903,0.15686843009003518,0.17815890703194362,0.1973143113720676,0.214601982544172,0.23029480802018587,0.24466186357697794,0.2579352301031204,0.27028789016201893,0.28184709514232564,0.29271438362894797,0.3029700782570978,0.3126792701311737,0.3218980144163278,0.33067273053612056,4.143134726391533
-0.04457827110483106,0.02272487249157971,0.07255886885601415,0.11054742245142163,0.13945900942066453,0.16171200972187633,0.18054963911945826,0.19735084070312958,0.21153749990999635,0.2247055432737875,0.2364012033185396,0.2467351991798533,0.2571367496579011,0.26553506040536834,0.27440253469253023,0.2824387486714807,0.28898203612165496,0.2972172766513503,0.3027897731942711,0.3092479423327225,3.2386784521643803
-0.5830921025033243,-0.47099207054372444,-0.3804523067334879,-0.305031000110071,-0.2411704935119012,-0.18668092053193172,-0.1401837685765902,-0.10086361850310085,-0.06830899279361294,-0.04185833942600939,-0.017783304389226515,0.005634449069756826,0.025012244505294823,0.04643771604065434,0.06216060322618807,0.08215824376016725,0.09486831004140989,0.11365740614000734,0.12431515544232417,0.14145594952813806,4.412798293340635
0.1047409320297885,0.1337387629009668,0.15515257622393605,0.17168699917980976,0.1849117747525542,0.1959826293404097,0.20557690265084294,0.2139978220942825,0.22148288110893197,0.2282542766659405,0.2344221714689476,0.24007367021281845,0.24531375321979734,0.2501821651065204,0.25471773884830984,0.25899057412800097,0.2630121719743131,0.266800681920248,0.27041009127899,0.2738346625797565,2.5649493574615367
-0.5777963172160927,-0.4577025329016877,-0.3609218203383348,-0.28047179892401614,-0.2125252499044846,-0.15473801323088565,-0.1056398802465563,-0.06434541267785003,-0.03027645875023683,-0.0020858495837861157,0.02425854066709548,0.04878185582421251,0.07026817889461529,0.09246935000990923,0.11005565468413045,0.1306655224869938,0.1449710347831391,0.16432781610547195,0.17631493309597976,0.19403503176050862,4.33729074083249
-0.5962444752480054,-0.43836847017285746,-0.33809632979401977,-0.2688468594971541,-0.259640614281776,-0.2034001770930907,-0.20340008649496047,-0.15361572832531023,-0.153616364932123,-0.11660799062157477,-0.10740939792250694,-0.15005458295820398,-0.07366375012990607,-0.07366374923269169,-0.07010951145602,-0.04052460735957561,-0.04050838602591741,-0.036959089261647926,-0.01634336087025781,-0.007121800095736947,4.085976312551584
0.08228849201423903,0.10334615661052143,0.12190792916813004,0.13882759183718188,0.15446992379636673,0.16904437345152626,0.18269008186053973,0.19550814681688933,0.2075768004427004,0.21895963287270337,0.229710522740193,0.23987680942213735,0.24950140914229477,0.258624208089141,0.2672828959431159,0.2755133394568905,0.2833495971618905,0.2908237085925896,0.29796541416770395,0.30480194234566804,4.548599834499697
0.10222199184870923,0.13249100320859322,0.15461907401432817,0.17149417636580525,0.18486565071649277,0.19604051750459417,0.2057158901375324,0.21416599622196397,0.22166502348090394,0.22845553543710986,0.23462055116597125,0.2402651702468233,0.24550777287279316,0.2503590563745891,0.25487833837441903,0.2591490424463276,0.26314859720009914,0.26691881489417674,0.2705243982200878,0.27392246820145805,2.5257286443082556
-0.02770242978001672,0.02463199081605722,0.06659032883989574,0.10130390633835866,0.13032700646559844,0.1546579377668495,0.17513638837929152,0.19267754782361227,0.20819382347564636,0.22219351285003017,0.2348734276251764,0.24650971838189764,0.2572494033879164,0.26718037175355336,0.2764864855050767,0.28516860103815844,0.29334614030609657,0.30109688166991505,0.30836863262071645,0.31535579459664254,3.624340932976365
0.05163466056267387,0.08351608495072606,0.11015243202372012,0.13316974386638739,0.15331746147224332,0.17106017761703377,0.18674410507926475,0.20067024636469974,0.2131266756441159,0.2243845175289248,0.23466873483925357,0.24414247567295114,0.25292534571039516,0.2611132822943905,0.26878182460883526,0.2759919731402158,0.28279613970406176,0.2892370760180767,0.2953514452853088,0.3011714797411174,3.7612001156935624
0.09645107431366792,0.11756333445130047,0.1356960000107003,0.15185880063911178,0.16648597260546102,0.1798300330194311,0.1920629943634413,0.20331540669600068,0.21369499259762936,0.22329642631295554,0.23220613741821144,0.24050377002645076,0.24826158113435118,0.25554327736128324,0.2624035735894499,0.26888883610448727,0.2750383107367393,0.2808853630778106,0.2864585425778119,0.29178247046191913,4.051784947803305
0.12110316095882973,0.13841235647966854,0.1531661512688061,0.16627127959888022,0.17811173082028794,0.18890858314895143,0.19881169999947088,0.20793438125293964,0.2163692209743625,0.22419589781765564,0.2314847973003723,0.23829835829901,0.2446914119660829,0.2507114147862176,0.25639900566896046,0.26178886035940224,0.26691062126624165,0.271789744639058,0.27644822087572984,0.28090516897126755,3.9219733362813143
-0.4418794240300823,-0.3146888852768188,-0.21491172195833327,-0.13394552893368422,-0.06729928959678552,-0.012362370296229601,0.032458528263363685,0.06855288621453358,0.09898503440610024,0.1276423456104277,0.15288021229209048,0.17624122379236873,0.1983783365638982,0.21725125955721294,0.23758993001413523,0.25258009460451025,0.27173103889688577,0.2841938548925954,0.3013541217758192,0.3137037647136725,4.02535169073515
0.1071716737729103,0.12760362708560272,0.1448754555926212,0.16006710328544146,0.17364400799605212,0.18588063956284456,0.1969695931673187,0.2070632762613595,0.21629239710183798,0.22477330607143958,0.23260910765143694,0.23988837552766212,0.24668475704501497,0.2530586391473915,0.2590597738764845,0.26472955448698704,0.27010274193734934,0.2752088473361114,0.28007317256275943,0.28471757316905805,3.7954891891721947
0.05465364543531364,0.08088266114798749,0.10378867268361766,0.12445184236828058,0.14334759910960074,0.16075593359775248,0.1768669364400589,0.19182169424786985,0.20573216796263807,0.21869244666125792,0.23078577419848034,0.2420890333525899,0.25267527086868696,0.2626144582398216,0.271972788099364,0.2808112036129523,0.2891841151803299,0.29713897111884047,0.30471667585367146,0.31195241763727244,4.375757021660286
-0.13713964653051133,-0.07812746027952448,-0.02778098924800438,0.016353294206334454,0.05552326857864543,0.09052399127227852,0.1219151239865377,0.15011938675990077,0.17548259622002255,0.19832023780326571,0.21895562692518106,0.23773602815534314,0.2550028979586189,0.27103076116524855,0.28600812092464045,0.3000756860262989,0.3133468377094393,0.3259074585708785,0.33783090570425617,0.34917926416953976,4.283586561860629
-0.5480381202199675,-0.4385043311855721,-0.34783225877317525,-0.27071857261645693,-0.2041985040898491,-0.14637494317939226,-0.09597179187302231,-0.05211608821648652,-0.014193241621581077,0.01834827461270723,0.04645569535025104,0.07192320606375674,0.09577694214935856,0.11762756926478553,0.13837312170879024,0.15775310233318576,0.17590810592334907,0.19349604180291544,0.20935834481605906,0.22564553441646387,4.42484663185681
0.09056825347169521,0.12441244664090437,0.14916443634939752,0.16781837891181553,0.18230379751390496,0.19430356027099202,0.2046949627271409,0.21367434318140408,0.22162040328429444,0.22883651208817518,0.2353187389330985,0.241269217906549,0.24681640399908011,0.251872021497684,0.25662776265621196,0.2611360387631067,0.26527257498723933,0.269248327264017,0.27304238572446304,0.27653040084417874,2.6026896854443837
0.08566993220638822,0.11446058226432963,0.1375840930723473,0.15683628098748445,0.1730683339897066,0.1868784965862043,0.19879279023595972,0.2092759587183952,0.21866324440437052,0.2271575415663244,0.23490946824941475,0.24204393324995124,0.24864771222400409,0.2547940829062362,0.26054647128371244,0.2659480114725086,0.27104076734794885,0.2758602343172579,0.2804295393051383,0.284777311384256,3.258096538021482
0.12862821948851094,0.14391173349468836,0.15709637039635083,0.16894437519374605,0.17977489837279442,0.18976845730836978,0.19904424568686616,0.2076892638908843,0.21577181219002045,0.22334854924959407,0.23046842035549903,0.237174855583326,0.24350693676214016,0.24949995797815552,0.2551856813859178,0.2605925013137354,0.26574563703492415,0.27066738921992745,0.2753774416489395,0.2798931746307021,4.143134726391533
-0.6033654119940158,-0.4773285275698891,-0.3796262248506717,-0.3008954739744644,-0.2362755910027089,-0.18304609005119804,-0.1398588333001901,-0.10668661083014105,-0.08312755986888383,-0.05331708134336978,-0.036135449545174406,-0.008679285487716902,0.003726178249575324,0.029407561255763392,0.038549662039750784,0.06194252913968346,0.07084056199747801,0.08941469668680399,0.10102250398441302,0.11235827664328603,4.297285406218791
0.018365346952828175,0.05985928869701245,0.09358273662912396,0.12188137969231674,0.14588886636654796,0.16633995944783522,0.1838438440694447,0.19901622712544312,0.2124569154534806,0.22458575757442684,0.2356210403361763,0.24574478066787442,0.2551073802070267,0.26379620323500624,0.27191437444342376,0.27953147755191193,0.2866934866429212,0.29347315945066277,0.299889297413372,0.305985320432166,3.597312260588446
0.012162064245857182,0.04616579146592702,0.07558720486480715,0.10183487896626581,0.12555767078325217,0.1471497748517163,0.16688454319431312,0.18496868827962695,0.201570433039334,0.21683680799496693,0.2309049685754195,0.24390836251555173,0.2559770637079499,0.26723274310091766,0.2777820429601467,0.28771352589946547,0.2970995248104647,0.3059996532382673,0.3144635020382079,0.3225328011315242,4.276666119016055
0.11943935070043518,0.13672609508223735,0.15153627377046436,0.1647477895602449,0.17673167419465882,0.1877005409706777,0.19779736478157794,0.20712910363866463,0.2157822707613706,0.22383087288767883,0.2313404298366373,0.23836973554505309,0.24497138065624477,0.25119182450684296,0.25707155809057397,0.26264555843929127,0.26794395367126095,0.27299273448780453,0.27781440963899473,0.2824285729990416,4.007333185232471
0.04241754018260339,0.08659935599945201,0.12001721834240103,0.14592561920647235,0.16609356570895129,0.18222871556368264,0.19604325429310204,0.20816785087245024,0.21870440229980637,0.22827156997599132,0.23691110665689663,0.24469434659119108,0.2520748842305508,0.25871961884315103,0.26494856354927415,0.2709543583300561,0.276271683801418,0.281575936589972,0.2865622364173374,0.2909972749993388,3.0204248861443626
0.052389981049834076,0.07942652911482131,0.10294653657547181,0.12408362924819091,0.14333987091907333,0.161012388674979,0.17730387622934843,0.19236576221382198,0.20631945680728986,0.2192685422916317,0.2313063693963566,0.24252061775620876,0.2529952491156005,0.26281011603680426,0.27203902589109313,0.2807476980935179,0.2889928975204723,0.2968229517331057,0.3042789447697533,0.3113959410140476,4.310799125385514
0.12175468820036803,0.1417420025330549,0.15793355735938094,0.17168044437757163,0.18359074040489812,0.19404806540250774,0.20333693892644145,0.21168089184475905,0.21925399522806,0.2261881991300449,0.23258338778985002,0.238517328272193,0.244052137184592,0.24923808147854942,0.2541164770495186,0.2587218004142659,0.2630830223569152,0.2672247063306197,0.27116791686559866,0.27493081025755356,3.2386784521643803
0.1097808991736891,0.12822770972635614,0.14414988448452346,0.15842927757266903,0.17143973477607571,0.18339541395548398,0.19443964424824486,0.2046787291184205,0.21419783480904428,0.22306940801759476,0.23135779827719088,0.23912159867685687,0.2464145054965306,0.25328532667112047,0.2597777284806307,0.2659301614284826,0.271776124744658,0.27734467960796927,0.2826610461378867,0.28774717725726806,4.135166556742356
0.12111035800545498,0.1382404805116109,0.15288384734082736,0.16592419122196034,0.17773506819877744,0.1885308012396766,0.19845587454250954,0.20761874071658704,0.21610739741373194,0.2239972190836734,0.2313548121011778,0.23823962818072852,0.24470443471338957,0.25079546116601853,0.2565527176678538,0.2620106020182551,0.26719866172825424,0.2721423494171738,0.2768636933690303,0.2813818661605756,3.970291913552122
-0.1322974576822214,-0.059815406591132506,-0.0018259045027720882,0.0460335094886793,0.08600577736258673,0.1194751627703996,0.14747186960060113,0.17107214176955274,0.19163217719863843,0.21021801857893696,0.22705299013707464,0.2424458684441317,0.2567255732918995,0.26985208126153415,0.2821889976806989,0.2936909454077567,0.30446153111905483,0.31477948229352476,0.3243030395410117,0.33361055449666555,3.8066624897703196
-0.07167122095621986,-0.025034420244884444,0.015289538911234168,0.051138391428588406,0.08340380259022448,0.11264422945023772,0.13925188401058744,0.16352282746640653,0.18569513084393666,0.20597419629332325,0.22455174604251962,0.2416190314907426,0.2573706538690257,0.2719954286329654,0.2856592975945167,0.2984951008179507,0.31060673339687106,0.32207780466514363,0.3329763152710092,0.34335839555909003,4.363098624788363
0.06192721149769365,0.08587080257621274,0.10700160751012706,0.12625818252149984,0.14404661939969354,0.1606027149244306,0.17608451420745455,0.19060759366291127,0.2042617752778656,0.21712027423197147,0.22924526133917264,0.24069151029119604,0.25150888639545044,0.2617440202827018,0.27144131426341966,0.2806433586646634,0.2893908557487554,0.29772222143831584,0.3056730958417044,0.31327597782721744,4.574710978503383
-0.0060000364520206365,0.05327510573288809,0.09672109107632208,0.1293326704913023,0.1537371980109725,0.17274167435698973,0.18935273161367608,0.20367997499361468,0.21589782835518181,0.22744023362291008,0.23720770776892322,0.24646225564382493,0.25527103322507727,0.26240672794816366,0.2704075870611644,0.2768878955698908,0.28288717134193775,0.28992412070861556,0.29449982046103945,0.30042957104913137,3.068052935133617
0.11111472993542017,0.1283336408509867,0.14340571623571494,0.15709278545398145,0.16971537222863886,0.18145501229506658,0.19243108182390137,0.202729819279034,0.2124178783958011,0.22154958162400593,0.23017117462892608,0.2383234600679285,0.2460434459182698,0.25336532899933906,0.2603210033310998,0.2669402390901138,0.27325066908139767,0.27927770964068277,0.2850445121189792,0.29057199276504386,4.412798293340635
0.04213807328157014,0.07357502434722153,0.10031671257371753,0.12382369087284666,0.14476443529778976,0.16354500302060765,0.18045213616949193,0.19571349320393974,0.20952980351469713,0.22209184910848023,0.2335834738240253,0.24417202565058413,0.2539961304123459,0.26316366927630636,0.2717595832663282,0.27985272700784897,0.28749922077918444,0.29474588095993254,0.30163256454699383,0.3081931830441361,3.9982007016691985
0.11581574834836811,0.13362964187582324,0.148916816556066,0.16256682143086895,0.1749562376988967,0.1863010616212258,0.1967465688461371,0.20640142968840022,0.21535359693077846,0.22367848456064393,0.23144315894266396,0.23870817295909136,0.245528043759986,0.25195119122036924,0.258019953310517,0.26377094682596597,0.26923570779848854,0.2744414199171564,0.27941160000487975,0.2841666962788693,4.034240638152395
-0.5470498349134855,-0.41309386050147734,-0.30750782835362045,-0.22140349218082384,-0.1500773218602076,-0.09077808870155062,-0.04189343209881997,-0.002430226284344414,0.029454964645584825,0.05916537607091128,0.08654963646388891,0.11014260764753817,0.1347984750805715,0.15342939035613545,0.17636340660879363,0.19093528435847765,0.21243440126090116,0.22472895210640437,0.24364736114502086,0.25637300129236995,4.1588830833596715
0.030437160533115445,0.06884592878816476,0.10025107187004269,0.12677555386124129,0.14943352670091958,0.16887844389913867,0.1856413178954734,0.2002420173624262,0.2131893681246199,0.22487366005986476,0.23552115919556735,0.24529574977150248,0.25433952736107557,0.2627449435346214,0.2705972796980882,0.2779704906354507,0.2849100557963113,0.2914732125978927,0.29769591581584015,0.3036055367692685,3.6109179126442243
0.12435005955769292,0.14228567241182405,0.15724661735062545,0.17029161681382732,0.18187663563882067,0.1922724181638333,0.20167028875226561,0.21022062595611937,0.21804836577516926,0.2252587987713906,0.23193969178827362,0.2381630410144498,0.24398755286059085,0.24946138288080016,0.2546244483848507,0.2595101785982316,0.2641468564398981,0.2685586428592342,0.272766344126207,0.27678800637779577,3.597312260588446
-0.6063932870345564,-0.46961909401821406,-0.3638597732050768,-0.2788796224234528,-0.20940179590015648,-0.15249613886313887,-0.10671980213469953,-0.07180242344306831,-0.044590396615921894,-0.01344240764412519,0.006526905581993429,0.035154926500610376,0.049633290134491824,0.07645027794523575,0.08712381530047675,0.11159736352727465,0.12185027357552373,0.14116805268597948,0.1543368217436384,0.1659293456552621,4.212127597878484
-0.5495356594283408,-0.44083932388322467,-0.3615922257336058,-0.3004234977123621,-0.2521428813195233,-0.21465387834217853,-0.20324049464564212,-0.17036927664259563,-0.1635428761194564,-0.1338237063034185,-0.13033228917276793,-0.10331007428977945,-0.09982459498446321,-0.0781971433911349,-0.07139845999800075,-0.058801926554763004,-0.047510674223174475,-0.045975369376088066,-0.02925687145284357,-0.022509508781160266,4.412798293340635
-0.22930070474015532,-0.1555403576533238,-0.09307239423283761,-0.03875246303698888,0.009074656156136274,0.0514735887405253,0.08919076139376782,0.12278348830061656,0.1527043067956711,0.1793753995410843,0.2032594604515696,0.224885826714565,0.24475765264664673,0.2632108187682833,0.2804458636502549,0.2966357533180719,0.31190475550119706,0.3263453150569976,0.3400523372893935,0.35308496323438515,4.297285406218791
-0.5396193687456692,-0.42549698467826796,-0.3465244111031521,-0.2877574088859135,-0.24338833123094405,-0.23479819086149378,-0.19703063890193423,-0.1932327950715073,-0.15962324587589596,-0.15862874707728752,-0.12926385242374855,-0.12546814134562942,-0.10563760956927082,-0.09705737438294594,-0.09945105568003502,-0.0751446785370091,-0.07135703471211777,-0.07135499394089934,-0.05028301094611964,-0.049287205218730486,4.382026634673881
0.054609981989592604,0.0904360361716186,0.11912545479752125,0.14285391247946166,0.16267169681042656,0.17932160369073452,0.1934968619715241,0.20586666269869297,0.2169075720188015,0.22685686129948215,0.23590367990835578,0.24421628077538216,0.25188399957906144,0.2590089454149583,0.26567147836067295,0.27190701636456777,0.2777890843312991,0.28334604673437475,0.2885998639875359,0.29361177029155033,3.349904087274605
0.11825681832978738,0.13802838182012717,0.15435019503008424,0.1684260232179625,0.18078375760382986,0.19174654129229413,0.20155179326714426,0.21039216935823332,0.21842860690660387,0.22579284019419946,0.23258920773013242,0.2388994680036736,0.24478870119649693,0.25030969075080967,0.2555057748436392,0.2604130332267133,0.26506189173376943,0.26947820380232557,0.27368412379968027,0.277698801209665,3.4657359027997265
0.10366341494551039,0.13809965599745613,0.1605938395799713,0.1764596777957069,0.188966159587935,0.19962865867036758,0.20846537195984474,0.21600996709165055,0.22302376093561677,0.22919805494894682,0.23459543585178103,0.23983266317841384,0.24453473968852,0.2487061446965309,0.25295683396627,0.25677045630815065,0.26013548905200806,0.26369170670274256,0.26687647068212944,0.26972751278287377,1.6094379124341003
0.1275055592838178,0.14266510833551285,0.1558150058451632,0.1676855692400903,0.17858208772333178,0.1886766612377785,0.19808227933923508,0.2068807320281453,0.21513556618003526,0.22289892628794172,0.2302154564882526,0.23712459790565918,0.24366191847356147,0.24985982983647828,0.2557479289672169,0.2613531453738856,0.26669982793754476,0.27180985217833503,0.2767027766375577,0.2813960409978769,4.248495242049359
0.1353261999564506,0.15161142426549,0.1649895694195997,0.17655438040000146,0.18677945538377436,0.1959445768085683,0.20424232338779866,0.21181680447530887,0.21878063799449324,0.22522358134311327,0.23121780365860495,0.23682174708802034,0.24208318850831945,0.2470416283281605,0.2517300895569465,0.2561764625304499,0.2604045222720707,0.2644347049326518,0.2682847059262914,0.27196994888226694,3.3843902633457743
-0.126325874855176,-0.06992221046104044,-0.021584316399704796,0.020978028518904183,0.05891819658385627,0.09296957606153383,0.1236489321205426,0.15134632597379927,0.17637788964646955,0.1990248032797777,0.2195651690150231,0.23829290245887147,0.25550780653861194,0.27147463561480645,0.28639092299829555,0.3003998253429342,0.3136151928335647,0.32612657389150485,0.3380059096357304,0.34931543114572955,4.31748811353631
0.08374043486324892,0.10505097223770006,0.12374141246724835,0.14070320862382438,0.1563183281229352,0.17080674592443906,0.18431514417235265,0.19695068626662657,0.20879699428461596,0.21992286813502396,0.23038753515430077,0.24024399151872736,0.2495411218005124,0.2583249102572234,0.26663892324572935,0.2745242447023506,0.28201910759235904,0.28915849404558497,0.2959739129437395,0.3024934261903983,4.442651256490317
0.039253921039968644,0.07630543012617086,0.10650808806490225,0.13194462256544415,0.15360655576807947,0.17214117986525015,0.18808872446051408,0.20198318661742976,0.21432657643721914,0.22547451017955802,0.23562986527476854,0.24495476204187433,0.25358199922272,0.26159767304554277,0.26908861816698515,0.2761208939952121,0.28273935757334806,0.2890011275201593,0.29493494883216154,0.30057243487569696,3.5553480614894135
0.08081901605600772,0.10624467680870313,0.127711126718431,0.1465026185254476,0.16318793139034268,0.1781096194047247,0.19151351041231104,0.20360077079784406,0.2145519361331904,0.22453452565029997,0.23369903467680245,0.24217134934310872,0.2500510307310076,0.257416740861546,0.26433220612014047,0.27084958142061993,0.27701216222369185,0.28285661523421674,0.28841413437115343,0.2937115239414092,3.817712325956905
0.12274879767991609,0.14031919492473477,0.15515447824700912,0.16822541822501255,0.17994560121986092,0.19055600196243172,0.20022293567820237,0.2090747271511154,0.21721783881063975,0.22474399480285642,0.2317328627488043,0.2382528899997412,0.2443619621200664,0.250108569671906,0.255533328283894,0.2606704462803973,0.2655489465131987,0.27019364923955413,0.2746259516851665,0.27886443478155304,3.7727609380946383
0.1380357069579611,0.15309584260896453,0.16568903235598734,0.1767353285525542,0.18662604927908824,0.1955881038601993,0.20377582343983563,0.21130478106372624,0.2182667145707723,0.22473681277660215,0.23077761363037227,0.23644141174108374,0.24177204307455757,0.24680637665088795,0.2515755869377228,0.2561062092793602,0.26042099185310835,0.2645395751201756,0.268479031963048,0.2722542973477711,3.6375861597263857
0.09033435549879598,0.11216531527298393,0.13098529575193157,0.14780757309557144,0.1630692504565782,0.17702465079064394,0.1898464754918525,0.20166487879904532,0.21258626207435824,0.222703428032072,0.2321010128854645,0.24085769439150095,0.24904611940384205,0.25673171482203083,0.26397169440170376,0.2708150544423603,0.2773034385771956,0.28347229127067597,0.2893519290366106,0.2949684595227969,4.119037174812473
0.10575837698283236,0.13592367539238537,0.1574238239765616,0.1736079142916086,0.1864623797211557,0.19725926622506862,0.20658900436992833,0.21471437531107523,0.22194127175330397,0.228491063135692,0.2344264466818279,0.23986632401983118,0.2449212747104061,0.24958978549655356,0.2539444093463889,0.2580645666323947,0.261914965476257,0.26554670279788206,0.26902389144563293,0.27229505800276943,2.3513752571634776
0.13840838316898071,0.15384093279795572,0.1665813953502515,0.1776521509885536,0.18749203822011004,0.19635714597807954,0.20442148603258997,0.21181402532551127,0.21863522692973852,0.2249654921619532,0.2308700847392481,0.23640245119536882,0.24160671813375556,0.2465196459890652,0.2511721484103463,0.2555904602958137,0.2597970359628037,0.26381124456868454,0.2676499125311314,0.27132775077327353,3.449987545831587
0.11392549820240779,0.13701100003071456,0.15526788492239052,0.17037913587816225,0.18314865295883298,0.19412421419358677,0.20372768914175413,0.21227333487225286,0.2199767588964286,0.22698707090079956,0.23341811382599942,0.23935908944804637,0.24487878802065752,0.250032995172505,0.2548677410284657,0.2594199372812591,0.2637206733547394,0.26779667370019045,0.2716699374443359,0.2753596393867299,3.0204248861443626
0.10349264414043058,0.1515531397491997,0.17225166857728583,0.18435953176181202,0.19961363535796886,0.20603721929097116,0.2096612565340785,0.2231582848363564,0.22575658941798427,0.22575658941798427,0.23786445260251046,0.23786445260251046,0.23947898984583194,0.24997231578703666,0.24767413096673802,0.24791207377862007,0.2568561360306368,0.2585629814305966,0.25772175214284765,0.2638688372032287,0.9162907318741551
-0.03436075404072157,0.004662112682820504,0.03880909629433597,0.0695487529309379,0.09756482666672228,0.12327660391433926,0.14697578441200126,0.1688810860785357,0.18916584646535284,0.20797455058100092,0.2254340978503869,0.24166205060786916,0.25677235768986906,0.27087801623874086,0.28408997919880874,0.2965128437785339,0.30823990137838747,0.31935065642961885,0.32991157915517766,0.3399782996922766,4.48863636973214
0.09685133553398881,0.11748529599209018,0.13529402620051934,0.1512404526345785,0.16573720773730732,0.17902295391326542,0.19125882543485645,0.20256544513411623,0.2130405702748812,0.22276857652701665,0.2318256351682461,0.24028210162140334,0.24820296687466348,0.25564723554783625,0.2626671839062057,0.2693081843328441,0.27560920081749674,0.2816036340500902,0.28732019790389884,0.2927837042042873,4.135166556742356
0.09396819240241128,0.11493901638209221,0.1330694511043175,0.14932442753745928,0.1641180296546272,0.1776898760170718,0.19020159335780815,0.20177386107406126,0.21250410880966591,0.22247610877808968,0.23176534101852939,0.24044163399382434,0.2485698537313171,0.2562093895300658,0.2634133271581564,0.2702280618288522,0.2766935962480562,0.28284428309716947,0.2887096725509804,0.2943152962949488,4.1666652238017265
0.10201939061678177,0.14597210713191588,0.16844915691185122,0.18194205656272705,0.1953986416575217,0.20479362473421656,0.21011832083772114,0.21945885222024208,0.22589477307786116,0.2280029819744942,0.23552449936364286,0.23989051126374514,0.24110428072744802,0.2483718228577965,0.2510505337036549,0.25121912871887075,0.25729047100360275,0.2601359798258753,0.26094032985827176,0.26537505462726013,1.0986122886681098
0.01571471180746563,0.052007006652201926,0.08278857578791839,0.10973226531861412,0.1336245843605927,0.15494925113802344,0.17404907880129225,0.19119703415690292,0.20663663001919894,0.2206045592566543,0.2333333202297088,0.24503329418216854,0.25587199586548637,0.2659741972475627,0.27543721185594855,0.28433943173811477,0.2927437227500552,0.30070297129231377,0.30826203793336576,0.3154587467407835,4.0163830207523885
0.1396496339332347,0.15461363120081748,0.16704447651663473,0.17790057281957142,0.18759101072997933,0.1963533185737544,0.20434848341312659,0.21169595043070727,0.21848923057589698,0.22480377400985174,0.23070142748268307,0.2362333242051771,0.24144201304221558,0.24636314282915867,0.251026811558164,0.2554586346508625,0.25968058351349554,0.2637116437093673,0.26756833348082676,0.2712651146355698,3.5409593240373143
0.1211360663348094,0.13883552774383082,0.1538239910330034,0.16706062983557107,0.17895356723896996,0.18973987823803226,0.19958247730644946,0.2086065713624189,0.21691593710183768,0.22460034120279235,0.23173844324051976,0.23839859703442756,0.2446392169647701,0.25050958387985256,0.25605112396567153,0.26129878327711237,0.2662822290337554,0.2710268329965761,0.27555446279855095,0.27988410414799764,3.817712325956905
0.03078790865172564,0.07700864264914965,0.11222862548831444,0.13978680215564412,0.1614266332722593,0.17871973778456826,0.19337929213141958,0.20631102042732868,0.21758810864347528,0.2277453156195821,0.23699946926294518,0.245296649383733,0.2531291669132454,0.26027762473217253,0.2668738794481572,0.2732863697763074,0.2790016086846166,0.28458868640171175,0.2899591359418249,0.2946871515287701,3.1135153092103742
0.09273172734925215,0.11532717884623786,0.13454546820818658,0.1515125892129482,0.16671802363703586,0.18045081006310912,0.19291271226439072,0.2042624618351963,0.21463662310859155,0.22415910247592394,0.2329433506712033,0.24109026654182442,0.24868564614805794,0.2558001615953067,0.2624917497067326,0.2688083647081386,0.27479006543033885,0.2804706730924382,0.28587908501952575,0.29104019591149133,3.901972669574645
0.12304566933558479,0.14191125213355585,0.15745218959032947,0.17084855070043128,0.1826171992237589,0.19307314828733835,0.20244511658399117,0.2109151991591259,0.2186326149732116,0.22571823422541695,0.23226793975652765,0.23835742948974123,0.2440472879758898,0.24938682337956283,0.254416680997082,0.25917079244293345,0.2636778213169793,0.2679621854311171,0.272044850322899,0.27594396139505717,3.4339872044851463
0.12527923293242826,0.1448541130781202,0.16033469684779225,0.17337628812759748,0.18468259252657362,0.19466192829836082,0.20358943016166156,0.21166447871154231,0.21903606296593195,0.2258173358053434,0.2320958912185521,0.23794109694551974,0.2434089263007197,0.24854515987743006,0.2533877166767858,0.25796837996566113,0.26231403748214327,0.2664476259327414,0.27038888278214107,0.2741549154025398,2.772588722239781
0.11120504946346474,0.13388172396341394,0.15217215430992934,0.16757210330723918,0.1807690287792868,0.19221666281696334,0.20227254780762655,0.21122843247795203,0.2193072964344153,0.22666827452058969,0.23342772013899582,0.23967667338063142,0.2454869626159205,0.25091568805775877,0.25601007154972,0.2608090996873203,0.2653449223821078,0.26964504012702445,0.27373281018109225,0.2776280217259902,3.2188758248682006
-0.4970783810688184,-0.2737348615200054,-0.13785900690881572,-0.053371728461952914,-0.02558812911039821,0.04465811798179549,0.04482585182284279,0.11251806803378449,0.11211751623042784,0.15497398604824125,0.18067224256630218,0.12308358330976706,0.22161602400444866,0.22162966169302994,0.2312130265745213,0.265362963356771,0.26711697106116916,0.27655343014387596,0.2891074658575424,0.31765366313417176,3.3141860046725258
0.11264998607163008,0.13389314016387038,0.15134806192897055,0.1663124163152004,0.17936209644005485,0.19085707446175398,0.20106949663386484,0.2102254917224761,0.2185143315598886,0.22608706038897516,0.23305903052336988,0.23951880418395585,0.24553665242222278,0.251169238467331,0.25646279066687117,0.2614558037886047,0.2661806165655807,0.2706645404078414,0.2749309743411291,0.27900006684641454,3.417726683613366
-0.05099283252326335,-0.002525262991283493,0.038294885275527595,0.07370424817661506,0.10481177719425838,0.1323126519880145,0.15669868003690157,0.17835905362885904,0.1976461762365732,0.21491965796117046,0.23055009645547023,0.24486681868816548,0.25810366735387014,0.27041910673837355,0.281940739658267,0.29276696855568274,0.30297450604493803,0.312632541366701,0.32179492494738804,0.33050973156088176,4.060443010546419
0.04609411285876952,0.07230512232636988,0.0954432397611725,0.11651560546222899,0.1359623902404975,0.1540413893167038,0.1709265408610599,0.1867456417024789,0.2015983213368044,0.21556596160046612,0.22871779776465445,0.2411149778686042,0.25281337771900153,0.2638655169062651,0.2743217014595867,0.2842304444013065,0.29363826064024345,0.30258905418405274,0.3111234179216172,0.31927814448536745,4.584967478670572
0.039155515498787555,0.0721468606337906,0.0999756214708555,0.12423366493367441,0.14565737838441956,0.1646984851815438,0.1816821089431585,0.1968759413322329,0.21052712805971946,0.2228762253240741,0.2341472558799438,0.24452537696577142,0.254148869389678,0.2631226856783745,0.27153115641394293,0.279441602116778,0.28690939198261195,0.29398174953404554,0.30069803887544977,0.3070923748200571,3.901972669574645
-0.45294031858997796,-0.3524666445324495,-0.26796057707675996,-0.19504855342225857,-0.13132130861465388,-0.07521445305432868,-0.025643120117760047,0.018174705340197602,0.05683275393582466,0.0908497719796202,0.12083144339906648,0.14764459614405573,0.1722557090873802,0.1951487654862993,0.21648711096049122,0.23658461500847985,0.25552224503006477,0.27342208152809255,0.29045509344335846,0.3065662950369638,4.412798293340635
-0.578354048941987,-0.44647567106649044,-0.3555393403543345,-0.2882824751326141,-0.23813403334874195,-0.22681763177435174,-0.1840830931836789,-0.1790797971558737,-0.14088351469371446,-0.1395733707594757,-0.10624680694691391,-0.10125264864923632,-0.0798989510452346,-0.06861975989729993,-0.07176707064121678,-0.044070209256383865,-0.03910168419297285,-0.03909471726915918,-0.015286926938972264,-0.013972637552674238,4.248495242049359
0.07015506589382259,0.09888553603735238,0.12281738497921926,0.14346609560534987,0.16151945357193428,0.1774049931554373,0.1914464657596925,0.20392846212556973,0.21511873990174396,0.22525785349185626,0.23453639349937766,0.24309248485049306,0.25103105453758173,0.2584364696057941,0.2653753413016843,0.271902570791166,0.27806473031292867,0.2839000214667166,0.28944151502088894,0.29471769472377163,3.676300671907076
0.06933591338109657,0.1002028627304441,0.12539940614043907,0.14669142551597622,0.164900986210936,0.18057027087194483,0.19415349684179312,0.20608033121165442,0.21672897510151715,0.22636743079464533,0.23516670541689233,0.2432612530378658,0.2507583915549904,0.25773588153035587,0.2642629731355517,0.27039550447375466,0.27617535908220947,0.2816442247434538,0.286832583373392,0.2917659666901105,3.4657359027997265
0.00713392635919608,0.0392532508973911,0.06753637551165452,0.09318805987386436,0.11674982877207948,0.1385459552107022,0.15879875840843508,0.17767340144213847,0.19529970104003674,0.2117845249003404,0.2272197159706266,0.24168759455139419,0.25526488468893194,0.2680253038475645,0.2800407584095886,0.2913810968927936,0.302112708279955,0.31229671793939273,0.3219876846483811,0.3312332743449173,4.5591262474866845
0.10440992118297783,0.1219113695080169,0.13738678869974774,0.1515555607631327,0.1647202033932028,0.17705175838619028,0.188662246281958,0.1996319780031679,0.21002226631747464,0.21988220784361784,0.22925267103245414,0.23816881507689674,0.24666176224919553,0.2547597378541379,0.26248884462022487,0.26987356555147546,0.27693705559949744,0.283701271014147,0.29018698491938455,0.2964137393340539,4.634728988229636
0.1004477306784974,0.11888809326090242,0.13512102090745878,0.14992100890255974,0.16361528228200403,0.17638978532716765,0.188366970717429,0.19963519873392016,0.2102624795756769,0.22030384955688384,0.22980573535722815,0.23880871509481166,0.2473493280515092,0.25546125402886827,0.2631760318672257,0.27052342386504025,0.2775315180147811,0.28422666595688384,0.2906333575935163,0.2967741173783451,4.52720864451838
0.12396276507907655,0.14472686215253439,0.16096524813335666,0.17442837286312055,0.185916240438354,0.19591755681916467,0.20476867127511492,0.21270929567922023,0.21991101986488998,0.22649938073433276,0.2325703065148927,0.2381992940950735,0.24344634998791675,0.24835995695307464,0.25298006173455617,0.25733978882732694,0.26146685414656556,0.2653848545249875,0.2691139830317401,0.2726715736092704,2.833213344056216
-0.06711208531661945,-0.010223841647161946,0.03619104241955894,0.07523703014973201,0.10848458562794946,0.13691767200113228,0.1612644311488272,0.18220395733625827,0.20049612910149187,0.21688395148301232,0.23180665228739272,0.24546855782765575,0.2580976948240034,0.2698330986859878,0.2807678929851433,0.291042467637846,0.30069105511262423,0.3098097052447163,0.3184623902376983,0.3266475097635566,3.828641396489095
0.13237954985950393,0.14698133419549778,0.15958857070073793,0.17093184937825034,0.18131633880461764,0.19091412451546932,0.19983838566580228,0.20817130688321786,0.21597698803633036,0.22330820210680408,0.2302101864526465,0.23672281717971314,0.2428818289033895,0.2487194631762671,0.25426480311161764,0.25954397465123225,0.26458032653949065,0.2693946381641601,0.2740053589892577,0.2784288623939404,4.1666652238017265
0.10953542445997135,0.1285543405609313,0.14485100023168182,0.15936999578793842,0.17251354398832272,0.1845138435401022,0.19552831519186228,0.20567595341826736,0.2150543379111596,0.2237483133261531,0.23183418140484932,0.23938114566853205,0.2464512549456514,0.25309899035212624,0.2593712981897242,0.2653082427105363,0.2709439812684276,0.27630773993951013,0.2814246658184687,0.2863165418706122,4.007333185232471
-0.5484850008187295,-0.3899591487010837,-0.27180769963410784,-0.17995154453854983,-0.10766737888611931,-0.051689813970046225,-0.010684133157617222,0.022038092475059362,0.057901771555325866,0.08051564167875276,0.11338741182721895,0.12819915240968222,0.15914726225146658,0.169837682250144,0.19662910392567154,0.2097509974069864,0.22638773007256377,0.2454830343933521,0.2520478074212183,0.27380731291066185,3.9318256327243257
0.10790225698002122,0.12624268513233758,0.14216351477665057,0.1565113222334498,0.16964445516149998,0.1817674794590089,0.19301639520997357,0.20349099055529968,0.21327005182485606,0.22241952026011041,0.2309971814260203,0.23905535119773638,0.24664224305546117,0.25380243947984144,0.2605768411724165,0.26700245484438323,0.2731122944450407,0.2789355081730741,0.28449769319226437,0.2898213000660582,4.241326752570746
-0.6468818953726634,-0.4369278539305518,-0.32119281031335045,-0.3167257029974561,-0.23144091975316605,-0.16975556066057412,-0.16528890250919542,-0.11123876887123886,-0.16528867794901161,-0.11123876887123876,-0.07000713929125252,-0.06554003202652675,-0.11123730057350728,-0.02594014656705872,-0.025953985575780283,0.004496274745962566,0.008963443516294996,-0.025953985573151945,0.008963382010688343,0.040198031668190345,3.8501476017100584
-0.03033044026348601,0.007760153536916696,0.0411594419046557,0.07128866459770536,0.09880545679856866,0.12411163972991994,0.147486217681564,0.16913809203460625,0.18923245407715653,0.20790637811578588,0.22527929030023428,0.24146058555607997,0.2565550841753596,0.27066609614662746,0.28389553091555014,0.296341108620591,0.30809219921378483,0.3192267857393492,0.3298110084375996,0.3399005753436038,4.516338972281476
0.08529237055391052,0.10941920090899566,0.1298956676945325,0.14792039906385054,0.1640193396651847,0.1785056855713888,0.19160024752772126,0.203479174748244,0.21429660915349094,0.22419433535507305,0.23330240688608475,0.2417348262577909,0.2495861285763863,0.256932529170083,0.2638358973020439,0.2703471720102587,0.2765086918991006,0.28235616041175965,0.2879200620484943,0.2932265978773792,3.8815637979434374
-0.10763319164640937,-0.0556284318901623,-0.010717807141249026,0.02913022865616329,0.06491921184114796,0.09728359920918297,0.12667051276106392,0.1534171378184373,0.1777936025125902,0.20003222376114196,0.22035045859070634,0.23896793071719571,0.2561119686918629,0.27200516563359356,0.28684106267423,0.30077039606223654,0.3139088075322494,0.32634894547758864,0.33816536604889397,0.3494193392785999,4.382026634673881
0.06596394832059291,0.08941924624399046,0.11009928105712441,0.1289331979113683,0.14632233640306716,0.16249938990147514,0.1776201634902044,0.19179854962761445,0.20512309327005954,0.21766605515398912,0.2294889176255956,0.24064598331166942,0.25118681027184675,0.26115781899416024,0.2706032182917546,0.2795653378200664,0.28808448573646417,0.2961985241666121,0.30394240227958463,0.31134784840623775,4.553876891600541
0.11223220327523772,0.13931538450630504,0.15893787446478513,0.1742071395616169,0.18662083656038175,0.19711281224107274,0.2062289733110337,0.21426434702744887,0.22143849636284482,0.22793716234260375,0.23387339788465017,0.23932644980519038,0.2443796537857256,0.24908674122484808,0.25348242751490424,0.25761536683611364,0.26151614653641997,0.26519891773366466,0.2686956821662498,0.27202562650394324,2.302585092994046
0.1160146408789604,0.13333103681292424,0.148294120021896,0.16173701795863166,0.17401109776077794,0.18531654021647387,0.1957864975894841,0.20551898011325784,0.21459176233087107,0.2230702624436232,0.231011931455133,0.23846862218859516,0.24548767883173653,0.252112252215267,0.25838127091431906,0.26432940789078657,0.26998722235919526,0.27538148649204447,0.28053561375302444,0.28547010498808617,4.1588830833596715
0.10735032642953489,0.12641245138242513,0.14282085411803566,0.15749579478829967,0.17082875198825329,0.1830449832313621,0.19429618125188014,0.20469582967761643,0.21433585493370405,0.22329537797278862,0.23164533111863844,0.23945051259881087,0.24677001966016546,0.2536569158126109,0.26015790819893614,0.2663134787049509,0.27215846206922445,0.2777228194834015,0.2830324015453926,0.28810962459645467,4.085976312551584
0.0730348582795206,0.09674789443644564,0.1173913095883815,0.13598270917847038,0.1529645755091105,0.16859515965787983,0.18304896436347332,0.1964555059064076,0.2089180260555453,0.22052394152662216,0.23135116749765466,0.24147188273526032,0.25095433109931337,0.25986301069160805,0.26825778521194926,0.2761927261560158,0.28371544764431544,0.2908672150886447,0.29768358957491753,0.30419523751826205,4.30406509320417
0.037574626477425876,0.07144811675098545,0.09988181071830159,0.12454609380105615,0.14621813467585185,0.16537757198787248,0.18237426808800197,0.19750344857665475,0.21104468759134623,0.2232703706123238,0.2344237162895536,0.24469186281544425,0.25420926364568913,0.2630804722905947,0.2713893390555448,0.2792019908103256,0.2865745017050306,0.29355395920519406,0.30017939873140953,0.3064856934241845,3.8501476017100584
0.12221378950582704,0.14373653829367292,0.16036851902853974,0.17407029708182756,0.1857134756525979,0.1958219307658668,0.20475160855470262,0.21275208203604098,0.2199995249881176,0.22662264700428306,0.23272031572300292,0.23837011714353828,0.2436332846830638,0.2485592896809316,0.2531888964965773,0.25755572392618126,0.261687898728605,0.2656094393072266,0.26934079915160086,0.27289950116214,2.6741486494265287
0.13547085686051316,0.14982576329343045,0.16215130590859714,0.17319470074614768,0.18326835782919368,0.19254889351745855,0.20115297289654105,0.2091658013641792,0.21665423459463143,0.22367355794580263,0.23027120500089923,0.2364888232919519,0.24236340263836592,0.24792789159291173,0.2532115763213054,0.2582403872008706,0.26303720894657384,0.267622207761978,0.2720131600745629,0.2762257638743886,4.069026754237811
-0.6692998289331937,-0.38777221328454214,-0.23847569162767682,-0.22876767847534515,-0.11595244655391104,-0.03809978207151016,-0.02844602688069442,0.04305192396880032,-0.028418962537525197,0.04305192402097474,0.09379473125706539,0.10350258007073702,0.043136628898686746,0.15619648217457738,0.15586732022891103,0.19234844567784007,0.20206876311902192,0.15586734720241358,0.20205629449344006,0.24337373990201017,3.367295829986474
0.13846397866860563,0.15311720305154142,0.1654686068825868,0.17637375735689015,0.1861940653685479,0.19513723274556943,0.2033433186960833,0.210916688688393,0.21794029666687173,0.224482716632882,0.2306018122699818,0.23634681024256504,0.24175966734332643,0.24687615735160565,0.25172683091502807,0.25633786919886137,0.260731818684174,0.26492820495382596,0.268944036699745,0.27279421608951293,3.7612001156935624
0.05959731597863074,0.08918460736052189,0.11409186993864794,0.13578994062639416,0.15494668760196648,0.17197024135979422,0.18715711866182302,0.20075497705687495,0.21299297989669222,0.2240892286827186,0.23423893566287374,0.24359870705165718,0.25228634140746026,0.2603934833121822,0.2679940588626949,0.27514755346335795,0.28190350240166007,0.28830391711960335,0.2943840562220834,0.3001745365710087,3.828641396489095
0.14105824771088823,0.15566347040414394,0.16781910737113187,0.17845581772688754,0.18796967975683887,0.196589664259699,0.2044701663232809,0.21172520131620892,0.21844375287061069,0.22469756735143548,0.2305455559031541,0.23603659102498195,0.24121150597350116,0.2461046443078889,0.2507450968227919,0.25515768811398504,0.25936375838946124,0.26338178204806356,0.2672278583499426,0.27091610244917036,3.56953269648137
0.13823440835349324,0.15228356091865958,0.16430129622910114,0.17504023641493746,0.18481524523140713,0.19380459570074934,0.20212630999987588,0.20986678008590717,0.21709387506711456,0.2238636631416786,0.2302240611831758,0.2362168543481878,0.24187882489486845,0.24724242092163676,0.25233622368018416,0.25718535117060815,0.26181184953855696,0.2662350748766011,0.27047205172972427,0.27453779660603095,4.007333185232471
0.07403295214615857,0.11574365799352708,0.14483596367442708,0.1653679816968559,0.1806364151310044,0.19363236770514033,0.20461519396781735,0.21370065593741844,0.2222022472818651,0.2296063867916246,0.2360695263845906,0.24254286218000654,0.24797008987761457,0.2529974237744908,0.2583026901360072,0.26248253992180254,0.26670889548836746,0.2711467547014284,0.27447096577722624,0.2781880997258235,2.4849066497880004
0.11329348955423446,0.13862309646852217,0.15752477357581748,0.17261376529282538,0.18509975818092714,0.1957427875269923,0.20503855330247142,0.21329147431946965,0.2207023363547107,0.22742881912128468,0.23359100507130084,0.2392733607698454,0.2445447495829911,0.24946322905017232,0.2540711376415007,0.25840447714420056,0.26249669486106586,0.266372010314514,0.2700510700031529,0.27355502267984616,2.2512917986064953
0.06274555077168945,0.0900905759644083,0.11346751192698235,0.1341457027945027,0.15269165802513432,0.16944416380884686,0.18463953732221963,0.19846220489412433,0.2110703852893002,0.2226098432482004,0.23321892496375368,0.24302619625388902,0.2521444020066212,0.2606667553084159,0.2686685252916815,0.2762111201611771,0.283345266750375,0.2901132898897191,0.29655108624986626,0.30268943254826775,4.02535169073515
0.11241069614178052,0.1332964884627589,0.15057031108593105,0.1654700919407256,0.17854003706720276,0.19011473282796057,0.2004428102105663,0.20972997203701618,0.21815161807159905,0.22585292960031517,0.2329485412021245,0.23952739081719357,0.24565985258697662,0.2514028150152472,0.25680276916577327,0.2618983206119905,0.26672198187955876,0.27130129105803363,0.27565980617181146,0.279817868828003,3.4965075614664802
-0.17461660016613864,-0.0652516078299631,0.010744272461366175,0.06526891985521578,0.10348367833078886,0.13093174280704334,0.15746030797241942,0.1783473957000988,0.1965126620732135,0.21548118434973634,0.22591010162580596,0.2454494629801193,0.2522325370515215,0.2678494368663295,0.2790632913640387,0.2833299075040373,0.30077011970239204,0.3032374332936233,0.3142695069276918,0.3246450749484969,3.2771447329921766
0.10514851533131146,0.12427527771169915,0.14080653677154345,0.15564190735357478,0.1691638825155668,0.1815920499818725,0.19307354551662398,0.20371753600620476,0.21361149934035306,0.22282992108936633,0.2314391320673738,0.23949979415864864,0.2470678082571359,0.25419426413929114,0.26092505734605376,0.2673006853539682,0.27335643977861307,0.2791229110556336,0.28462661191322314,0.2898905871199913,4.1588830833596715
0.10620094060173732,0.1297522758930355,0.1488322178866043,0.16493891594274215,0.17875822943758027,0.19074249755644956,0.20125380354376454,0.21059718484821874,0.21901264377509883,0.22667204954854286,0.2336991158104443,0.24019039733075903,0.2462221194236561,0.2518544028815775,0.2571370728065896,0.26211128781813897,0.2668107494284808,0.2712644193894123,0.2754968346863735,0.27952863640871434,3.2771447329921766
0.08986680662532079,0.11044552193291707,0.1284515279704215,0.14476551841013854,0.15976374237668423,0.17366238975614842,0.18660546910074316,0.19869825610782013,0.21002310767908453,0.22064807518480278,0.23063205637257495,0.24002801678762567,0.2488849511877885,0.25724890493155234,0.2651632703606132,0.27266859674266836,0.27980220334794303,0.28659786858864383,0.29308575189559755,0.29929255311974295,4.394449154672439
0.11008288517884163,0.13760360647355205,0.15760353795254123,0.17317362274336434,0.18582285917902097,0.19651337832723545,0.20580607263547496,0.21399622878111785,0.2213065723644139,0.22792990054102374,0.23398050695105427,0.23953749209893768,0.24468765910904988,0.24948545639382072,0.25396476039672095,0.25817687697553054,0.2621529892222171,0.2659058573695714,0.26946960653838214,0.27286389663939764,2.0794415416798357
-0.14409737802574807,-0.07526930848964662,-0.0187260976829514,0.029108115832202314,0.07009404348128526,0.10539822043208402,0.135839537893528,0.16209688558160334,0.18489101175606795,0.20507296351136703,0.22339164470836975,0.24019431501539096,0.25568880732052646,0.27011760194884793,0.2835717634724724,0.29618824777940256,0.30808132175189934,0.3192763666744658,0.3299248427407644,0.34000505265225056,3.9889840465642745
0.14190464736795225,0.15655797929092852,0.16863831696052817,0.17915293378715447,0.18852959378423864,0.19701316995048537,0.20476606735761788,0.2119058039203663,0.21852222182970396,0.22468645684740152,0.23045611460810547,0.23587855549230397,0.24099316368678708,0.24583301239399596,0.2504261259125289,0.25479644986596595,0.2589646035745855,0.2629484686480311,0.26676365363210636,0.27042386410497593,3.417726683613366
-0.5745946228751408,-0.46658397385460737,-0.3825686351067225,-0.3146052551259714,-0.2585300787038654,-0.21198490548392518,-0.17376914928240336,-0.14392778465506006,-0.12577864455668833,-0.09881640138602987,-0.08564109908024843,-0.06078797783469534,-0.05130554095963989,-0.02810946195119445,-0.021121201149784406,-8.57830525255345e-7,0.006891640229841232,0.023907047028625013,0.03305420899454974,0.0438658047991722,4.42484663185681
0.081695512031533,0.10592960012859995,0.12661434584425035,0.14491473717564832,0.16134142496712756,0.1761967905161901,0.18969123819934466,0.20198918801723412,0.2132315023964309,0.22354665275584046,0.2330542954720469,0.24186343833173377,0.25006871550431503,0.2577487587911052,0.26496789378566626,0.2717791368317062,0.27822661979629115,0.2843474403660278,0.29017319242693135,0.2957310444884044,3.970291913552122
0.12850842239140176,0.14406092409646176,0.15741803893502884,0.16937519696227446,0.18026616988787778,0.19028049153220813,0.19954408963257825,0.20814966502820287,0.21617071702187887,0.22366878898933523,0.23069737657813538,0.23730398578759168,0.24353112880238909,0.24941677029454082,0.25499458090665234,0.2602942070837148,0.2653416257597028,0.2701595599045989,0.2747679039659843,0.2791841219059592,4.060443010546419
0.08057168224812004,0.10997651398988449,0.13373975401214455,0.15363711484222875,0.17050247163521998,0.1849079890132995,0.19735119279249294,0.2082879481814789,0.21807374846655106,0.22693186492736855,0.23501588538628274,0.2424550010885501,0.24934270905187467,0.2557523553926491,0.26175054227605216,0.2673841832755031,0.27269459773564625,0.2777203312160817,0.282486071834148,0.2870193933091077,3.332204510175204
-0.6519792284140302,-0.46054012117229187,-0.3398499765806071,-0.2579148621555109,-0.24452555068413245,-0.177726201033894,-0.1777252209191599,-0.11780019597439846,-0.1178051159710925,-0.07463906958585995,-0.061296156872919644,-0.11262292964784323,-0.021544089056067618,-0.02154407003546219,-0.01640104917109252,0.018315051122190344,0.018386819164834204,0.023512695879542606,0.0460063567967853,0.05945498913351821,3.901972669574645
0.11952258393388446,0.1377987965541627,0.15320636736803098,0.16675424573593448,0.17887388374821014,0.1898180681027421,0.1997627113761032,0.20884498555429337,0.21717988321665588,0.2248671137271801,0.23199323310894757,0.23863205855718206,0.2448453476551001,0.25068433801140944,0.25619166605141197,0.26140308328585404,0.2663488217875899,0.27105467753357443,0.27554285177137067,0.2798325934939269,3.7495040759303713
-0.05793912209280903,-0.009580558522150203,0.031422452671614524,0.06721315017522185,0.09885179917323192,0.1270037502146217,0.15213766917564975,0.17461670753773673,0.19475547433679483,0.21286108227433861,0.22925274722790068,0.24424280110191765,0.25808813740109904,0.270969292624159,0.2830191974480691,0.29434517566814594,0.3050297522842866,0.31514159374490147,0.32473987280908356,0.33387234454509745,4.135166556742356
0.11827973584931485,0.14087590891032786,0.1582411579691245,0.17249128144691753,0.18455765996146434,0.1950036413623931,0.2042131500257469,0.21245270356672713,0.21990767199715275,0.22671307205937336,0.23297310918757175,0.238769205559067,0.2441651673345268,0.2492126616301233,0.25395423001397144,0.2584246956233495,0.26265326582394377,0.26666496110087323,0.2704809068540911,0.2741192175947554,2.4849066497880004
-0.4796898246344358,-0.3739075618200931,-0.28568213667295633,-0.21013924059898184,-0.14458181331046346,-0.08727240683220386,-0.037022574087399666,0.007009515804104424,0.045458470381837694,0.07891611857684482,0.10820325016154009,0.1345641998562223,0.1590029322750362,0.18165138833311797,0.20282774091451017,0.22281099218487033,0.24151481372883768,0.2593633019129723,0.2761318994802927,0.29216024458570156,4.382026634673881
-0.005866879230903873,0.0284674089555453,0.0586286623938534,0.08590784294804964,0.11089219352201511,0.13393634737160612,0.1552847853251782,0.17511982435507964,0.1935852719438062,0.21080010547735106,0.22686740469631228,0.24188066788206491,0.25592829399344463,0.269096296291582,0.2814690162403843,0.2931278381397688,0.3041486450094976,0.31459943408639235,0.3245392875264443,0.33401879076781354,4.52720864451838
0.05353373872758532,0.08015587853978494,0.1033616674901589,0.12425706092736073,0.14333031027797788,0.1608696460354209,0.17707120459054365,0.1920810076701728,0.20601548699865482,0.21897318074764968,0.23104204024711125,0.24230398331000583,0.2528372061673087,0.26271645613757477,0.2720117516003926,0.28078657026123593,0.28909666414541263,0.29699003357779163,0.30450773500001865,0.3116849290540202,4.343805421853684
-0.14400122052119585,-0.0853681721975759,-0.035065634627521484,0.009258609961786764,0.048794858306079276,0.08430225189047481,0.11631626504406327,0.14524029900820715,0.17139914247614077,0.19507835532713025,0.216557316600285,0.23613162629781873,0.2541088544882963,0.27076948288862074,0.2863273360810552,0.300935450154349,0.31471412392042836,0.3277585500492621,0.3401440082509712,0.35193554175273184,4.343805421853684
0.10788446166816658,0.13722406425001152,0.1580337417685106,0.1738653841402686,0.1865494522633073,0.19723789818887447,0.20649116485981922,0.21457524311549517,0.22177390862376822,0.2283046023838327,0.23423852738824869,0.23967395652795664,0.24472434761717413,0.2494062037353337,0.25376670488550435,0.2578874032310052,0.26175765129528195,0.2653986925102861,0.26887816147305027,0.27217306281690085,1.9459101490553132
-0.47373607279261665,-0.3723846224650382,-0.2870699644552672,-0.2134135568709451,-0.14899471563920252,-0.09223858114569898,-0.042052052970957196,0.0023516069188014277,0.041564290354599014,0.07608999060091769,0.10650006742118279,0.13362695059314247,0.1584729242360992,0.18159534426870905,0.2031409593267174,0.22342883731851815,0.2425635112410283,0.2606336054378578,0.2778492309567496,0.294122365871177,4.436751534363128
0.1315599017284883,0.14821699313535028,0.16205550735886215,0.1741051273461775,0.18480883793073372,0.1944284363779518,0.2031465028596726,0.21110326911707028,0.21841200689017387,0.22516588606895246,0.23144156396874568,0.23730187435391908,0.24279836884063274,0.24797363647087742,0.2528632018730377,0.25749698699397383,0.2619004315327864,0.2660953538003203,0.2701006108958882,0.2739326123892574,3.5409593240373143
0.1129267788734839,0.13456100901108506,0.15220496560705948,0.16722626316576303,0.1802392746501095,0.19163561167904605,0.2017161869276869,0.21073005456787855,0.21887930957794946,0.22631827232828278,0.23316166470689748,0.23949771852465077,0.2453966602377546,0.2509148082462926,0.2560982015310858,0.26098524703049136,0.26560800306228893,0.2699935486707974,0.2741651170800287,0.2781425939296307,3.332204510175204
0.10500385553428222,0.12432477779862329,0.14098698966643475,0.15590982055162234,0.16948468259577112,0.18193677338511968,0.19341752442779986,0.20403989819457904,0.21389506080581716,0.22306123188632268,0.23160847520741437,0.2396009666971605,0.24709760005465897,0.25415169797189724,0.2608105832707313,0.2671155281012018,0.2731021793027424,0.27880125325117905,0.2842392725814628,0.28943923868365207,4.119037174812473
0.1244474081332381,0.14037124477602939,0.15412441945762945,0.16648870777430033,0.17779207067216504,0.18822034491263898,0.1978964446136839,0.20691025323407125,0.21533251107614154,0.22322211037212542,0.2306301678249146,0.23760229331920962,0.2441797607466288,0.25040001976898174,0.25629687732956513,0.26190059416425754,0.2672380390806671,0.2723329396811188,0.2772062007978085,0.2818762443284086,4.1588830833596715
0.1187675447498467,0.13483108953481104,0.14888142847977376,0.16164234501597363,0.17341700859349007,0.18437637712544722,0.19463241883206786,0.20426572006120503,0.21333833684661616,0.22190063985062541,0.22999530484606123,0.23765976996974983,0.24492777480372305,0.25183029603694207,0.2583960645436035,0.26465179715068066,0.270622257313188,0.2763302443657792,0.28179658656825096,0.2870401791797121,4.406719247264253
0.13603059545175286,0.15092012204851968,0.1635352946883373,0.17471401051104168,0.18480933068801758,0.1940234891596181,0.20249250363856713,0.21031774022376137,0.21758012778293684,0.2243471755210326,0.23067656055135724,0.23661801638402205,0.24221445011565906,0.24750278708212603,0.2525147534254555,0.2572776308159613,0.2618149511727012,0.26614710315920154,0.2702918440634558,0.27426472392944323,3.8394523125933104
0.13816157056903872,0.15351051741302016,0.16623561253966168,0.17732509276078584,0.1872021757476027,0.196113804675008,0.20422830984560844,0.2116712268127711,0.2185411366610255,0.22491759408473955,0.23086564309130692,0.2364388314307321,0.24168151109229916,0.24663068991678017,0.251317510338275,0.25576840650977667,0.26000600282546743,0.2640498134398244,0.26791678947018777,0.2716217502591641,3.5115454388310208
-0.23875143800715784,-0.13364870298901668,-0.05405429541238888,0.00838616096680478,0.05776937163153565,0.0964553781211807,0.1266967039925664,0.15265150021720392,0.176602810766811,0.19690603993169445,0.2163594191211109,0.233418087844097,0.24892851061147528,0.26458872388857746,0.2764091875769267,0.2914738141368017,0.3010953302112182,0.31408724417027056,0.3245333540767229,0.3330607292256207,3.676300671907076
0.12279036875513584,0.14058151828217283,0.1555437178614316,0.16868009212628274,0.18041952480541282,0.19101350387059118,0.20063713864003166,0.20942672228405954,0.21749583392178204,0.22494201182093224,0.23184902008243738,0.23828768660700564,0.24431701242906528,0.2499859145673,0.2553351351778786,0.26039888061172173,0.26520611760320256,0.2697815957856324,0.27414663903556113,0.278319753157213,3.713572066704308
0.06581045073798669,0.11159773988258938,0.14277254519664948,0.1640292016409745,0.1796446788973065,0.19329721318232299,0.20437388024122913,0.21352737580744915,0.2225319980511075,0.2297312487956448,0.23639059073867516,0.24326216283647453,0.24819028025357817,0.25369025755425934,0.259218582764091,0.262823361763872,0.2677127994709213,0.27206687088417647,0.27498952422900813,0.2793482719899794,2.4423470353692043
0.11634397969673901,0.1332215494512454,0.1478890490328147,0.1611330603244969,0.17328438900110119,0.18453062550541857,0.19499561589124406,0.20476950927283477,0.2139227932097361,0.22251377124402846,0.230592866710874,0.2382051564857097,0.24539179323455315,0.2521906875860677,0.2586367244251097,0.26476175347672454,0.27059455033675217,0.2761608656532259,0.2814835908010744,0.2865830080989155,4.269697449699962
-0.22397800161842407,-0.15588593616464183,-0.09723650286839464,-0.04541979282995214,0.000908511750736401,0.042615513984400194,0.08031599234598406,0.11447122441962948,0.14544542695252488,0.17354628193893173,0.19906043992815026,0.2222856464271501,0.2435479996794206,0.2631818758479348,0.28147408776537836,0.29863050235391464,0.3148009121557984,0.3301057622703789,0.34463777193845085,0.3584729647248476,4.442651256490317
-0.4288898609889298,-0.3103651928998076,-0.2155991170044595,-0.1374139751131004,-0.07197465976279684,-0.01696492502242122,0.029088841720282716,0.06727823347156117,0.09909353707284327,0.1273569883655823,0.15361871403344401,0.17708035121319649,0.19931420137464817,0.21965177670447372,0.23849710577733854,0.2568149360608094,0.2726199898758381,0.2896893807693121,0.30297633086374254,0.3188747292646045,4.102643365036796
-0.5539857164420124,-0.43346782808866174,-0.35017861743056494,-0.2883386494219741,-0.24186211952092873,-0.2323219132870197,-0.19274444009742336,-0.18852653317543627,-0.15325020100708397,-0.152145707564609,-0.12134051979169891,-0.11712640923296033,-0.09671410400950077,-0.08719063607255913,-0.08984762081446218,-0.0643124537974197,-0.0601111215289215,-0.060107804061325376,-0.038038748817329056,-0.03693219456353802,4.330733340286331
0.063052019132564,0.10389869760099102,0.13411191746695889,0.15693035546919779,0.17435512843282786,0.18847823671838526,0.20075696389171813,0.21129922708667975,0.2205354969885802,0.22900149342484133,0.23647365237113788,0.24338283488725582,0.24986769406456777,0.25559586672454904,0.2611818090716367,0.2663846022518344,0.2710170543021722,0.2757811868754006,0.2800460305858089,0.28396867584153457,2.803360380906535
0.09278443075636729,0.11766491845109106,0.13825316476595287,0.15595014907069144,0.17138258731870587,0.1849430983179847,0.19693385039413575,0.20761874950174086,0.2172341146819709,0.22597723178840282,0.2339976075465439,0.2414061406251823,0.24828992914220308,0.2547187370062851,0.2607485062691355,0.26642590698030105,0.27179000212820614,0.27687334196659036,0.2817040283960561,0.2863060316460373,3.5409593240373143
0.0599400063088135,0.08446592062222788,0.10605427350746428,0.12567840046840015,0.14376123984724604,0.1605492635719901,0.17620820409337548,0.19085967293812617,0.20459860004884645,0.21750284996254318,0.22963911712303037,0.24106680373430914,0.25184062677647695,0.2620122681176345,0.2716311955472655,0.28074475855532743,0.2893977521305317,0.29763175801287084,0.3054845975611098,0.3129901056762192,4.5217885770490405
0.11766999121016389,0.1358826693918394,0.15133836903616307,0.16500511013218108,0.1772951627449406,0.1884479880724773,0.1986280496345595,0.20796180547565699,0.21655440560905856,0.22449740665326343,0.2318717536536564,0.23874840639025122,0.24518838586243125,0.25124331416371554,0.2569565936451979,0.2623648048974213,0.2674989649963643,0.27238556466605685,0.2770474079691635,0.2815042732201477,3.8501476017100584
-0.1265878891565875,-0.051661471645581804,0.007250511609929346,0.05507759397913133,0.09432027980010858,0.12651869450031747,0.15293426979689712,0.17514416626752988,0.19488905349816252,0.21270435871204874,0.22869231703451542,0.24351161558605805,0.2570044287632327,0.26953451259703415,0.28133594544776497,0.2920768507901862,0.30259497749458986,0.31210953329652596,0.3213207960263565,0.3302238424422547,3.7013019741124933
0.1295904537019448,0.1456891753551095,0.15932701972995153,0.17139438830552423,0.1822679006861475,0.19216457453834887,0.20123175403609694,0.20958074506600563,0.2173018930743848,0.224471805480328,0.23115674123228483,0.2374141424677241,0.24329347582868627,0.2488370174411911,0.2540807683685377,0.259055420815744,0.26378725108875706,0.26829888247326444,0.27260991565181514,0.276737440543078,3.828641396489095
0.10666425689485785,0.13072886704148715,0.15003306098035557,0.16617444720760632,0.1798995403102528,0.19171580282592007,0.20203488174867099,0.21119254042924368,0.21943455541913212,0.22692792428285502,0.23379552988269517,0.24013487792304591,0.24602102638471365,0.25151383863640836,0.2566634737097968,0.26151009048039253,0.26608700236982447,0.2704232384522007,0.2745425060004287,0.27846527583075453,3.1780538303479458
0.09614577666656478,0.1177843180353832,0.13626437571810546,0.15264986101874262,0.16740027456038942,0.18078472366004672,0.19298876156148267,0.20415582385522096,0.2144068900109386,0.22385019910754392,0.23258495665987572,0.24070114552267433,0.2482777681254629,0.2553818748667684,0.2620693741781437,0.26838688463610044,0.27437354655663415,0.2800624820870221,0.2854819917858969,0.2906564812212799,3.960813169597578
0.13230435624747944,0.1470274619148069,0.15971325991942315,0.17110726143242994,0.1815211563125194,0.19113099818168305,0.20005287427274696,0.20837137779356216,0.21615276242902343,0.22345180020121813,0.2303155901892118,0.2367857011003259,0.2428993384474941,0.24868994752670356,0.2541875311734967,0.2594188698085454,0.2644077470464281,0.26917521301552577,0.273739874525625,0.27811818821958884,4.127134385045092
-0.5070919812887614,-0.3956418188240164,-0.3036056627782417,-0.2254904998701421,-0.15825465642190262,-0.09996183918714478,-0.04931246581511989,-0.005408865944948186,0.03242206946206202,0.06489845644722927,0.09327843682682904,0.11929902971017019,0.1434528775278291,0.16569660009762252,0.18679550859840818,0.20635735082701373,0.22494134363052928,0.24252552040322628,0.2588957365033153,0.2750539135995831,4.350277936359301
0.04355216914201594,0.07429953698181525,0.10055037418736383,0.12370975364768483,0.14441759656364464,0.16306100835062387,0.17991145655705157,0.1951816243723526,0.20905546570824474,0.22170501225884198,0.2332962482916439,0.24398442407423704,0.25390402199051176,0.26316333929268765,0.2718479821252133,0.2800271803645563,0.28775763351581063,0.29508634283811075,0.30205317452442015,0.30869218648892427,4.04305126783455
0.08055594008166493,0.10334583835013872,0.12313049867092829,0.14091363068195725,0.1571298236975602,0.17203203543695636,0.18579114336859398,0.1985343244796557,0.2103635532679276,0.22136585634657,0.23161936479678474,0.24119667792907545,0.25016616442204265,0.25859170584957425,0.2665316345054117,0.274037774765231,0.2811552003385425,0.2879227123790875,0.29437366020858924,0.30053678958043106,4.248495242049359
-0.5661649198142177,-0.45256124338004605,-0.35962290534105745,-0.28137911883937455,-0.21450864987808363,-0.15692284555972563,-0.10725466331373265,-0.06461162178714751,-0.02839840665107113,0.0020459287611759003,0.028496648015882153,0.05348283211971939,0.07624635076350983,0.09738854411801193,0.11777688126193907,0.13574295500790537,0.15447639330064367,0.16967181598227454,0.18719857756899094,0.20013071427248305,4.394449154672439
0.028836597806974933,0.06023438701826381,0.08740337195016616,0.11166342715740528,0.1336145520901349,0.15361826702493203,0.17192431871661779,0.18872150828230672,0.2041637189035958,0.21838555515841868,0.23151222712636024,0.24366466672382084,0.2549596726379791,0.2655058746016885,0.27539867385637995,0.2847180002679254,0.293529753909485,0.3018885934335923,0.30984023482315876,0.3174233129753867,4.255612709818223
0.07279097631023508,0.09558157223621704,0.11560796734430598,0.13379876821625206,0.15055446791323135,0.16610698625567882,0.18061156825316338,0.1941818514078064,0.20690650793582815,0.21885837355562288,0.2300999947795919,0.2406872204000296,0.2506715492838093,0.2601015451470492,0.26902347092343354,0.27748128820336376,0.2855162456871042,0.29316635262640267,0.3004660071106336,0.30744591127196924,4.483002552013883
0.099110422306912,0.12163491569624767,0.14053459078816324,0.15701990753650294,0.17162023285711056,0.18465433445892943,0.19635307622435916,0.2069065091809329,0.2164829313881526,0.22523272876672298,0.23328465965346254,0.24074297653011217,0.24769006867774326,0.2541919979815699,0.2603026825501582,0.2660665572364363,0.2715208389222591,0.27669710374988266,0.2816222879004257,0.28631961995856653,3.7013019741124933
0.08600378166703547,0.12196933211518365,0.1479349357640393,0.16716289030479226,0.18189139217596872,0.19412732099770755,0.2047092464464079,0.21374271908623424,0.22178469565016132,0.22908949895840278,0.23557041319177388,0.24159725514212402,0.247186872567492,0.2522045823197468,0.2570416446659,0.2615630678971024,0.26565192334638393,0.2697198697492029,0.2734908222757205,0.2769344711313702,2.5649493574615367
-0.06189410139282164,0.0014487677123774252,0.05088450351624584,0.09071237286798921,0.12307258896988948,0.14935966219607313,0.17092418261690434,0.18942534768871064,0.2060096384521423,0.22077697348454947,0.2341701488109461,0.24650396638554953,0.25767815450383014,0.26822729027007153,0.2779216709316016,0.2869805271111137,0.2957092772767794,0.30355770862029197,0.3114064693879721,0.3186017897445867,3.5409593240373143
0.1275991598475124,0.1426446197785772,0.15571807001352395,0.16753703632545225,0.1784012562377807,0.1884795010256334,0.19788236737204795,0.2066896957261437,0.21496329855410065,0.2227536907445469,0.23010394919526772,0.237052014392346,0.24363205625313278,0.24987524188662272,0.2558101233247007,0.2614628091116952,0.26685704626254797,0.2720142979947013,0.2769538583578754,0.28169300876595105,4.283586561860629
0.08280493588155556,0.10603313448112671,0.1260296055030896,0.1438667381504099,0.16001090966143836,0.17473534201914326,0.18822675503921613,0.20062691312209083,0.21205284583249712,0.22260784217739898,0.23238715355360054,0.24147984315975227,0.24996789123023996,0.25792423638117584,0.2654115984987979,0.27248289095251726,0.27918263732544485,0.2855484829031091,0.291612476192729,0.29740214161644224,4.102643365036796
-0.07723315431926987,-0.016567114167458007,0.03239624216015666,0.07315588174558704,0.10748669319100838,0.13649908534070143,0.1610379688981699,0.1819574408089048,0.20024656948071218,0.21672007634434096,0.23168863035216058,0.2453773376908314,0.25805265585764653,0.26977633871566115,0.28072618949239897,0.29100125847883024,0.3006163434177408,0.3097647246183682,0.31836211847245877,0.32655477861458065,3.7727609380946383
-0.10585998612038798,-0.01243036450938707,0.05178068595056721,0.0970026707838006,0.12805371300349314,0.15185946330307515,0.1746873348526801,0.19128245622754675,0.20809101278307587,0.2225358878580342,0.23286050978905812,0.24853494958700845,0.25413799651308305,0.26790890045337484,0.2766746648859894,0.280973244114989,0.295428629792398,0.29744579991268305,0.3067843123521082,0.31534448115917724,3.1135153092103742
0.03861902145375461,0.06802216675926456,0.09355533370501455,0.11644386093741722,0.13723786061678112,0.15626605207363078,0.17375414300664366,0.18987161168604225,0.20475513455418595,0.21852233087371667,0.2312804734040938,0.24313159521841882,0.2541741746654599,0.2645016522585801,0.2741991593512823,0.28334082743190225,0.29198932447703146,0.30019722392226567,0.30800880744105563,0.3154616222953937,4.297285406218791
-0.6370638485979727,-0.39392691213664655,-0.24386197973659252,-0.14707577936856384,-0.12211242125776176,-0.042279563719773566,-0.04223429088978337,0.032358080179502945,0.032225576687561805,0.08157269087378702,0.10570866700282056,0.041952489887117306,0.15237110136251936,0.15237362715779446,0.16153036262388754,0.2014757933270589,0.20227476718621384,0.21133334057010383,0.23089881838124288,0.25632835375658497,3.5115454388310208
-0.13031921842122035,-0.07083876671464141,-0.0204083672776433,0.02354449309119207,0.062334030991223054,0.09679600207842218,0.1275176048929904,0.1549450277299554,0.1794527775548351,0.20139996231569224,0.22117116376208226,0.2391715389086288,0.255756331406635,0.27116909381695836,0.28557529443774776,0.29911061629027236,0.3118764469161493,0.32395397842820645,0.3354166938702485,0.34631983692218554,4.219507705176107
0.1012375519207901,0.12019336110089063,0.13674680942885487,0.15173374186536595,0.16550862894625656,0.17827386595545155,0.1901636544304228,0.201275831313933,0.21168684022611706,0.22145981586263366,0.2306493526808895,0.23930442606307345,0.24747012527000234,0.2551885350719607,0.262499002949054,0.2694380296196591,0.2760390315744204,0.2823321803446493,0.28834441882966144,0.29409964515782944,4.356708826689592
0.016583813634730302,0.04813442949478,0.07576913415204974,0.10071646391974037,0.12353032789559924,0.14454287907239477,0.1639821042120596,0.18201785817896146,0.1987845518037831,0.21439427287874022,0.22894530424877232,0.24252798124800892,0.2552285108408513,0.2671307499503256,0.2783158737186771,0.2888603846027354,0.29883367367471697,0.30829652204157015,0.3173010912632256,0.32589188776536887,4.460144413937834
0.12639338319981586,0.14146038580903683,0.1545920800477212,0.16649234227444648,0.1774550950029476,0.18764565478344328,0.19717212411995685,0.20611227813113667,0.21452605021440882,0.22246214959029198,0.22996188382056817,0.23706147658903862,0.24379348730332634,0.2501876515509738,0.2562713374829934,0.26206975992733195,0.26760606603810233,0.27290137996452335,0.27797486199564203,0.28284380485794725,4.343805421853684
0.0568274059468909,0.08232699693225501,0.10467242524448668,0.12489714169004502,0.14345349385538522,0.16060668933921274,0.17653603205946003,0.19137391042996474,0.2052245653988239,0.21817458951103996,0.2302994445537562,0.24166772029199796,0.2523438167882926,0.26238928971272574,0.27186300408356484,0.28082040177550305,0.289312430842125,0.2973847413941709,0.30507748264850154,0.3124256334632378,4.436751534363128
0.10759254272631535,0.1262789428633783,0.1424361375788189,0.15694520794858746,0.17017995853460033,0.1823545285115373,0.19361207861986593,0.20405854229624307,0.213778520491201,0.2228437587546818,0.2313178830446121,0.23925889180029905,0.2467201602483414,0.2537505263784734,0.26039401109462323,0.26668963464806705,0.2726715538603635,0.27836948440967924,0.28380925292767356,0.2890133547588495,4.1666652238017265
0.11178786724118465,0.12862512315341776,0.14342110337466468,0.15690399169492927,0.16937952904858838,0.1810204162872788,0.1919398030552154,0.2022190043875946,0.21192041271049922,0.2210943918262834,0.22978332396321544,0.2380241429622634,0.24584997404895928,0.25329119132240724,0.2603760630508408,0.2671310940167963,0.2735811536624668,0.27974947442917264,0.2856575989104168,0.2913253376515006,4.499809670330265
-0.10265099478476637,-0.048170912480878736,-0.0017995669229206143,0.03878500122878417,0.07475139261661874,0.10683962193198113,0.13557016426563512,0.16133917018309132,0.1844772921214432,0.20529482056158177,0.22411421205713808,0.24127279934298237,0.2570807847372535,0.27177120272993155,0.2855053970558323,0.29840985027007566,0.3105843654570559,0.3221064379550968,0.3330440577439061,0.3434526658328235,4.22683374526818
0.07399543872337287,0.09887752033582609,0.1202608928662086,0.13928870946401561,0.1564631093665121,0.17208058785771776,0.18634517957563398,0.1994130548329989,0.21141456741521103,0.22246633229395052,0.23267719221716474,0.24214938332593622,0.2509763356581451,0.2592397085059178,0.26700826731474264,0.2743391295045658,0.28127992794820894,0.28787068955862305,0.29414535358894234,0.3001330193623003,4.085976312551584
0.12642914798971325,0.14569680847813832,0.16115378621126228,0.1742101775084552,0.18550282333760848,0.195426656968168,0.2042629953835157,0.21222269075738306,0.2194647377022049,0.22610880440456346,0.23224629381627734,0.23794895485308878,0.24327433713377025,0.2482692390706155,0.25297226497637576,0.2574156741452578,0.26162664646481226,0.2656282867761481,0.26944043130615064,0.2730802198178283,3.1135153092103742
0.10359372112589482,0.12790338453075717,0.14754672556453907,0.16407397598561338,0.17820031432887054,0.19040405780487962,0.20107430644186164,0.21054022640425443,0.2190561104915844,0.22679886599886537,0.2338953641459066,0.24044575664149748,0.24652823263117107,0.2522042840339993,0.2575254365946549,0.2625336262171791,0.2672631164587472,0.2717437833969311,0.2760004131124436,0.28005395730069443,3.258096538021482
0.0737119773924389,0.09712894912589624,0.11755219188043396,0.135977620041572,0.15283733906474184,0.1683830263822021,0.18278433637219188,0.19616675381404328,0.20862978955711148,0.2202571035718674,0.23112265582221894,0.24129448029078715,0.2508367047568676,0.2598101229633131,0.2682716936627955,0.2762735660625567,0.28386230316004707,0.291078702303994,0.29795817147730624,0.30453137690621146,4.33729074083249
0.12912011764957854,0.14729971849984888,0.16185164300731242,0.1742442924357931,0.18509532384391372,0.1947577540297452,0.20346655719209997,0.21139189177241086,0.21866262948225,0.22537870401161514,0.23161886560127082,0.23744615331639726,0.2429118299157965,0.24805816301024217,0.25292041366226703,0.25752830722906733,0.26190713857103515,0.2660786084922667,0.27006147172078526,0.2738720483178328,2.917770732084279
0.06316118827992907,0.09487618256793787,0.12087137890682026,0.14291998624711716,0.1618469509272886,0.17818815184783304,0.19238299929959954,0.20484748245854748,0.21596373076732028,0.22602062062670872,0.23520351471051662,0.24365007086408544,0.2514734179666553,0.2587557844463639,0.2655669919200779,0.27196682030737346,0.2779989886999179,0.28370557076317643,0.28912040834411407,0.29426889264976985,3.5263605246161616
0.09394428463929579,0.11294035985568641,0.12974816264306285,0.14513327331781142,0.15941949131823524,0.17279092996153322,0.18536878767808726,0.19724033782183228,0.208472458804283,0.21911888257849443,0.22922448130847847,0.23882799474333558,0.24796385553434386,0.25666344133368574,0.2649559248351404,0.2728688155700081,0.2804282538388485,0.28765911000555466,0.29458494856135914,0.30122792310358104,4.639571612705423
0.07512747662769138,0.09930300733519211,0.12018518092747113,0.13885823574851106,0.15579588699424093,0.1712761987805501,0.1854888281668431,0.1985768440751718,0.21065719454663426,0.22183211321224316,0.23219552653208406,0.24183583708550302,0.25083582235932217,0.2592708237930238,0.26720695045945164,0.2747006257598486,0.28179950123819597,0.2885438802287762,0.29496803772316454,0.30110134319369325,4.1666652238017265
0.025740600520487787,0.06290051695969244,0.0938078478255533,0.12035980644292066,0.14345505856783555,0.16365519207788126,0.18138008416604576,0.1970010623563364,0.2108854623311826,0.22338531277972623,0.2347820873896272,0.24526393704899357,0.2549672761229312,0.26400399419596843,0.2724577431264944,0.28039820468261045,0.28788607485308376,0.2949675645184834,0.30168610491673425,0.3080775233703661,3.784189633918261
0.12703639492292118,0.1436804358037252,0.1577626264363818,0.17020328910915428,0.18139270754632628,0.19155667794338752,0.20084941754015834,0.20938832288663253,0.21726945713550858,0.22457478713181522,0.2313753737476127,0.2377326797627135,0.24369932301269887,0.249319950384261,0.2546323375199966,0.2596685300423066,0.26445586069030524,0.2690177957521598,0.2733746230326871,0.27754400187600653,3.8066624897703196
0.12375936961481404,0.14432857151419312,0.16055888519917783,0.17407653183972704,0.18563300279823483,0.19569922412271296,0.20460706765549547,0.21259728785502754,0.21984365884037652,0.22647305153990108,0.23258190907794907,0.23824607416007312,0.24352592220368083,0.2484702261780078,0.25311916866308004,0.2575061083375547,0.26165894808876794,0.2656014169717583,0.26935383315157585,0.2729336438451365,2.9444389791664403
0.09603571832750607,0.11795834415746284,0.13662180275768415,0.15312048869255224,0.16792825708871773,0.1813238589590663,0.19350099520444825,0.20461110582855715,0.21478349307268427,0.224134707965788,0.23277125614706534,0.2407883080561363,0.24826759461101913,0.25527711704847256,0.26187295469183797,0.2681016645912525,0.2740022346083366,0.2796076247410975,0.28494600885735766,0.29004168002330344,3.912023005428146
0.08901528603957484,0.11001729467257759,0.12833445907060917,0.1448807922683125,0.16004789413836185,0.17406147238365022,0.1870724626460461,0.19919181924871465,0.21050704219868704,0.22109121775586887,0.23100840650344323,0.2403169162997523,0.24907111777653856,0.2573221457450933,0.26511780083081093,0.2725020507128554,0.27951455583882956,0.28619050452839184,0.2925608006367991,0.29865247511229287,4.330733340286331
-0.5945882727691084,-0.41774984384039593,-0.31922322718747076,-0.31612079860915776,-0.24401384348938013,-0.1911857389684979,-0.1880833438830275,-0.14238479825875824,-0.18808332713688472,-0.14238479825875824,-0.1068496570450826,-0.10374722846738588,-0.14238463354929137,-0.07027531264893543,-0.07027784313836433,-0.043858181605833095,-0.04075574956983154,-0.07027784313834771,-0.04075575302813638,-0.01434734353201169,4.04305126783455
0.1349080778859958,0.1511199068057841,0.16450075765924338,0.176105950191806,0.186391003141567,0.19562489412910591,0.20399350672660976,0.21163708018207333,0.2186663571978801,0.2251705129402045,0.23122183292156284,0.23687914898073992,0.2421906695113707,0.24719628251868658,0.25192933913569354,0.25641800349479793,0.26068627963766916,0.2647547980567979,0.2686414217653374,0.2723617204545965,3.449987545831587
-0.09007525292963367,-0.013421474243809713,0.04378388479364209,0.08786539666420749,0.12188120628791015,0.1480613401326888,0.16949313908152316,0.18883126319829457,0.2054274790190335,0.22031898939533526,0.23415389604441178,0.24589643124969937,0.2578437463972269,0.2678739375718063,0.2775910364627288,0.2873775045573908,0.2946387605762907,0.3041085385464996,0.31089159277610323,0.31787190280171906,3.3843902633457743
0.1138461388731696,0.1303585432504901,0.14487080541686742,0.15809903164750774,0.17034351167258519,0.1817736459231725,0.1925002789787433,0.20260296665354752,0.21214266800013273,0.22116851368344664,0.22972177365235547,0.23783833803866494,0.24555032415083863,0.25288711794964164,0.2598760186534015,0.26654259323799,0.2729108248250892,0.27900313266812277,0.28484033572278067,0.29044161756131315,4.505349850705881
0.13719374952699046,0.15156969823529068,0.1638294431858322,0.17475484398008975,0.18467373382075242,0.19377241015897076,0.20217484417962212,0.209972348336388,0.21723710747671993,0.22402904488895176,0.2303994771386081,0.23639308562714084,0.2420490072457988,0.24740151263498347,0.252480535983817,0.2573121729914223,0.26191916988900593,0.26632138701858127,0.27053621793188465,0.2745789550929407,3.9512437185814275
-0.050714998369873324,0.0002683762103081288,0.042587544327505444,0.07879023479046976,0.11015055721583769,0.13746728881508116,0.16131500146641423,0.18217828371041095,0.20054435924732886,0.21693234353122623,0.23180548763933947,0.24545938699331477,0.2580755168332853,0.26981342194352465,0.2807856487116384,0.29107908479012384,0.30078170605266064,0.3099477484681177,0.31863802358015725,0.3269027106050906,3.9318256327243257
0.10775949568506311,0.13670862482819515,0.15760660534251172,0.17355681996670966,0.1863248251926441,0.19705595682294824,0.2063509636648246,0.21449051094972285,0.22173175301217138,0.2282895507391261,0.23425682287063365,0.23972551088745347,0.24479933256202568,0.24950818961086207,0.25389596755705734,0.25803408208390066,0.26192525746373335,0.2655901618646091,0.26908499936035746,0.27239816622616037,2.3978952727983707
0.12170107217852275,0.14261210347488829,0.15920852226383025,0.1730613664138497,0.1849007127504287,0.19519573823656156,0.20428774370879718,0.21242958001958534,0.21980434009728425,0.22654455290255737,0.23275031270073934,0.23850021518360454,0.243856656035406,0.24886992251658405,0.2535814505064022,0.25802557407651205,0.26223094261090796,0.2662219278004198,0.2700193630480827,0.2736410985544904,3.0204248861443626
0.10469315546918598,0.12465152368434564,0.14173303748527696,0.15692504762489484,0.17065002922941636,0.18315313285416962,0.19460158699880684,0.2051228305635055,0.21482243749229168,0.2237931787101886,0.23211912895720996,0.23987666301764188,0.24713386968535347,0.2539498786742703,0.26037503339203455,0.26645189157569676,0.2722165014029916,0.2776995640180747,0.2829274106970677,0.28792280279481675,3.9889840465642745
0.1268901574220235,0.14535049158464652,0.1604163499943413,0.17331883222697686,0.18460198277787707,0.1945990803158154,0.2035499749007077,0.21164068484099308,0.21901827108787966,0.22579815083188853,0.23207037543578132,0.23790588195813855,0.24336160538827178,0.2484839876398626,0.25331140222901,0.25787595947688113,0.26220481525099104,0.26632112155090404,0.2702447774591862,0.2739930166605214,3.3141860046725258
0.1098996334633046,0.12817184970906098,0.14397689724972215,0.15817839231052147,0.17114200746727506,0.18307680453357514,0.1941222511666945,0.20438128576630132,0.21393585501807513,0.22285518825084982,0.23120043682634445,0.23902716436531707,0.24638642819121756,0.2533249807228196,0.2598850835197467,0.2661043510636196,0.2720158490016039,0.27764844749337236,0.28302730885396127,0.2881743965568669,4.174387269895637
0.12363439993545366,0.14385641574668637,0.15975572125651907,0.17307944421124222,0.18457478228166452,0.194678777656932,0.2036873811899873,0.2118144020426416,0.21921791859446285,0.22601659714951372,0.23230171482745665,0.23814537736393973,0.24360556903418654,0.24872951602577253,0.25355623315056475,0.2581183462537994,0.26244336620698006,0.26655471068576714,0.27047250775660525,0.2742141658954473,2.70805020110221
0.01504561135987858,0.04964089792660265,0.07935959341659252,0.10569395905724054,0.12933630853484274,0.15070890024014158,0.1701062264097993,0.187754022816077,0.2038409625634754,0.21853839938240294,0.2320118605981759,0.24442344801079222,0.2559249454125794,0.26664730069568604,0.2766960113693245,0.28615503842895346,0.2950926286517798,0.3035648282450539,0.3116183471851831,0.31929296044082384,4.174387269895637
-0.047940715151459055,0.03157438120726699,0.0854399389101791,0.122375646479855,0.14736966503449253,0.16841905449222563,0.1871576971712276,0.20055254187588012,0.2157123460397041,0.22626060307597584,0.23659823240307762,0.2487473615171189,0.25325263276591076,0.2656141515569597,0.27193958888422276,0.27649495732696794,0.2881534745844887,0.28985297907822233,0.2976214320259588,0.3046360553267564,2.917770732084279
0.12030266662989927,0.1407332645967298,0.15724890103303368,0.17123559997900858,0.1833206734585224,0.19390351501161426,0.20328299137972802,0.21169445355099614,0.21931984008188887,0.2262953786880369,0.23272342606265214,0.2386836347664765,0.24423955454580415,0.24944246534087014,0.25433449755053006,0.25895077982337633,0.26332074668585126,0.2674693377757505,0.2714179358331872,0.27518492770520775,3.2188758248682006
0.10524832873863617,0.12302849780392287,0.13866591477111553,0.15291736650155965,0.1661017689738063,0.17839990585141488,0.1899305940663884,0.20077944636562767,0.21101229866338156,0.22068240242493914,0.2298346664538291,0.23850832742210012,0.24673868839124732,0.25455824238072744,0.2619973514998907,0.2690845912680147,0.27584685353331906,0.28230930312341634,0.2884952814591902,0.2944262320450482,4.51085950651685
-0.13970404325101188,-0.026803685709414396,0.045887370935294255,0.09313899050043378,0.12229175622487354,0.15008632395734342,0.17266813861935404,0.18725255970911875,0.21018820807269337,0.21399062865258428,0.2377287861398059,0.24463892975807583,0.25264989484879063,0.2719221745098613,0.2668160188621207,0.28715384614385137,0.294286069350334,0.29621972316672085,0.30905901203177377,0.31464414128059925,2.995732273553991
-0.6569380221476773,-0.4584255198690869,-0.32354763444268736,-0.22636074140736556,-0.15780740121955372,-0.1321884194071071,-0.0734878919753007,-0.06213910518562279,-0.008599060269164174,-0.005628766841773714,0.04100753283708032,0.05200764235917675,0.07536741030997815,0.10000560999339665,0.0931103435533144,0.13272658348582597,0.14332809627308546,0.1434818686619487,0.17612858825567326,0.1791841748846094,3.828641396489095
0.11650039938667126,0.1367290102842567,0.15340367460216087,0.16775732375669036,0.180332608118712,0.1914638257957621,0.20139874708627425,0.2103399543163986,0.2184569293856984,0.22588748833861963,0.2327396171775383,0.23909730763032006,0.24502728142669458,0.2505835684849388,0.2558104364704372,0.26074472110658925,0.2654174621417591,0.2698549867059309,0.2740798410010437,0.27811149876852725,3.449987545831587
0.11921853011318642,0.141363878473265,0.1584596368671398,0.17254743453874466,0.18452026414576295,0.19491464790075094,0.20409655595495374,0.2123230421680077,0.2197753255836585,0.22658563534165477,0.23285561630744775,0.23866508153444652,0.24407698565955085,0.2491421917506861,0.25390263173267663,0.258392869608806,0.2626418165537695,0.2666741783476845,0.27051098774533966,0.2741702557900947,2.5257286443082556
0.10521349166978038,0.127487064110617,0.14593608139110528,0.16184626811515226,0.17578533520905434,0.1881040413901098,0.19906598523996388,0.208893656133048,0.21778094182661686,0.22589012217076757,0.23334856269231444,0.24025374632825455,0.24668233031589712,0.25269609564893464,0.2583452322796117,0.26367134250372504,0.26870943315528856,0.2734890189607893,0.27803533441014244,0.28237014652576103,3.5263605246161616
0.05364502473302605,0.08404206059221388,0.10969011169716611,0.1320745270161997,0.15187245992467774,0.1694971962715849,0.18524666832968165,0.1993667367561049,0.21208323433666737,0.22361278938162943,0.23415416110944942,0.2438714882908002,0.2528894773476954,0.26130410586673797,0.26919261879423645,0.27661721427597313,0.2836292151753632,0.29027224190384293,0.29658294965399895,0.3025929574285734,3.871201010907891
0.034885805233188405,0.06332881618650904,0.08831848672397945,0.11096347003166304,0.1317551590345247,0.15098454298838795,0.1688496317302888,0.185497000086483,0.20104189667669378,0.21557958685219186,0.22919250810082825,0.24195510626760686,0.2539371013397303,0.2652054049498278,0.27582472228463667,0.2858569784716635,0.2953600291022382,0.30438637558689213,0.3129824941865606,0.32118891933307425,4.499809670330265
0.1394728810974108,0.15481059529162428,0.16739378524303739,0.17829537766845577,0.18797404079004748,0.19669433318319446,0.20463298760032225,0.21191859006409153,0.2186496780704751,0.22490416726861048,0.23074486463173513,0.23622307422135766,0.24138117053319233,0.24625451920297098,0.25087292950383594,0.25526175786018074,0.25944275333404176,0.26343471247091504,0.26725399167116587,0.27091491240252613,3.349904087274605
0.10461312768771196,0.12531161287169704,0.14285823601297823,0.15832621669215438,0.17217806228662194,0.1846858066300902,0.19603933071146654,0.20638798419157456,0.21585947767623062,0.2245679461934966,0.23261570456547667,0.2400920163512255,0.24707207914431897,0.25361794789942305,0.25978081983656637,0.2656033009382369,0.27112116112555734,0.27636473772510034,0.28136002585167574,0.28612947468426914,3.8394523125933104
0.10913740377656123,0.12657915048466636,0.14186471610006282,0.15575757506736176,0.16857918510800188,0.18051170880919082,0.19167494945386332,0.20215541616777338,0.21201990031510048,0.22132274722433345,0.23011013132093536,0.23842271751123523,0.24629734602268133,0.25376805942219455,0.26086665489458927,0.2676228975963632,0.27406452270501225,0.2802171495789657,0.28610420897131966,0.2917469414606859,4.436751534363128
0.131353728142603,0.14901829914125922,0.1633384638370141,0.17557144192323493,0.18627156232613623,0.19577232464742153,0.20430587604592698,0.2120457320809874,0.21912544968400618,0.22564884808860072,0.23169726236046728,0.23733529403052367,0.2426151350205771,0.24757959214894354,0.25226421563757057,0.25669886610764,0.26090887522453016,0.264915910516196,0.26873864697098154,0.2723932963060391,3.2188758248682006
-0.2545658161264318,-0.12768759753957615,-0.03875122412704752,0.025949613024492113,0.07220111789231685,0.10433302148663995,0.13401834327425083,0.160062970367009,0.17936203138006845,0.20338514437100483,0.2139960028539785,0.23780454016845048,0.24569222343155403,0.2636704327174614,0.27719791624355566,0.2817949620574719,0.302285469262166,0.3052396419875079,0.31820134897574087,0.33048811456159677,3.417726683613366
0.14996871579672708,0.22495307369509057,0.14996871579672708,0.22495307369509057,0.22495307369509057,0.2688161112062875,0.22495307369509057,0.22495307369509057,0.22495307369509057,0.22495307369509057,0.14996871579672708,0.22495307369509057,0.22495307369509057,0.29993743159345415,0.22495307369509057,0.14996871579672708,0.29993743159345415,0.22495307369509057,0.22495307369509057,0.22495307369509057,0
-0.060658454369956726,-0.01792029737108179,0.01946693891071639,0.0530888345228496,0.08369378089488408,0.11174487593865477,0.13756595049728856,0.16140029273488649,0.18344062668647015,0.20384730171726118,0.22276093936827557,0.24031196757168444,0.2566275020007848,0.27183472216654075,0.28605955531618427,0.299421052989334,0.3120248250136959,0.32395987487815203,0.335299828500195,0.34610585004203415,4.505349850705881
0.1015215528310607,0.12031059469518984,0.13674356309703237,0.15164204533232617,0.1653541090083269,0.1780782430678265,0.1899458327042496,0.20105242337496818,0.21147240436177875,0.22126692855503408,0.230488592447066,0.239184333345125,0.24739720144203123,0.2551673347760598,0.2625323472451255,0.26952732461136003,0.27618463658855874,0.2825337556172326,0.28860120286800195,0.2944106483375485,4.388257184424518
0.08288953502979639,0.10374691606713796,0.1221539232722207,0.1389510349611482,0.15449686581157435,0.16899705914886887,0.18258804935155848,0.19536881672655745,0.2074158019682835,0.21879096935384845,0.22954662978769366,0.23972854197880145,0.24937799157774432,0.25853318514460616,0.26723012508056654,0.27550305973929456,0.2833845914145623,0.2909055468679746,0.29809473948121024,0.30497874916120465,4.574710978503383
0.12290741449011128,0.1411915586507867,0.15642736163098242,0.16969481819644439,0.1814601189096208,0.192001157847734,0.20151541671255643,0.21015905755639014,0.2180623478672407,0.22533506210753942,0.23206830937487405,0.23833636241837566,0.24419947605676115,0.24970693005431047,0.2548994948129911,0.25981126083156564,0.26447104106056724,0.2689034291886151,0.27312958456623265,0.27716784498950287,3.58351893845611
0.09884463164842448,0.11726711241564418,0.13353715347786896,0.14841131549910652,0.16220899514835702,0.1751114964506571,0.18723802219389074,0.19867436329948987,0.20948628534558092,0.21972669708041215,0.229439885172791,0.23866420061076257,0.24743384406040705,0.25578007298558414,0.26373199923337737,0.27131707280464806,0.2785613188734701,0.2854893913974845,0.2921245125718914,0.2984883690425805,4.600157644164547
0.10790360560976178,0.12518249919766186,0.14039890489221357,0.1542855551010655,0.16715053951883702,0.17916809047733198,0.19045243099318263,0.20108563110118194,0.21113058846856445,0.22063796419658052,0.22965026329386665,0.2382044028102902,0.24633339387420444,0.2540674508354741,0.26143469509068307,0.26846155533311045,0.27517294203761117,0.28159227022409744,0.2877414043792533,0.29364059105396717,4.543294782270004
0.06432672401586054,0.09075281408338064,0.11347903627521956,0.13369899689854964,0.15194167743453751,0.16852115053958414,0.1836540226209615,0.19750606984129948,0.210215620231714,0.22190668257936508,0.23269569298702278,0.24269295710162161,0.2520000311512593,0.26070590555385575,0.26888528785630955,0.2765998894639373,0.28390093720160015,0.2908313133633066,0.29742725614295923,0.3037197680962346,4.110873864173311
-0.38713732826521957,-0.2580669497289306,-0.15951843734067658,-0.08147207535009188,-0.018926519255086198,0.03086795265840689,0.06972582464266307,0.10097883893644548,0.1304701303505363,0.15615678836713742,0.17918014694471807,0.20181809080916643,0.21933669716492118,0.24049864567068507,0.25357324656623503,0.2734481669846666,0.2848496101556091,0.30105989452341236,0.31434689155634443,0.32437259088131953,3.8607297110405954
0.114384364284222,0.139627400922531,0.15854893203548603,0.17357785336438533,0.18594652566758688,0.19645021257142165,0.2056048371842481,0.21371894647831532,0.22099361074060858,0.22758886217477578,0.2336251258463207,0.23918602813021753,0.2443415258954387,0.24914944126223657,0.25365053355604295,0.25788160249172754,0.26187620400162676,0.26565687470464194,0.269244998380092,0.2726620361630298,2.5649493574615367
-0.10192404950014664,0.001049440319163154,0.06671216577753848,0.10854526229752688,0.13465440685307964,0.16099629539548876,0.17997430807215484,0.19469972233223282,0.2144035345688182,0.21827245277935262,0.2399510237480895,0.24541379836660715,0.2532579096961476,0.2707079752378064,0.2661993969841718,0.28432634720428335,0.29074780048952775,0.2929671267957185,0.3036551049168067,0.3097012648522103,2.8903717578961645
-0.0029966215876509814,0.030659836272283286,0.06027596622447245,0.08710840015491879,0.11172601812022666,0.1344712711959411,0.15557976597344444,0.175226922138614,0.19355082135908705,0.21066529989276772,0.22666840534400112,0.241648336200395,0.25568770977272565,0.26886634134860204,0.2812623950779517,0.2929518257874873,0.3040065091108179,0.3144920612435286,0.3244664582011961,0.3339799004046628,4.553876891600541
0.13555339831994545,0.14978342139088588,0.16202915655556036,0.1730217769003826,0.18306664898156197,0.19233607535928646,0.20094354392198305,0.20897163097469426,0.21648486412149545,0.2235364096075321,0.23017178226976595,0.23643094512823642,0.24234948067535983,0.24795923205884685,0.25328867364777197,0.2583631781005632,0.26320527009316225,0.26783489677018807,0.27226970982215737,0.2765253428355648,4.110873864173311
0.12832447971712702,0.1448843077906963,0.1588533912525986,0.17116534911243775,0.18221674917093114,0.1922377220356405,0.2013860478324039,0.20978219344218776,0.2175247415978686,0.22469746138321536,0.23137239611472202,0.2376112419224799,0.24346632992514308,0.2489817672170201,0.25419472753936406,0.25913668348895796,0.2638344542556702,0.2683110583617278,0.2725863970379737,0.27667779507624013,3.7612001156935624
-0.4808904984930008,-0.29169829497146677,-0.16507795530356825,-0.0763321159131617,-0.017300461821615667,0.015018571791781284,0.06563415303917386,0.08015343754074691,0.127489749298209,0.13128092285224383,0.17316690184117917,0.18591371413287694,0.20235749993853638,0.2309355952617439,0.22292644848089205,0.25937681116268657,0.27115715499633763,0.27175655253698966,0.30010940967961647,0.30428113004420193,3.5263605246161616
-0.18567377005824723,-0.10792209252379988,-0.0446083306298906,0.008500671790193301,0.05362713790745831,0.09215445616127337,0.12504421956016168,0.15310877365260878,0.17728116171253294,0.19870875081860068,0.21823988544144957,0.23610560324929517,0.25259460793608435,0.2679592722502243,0.28222545967624696,0.2956625131552799,0.3082598621688852,0.3201408001724712,0.33146821297361573,0.3420844483854739,3.979681653901961
0.09991646397559044,0.12816053612424322,0.14989768348601365,0.16728325003427538,0.18145521699599648,0.19330665450686232,0.20354219780895597,0.21258007381751884,0.22064297956735454,0.2279226493617558,0.23456947478832157,0.24067222886464568,0.2463180868270511,0.251577722153725,0.25648832977194774,0.26109946748458024,0.2654506038936793,0.26955752300967184,0.27345523192577054,0.2771663653001078,2.8622008809294686
-0.02652169702963745,0.01070139047019697,0.04340202992642422,0.0729582682926361,0.10000405230317405,0.12492535766287757,0.14798965160403316,0.16939691402149784,0.18930497127537652,0.20784428892592008,0.2251277654606173,0.24125779845465187,0.25633143845968187,0.2704436192042746,0.28368805938248237,0.2961556829458194,0.307931382671091,0.31909095005359295,0.3296997820117346,0.33981346782687405,4.543294782270004
0.12018241300182461,0.14021281261380894,0.15654323513765966,0.1704769547615953,0.18259549693796118,0.19326327526173476,0.20275176277943346,0.21127833422875322,0.219016847527906,0.22610190499013724,0.2326360532809855,0.2386989005614121,0.2443539489861192,0.24965259795395656,0.25463703492708295,0.2593424536458133,0.2637984632144904,0.26803016233715893,0.27205906825932447,0.27590374110359894,3.3141860046725258
0.026164900455849963,0.0677547327120433,0.10110421755627488,0.12870600256628173,0.15177091197298573,0.1711205127297818,0.18750427425705624,0.20170131139551306,0.21434265153095916,0.22573327481463235,0.23607058511078935,0.24556633249578666,0.2543201225637862,0.2624411749416401,0.27003960063982735,0.2771395584030474,0.2838370659740287,0.2901662711340286,0.2961364962664238,0.3018451113122717,3.4657359027997265
-0.0012417586418550848,0.03405531008156769,0.06474549178623752,0.09223743097245311,0.11718149232127512,0.1399736165604389,0.16088824104683855,0.18013167612055545,0.19786943544322522,0.21424285954599806,0.229380359902678,0.24340484725448855,0.25643708697927187,0.26859438139217934,0.2799855611664783,0.29070575698299056,0.3008345603964283,0.31043776184883703,0.3195700902019368,0.3282774306906171,4.363098624788363
0.03534531432980939,0.06771071233870592,0.09529050418814378,0.11956573063320687,0.1412174627997712,0.16065995710715106,0.17818480557644623,0.1940216461891892,0.208370924878761,0.22142226699247955,0.2333598415415497,0.24435475250737052,0.25455204736505527,0.26406571819346375,0.2729850038264055,0.2813820028761634,0.2893154420253433,0.29683400946071103,0.30397911390529386,0.3107859953159975,4.034240638152395
0.07455677085205863,0.09907630946294047,0.12020370752193717,0.13905155478217457,0.15610721724668444,0.17165757642149418,0.18589911144373625,0.1989810330925763,0.2110265044925575,0.22214440283369982,0.23243560747006836,0.2419951341970483,0.25091109001652806,0.25926221037466646,0.2671161909747587,0.27452995092409305,0.2815511965541085,0.2882201272838307,0.2945708613465486,0.30063262976726857,4.127134385045092
0.10438984779141398,0.12259976623202319,0.1385527065955227,0.1530410492641265,0.1663995320070789,0.17881846936058676,0.19042342239502477,0.2013053441425881,0.21153469692089472,0.22116904098128665,0.23025751276569686,0.2388436162163853,0.2469669772266184,0.2546643834914995,0.26197029892996715,0.2689170048373035,0.2755345223559125,0.2818504683480842,0.2878899627522862,0.29367564419610903,4.42484663185681
-0.5617271942436505,-0.4376769225409984,-0.3520070877861242,-0.2884770316193204,-0.2408488463986002,-0.23076863629221622,-0.19020148518935426,-0.18574481212835875,-0.14955491030445447,-0.14838789612469952,-0.11679362390926241,-0.11234202915781413,-0.0916244092542939,-0.0815660092449406,-0.08437235383023586,-0.05816218584719849,-0.053726693781006855,-0.053722453168840174,-0.031108302377506905,-0.029938692553330273,4.30406509320417
-0.5831600835636825,-0.4052689821108454,-0.2779157748295816,-0.18222141722335244,-0.11004204240707897,-0.05869695761054846,-0.02678432108707182,0.018108276126211548,0.03735249270083382,0.07863976441047225,0.08858565582113152,0.12689542291596212,0.13624064918539266,0.16418231571393743,0.1816447398257857,0.19078208486959142,0.21784949103013782,0.22172882579846087,0.2422784973605903,0.2586106318159709,3.8394523125933104
0.12350181309317597,0.13896330828030837,0.15245459184813137,0.16468886873649857,0.17596431428680626,0.18644881448308293,0.1962522359492081,0.2054536574463982,0.21411402893552473,0.2222828942480055,0.23000228726122163,0.23730910580110146,0.24423657383191819,0.2508151102865644,0.2570727977093078,0.26303559235461804,0.2687273929653535,0.27417006234194474,0.2793834644770113,0.28438554499360397,4.363098624788363
0.12706092810390707,0.143341074103782,0.15720556182985365,0.16952378240348426,0.1806626669645791,0.19083269391892035,0.20017585673337213,0.20879875004062678,0.21678763470000467,0.2242158775144889,0.23114757316415213,0.2376391447029438,0.24374001535554332,0.2494930607534479,0.2549351865640417,0.2600980636328889,0.2650089053339052,0.2696911850807162,0.2741652549406608,0.27844886229405297,3.912023005428146
-0.49736363393718336,-0.3802236170789683,-0.28479903400851725,-0.20476577408645255,-0.13665993860567757,-0.07832187794820283,-0.028340795257822703,0.014239435052443312,0.05021755011214616,0.08085011214074106,0.1084288964747053,0.13412022223516115,0.15741878922877228,0.17951513686405832,0.1999318143790373,0.21902555929512257,0.23743787978028855,0.2538594946817704,0.27091141447133643,0.28501651639720416,4.2626798770413155
0.04445883889653529,0.07196148743885164,0.09603451856926348,0.1177834453637779,0.1376973914724357,0.15606554549683457,0.17308461999497327,0.18890051993757,0.20362860784266149,0.21736520274864635,0.23019483599584717,0.242195039364219,0.25343930043533575,0.2639983428614967,0.27393986662917086,0.28332721954719825,0.29221786265967165,0.30066247554816544,0.30870499532771983,0.31638328428648343,4.42484663185681
-0.10994368144566154,-0.04836912321493835,0.0025890181261237974,0.04601431849041316,0.08349229561384451,0.11601990552864715,0.14430130855631218,0.1689130664939577,0.19043521382490217,0.20952411426402778,0.22680606684447288,0.24266438804488516,0.25730183174172405,0.2709180268249554,0.2836425459542774,0.29556997973378907,0.30681580835153716,0.3174281361843264,0.32749005885468885,0.33705783064325306,3.9982007016691985
0.09924028349921292,0.11752106957863742,0.1336828105975075,0.14847183966919514,0.16220297746814732,0.1750547732705738,0.18714450366930516,0.19855647283036754,0.20935520629372242,0.21959250779650677,0.22931162259669202,0.23854987706276698,0.24734043646291465,0.25571350285252764,0.2636971220374521,0.27131769411121404,0.2786002498440557,0.2855685473667551,0.29224504731137396,0.29865082810574395,4.624972813284271
-0.23859543964936136,-0.153206211719735,-0.08346675496008678,-0.024822267409408204,0.025145630306712196,0.06794687496454498,0.10461358633572967,0.13596666183222467,0.1628926633747286,0.186567235268532,0.20809225075369947,0.22783175388199675,0.24600413890944708,0.2629729341155501,0.2787379085528455,0.29355385844216214,0.30750727731410255,0.32059358807991106,0.333134049917327,0.34485563241674083,4.051784947803305
0.010218548054299195,0.04880679070781731,0.0812204706320192,0.10932034782464806,0.1339928386506367,0.15578752048577765,0.17510059101528638,0.19226029868728245,0.20757657165980456,0.22136006618443999,0.23390140468326728,0.24542989105517304,0.2561054756718209,0.26604885711384163,0.2753574199499759,0.28410626324577865,0.2923587556456702,0.30016878450688184,0.3075799084499244,0.31463195163582164,3.9219733362813143
-0.014610210331002137,0.024549288224623492,0.05821198064360166,0.08802420161288954,0.11476606018032094,0.13891885794402795,0.16081916955791623,0.18072366339337617,0.1988446909608419,0.21537354156609942,0.23049560605003033,0.2443958081060046,0.25725182881960484,0.26921964887600264,0.28042447673465504,0.2909643021607672,0.3009179441019565,0.31034961510723974,0.3193122972109184,0.3278509632874042,4.22683374526818
-0.5856155768957223,-0.4554182176496665,-0.3524960483094284,-0.26831121860522295,-0.19830678647214034,-0.13980139558792234,-0.09123347470173562,-0.05179438575441302,-0.020557653878465337,0.007534974496431221,0.034963044475425926,0.0569087267404747,0.08191584095207012,0.0990461128260651,0.1224108051183624,0.13571608797676854,0.1575524956567052,0.16888294224089195,0.18795621682165625,0.1999806630751893,4.248495242049359
0.07551048309965427,0.10732546602322628,0.13264890860844886,0.15349541975520983,0.17084397823160452,0.18541581368076146,0.19788063529971628,0.20882059578838055,0.21859889547365421,0.227414020442715,0.2354445143979413,0.24282497590778088,0.2496386065082933,0.2559782509024267,0.26190476736615265,0.26745840697671114,0.27269817240955885,0.2776478537268532,0.2823346482861679,0.2868009300658555,3.2188758248682006
0.11160632235263737,0.1347897432228906,0.1532915340206731,0.16871609089662337,0.1818174045534338,0.1931062968746926,0.20298616907308498,0.2117729796015199,0.21969255831579165,0.2269003849218824,0.2335126555300607,0.23962102406338398,0.24529648566615267,0.2505960043685863,0.25556691998406744,0.26024745680945904,0.26466941774337194,0.2688602608411396,0.27284274982114864,0.2766364587953521,3.1135153092103742
-0.5765848361532736,-0.4444488490289145,-0.3400897725834453,-0.2548103877449674,-0.1839813094474891,-0.12488400349379948,-0.07593412061494913,-0.03627077345570813,-0.004687324345306246,0.024125616480198852,0.051671848098578096,0.07429338539339807,0.09931877906857929,0.11703650351467412,0.14039119841932143,0.15417998756756932,0.1760274224377726,0.18773582144681036,0.20685599492848308,0.21918678256014945,4.219507705176107
0.07562166024302866,0.14859535590817297,0.16522798976363712,0.1846767234026473,0.20491354481575105,0.1900839871394071,0.21637065890230076,0.23314429252265031,0.20358052610910904,0.2327984661328295,0.24353096515754735,0.2339920463604086,0.24889556465794285,0.25126043514961,0.24111543680365663,0.24316208312814058,0.2729646399606039,0.2592229220935251,0.25327777803064433,0.2712934219439125,1.252762968495368
0.10971023869171477,0.13017771869457853,0.14735314091897084,0.16236321911288062,0.17569582320773014,0.18764197735655097,0.19840968480805224,0.20816671605234616,0.21705809430260214,0.22521121196183036,0.23273518399731866,0.23971993327512484,0.2462379902484494,0.25234812360906256,0.2580985998369791,0.263529481230263,0.2686744189504663,0.27356201943218356,0.2782167924925002,0.2826599038518391,3.6888794541139363
-0.6156476640125081,-0.4611170360552705,-0.3453409751799204,-0.2547234492363886,-0.1826859716175445,-0.12599963515591797,-0.08390320268855841,-0.055189366008491475,-0.01783793780576812,0.0017444122130860617,0.036042715036473154,0.04873473276636765,0.08077732049070646,0.09005328944198994,0.11765976429291934,0.129535300692305,0.14716258517929687,0.16481072730187582,0.17180296462534905,0.19308052762211872,4.07753744390572
-0.05791183836713378,0.047236987573517984,0.10449950898259695,0.13174884383312704,0.1594545688872065,0.18035972920170693,0.18466587301999418,0.21462927176541177,0.20866184439876542,0.2310340228843568,0.2450872875816128,0.22325749584100943,0.26235867305332833,0.26313761483889425,0.2658893736061317,0.2732912362165464,0.2851498222602375,0.2874342583047023,0.28224565300786975,0.30681588654307934,2.4423470353692043
0.10960454750782907,0.12979344684583524,0.14680812440581736,0.16173736661467517,0.17505068982824284,0.18702588234891523,0.19785901289231847,0.20770615588258032,0.21670136964688833,0.22496323775213922,0.23259541637950287,0.2396855272773867,0.24630556383462285,0.25251428065357345,0.25836005112716676,0.26388311360739586,0.26911727591997664,0.27409126838526887,0.27882973159023566,0.28335395438740535,3.7495040759303713
0.07657419137943244,0.11053270671336986,0.13677703277571313,0.15769099211727877,0.17453301817996272,0.18837599106798902,0.20021140770820464,0.21063285920137356,0.2198648915973861,0.22816448764248193,0.23573509049426147,0.2426426793118222,0.24903271628998122,0.2549816957020643,0.2604985483738664,0.26570056448978235,0.2705934479163132,0.2751831857871876,0.27957806302594534,0.28372622060691943,2.995732273553991
0.10466842370042795,0.12273066139491308,0.13857581954183704,0.15298385842986886,0.166283986813351,0.17866318031431083,0.190244627003028,0.2011173880652472,0.21135027232968057,0.22099928563116908,0.23011202763974578,0.2387304453623531,0.24689259028597801,0.2546336988819235,0.26198677629916095,0.268982816029497,0.2756507847309908,0.2820175038426648,0.28810754145222284,0.2939431837066145,4.454347296253507
0.13934543119268084,0.1547307863749982,0.1673178076052913,0.17821245311854275,0.1878844869312761,0.1966024082790564,0.20454392570485466,0.2118373160326434,0.21858031061610492,0.22484991796261777,0.23070812575532765,0.23620557361096542,0.2413841264641364,0.2462787681872934,0.2509190234029153,0.25533003559168743,0.2595333934688231,0.2635477719609466,0.2673894347525363,0.27107263251557995,3.295836866004329
0.13578872731251893,0.15104543841749649,0.16387949761996704,0.17518426859953265,0.1853383553369999,0.1945605230798421,0.20299943180572158,0.21076686471869044,0.21795242928505135,0.22463062048691754,0.23086438140601714,0.2367070950459888,0.24220398245070887,0.24739332384282128,0.25230759183209395,0.25697445994541696,0.26141765347116763,0.2656576454573148,0.26971221857980693,0.27359691592324703,3.7256934272366524
0.12869986316226614,0.14385791151200247,0.15696079586585354,0.16875577348176735,0.17955543677189925,0.18953630755575984,0.1988146416977906,0.20747498894488553,0.21558343276539355,0.22319454352732704,0.23035528980587475,0.23710727656656802,0.24348797967497743,0.24953136902742581,0.25526819417849284,0.2607261339016815,0.2659299392031289,0.27090162606815266,0.2756607185281926,0.2802245171614747,4.182050142641207
-0.698431487694931,-0.4261972493739663,-0.28002561215871424,-0.27177606219982825,-0.16221253343182215,-0.08545911340498284,-0.07722843674829193,-0.0077913738405205315,-0.0772190111062545,-0.007791373837749489,0.04266730396100496,0.05091682633428356,-0.00775660669952314,0.10193694240046286,0.10177218251309325,0.13838026337750248,0.14663364078598862,0.10177218601064218,0.14662978575084504,0.18675627919662102,3.4965075614664802
-0.6211527788076651,-0.47785880900595684,-0.3701681589160588,-0.28554363048960707,-0.21786899123390252,-0.1640998535699103,-0.12359936107020644,-0.09904377493656183,-0.06296098023075887,-0.04628421091278426,-0.013170979416464957,-0.002401158034043319,0.028415980073079956,0.03633087347634944,0.06291679479545267,0.07324340565091121,0.09070340504999863,0.10624490203206872,0.11337930543371828,0.13293756224960127,4.174387269895637
0.13931191326111866,0.154215603520428,0.16664349316677768,0.17752622962720568,0.1872601064119027,0.19607491725140622,0.20412657396967682,0.21153121431533062,0.21838033721954905,0.22474832768697878,0.23069661123274038,0.23627628571730716,0.2415300569093292,0.24649380114896466,0.2511978520486474,0.2556680429738043,0.2599265378647861,0.263992489418773,0.2678825606030292,0.2716113391735276,3.597312260588446
0.1307892404313074,0.14663372015568035,0.16006414531327645,0.1719569031076151,0.18268225156496318,0.19245315213431177,0.20141380432439357,0.20967275695222967,0.21731778796591114,0.22442310257733342,0.2310527933110996,0.23726246143907467,0.2431001023305057,0.2486068652382325,0.25381789881384725,0.25876324290094366,0.2634686643853037,0.26795638050725296,0.27224566175455445,0.276353324913471,3.8394523125933104
0.11181678830685733,0.13152176092825604,0.14814386854869596,0.16274677603420626,0.17578790847277154,0.18753691836759664,0.1981831264564687,0.20787619441932903,0.21674380681335165,0.22489851371180083,0.23243889734347306,0.23944887914148041,0.2459979898783111,0.2521432989640909,0.2579319290137224,0.26340316225802124,0.2685900540558371,0.2735207146547687,0.2782192723687127,0.2827065915595866,3.7612001156935624
0.0332270731348597,0.0621290192825257,0.08748065730404839,0.11041664757746959,0.13144166473911573,0.15085532837280227,0.16886192306053802,0.18561297253333112,0.20122795391880066,0.2158060656909556,0.22943370336226845,0.24218951044485582,0.2541477049468026,0.2653798420302138,0.275955037831255,0.2859389150953204,0.29539196815271535,0.3043682599990853,0.31291502284354256,0.3210730787413377,4.471638793363569
0.13697724460236144,0.15166531641009146,0.164116676426152,0.1751575449860372,0.18513574874232125,0.19425023013525813,0.20263450468894767,0.2103878014860252,0.21758911327927274,0.22430417406710032,0.2305890685882716,0.23649215932093887,0.24205522493973222,0.24731429469089128,0.2523003958413126,0.2570402651225116,0.26155700493340317,0.2658706602844959,0.2699987091153656,0.27395647094919684,3.8501476017100584
0.0951673105501324,0.11433448519450858,0.13122208965742266,0.14662430136790944,0.16087764064604876,0.17417385367776786,0.1866394955339354,0.19836603462326607,0.20942394478718254,0.219870285971833,0.22975320479703873,0.23911479649396128,0.24799299420109241,0.2564228111575798,0.26443710429354045,0.27206696251641055,0.2793418094471813,0.28628932108202687,0.2929352677748947,0.2993033772106652,4.543294782270004
0.053837488816503964,0.10149179082037083,0.13481599359314073,0.15823672520535595,0.1752714598303604,0.18975489561271694,0.20206148652886852,0.21199450867268474,0.2215495888306092,0.22965093353152563,0.23669365529010852,0.2441120144079876,0.2497397393439285,0.25543717492440793,0.2614814185141605,0.26554476480460387,0.27069530397978225,0.27548983627521373,0.2786902449095213,0.28338556946436244,2.6026896854443837
0.04582241311585657,0.07398499477927539,0.09846399973851924,0.12043649731728992,0.14042718032365975,0.1587480248919989,0.1756125407978006,0.19118064364556156,0.20558091948225904,0.21892353335823064,0.23130833803593015,0.24282969238083874,0.25357831463058195,0.2636404244932956,0.27309521048047397,0.28201246078069125,0.2904518307356793,0.2984637299754194,0.3060908087809982,0.31336934667049043,4.30406509320417
0.09236540686549789,0.1128041543175511,0.13063647106522464,0.1467548854120377,0.16154068103332117,0.1752130468457415,0.18791822327540605,0.19976347665323335,0.21083319125152145,0.22119763848730106,0.23091818773414358,0.2400504805077291,0.24864622950488338,0.2567539845798009,0.2644191532918568,0.2716836207606001,0.27858533774209715,0.2851581425373785,0.2914318861267943,0.2974327721752215,4.33729074083249
-0.14041309011460681,-0.047282495691682656,0.020272037724779975,0.07092917010849151,0.10871907428512007,0.1367421815291925,0.16035979431580957,0.18198858659241246,0.19935007623796364,0.21655448132595292,0.2307888839766837,0.24379836684906148,0.2575464567754916,0.26631607151498127,0.27992109988885244,0.2874869333131373,0.29731728574628585,0.3078682715847988,0.3121926178716809,0.32405578141881664,3.367295829986474
0.0893406862489753,0.10931010359363592,0.12691936233107734,0.14298453938052647,0.15785256718326113,0.17172172356813495,0.18472319834686127,0.19695197981188395,0.20848133583378697,0.2193706224504221,0.22966993659292734,0.23942309077594046,0.24866959166612634,0.2574459533377683,0.2657865125970432,0.2737238455567525,0.28128887221741405,0.2885107518257335,0.2954166877349229,0.30203175198989923,4.5591262474866845
0.021911862981347296,0.05421269209103895,0.08219866578273448,0.10720971373456718,0.12985732445921805,0.15051085155983882,0.16942558819382506,0.18679415787444723,0.20277283833085863,0.2174974564260532,0.23109366851927018,0.24368274310776578,0.25538255162978635,0.2663040997983966,0.27654623497786285,0.2861925182540588,0.29531196457849257,0.30396174059182646,0.3121895976743116,0.32003579810475274,4.283586561860629
0.11202698547794979,0.12874428500193486,0.14345239795434503,0.15686926404415802,0.16929613515999936,0.1809030426051425,0.19180127105335365,0.2020706804696848,0.21177242531875093,0.22095574002005977,0.22966192098825666,0.23792682325677877,0.24578248690626792,0.25325820238952546,0.2603811820584767,0.26717694113358487,0.273669467147908,0.27988125098062405,0.28583324941224647,0.2915448386200145,4.52720864451838
0.12980065415643935,0.14510894080940762,0.15826102413991006,0.17004057008638718,0.18077611177552844,0.19065398151766125,0.1997977764304692,0.208298281691719,0.2162272807732305,0.22364469973524154,0.23060248491473143,0.23714667880768142,0.2433184592654946,0.24915462874465608,0.25468788920802904,0.259947105157983,0.26495763158273705,0.2697416965793853,0.27431879712600743,0.27870607362400107,4.069026754237811
-0.001787689616345995,0.03506400280602844,0.0668054345103446,0.09498335429974215,0.1203221697181924,0.14326608340848634,0.16412487425797273,0.1831343415973029,0.20048879476967857,0.21636175054371615,0.23091932968101592,0.24432581711777931,0.2567397679230776,0.26830337588761594,0.2791341080218875,0.2893253968818579,0.2989525771549824,0.30807735636495437,0.3167507616064328,0.32501594203947626,4.23410650459726
0.08619732519927083,0.1157658843418106,0.13924220149451513,0.15855217117868578,0.17463352316712627,0.1881799248359718,0.1998167673514128,0.21005890437738828,0.219222912523046,0.22749591036646677,0.235041241007602,0.24197990324077284,0.24839316288337182,0.25436296307724626,0.2599462001704644,0.26518329102660326,0.27012343091116847,0.2747936674890986,0.27921870875982446,0.2834327625185582,3.1570004211501135
0.13811389866216653,0.15386537774122963,0.16671528504328045,0.17780831922589851,0.18763234631634346,0.19646720623011157,0.20449872648030687,0.2118613545485397,0.2186575807169843,0.22496804632344822,0.23085746752656724,0.2363785180462985,0.2415745902038847,0.2464818341223422,0.25113068063723276,0.2555469876751914,0.25975291421625923,0.26376759519076076,0.26760766843689643,0.27128769108095274,3.258096538021482
0.0776733344560859,0.10240699019970707,0.12356165211183227,0.1423071141165789,0.15915736709257008,0.1744168003465612,0.1882965728624988,0.2009607070434073,0.2125487924514053,0.22318776425658207,0.23299639768297442,0.24208426151022844,0.2505480052142918,0.2584689082266914,0.26591372692912635,0.27293745140253906,0.2795858304585053,0.2858972696351916,0.2919044135926655,0.2976353132175027,4.007333185232471
0.08901404000898026,0.11483147334901884,0.13615017260973472,0.15442544581628947,0.17031253173158886,0.18422548857207216,0.1964873444235463,0.20738422539836057,0.21717304083786207,0.2260646130202322,0.23421431163091921,0.24173632085969993,0.24872100689322818,0.2552402223923498,0.26135141872830014,0.2671029498881936,0.2725348682305816,0.2776805201531136,0.2825689540175358,0.2872245319387936,3.5263605246161616
0.10202057014238557,0.12389080997177249,0.14226412704225272,0.15831675664595626,0.17256102048735958,0.1853039073676767,0.1967661514616794,0.2071277652647949,0.21654686558257252,0.22516450932499468,0.23310239215819345,0.24046037351148133,0.2473181787113597,0.2537399332526298,0.25977807627947536,0.2654759325949581,0.27086978957403374,0.2759904496238299,0.2808642361425807,0.28551384698091103,3.713572066704308
0.11234504689053439,0.12991352817151836,0.14517338146849032,0.15893961318940178,0.1715559997808048,0.18321809225343588,0.19405541902352288,0.20416262354804637,0.21361405041789566,0.2224715390228207,0.23078890749776598,0.23861456188198957,0.24599290254062728,0.25296492093331113,0.2595683014664595,0.2658373190077706,0.2718027643235801,0.2774920181640831,0.28292927777525373,0.28813587514957584,4.255612709818223
-0.3316828668651299,-0.22470818325912925,-0.1395182227438774,-0.069501452653575,-0.011169152030218725,0.03757814098616521,0.07811848338097127,0.11165165456213047,0.140030496516007,0.16573601143851446,0.18920285633270073,0.21038182222547228,0.2304031356376945,0.2484678612056355,0.2656859961579177,0.2816805307467373,0.29637162045304827,0.3111453606761004,0.3235682891978908,0.33742762894079775,3.9982007016691985
0.050024367893236346,0.07796203902584513,0.102158941072117,0.12381062186702725,0.14345024713542276,0.16139505309052654,0.17786268276956388,0.19301712822550532,0.2069917083054309,0.2199024233593296,0.23185609498098192,0.2429545637556186,0.2532952299710652,0.26296870639530645,0.2720556013882903,0.2806248059110391,0.2887340873023554,0.29643187906637913,0.3037590341675212,0.3107502865707467,4.241326752570746
-0.5770990181707718,-0.4103650082430938,-0.317164113255783,-0.3144307688306318,-0.24636434274045965,-0.19630125327356707,-0.19356792093493708,-0.1504301033281049,-0.19356791489172567,-0.1504301033281049,-0.11669094265122917,-0.11395759822618526,-0.15043003334547125,-0.0823623702242274,-0.08236367723782552,-0.05722920834079413,-0.054495862800833454,-0.08236367723782329,-0.054495863915750224,-0.029567255432302954,4.110873864173311
