-0.33328953929776584,-0.20064116936959275,-0.10293253785278644,-0.0281589157256515,0.029175445837322816,0.07081405022673935,0.07796231599504913,0.1352313473998554,0.1552539775499693,0.18411262084387606,0.2048333853065346,0.22187760424326225,0.24077430510845244,0.2546899714686063,0.2619609864061995,0.28774363056893726,0.27881423503074787,0.31422462952079566,0.316816379279074,0.3267227228844897,3.6635616461296463
-0.2618806236482223,-0.18629032711870316,-0.12146740771616715,-0.06446550349554006,-0.013748306555397294,0.03167770461535969,0.07251028840916848,0.10925291400985818,0.14225855425696787,0.17173507715524494,0.19769513970564434,0.21972811168094947,0.2354470118373079,0.25338323844848437,0.2777349708759099,0.29146753423375804,0.3074946123296683,0.3280000527524178,0.33363165957504404,0.3565784463272584,4.42484663185681
0.0888440108689747,0.11062745855839175,0.12946589620309193,0.14637700431082387,0.16180559161140684,0.1760113522241854,0.1891673614010204,0.2013971879114684,0.21279203746411135,0.22341958611970097,0.2333285674683723,0.24255055277700005,0.25109900542655555,0.2589641778019181,0.26609877868901133,0.272375662307329,0.27741989293890945,0.2790240952566044,0.28734093381955683,0.2953192711639487,4.375757021660286
0.09369167996100783,0.11705865344856231,0.1366803191567311,0.1538962589450011,0.16929585118520674,0.18321551061983293,0.1958674298329712,0.20738859557152894,0.2178616980477501,0.2273207817894513,0.23574103623051748,0.24299362999892682,0.24865961851098228,0.2504703681404867,0.258604397171535,0.26800871942651994,0.273948435414865,0.27612880120685657,0.28112392733618286,0.29016347967784345,3.9512437185814275
0.08537662698198971,0.10869781130480732,0.12867304973562355,0.1464486698409315,0.16253195973637405,0.1772206447502818,0.19071222522925216,0.20314523264028145,0.21461804838131618,0.22519786731923075,0.23492364237315558,0.24380295951019898,0.25179805322179455,0.25878123156802857,0.2643567337106977,0.26624672101987457,0.2748914495285635,0.2835833531744468,0.2893887866551629,0.2918085827336521,4.219507705176107
0.09626031117370534,0.11928754547445032,0.13856962065965783,0.15547046599033273,0.17058425409415293,0.18424559178302966,0.19666239691240608,0.20796648370032264,0.21823485101841655,0.22749488123884432,0.2357123818625528,0.24274042736661086,0.24810286548492227,0.24892758083756103,0.2584552265843253,0.26745077513281973,0.27312879490948394,0.2747786587952548,0.2805352939054346,0.2892143460440862,3.912023005428146
0.04271002848469984,0.07471142518562962,0.10191221103847861,0.1258226812716256,0.14714496232294952,0.16630448571822706,0.1835859708164189,0.1991832516574433,0.21321768918024125,0.22573588944075532,0.23667461450580335,0.24571381237648707,0.25129245196711636,0.25866468004876986,0.27161956006436166,0.27950173256547056,0.2807964954077327,0.29293772235571863,0.3018492919549762,0.3052138489583404,4.102643365036796
-0.5476368406589142,-0.3972203721801653,-0.31268751576005704,-0.31050756694152776,-0.24898385251994912,-0.20344230258875887,-0.2012623521530027,-0.16227104728130826,-0.20126235296161438,-0.16227104728130826,-0.1314843175621174,-0.1293043687435848,-0.16227106026197502,-0.10074769111548937,-0.10074733285973296,-0.07773819086119994,-0.07555824192360218,-0.100747332859733,-0.07555824204266735,-0.05302583249278653,4.23410650459726
0.06864435330593184,0.10250341680140969,0.1294538382092714,0.15186935535062512,0.17081807601627896,0.18683402392412635,0.20008329786380827,0.21022484661477703,0.21477710700892774,0.22399189593833568,0.23842658205152958,0.2457420380970571,0.2353039473924926,0.26016898004289674,0.2678596902789705,0.2642989802812207,0.2778478796555736,0.2842579741889308,0.2751520026933044,0.29109721833316954,3.417726683613366
0.05124545769556719,0.08274865529618254,0.10932289045785559,0.13253676015444088,0.15311999707947666,0.17151171397654205,0.18800020267505238,0.20277291431982483,0.21593121673037416,0.22747483998330686,0.23721592653169615,0.24432922696851245,0.24012410251748625,0.261922204595231,0.27117081583266417,0.27587509579746927,0.28113820274887896,0.29281799618656446,0.29837611552519155,0.2960304094517548,4.007333185232471
0.048695850750494755,0.07595000090993481,0.09977710932777172,0.12128970030250365,0.14098255591991823,0.15915001715309154,0.1759923130298532,0.19165569876188338,0.20625097313262575,0.21986297838742258,0.23255551132061023,0.24437324540001695,0.25534081994276836,0.26545771549236674,0.2746839951904554,0.2828991472124014,0.2897457610658905,0.29336301139243026,0.30198322498095687,0.3118426011036989,4.51085950651685
0.08752585494759675,0.11170046066988228,0.13211878670996904,0.1500839443268044,0.1661762013998603,0.1807332451899505,0.19397332076897744,0.20604180158486907,0.21703133123996532,0.22698814534863182,0.23590496112268322,0.24368663197968712,0.25001650797104197,0.2534739745409993,0.25871038673338786,0.2694548492926521,0.27605012959265557,0.2793140107871521,0.28235296053709347,0.2926187647212015,4.02535169073515
0.08809672956887346,0.11500935941568616,0.13702368116006283,0.15591822477789924,0.17246659381544105,0.18708475200417457,0.2000015837841679,0.2113132111760527,0.22097176115288644,0.22864929665287204,0.23284435576095588,0.23633927499370813,0.2504128021521507,0.2579642601781696,0.2606261729563048,0.2651807103187098,0.27621230551403075,0.28088086899703746,0.2607105213299535,0.29101290166572225,3.624340932976365
-0.4462824423102147,-0.3401130041991613,-0.25172979374588467,-0.17617481248371664,-0.1107280798063411,-0.05364996678369164,-0.003774250934432754,0.03965382813338151,0.07698449916299055,0.10785145252394271,0.1281899895134731,0.1573781635305276,0.18466365082726482,0.17115191238850674,0.22883929369683076,0.24332780970926246,0.2658605592356398,0.2839178408180844,0.2968182653384115,0.3176525142483926,4.330733340286331
-0.2018090997294027,-0.0833752540035396,-0.0009795510074342663,0.058184609348805164,0.09862213046133209,0.10301412192617344,0.15772249089621293,0.17552148706636436,0.19894385229873568,0.21766694659897573,0.22827793037126284,0.2421265964642091,0.2590864552957894,0.23475869028574645,0.28809819670948217,0.2781101787575705,0.3022131297359055,0.31124768728359575,0.3053565514032177,0.3334447161452444,3.3141860046725258
0.047316982874959536,0.07826389608131686,0.10462363799816739,0.12785034739204948,0.14861573719414362,0.167325761905126,0.18425270756372314,0.19958398607395936,0.21344138395940648,0.225882810490132,0.23688108682859113,0.2462379720381347,0.253147978328616,0.250361162427139,0.270426199537423,0.2794865992769167,0.284402166919091,0.2891758230842542,0.30089779852570153,0.30675101127011506,4.127134385045092
-0.6399334341356878,-0.477227382189129,-0.3598174228048913,-0.2705444539404422,-0.20183677579320042,-0.15128203803591034,-0.12696214213377072,-0.08253864114157664,-0.06801254249647508,-0.027454337287991532,-0.02004641573084338,0.016924358468715144,0.0244894183817708,0.05131396135186937,0.06641812916197935,0.07319885839589478,0.09996163403835284,0.10341106295469739,0.12180178386597199,0.13757946542505947,4.051784947803305
0.08238584469178162,0.10440156225920134,0.12361834338926564,0.1409938096669789,0.1569446642114881,0.17171407552887152,0.18546492882723242,0.19831490774680105,0.21035270462548866,0.22164648444449758,0.23224857380156014,0.24219796539619656,0.2515212204595894,0.2602317171681283,0.2683264052825301,0.2757774268284489,0.282510073534339,0.2883319009621705,0.2925710510089683,0.29283664041750923,4.5217885770490405
-0.0558102145810548,-0.009584787498156833,0.030209251439479168,0.06544257994559019,0.09702325626664884,0.12552039291897996,0.15132898069747716,0.17473315407914156,0.195932789460943,0.21504931581744913,0.23210785346023294,0.24696146490929824,0.2589502512998669,0.26226488639692525,0.2826170929251897,0.29618586556018134,0.3034495490257336,0.3142296706239959,0.3280558083862008,0.33409279884788634,4.324132656254979
-0.6969590452927806,-0.441875649172182,-0.30358839051745007,-0.2966942492301051,-0.1936863988923951,-0.12068790953038343,-0.11378730637834718,-0.048504994396706726,-0.11379053461240411,-0.04850499439685146,-0.00020373191844058548,0.006690413922660585,-0.04851903664623265,0.05442124477401635,0.05450285138724705,0.0897822642578805,0.09667757619974607,0.054502850941246246,0.09667641009897958,0.134401943901295,3.6109179126442243
-0.09738964111622975,-0.025008327649981402,0.031520731805541186,0.07705549282753901,0.11401820116750688,0.1436314123220885,0.16578575984893476,0.17170575084658746,0.2029486435171447,0.22042126975765455,0.2198745969029724,0.2505025056344075,0.2575501279100431,0.27167044222075504,0.28303697613183,0.28663878192367137,0.29959206520116854,0.30660506517350866,0.31334041785151445,0.32731923336953955,3.624340932976365
0.04228841480892412,0.0701355545570388,0.09456789199355066,0.1166903355042992,0.1369935250046523,0.15576919422795435,0.1732160233126574,0.18947963017417352,0.2046710751731661,0.21887645295568794,0.2321620412986403,0.24457673090386464,0.2561521974586534,0.26690024992158046,0.2768049804730957,0.28580199516326327,0.2937145386034348,0.2999635091923152,0.29640789685817825,0.3146804657860462,4.56954300834494
0.0885518140731937,0.10982446560874713,0.12833246050389008,0.14503199859373703,0.16033860414536225,0.17449419869114657,0.18766026316881784,0.19995289562467877,0.2114590207571582,0.22224485242768655,0.23236055911364764,0.24184269538487593,0.2507149329333064,0.2589869294518593,0.2666502057407593,0.2736674859831165,0.27994342838192643,0.28522160699006543,0.28842154304213014,0.29294592693054,4.477336814478207
-0.09633735546956285,-0.04654625418614224,-0.003213148662718489,0.035521119147831084,0.07055570259348999,0.10245593956338046,0.1316187994079546,0.15833759715818052,0.1828319380947165,0.20526119782674498,0.22572641221294823,0.24425745017813918,0.2607663675941951,0.27487468120325387,0.2847985761399454,0.29624363014280497,0.3141715386286169,0.32545664464501484,0.3232288913082208,0.34886768052005374,4.483002552013883
0.07429752203228225,0.10166760621583357,0.12465960460544213,0.14473767842379598,0.16256813118551558,0.1785433537443252,0.19291575270125055,0.20584686295211393,0.21742447469025364,0.22765586975624466,0.23641580416266264,0.2432092292295606,0.2447111760129708,0.25631453508979096,0.26613106357018684,0.27216317464422235,0.2701151189397424,0.2839684188610867,0.29152019543705265,0.2941968008305487,3.9512437185814275
0.03912659370787116,0.06908906516176168,0.09507065803268387,0.11833481163682823,0.13945450816947416,0.15877495889703766,0.17653191749968528,0.1928963467860921,0.20799468457969686,0.22191841145567404,0.23472718236344625,0.24644562154193483,0.2570490211411673,0.2664184535488364,0.27416672451633767,0.27821319869834266,0.28782255960511643,0.2985639971376247,0.3056907621205269,0.30697023602915957,4.375757021660286
-0.6233071609023835,-0.4501509110828164,-0.34054350837641073,-0.26542910627789434,-0.25441636879636376,-0.19330724288212114,-0.19330753847583576,-0.13889035040123496,-0.13888859445581894,-0.09904401563458516,-0.08801252535831812,-0.13462917178477932,-0.051516534091392334,-0.05151652997135493,-0.04724004709950059,-0.015268077515215982,-0.0153019267011168,-0.011016244036215985,0.010582663840059552,0.021564256587409437,3.9982007016691985
-0.02444551771574106,0.01574871935295974,0.05056774928563911,0.08161424346053804,0.10964558952504001,0.1351306502684849,0.1583946401104078,0.17967456723445857,0.1991440008179511,0.21692308920180334,0.2330772403833542,0.24759886096865255,0.26034340955517216,0.27075970919096676,0.27493066669006827,0.29078864570764223,0.3033960669416014,0.31114578638370255,0.31622073804255324,0.33143196712513745,4.382026634673881
-0.48917243579087455,-0.375728040929266,-0.2821748173931377,-0.20287191535669383,-0.13471553486188179,-0.07574252893032057,-0.024665712937333165,0.01929971595811217,0.05637828754402519,0.08541398776094723,0.09700289277432911,0.1408341116203748,0.16028973909327965,0.1856568701420373,0.20872558431727675,0.2220405842262318,0.24897195914062634,0.2457224490522513,0.28341560539167904,0.2800973869496726,4.310799125385514
0.09620270557794286,0.11692680081917343,0.13479493385294405,0.15081313300185326,0.16541903106055736,0.17886653894278245,0.1913236247401613,0.20290923608342049,0.2137104210363072,0.22379120077509773,0.23319723110801024,0.2419577081459376,0.25008466692551595,0.25756843278415786,0.26436477666973446,0.2703576735000453,0.2752177720420357,0.2772674992809818,0.2838916135332891,0.29199965276664275,4.343805421853684
-0.037573132856655214,0.04368677983185496,0.09780846848473672,0.13399341229549058,0.1522731462961406,0.17252730771677877,0.19889245345102757,0.1937516110152072,0.2250860181145071,0.2292543292528252,0.2392536306744596,0.2259838721002466,0.2630509902887034,0.2625812592284082,0.28205565640896924,0.26203454946004473,0.27016208903677896,0.294070041455366,0.29579632630522523,0.3070074802552978,2.8622008809294686
-0.4311658485201427,-0.32978398872706594,-0.24463437093028487,-0.1712575840964179,-0.10721381149252295,-0.05092774107000441,-0.0013230674710700814,0.042329861744495684,0.080454435059228,0.11305851621112517,0.1390032811889734,0.14163241993971545,0.18941051702826103,0.20999513122447758,0.22810544620690973,0.2543702004548099,0.25271096765134693,0.29138840824130263,0.30309190802011354,0.32295395761426804,4.375757021660286
0.11573481766644762,0.1325387379429794,0.147083578858682,0.1602147181410803,0.17229072793475514,0.18351471923142085,0.1940185871911261,0.20389485097542834,0.21321149504213646,0.22201984878161232,0.23035912592545207,0.2382591440092747,0.24574191721940916,0.2528224265188542,0.25950862816524034,0.2658005154202854,0.2716876226134981,0.27714331745828513,0.28211098674635243,0.2864641792276922,4.48863636973214
-0.3923666722580038,-0.2906621262386188,-0.2061654529806919,-0.13405332085276875,-0.07170070411941311,-0.01743730927700787,0.02984742147775976,0.07085213746577443,0.1058388610059551,0.13417062383678227,0.14802951128856245,0.18349799670450062,0.20715869276880106,0.2178071692619935,0.2503906452837447,0.2601446995283677,0.2862827183206672,0.30123168294060926,0.3162970610545593,0.33388327330700457,4.276666119016055
0.0966107008437646,0.11996597443796596,0.13939519898695757,0.15642204862343217,0.17165508764480786,0.18541132261821214,0.19787151584756343,0.20913422688425287,0.21923288985883713,0.2281275172430054,0.2356525111744162,0.24130057981586872,0.2425421084839581,0.25018526621414067,0.2610417280686295,0.26735277262151586,0.2691903137482005,0.2729736251497625,0.2837368675444706,0.28853943180618546,3.6635616461296463
0.09965758318483942,0.12259646565255784,0.1416683999650047,0.1583664639237771,0.17330278785930145,0.18680265984448824,0.1990566597919227,0.21017564610868988,0.2202109300225221,0.2291535282576738,0.23690482699839305,0.24316136802731048,0.2467841397559707,0.24624608069032344,0.26099724325879,0.2683586731807516,0.2723602440413556,0.2547754265878418,0.283229912629258,0.2896917789535802,3.7495040759303713
-0.6303002477853714,-0.42547837880055095,-0.28688131394478184,-0.18775613473444677,-0.11912920961550458,-0.09013145572207457,-0.031203998550497606,-0.018434630624746293,0.03558034366211622,0.038927460846785195,0.08514586148706188,0.0985701728772948,0.1164759201536934,0.14737335121000267,0.13883498632759295,0.17753358117552714,0.1917044318435762,0.1914427675588997,0.22339968055885154,0.22665635748051674,3.7376696182833684
0.053444470436035015,0.09232712404851114,0.1229768002921654,0.14811528191842727,0.16899657778059007,0.18622066043245147,0.19982963735624765,0.20859841130025492,0.20852639163776737,0.2315817274331085,0.24158156851718865,0.24011058951964495,0.2565884367218488,0.2660676320554524,0.2633437470527138,0.2769953705010838,0.2835314881334895,0.2650108399702644,0.2909602530422887,0.27159161590577335,3.3843902633457743
0.09491466816277118,0.11513750831072307,0.1327273129611628,0.14860768750105258,0.1631779775543153,0.17666954328620052,0.18923615651090303,0.20098802265185547,0.21200753401542874,0.2223575355262755,0.2320859540424726,0.24122834689472997,0.24980897161876253,0.2578404160121168,0.2653212029169458,0.27222948132269503,0.278506958663413,0.2840109936338207,0.28830916328315714,0.28775342949854077,4.48863636973214
0.11310702755236497,0.13089452925722353,0.1460870504171264,0.15972377973240592,0.17222731591087698,0.18382657250929804,0.19466371077136396,0.2048340750945918,0.21440442396245832,0.22342228184762838,0.23192100380224745,0.23992241652419874,0.2474377680119583,0.2544670577197244,0.2609961051821359,0.26698925822125263,0.272371281147086,0.27697437688826176,0.280317723099263,0.27895858858371747,4.212127597878484
-0.08229128710965312,-0.03427256058155848,0.007468653225525128,0.04474879486032503,0.07844374096894928,0.109102980318073,0.1371115516346813,0.162753145637023,0.18623906221852057,0.207720861295016,0.22729116215970546,0.2449684910160512,0.26064322743110785,0.27386813101255303,0.28226734065834,0.2959623573011774,0.31203966791147775,0.3221678193919192,0.3262172567870207,0.34548618837455614,4.460144413937834
-0.5635446583977614,-0.4557109939851249,-0.37412704697278265,-0.3094720138928485,-0.25711492143373504,-0.21466195686514097,-0.1815103781343254,-0.1667052065052947,-0.13707431519267804,-0.12705287530350173,-0.09994441274613251,-0.09349882185859647,-0.06844976456044384,-0.06366061497270363,-0.04192374359533097,-0.035410442589592535,-0.020314921731052756,-0.010079033950615103,-0.00576692835957348,0.010800501812316505,4.418840607796598
0.11595361004867026,0.13320882729030925,0.14799751871399197,0.16127231641533718,0.17343274094465339,0.18470112818828674,0.19521875649992368,0.20508232262181447,0.21436091460899484,0.22310491798443216,0.23135099377325735,0.23912484491165278,0.24644249339515234,0.25331024708217276,0.25972303055248414,0.265659866379321,0.27107290632124625,0.2758578672332388,0.2797505663017677,0.28166567946007137,4.31748811353631
0.07930607285132171,0.10178468729060863,0.1214356228714495,0.13922149306351653,0.1555614503634344,0.17070034283576369,0.18480242814403955,0.19798663139460135,0.21034283631177036,0.2219403943109273,0.2328328499437562,0.24306049278860473,0.25265134278886375,0.26162056459216715,0.2699675892048049,0.2776686562239331,0.28465756074029386,0.2907661814317547,0.29544798254264887,0.2839305817347348,4.543294782270004
-0.0004702912792044971,0.04530204822483887,0.08270817214060974,0.11426912893222158,0.14122965771389825,0.16432411279611342,0.18395408253960058,0.20016071511741304,0.2121329127748451,0.1991581033413478,0.23702222350070232,0.24926204459619508,0.250306908789604,0.2681721069718674,0.2786526194116307,0.27226572453031844,0.29464025490062645,0.30124070173178125,0.30178142396887964,0.31503294161109574,3.7612001156935624
0.06894028413543889,0.09582547765522578,0.11873970303539223,0.13899199538888313,0.1571745604629031,0.17364007231044026,0.18862332892126638,0.20228672432722142,0.2147397729356473,0.22604550196894302,0.23621467490078427,0.2451765319092859,0.2526689115274556,0.2575966870820118,0.2613329991834839,0.27400464485995396,0.28147284421175334,0.2853611165330429,0.2896376930672271,0.30009289808124207,4.135166556742356
-0.004122444645613817,0.03073843520169646,0.06130769653836618,0.08890781971825046,0.11414253228529124,0.13737849786506234,0.15886905953492128,0.17880141104101221,0.19731850727083358,0.21453023885106678,0.23051891956776988,0.24534072234077345,0.2590226359773773,0.27155150771340153,0.2828428703823063,0.2926367457851416,0.2999317813728247,0.3044285322904051,0.31995643122983813,0.3293905656268767,4.553876891600541
-0.4217527261375136,-0.2609688913304194,-0.14699596823828037,-0.06265552166706785,-0.0008994294781850256,0.03743358256538045,0.07596518183410668,0.11113245656860456,0.13327195750330947,0.1663990205040223,0.1773489603142413,0.2068728285152715,0.21973137467627693,0.23150300764994824,0.2601033142921856,0.2433115339964036,0.28806047579308874,0.2944469139203095,0.2902910514081015,0.32647754847172633,3.624340932976365
0.06112882428484078,0.10130374285954166,0.131868376925288,0.15618755172798976,0.17563910377189032,0.19055592069613134,0.19963744751086623,0.19765398006001506,0.22372256642815375,0.2339103028318293,0.2293254735709358,0.2488698263614108,0.2577934614692808,0.24892393177505806,0.2677607488848233,0.2710100056482972,0.26800176695572,0.2695915662370198,0.28551375767244286,0.2815252363769558,3.1135153092103742
0.11526922225235896,0.13274810742203919,0.14771454770605416,0.16113738177389555,0.17342328785584232,0.18479864233295012,0.19540722483764736,0.2053473141376045,0.2146889478878092,0.22348296153234282,0.2317660052025958,0.23956326769325842,0.2468896075059355,0.2537491947889066,0.2601331407045955,0.26601334411013455,0.2713271176403434,0.275932622242191,0.27942810273468904,0.27923760946716214,4.297285406218791
-0.19805565694383476,-0.12810844386553588,-0.06864921193894176,-0.016764140216078964,0.02905948650449725,0.06979121723498073,0.10610110142040087,0.13845551740808393,0.16714814207437775,0.19226984727413046,0.21352346938884478,0.22903793097844094,0.24320171693244036,0.26782563897928113,0.28155123558920886,0.2938464134530369,0.31471992534627546,0.32218542201962036,0.34014014732744546,0.35387440022777383,4.30406509320417
0.09620116533478323,0.11794939702317091,0.1364677769792108,0.15290326088735892,0.1677581957442596,0.18132298555422113,0.19378674448168404,0.20527939188617705,0.21589101954468212,0.22568118631837328,0.23468204783753513,0.24289534813687635,0.2502785942514137,0.25670100591619593,0.26176840149348624,0.2632719372045921,0.2712914499044835,0.2797001660762628,0.2852821980206672,0.28794990113617647,4.151039905898646
0.09400169498260025,0.11557103959807886,0.13407073434796146,0.15057753869148874,0.16556276015171703,0.17930048069027524,0.19197149650575346,0.20370264651711084,0.21458498920138452,0.2246829632784139,0.23403859718439762,0.24267181570498275,0.2505756836275332,0.257701139126801,0.2639101338545462,0.2687839329098124,0.26962479783646304,0.27884899758553183,0.2867136801594877,0.29207478112754176,4.255612709818223
0.09980925483338095,0.12142118513614795,0.13970324012844818,0.15586516810114087,0.17043312978758665,0.18370699398594073,0.19587820207080692,0.20707487169533667,0.21738236054626933,0.22685254669385754,0.235505552275528,0.24332253419797292,0.2502193321223289,0.255954522441666,0.25963683286999667,0.2598820915140791,0.27249122305228946,0.27921807326260145,0.2834447054003927,0.28004762256282406,4.060443010546419
0.11846324411555356,0.13497619222726415,0.14919821704824668,0.1620099309544925,0.173781429243767,0.1847197058011376,0.1949572566889608,0.20458565250129793,0.21367118831168364,0.22226316290343512,0.23039861062790037,0.23810509658166662,0.24540230872508298,0.25230276163981186,0.2588116566627079,0.2649256532374131,0.2706297776495648,0.2758903434913592,0.2806373651570536,0.28471107739934054,4.418840607796598
0.03971191988412391,0.07321886171077774,0.101488235373927,0.1261576321148613,0.14799658716081837,0.16747129754290938,0.18488887088086456,0.2004482060596015,0.21425282866431133,0.22628708103390593,0.23629445680887418,0.2430434600010784,0.24787220098488325,0.2632125620707569,0.27189183791790644,0.27424743385046746,0.28539575327696964,0.2950083787555518,0.2985560882719468,0.30503001872871777,4.0163830207523885
0.10252721372826615,0.12154545600635883,0.1380535987468255,0.15294953839858097,0.1666194607448959,0.179285726244188,0.19109516056919426,0.20215232072731798,0.2125349365051134,0.22230205195569383,0.2314986349735612,0.24015819556926501,0.24830404693927433,0.255949348767817,0.2630956056407816,0.26972845647152077,0.2758073203804767,0.2812372921181183,0.2857700843336647,0.28835907972283686,4.477336814478207
0.01120123121390383,0.04419104837980063,0.07304566347628506,0.09905179416572593,0.12279479615889347,0.144629054365726,0.1647986240545003,0.18348308601539978,0.2008187337927853,0.2169092434636223,0.23183067694226037,0.2456322356767562,0.2583318772498727,0.26990197382709663,0.28022714556237205,0.2889481793337681,0.294323941277941,0.303464120314947,0.31547011146207854,0.3235063781555452,4.51085950651685
-0.3027226003013522,-0.21863660521141304,-0.14726693999811463,-0.0851290270889917,-0.03036922521680331,0.018210247983298223,0.061439552908926984,0.09989920987168074,0.13396141674997394,0.16375879531329518,0.18896891560206144,0.20736470110272218,0.2257416104531908,0.25298582763139815,0.2675121173898345,0.28661927356567674,0.30749184023923354,0.3029982124708842,0.3392994994222951,0.35069112828880694,4.363098624788363
-0.03659787834838533,0.004069515588645324,0.03955599147947724,0.07140731828306868,0.10034810083192361,0.1268258394532952,0.15115215232145052,0.17355708531445002,0.19421420275492568,0.21325264255994106,0.23076124415221078,0.24678492118159243,0.2613076285835097,0.274198576560614,0.2850028231983574,0.291189293673421,0.30411910049300384,0.3176964932120944,0.32653806501347327,0.32554022873026167,4.48863636973214
-0.19025854801291273,-0.12425024824255415,-0.06755364659434163,-0.01758549423130884,0.026974321709102397,0.06697306466987922,0.10300461011302882,0.1354975681376985,0.16475278116487754,0.19094849757095034,0.2141014154009958,0.23389564728204562,0.24866581102374571,0.26080466182744105,0.28519849894399085,0.29934431038109716,0.30725440307269547,0.3303391140448969,0.3406665410420263,0.3532350839080546,4.394449154672439
0.05604899188766536,0.08400167720239175,0.10810879469704693,0.12961447797336662,0.14908023720505137,0.16684239420856684,0.18312875830799866,0.19810250132373958,0.21188186757118216,0.2245490843125821,0.23615227679204562,0.2466993819322331,0.25613557801307474,0.26426739012766975,0.2703964439494727,0.2652565663633298,0.28573547900174934,0.2942092685634771,0.2995202090403854,0.29948935809479305,4.297285406218791
-0.10841096050880261,-0.02488980505535752,0.03734043716145218,0.08517037072784367,0.1217418627988138,0.1476380386443183,0.14157678559828193,0.19104173591061485,0.20722451593237415,0.21872759403131947,0.24090870716305682,0.22471389538298536,0.26398076503558965,0.25565695963650625,0.2816291579782676,0.2854414425906103,0.30209321966434943,0.3075905698557478,0.3181406800390368,0.3218373323256803,3.417726683613366
0.05916089415358593,0.0844714793233557,0.1066500241398489,0.12673150801001926,0.14517143512284872,0.1622385598978786,0.17811476881393346,0.1929327278209032,0.20679328036074088,0.2197744903648574,0.2319365700100832,0.24332436246166783,0.25396791915250017,0.26388090468999686,0.27305535644840856,0.2814481574261771,0.28894282399937676,0.29520591155032655,0.29854997624008134,0.3063464421233783,4.5591262474866845
-0.3024391130031099,-0.18420519600812713,-0.09439276489282673,-0.023718286986909254,0.03235733293031068,0.07596468074554111,0.10596826524793045,0.12917323414125284,0.165184940695852,0.16711815878491068,0.21039935803654158,0.22242554714265744,0.24585881660840844,0.2580403611916407,0.27507819710059067,0.2789622597129432,0.3034234479985721,0.3003390055093132,0.3290502275184348,0.3322282209180622,3.7495040759303713
0.01983641364943386,0.07735443282375074,0.11819293515846174,0.14796784439283625,0.16837247838206143,0.17388258334991652,0.1970209668166159,0.2145690019107975,0.2122962477392616,0.23374122070021,0.24267668609686574,0.23634693820767327,0.25245823813388213,0.2559173525455625,0.258622203456194,0.27864274597561034,0.281590289418824,0.28563673278261353,0.2876119141569827,0.28723259626251024,2.917770732084279
0.04203082820878376,0.07094047890435408,0.09610652200691071,0.11872692371061776,0.13934054253369657,0.15827045264423098,0.17573713824127107,0.19190125362549615,0.2068832234693331,0.22077297154733377,0.23363425129232623,0.24550471455596276,0.2563903772390784,0.2662482977166259,0.27493350739564426,0.28197994924175435,0.2841732209654928,0.29619783841290337,0.3058283368195159,0.31233090988651074,4.436751534363128
-0.5604959653171303,-0.4470412042571184,-0.36439913791569445,-0.30069264740044915,-0.2505162165965973,-0.21172392165273485,-0.1993707138591651,-0.16535258841630637,-0.15796416161673105,-0.12718495496871918,-0.12340728334373396,-0.09542045839765728,-0.09163408264931872,-0.06943162606228875,-0.0620035302725137,-0.04975693463452576,-0.037226813948029056,-0.035541610580179524,-0.01861673190589917,-0.011117538419212232,4.375757021660286
0.10213659257263691,0.12046002642971629,0.136519627377191,0.15112397132348662,0.1646183265057344,0.1772007227479289,0.18900206184054433,0.20011621689000433,0.2106139575732214,0.2205502967948165,0.22996871903675456,0.23890374255982927,0.24738248348404562,0.2554255328915013,0.2630472590218966,0.2702554864318456,0.27705028874623044,0.2834211942131349,0.2893409579859357,0.29475035746512995,4.653960350157523
0.0935291451829872,0.11456770317533199,0.13274310767656758,0.14905627562661497,0.16394312858334872,0.1776571739721269,0.19036669724754565,0.20219141513757213,0.2132194461553198,0.2235161050593531,0.23312855109308048,0.24208776196605297,0.25040804144408435,0.25808299767462156,0.2650741348142557,0.27127844229104664,0.2764109036840922,0.2791944645069457,0.2844118856241576,0.29315594835210323,4.3694478524670215
0.0007512222687944146,0.036737329104407204,0.0679663247486734,0.09588831142032395,0.12117673361787228,0.1442441978690348,0.165375591117016,0.18477873608710088,0.20260727013634935,0.21897083546711354,0.2339367611962313,0.24752151937986608,0.2596599771151314,0.2700982097499018,0.27781469323030955,0.2818957126241189,0.2984674327908836,0.30811186384139005,0.3127026318378514,0.32255372605000227,4.394449154672439
-0.14538659895358078,-0.0647486774325892,-0.0013865288166920117,0.049970706048291395,0.09199425024956984,0.1261215237999366,0.1526444877641574,0.16784854986846726,0.19171419107441917,0.21424676772867599,0.21165205213786145,0.2468441549339695,0.25822190003077433,0.27046987419479845,0.2858429507332048,0.28684552321043544,0.3058065974126023,0.3089685802113146,0.3225214139416589,0.33335459913621845,3.7256934272366524
0.1153238348743867,0.13251160194761408,0.14730426223678272,0.1606082809217692,0.1728074273414013,0.1841178918664146,0.1946788647006443,0.2045868976250658,0.2139119506807798,0.22270588399132282,0.23100728146040755,0.23884422706248268,0.2462357402499469,0.2531921051954897,0.2597139471443695,0.2657893354758727,0.2713868216654619,0.2764379505695182,0.2807842191937281,0.2839379935069006,4.388257184424518
-0.5553272369593177,-0.4185677379036616,-0.3312881805763469,-0.2703515878459426,-0.2634146431988162,-0.21404504065057,-0.21404505186706915,-0.1707119834710776,-0.17071187680430686,-0.1378470491216985,-0.130908511858529,-0.1680283537728398,-0.10112703391898192,-0.10112703385841891,-0.09844169135683607,-0.0722737812112154,-0.07227827444302148,-0.06959132817824605,-0.05056588230867774,-0.043633696438498244,4.22683374526818
-0.4327162383161261,-0.3176113622094063,-0.22414429079035944,-0.14598812291279828,-0.07972059718405522,-0.023237441353761636,0.024758091673724173,0.06485591245198871,0.09633917202400907,0.09851406159362885,0.15239683088721126,0.174362289995608,0.19675464358193415,0.22241179970506425,0.23003390847517965,0.26207714320200703,0.2565509518278075,0.29552387413392694,0.2964010247000742,0.32436534368934505,4.174387269895637
0.06933636050181725,0.1079987840663707,0.1372380022661006,0.16048960432411793,0.17902857258954052,0.19303414762674612,0.20080125722861614,0.20191069583779936,0.22525474621672434,0.23469658245560462,0.22748965666569387,0.24920928745165188,0.2576571553341695,0.24714550317617826,0.26677458367170226,0.26936568321635396,0.2657645390370882,0.26237498236722373,0.2843503215601193,0.2780914919790109,3.0204248861443626
0.11201559444097568,0.12969326772730072,0.14495016079023743,0.15868357672482797,0.17127612447528678,0.18294538802325033,0.19383291214314438,0.20403788720229815,0.21363286937206055,0.22267210960705835,0.23119629361816835,0.23923526647301493,0.246809414771489,0.2539299048828985,0.26059756798111144,0.26679956247685194,0.27250128123152145,0.27762541054112067,0.28198476138555145,0.28493900705384695,4.418840607796598
-0.33176358928082944,-0.17040194938481976,-0.06374816657286946,0.009183826360164894,0.05314987068577184,0.08813449962215966,0.12724411187493867,0.14197444461852612,0.1792081117051939,0.18310782280566804,0.21170668712683285,0.23088085130173575,0.21859609427705454,0.2667863030606597,0.25471390831890073,0.27754811441245925,0.30040135619469005,0.2992111703301581,0.31846895628291216,0.322452660404208,3.332204510175204
0.07554695032920847,0.09835679248676306,0.11832675184580396,0.13641897169135184,0.15305268009968165,0.16847300607425114,0.18284462327249623,0.19628698674053818,0.2088906163641593,0.2207256061374413,0.23184636125570793,0.24229418265204009,0.25209832543180605,0.26127556990162015,0.26982769215865215,0.277734865325259,0.28493891007347627,0.2912934479057572,0.29635035688482353,0.29630427482686866,4.564348191467836
0.0863884660301234,0.10755985577704351,0.12606341693879938,0.14282006496740912,0.15822870951359086,0.1725212312844755,0.18585254511821192,0.19833447040627122,0.2100513904140796,0.22106846040303835,0.2314362210954597,0.24119319245411341,0.2503670900955726,0.2589747935088103,0.26702070435625674,0.27449224037089687,0.2813487632507566,0.2874913272503007,0.292654383668063,0.29566593377575023,4.553876891600541
-0.5838467621506136,-0.4673041624717944,-0.3732774244146462,-0.29503230911903705,-0.22886467245687744,-0.17250429184358557,-0.12454759361681828,-0.08428136707620108,-0.05202856535264151,-0.037142266377719245,0.0014074135381881754,0.02063056450146134,0.046206390022679726,0.06524492314927957,0.08479329390938864,0.1031426728407339,0.11844746842074376,0.13550539409625928,0.1485579843986086,0.16254877457399583,4.375757021660286
-0.21700505672911233,-0.14615164205260775,-0.08552099762185526,-0.03229031060877675,0.01500057307743092,0.057291184875066854,0.09523802608930187,0.12931037599468995,0.15982904266672274,0.18696413030328338,0.2106640462377543,0.23032451765727993,0.24164865655866022,0.26460605665438985,0.2848923990038721,0.29435374959034366,0.3145324817571134,0.33134547634572603,0.31961468687972244,0.3589865050071613,4.375757021660286
-0.5414149585826182,-0.39514395846091255,-0.28271110489119977,-0.19298545835881997,-0.12032880204478794,-0.0617294173713066,-0.01625182643219732,0.009513966584210103,0.05202276452196999,0.07873318397640576,0.1070309937848837,0.13276079942278532,0.15238466249999072,0.17666005495306297,0.19111530970970173,0.21137992979507153,0.2273895051396528,0.23527781565894146,0.2610075544700923,0.25711599753268555,4.034240638152395
0.09928799114387991,0.12026807836971157,0.13817980095372182,0.1541216251537264,0.16857205589183288,0.1818069401095468,0.1940060850811383,0.20529381104936947,0.21575775201651587,0.22545827040840466,0.23443259686297485,0.24269462890623952,0.2502287454561802,0.2569703968797724,0.26274400054778096,0.2669794143019083,0.2623625437306294,0.27795432284711874,0.28505585419093865,0.28986858750411865,4.197201947661808
-0.42670188008613735,-0.306006493246404,-0.20957342046604718,-0.13008053331299985,-0.0636309516719818,-0.007908448033205723,0.038379798716327344,0.07536397538248576,0.0982332576786413,0.13235886702587196,0.1606445017401437,0.17477863464558863,0.20903901630594562,0.2079396629657797,0.2490628001496276,0.2571231744565263,0.28264802797565425,0.28971422911785233,0.3120191131342469,0.30396633149802565,4.085976312551584
-0.007604225251672435,0.04410576253169929,0.08501783576508185,0.11844092827612211,0.14599703183609955,0.1685228374240479,0.18610682090671699,0.19662125306835018,0.2087285206457824,0.22820293884608703,0.23670861842524868,0.24488438792299708,0.2611870154500772,0.263951627836108,0.2758810825206098,0.2849855276773744,0.27977665518662004,0.29683637826542303,0.2930618690665896,0.3075678828757679,3.5409593240373143
0.08805898205962275,0.11033236711621859,0.12951865480597208,0.14668244726320281,0.16229113397209385,0.17661811163798655,0.18984529052202362,0.20210175309562523,0.2134815688043206,0.2240528067626382,0.2338618257660152,0.2429340158892511,0.25127024307091356,0.2588349703554627,0.26552114849482455,0.27102033420521005,0.27389152097935693,0.2798751721872012,0.2889174070650121,0.29491487836674823,4.310799125385514
0.08552899853411908,0.1071608751474493,0.1260125674249166,0.1430403093258372,0.1586599237083607,0.17311379848747407,0.18656402630417598,0.19912744639452415,0.21089183987496482,0.22192438451736943,0.23227632729750963,0.24198545076909328,0.25107689168900077,0.2595622076545363,0.2674357161020022,0.27466504732211355,0.2811657765791468,0.2867162214489308,0.2904736288313846,0.2932867950250419,4.499809670330265
0.08578673778632591,0.11333370159629876,0.13577442812326834,0.1549561940132149,0.17168355421738804,0.186384917142076,0.1992875278015272,0.21046752399540122,0.21981508808139005,0.226775412148304,0.22776233757927006,0.23941546239640357,0.25022125378805815,0.25625189610285076,0.252901738183051,0.26759354185838036,0.2754425167425917,0.27716151006973555,0.2812935248568182,0.29073643302002805,3.58351893845611
0.10692071950464152,0.12688766663414058,0.14374293148654418,0.15870322473063675,0.17226969554039512,0.1847142297410954,0.19620386128635198,0.20684740471313678,0.2167163291389187,0.22585449732521656,0.2342815296114603,0.24199049418465943,0.2489366844059573,0.25500397886475273,0.2598874472822635,0.26239772317651056,0.2647294606094111,0.2754374783347202,0.2816303599836874,0.28541825034512674,3.9982007016691985
0.11308254440254038,0.13100243003998044,0.14638505435947302,0.16018451327401043,0.1728063135932921,0.1844794065600365,0.1953512097536286,0.20552372011634545,0.21507038941597936,0.22404501771076055,0.2324867153912409,0.24042258864321686,0.24786879444443138,0.2548299966588013,0.26129654130367697,0.26723712738799643,0.2725799178847374,0.2771543426139515,0.28042256071988264,0.27302334980106624,4.330733340286331
0.0380091737113954,0.06655645116755322,0.09158364083138379,0.11422250638905895,0.13497757751507128,0.15414975217487878,0.1719443375344771,0.18851189884652553,0.2039671545605181,0.21839872956906786,0.23187430006261883,0.24444282934209285,0.2561342236339427,0.2669554594633282,0.27687963612915667,0.2858158590000742,0.2935069337833156,0.29893613363440674,0.303689102759894,0.31595999930599195,4.553876891600541
0.09772071696371719,0.11687863561292801,0.1336448018493576,0.14886502333562043,0.16290209423511917,0.17596496828147468,0.18819221351336346,0.19968337915639459,0.21051350862320037,0.2207407870243603,0.2304109195195514,0.23955974050805484,0.24821472760569988,0.25639570358943636,0.2641147606778447,0.27137517694422153,0.27816861572672125,0.2844686854175242,0.2902150442606148,0.2952658392613461,4.61015772749913
-0.0374070715952936,0.0028010961708063204,0.037978706579173536,0.06963172159144927,0.09846249609624835,0.12490369890574701,0.14925662396750558,0.17174435998614387,0.19253651454764922,0.21176148988154278,0.22951163359086052,0.24584230830608272,0.2607621360994451,0.27420278011473387,0.28591894485439995,0.29498377766226125,0.2972046671340349,0.31723530326220933,0.32819455571877537,0.3340292334914657,4.52720864451838
0.034378331753993616,0.08100104565640219,0.11654818435510861,0.14464589225715288,0.16690506126665217,0.183768899741197,0.1934272942076664,0.20146077380982536,0.22237043919635383,0.2310876110490498,0.2305453382256862,0.2515119134179419,0.25614761300714134,0.2591826861750968,0.2710798889065458,0.25301891005832944,0.27699502473951987,0.2818938465234587,0.2913439780503794,0.2958054237622146,3.2188758248682006
0.0998104721141042,0.12198541115290276,0.14054436797209785,0.1569021533626327,0.17162716214154602,0.1850195896110343,0.1972564650709834,0.20844399134276934,0.218638277110756,0.22784979572362815,0.23603172868115366,0.24303409916995314,0.24842824271658676,0.2502908773285607,0.2557576818822054,0.26666331661945436,0.27306521905549697,0.2759689036561312,0.27501663181599834,0.2881032410148782,3.7727609380946383
0.10380780859309166,0.12466171717226042,0.1422302843926985,0.15780956993815326,0.17192289832619417,0.18484974699246728,0.19675898675172013,0.2077579300935821,0.2179135963930176,0.227261668478323,0.23580756247863371,0.24351850420056612,0.25029693849132545,0.2558931228900432,0.25948618635927573,0.24908939617259274,0.27111375778068497,0.27851168143579264,0.28314374832007266,0.2831161921911918,3.901972669574645
-0.5690817787488002,-0.4068679585201411,-0.3160599537648137,-0.3134851312215466,-0.24722896083479418,-0.1984115122702438,-0.19583668244022237,-0.15384613353615478,-0.19583668608357535,-0.15384613353615478,-0.12091845284449888,-0.11834363030118684,-0.15384617931736436,-0.08759090607248778,-0.08758996314944723,-0.0630381287808274,-0.06046330560228097,-0.08758996314944806,-0.06046330623751536,-0.03619768475487545,4.143134726391533
0.06281191213357788,0.0958337284294081,0.12270326416341462,0.14545325883047572,0.16502956043138328,0.1819623623699947,0.1965301338138721,0.20877729213188967,0.21833258375272324,0.22281426547805547,0.23237844286289586,0.24567496065792033,0.25289508498332863,0.2448780275263359,0.26726222165245933,0.2750308169306822,0.27365385114167634,0.2853675857599552,0.2924960566865798,0.28907130451443375,3.624340932976365
-0.24244839605118707,-0.11541584770223969,-0.026610940867770716,0.037659645896349424,0.08247411418145777,0.09855131014090067,0.14512896938489955,0.16663128133254784,0.1896447852973563,0.21130946481891094,0.22203092826581808,0.23945741982104116,0.2550657276484056,0.2377529279429953,0.2863695130275676,0.27627364368426227,0.30360624532833846,0.311825995814751,0.30154843745365817,0.3360225177823294,3.3843902633457743
0.09579926314396864,0.11966791277624404,0.13947891300215423,0.15680192992591044,0.17226229531516185,0.18618368639045943,0.19874760173868863,0.21004765866085892,0.22010385562537746,0.22884474099886665,0.23602026684258082,0.24078712796199847,0.23389289558730084,0.253510794948831,0.26243935572787014,0.2674405233683115,0.2638614924157719,0.2773202865935623,0.28513035808257275,0.28775119355409595,3.624340932976365
0.022446201746332228,0.053443888181383244,0.0806090355749236,0.10515162476111417,0.12761652460383652,0.14833125105929318,0.16752047378616186,0.18534943275077057,0.2019440342195172,0.21740114610947858,0.23179383216738203,0.2451731854463611,0.25756675855430783,0.26897160273790205,0.2793349046137376,0.28849544792320536,0.2959356625408991,0.2975182798656582,0.3116056473500751,0.3214958214791868,4.543294782270004
-0.12087002386000235,-0.04427513822833601,0.015737580644388117,0.06423730049624236,0.10377341200832825,0.13568012146686423,0.16006576523465538,0.17147810747989742,0.19829850363560364,0.21824578462982622,0.20234041970964473,0.2496097185974371,0.2588604539919812,0.2720684090602288,0.285407939877194,0.28788910491370145,0.30374828231463163,0.3089201699784387,0.3190269055047609,0.3313780689708277,3.676300671907076
-0.2075259797334232,-0.14088470384811183,-0.08333036739134696,-0.032351331072129716,0.013330150747050656,0.054535433714058563,0.09184399064084045,0.12568023421365715,0.15635307920983305,0.18406916756689046,0.20891933909208493,0.2308083786631899,0.24915882341497345,0.2603217843395334,0.2809765170187541,0.3008200751626483,0.3117200403295515,0.3278444150541969,0.3456360236753143,0.35079915168227416,4.460144413937834
0.08645905939269544,0.11530803348340982,0.1386263596694764,0.15846208159194525,0.1755919155334481,0.190358386622888,0.20284280264096113,0.21281960652290177,0.2192434727022502,0.21056469124509164,0.23503995449009424,0.24577477366867115,0.2501087882774722,0.24574343288643796,0.2650766363082775,0.27108646654445,0.262346644042924,0.2803267705577351,0.2862743564106658,0.27799524005321763,3.2386784521643803
0.018659552949334888,0.06591230692477763,0.10290183495908713,0.13285759475091996,0.15731741443630348,0.17699176467257902,0.19167489308337235,0.19688167985972627,0.21500787355986564,0.23024977697878907,0.23502808690859625,0.24667973274348975,0.2595365429290429,0.25854978733322936,0.27274371677320575,0.2795041744438364,0.2765617271170938,0.28859935573972845,0.2911733842942825,0.29813028017611165,3.417726683613366
0.013253628485996483,0.04915813576177948,0.07994280583521139,0.10716937747874843,0.13157172764755748,0.15360030266597524,0.1735626921815173,0.1916762014100731,0.20808930473292747,0.2228856130993593,0.23606749885252315,0.2474888156465386,0.2565519813624243,0.2580351050563085,0.27501972207598974,0.2861639798555995,0.292700210898712,0.29730777990049384,0.3110761576572433,0.31787670660033485,4.22683374526818
-0.09913503899041064,-0.04420335249410645,0.0026743781600665458,0.04379048088706163,0.08029332132674366,0.11290992994405279,0.14214194023560486,0.16834031826594395,0.19173113886355234,0.21240220540804472,0.2302092587278323,0.24430665337141394,0.24214332071427225,0.2731479924530622,0.28777155055137926,0.29198624027091624,0.3114682475367836,0.3242951663270861,0.3177129428063421,0.34578104897068185,4.2626798770413155
-0.5968076881502006,-0.47633587427977997,-0.38284330518035,-0.307409852174805,-0.24539090577504669,-0.19418201160260926,-0.1525322548642559,-0.12110553634603123,-0.09850547314697519,-0.06992897002179621,-0.05364047099172674,-0.027195783302015993,-0.015534352434653488,0.009159016601846846,0.01776685276538838,0.03990780465684344,0.04871953956233922,0.06516898643577904,0.07757075999256079,0.08317033202001836,4.33729074083249
-0.20434134870240261,-0.13150765973869386,-0.06997594757574306,-0.01659631411368064,0.030278137535361935,0.07169992647901083,0.10838829879660268,0.1408289355910414,0.16929424940930837,0.19376250034286918,0.21345580859919372,0.21993623244117885,0.2502475215712242,0.26893009315081523,0.2675160291930077,0.3006558400403783,0.3142821742864553,0.32324071476834915,0.34343229156190047,0.34625204917894997,4.255612709818223
0.07979900036005337,0.10581618674815474,0.1277687215044298,0.14703279806157665,0.16422877372414763,0.17972118881765412,0.19374663457158375,0.20646151742987018,0.2179614430718111,0.22828384652531294,0.23738920941993624,0.24508373575784545,0.25063739809892077,0.23932609072039254,0.26492587278761687,0.2731657612497279,0.27810200079488684,0.27235081067451133,0.2905017434908411,0.29699829663684135,4.007333185232471
-0.0028569643312360625,0.08934322651180641,0.1355262386184228,0.13978498733126823,0.18269296067416868,0.20052166847079517,0.19013579419808596,0.21099454462425854,0.22349762382031121,0.20905719176639354,0.25792555277270235,0.23009576819877978,0.23994797052747976,0.24448006079013374,0.2743443075878653,0.27630091070146334,0.2695541062390261,0.2843972066921221,0.28078443076314247,0.2922106954313826,2.1400661634962708
0.11482832442093116,0.13183731445154295,0.14654956366399804,0.15982260570512288,0.17202061501629656,0.18335006968114526,0.19394511255788127,0.2038998248180224,0.21328327434895084,0.2221475030957392,0.23053211848178967,0.23846702381710527,0.2459739805171444,0.25306729087617996,0.25975362255161133,0.26603069324181033,0.2718839566385406,0.2772789068290019,0.28214150128093607,0.2862961301069601,4.471638793363569
0.08402636611829735,0.10866415049402198,0.1295327875425531,0.14792311613185974,0.1644121070760052,0.17933783216149807,0.1929208825423981,0.20531012831484474,0.2166025815170636,0.22685000302377087,0.23605313434851244,0.2441320002592873,0.2508134790838502,0.2549623800071678,0.2584666279242888,0.27032903362593136,0.2773166559128178,0.28111702856072757,0.28281721100612905,0.2941012772139846,4.060443010546419
0.08846168688682055,0.11349820183853815,0.13437665210933178,0.152564360626092,0.16871357064703735,0.18319615586652063,0.19624247711789436,0.20799325429150964,0.21851813520802396,0.2278098712281539,0.23573427675934158,0.24180472990844068,0.24301131003608378,0.25326366056078675,0.2628405681419897,0.2687350420179906,0.2692686799535301,0.2781657723611443,0.28633145949238625,0.2900110972518835,3.8607297110405954
0.07324693624552411,0.09871606489484154,0.12057312856053891,0.14002088802583373,0.1575973106275911,0.17362146355118396,0.18830703050656258,0.20180498535221916,0.21422279162830746,0.22563307064781507,0.23607533533420474,0.24554957793903673,0.2539926455644277,0.2611974055473268,0.2664044679640253,0.2653227573371777,0.2807959249522864,0.2884973369413144,0.29332335814610827,0.290745289502659,4.23410650459726
-0.10891482050924961,-0.04297014080443627,0.010904909386249481,0.05622520789445559,0.09480360371250149,0.1277387972801931,0.15566791645541092,0.17873849505779837,0.19590997552269998,0.19848510381419085,0.23134763599253833,0.2457299048727419,0.25184123960850247,0.27524045550334636,0.2826150428462873,0.2965903457836651,0.30940918349127333,0.30775216433620445,0.3288749858849334,0.322833528028918,3.912023005428146
0.08477076603354608,0.11122300065209739,0.13316018261796278,0.15215996898809236,0.16892900645989722,0.18386897789015194,0.197223667795939,0.20913205387467274,0.2196410574394753,0.2286763046132099,0.23589180036274726,0.23964147917164846,0.2453622180605516,0.25741051102821144,0.2644240579873084,0.26682883715882155,0.2727709779477424,0.2825868470943328,0.28708437635268036,0.276975759684799,3.7954891891721947
0.08175155314895415,0.10698409810672783,0.12831690034797286,0.14707804463668422,0.16386359801651293,0.17902334510830434,0.19278498849113923,0.20530078701421606,0.2166672500883697,0.22693015606780992,0.236073712316462,0.24397341320662896,0.250198139571381,0.2522180620992844,0.2616453316840548,0.2711367614987052,0.2771899435826553,0.2785065528108095,0.28681520299557817,0.29498030617353643,4.034240638152395
0.09470724904426933,0.11954046965767191,0.13995493966470796,0.1576443542686371,0.17329732397296577,0.18727034053038488,0.19975845415162324,0.21085131185043102,0.2205391006803613,0.22865961253131628,0.23464197927470953,0.23515473956982597,0.24545654380450577,0.25595961152773355,0.2619784548404858,0.2619467085857031,0.2705787056345016,0.2795620232475177,0.2830618248244316,0.27758875973485075,3.597312260588446
-0.006976256683710841,0.035189949055716575,0.0707077302800044,0.10155651014283044,0.12870018818090048,0.1527336978522808,0.17405083698755164,0.19290059533047307,0.20938953125611848,0.223406122894948,0.23421289966572828,0.23201072867363537,0.2566524000171769,0.26868119102255533,0.2736537637275386,0.28537373140612926,0.2972438438841704,0.3008442467671023,0.3114854632124074,0.3213972024312116,4.04305126783455
-0.5859514608932654,-0.4676213578599836,-0.3782650191488661,-0.30761900487211363,-0.2506107801254239,-0.2046505893920308,-0.1691987609269735,-0.15171299821598078,-0.12002079771292938,-0.10818888861704733,-0.07915820210358619,-0.07155165886303935,-0.04470086486825306,-0.03904155414769142,-0.01591971160024641,-0.008184119908641558,0.007166837504579861,0.019395778011880225,0.02069332691113244,0.041839021258599764,4.343805421853684
0.11544747323571451,0.13291709677083485,0.14785496651753335,0.16124988353130196,0.17351342361439942,0.18487274637159692,0.1954710267474127,0.20540546939567944,0.214744909435782,0.22353897298420256,0.23182312183459505,0.23962135762558223,0.24694729797439213,0.25380371861782663,0.2601799971786698,0.26604556981131455,0.27133357849604006,0.27589312731587995,0.27929231662476717,0.2785595785334032,4.269697449699962
0.07145296548847663,0.09595879278736695,0.11721110740018663,0.13629557700411843,0.153692435803149,0.16968540056113424,0.18446565159758055,0.19817098048237405,0.21090376617915396,0.22274005469331923,0.23373394597610345,0.24391858345135994,0.2533032415568952,0.2618632413954925,0.26951090962622826,0.2759951492834242,0.28030874516128573,0.28431102978878103,0.29527486837981554,0.3021571344492204,4.394449154672439
0.03238987925604331,0.11408353747900092,0.15252155290418903,0.1417848745476587,0.194925105007691,0.2092081387051284,0.19178614886546813,0.2093525865166172,0.22743151497456873,0.21139654915379896,0.2615454650239293,0.23098327622921783,0.2286921388318812,0.23603083174139936,0.2740557183362123,0.27228356402084175,0.265592883684547,0.279250354320042,0.2754625223872637,0.2834914966279516,1.8718021769015913
-0.022349647726029254,0.01879903143741984,0.05419405021097223,0.08554269738752081,0.11366084080551649,0.13905517366229556,0.16207530868205275,0.18297146661251018,0.2019185527334807,0.21902156634030678,0.23430028708545983,0.24762464127653316,0.25843354310056016,0.26260966819743276,0.2790294365749048,0.2918539727678103,0.29937243445175976,0.30588237881410585,0.32041782994977663,0.3275529611609927,4.290459441148391
0.03229324398064759,0.06154725069892027,0.08722765430924337,0.11047813176006295,0.131809152011874,0.15152553594778645,0.16983556128088198,0.1868922481786729,0.20281248286744108,0.21768691826745903,0.2315852436016238,0.24455857014982943,0.25663933605289635,0.26783795465430027,0.2781331817844796,0.28744612344101034,0.295556011460834,0.30166703861332567,0.30347712684206285,0.3181955832533354,4.574710978503383
0.11278148333915126,0.13097664116808538,0.14647309069187034,0.16033529301349295,0.17300170990604805,0.184711740408602,0.1956145993920757,0.20581028946135516,0.21536838143215334,0.2243376023494974,0.2327508734863221,0.2406276143753038,0.2479738520728934,0.2547796880564268,0.2610120311512468,0.26659580835402197,0.27135783185111745,0.2747868059271255,0.272717519784904,0.28352278164877587,4.174387269895637
-0.016663975539874743,0.027940602928732402,0.0653709245144725,0.09774863387050176,0.12611660013006845,0.15111882546391187,0.1731771968824693,0.1925473755934713,0.20930752368412708,0.223218346949101,0.2328101454212307,0.2406787799865959,0.25910341913678336,0.269293238432018,0.2628814187951361,0.2897021231729799,0.2985668853990345,0.29653527986782696,0.3162396504122762,0.32213844639399053,4.0163830207523885
0.011738671179863835,0.04728531349149414,0.07787922165684778,0.10503322470271603,0.12945482558678903,0.15157789552506018,0.1716999024300688,0.19003360300415692,0.206729143574839,0.2218809933759573,0.23552065688841134,0.24758145208695242,0.257764998094903,0.2647216135248625,0.27167684954124993,0.28621732929887694,0.2951196709782824,0.2972874758190219,0.3103774758489424,0.3200121980367248,4.276666119016055
0.08404761497469435,0.11251695182016061,0.13560438539302916,0.155249693285491,0.1722984905038055,0.1871954296622106,0.20016472362289545,0.2112524071749831,0.22024816484914317,0.22614471115835633,0.21873772484220153,0.24253072220699154,0.2515145912394485,0.2555146845140235,0.2564953731563551,0.27040062624034805,0.27587332752363913,0.2682163571439331,0.2857030987179129,0.29140763222135907,3.5409593240373143
0.07913100366255721,0.10270297319455796,0.12306901442482368,0.14131300821032722,0.15791337979446432,0.17315180059603857,0.18721708031754494,0.20024428570259103,0.21233269816320777,0.22355483085362296,0.23396063071942477,0.2435780055973795,0.25240877054758354,0.2604154603196458,0.26748194067886005,0.2732627722407344,0.27597367371578596,0.2834781492501675,0.29243534355958545,0.29848583730159184,4.343805421853684
-0.46137224898116797,-0.36201006284727033,-0.27777119602033656,-0.20457206202713205,-0.14017322498598794,-0.08311309194021414,-0.03237448827774634,0.012760222211608321,0.052768665440043945,0.0878733201178507,0.11785878515374956,0.1409092279314598,0.1591896854954836,0.19161276154533666,0.20852880846749974,0.23162822072803693,0.25377785228957933,0.2605215625874124,0.2911785830605172,0.2980030826724224,4.465908118654584
0.10017327696946636,0.12026065106711052,0.13756088416149023,0.15306771168342162,0.16721181381232125,0.18024196595005806,0.1923219827392185,0.20356737908335698,0.21406241385667005,0.22386896950572635,0.23303129225493063,0.24157808934623184,0.24952225542757295,0.25685732960889956,0.2635473306328878,0.26949836193326493,0.27445981586502594,0.27741972018237615,0.28087967201914216,0.2901122407951108,4.33729074083249
-0.055016938868169364,0.005108767809136863,0.053249858919522323,0.09299145800560267,0.12614092614700398,0.1537170671023336,0.1761107648731777,0.19253705019972184,0.1813963015344129,0.22492226355481704,0.23892701188304608,0.23745300026321225,0.2650221035268014,0.2730432173461366,0.28182986542689503,0.2955845619382063,0.27327624039457077,0.31100546021699255,0.30449862790994037,0.32428701697554313,3.7013019741124933
-0.139952142622241,-0.075473814141647,-0.0212327003511549,0.025664827200542226,0.06671106898288338,0.10285049774770522,0.13471854468958555,0.1627255850193645,0.18705576690159448,0.20751966128946597,0.22260836823771252,0.23295020366088268,0.2582039955522481,0.27171258337594284,0.2800394132410279,0.3017308413851259,0.31006648468934594,0.32383793679829537,0.3378870816338979,0.3270095174520571,4.1666652238017265
-0.5761172102857579,-0.4555761428831511,-0.3678869607724644,-0.3004176335300489,-0.24744341841001677,-0.20674672867061067,-0.19294534366672372,-0.1572507852387284,-0.14899642029289809,-0.11666327836085445,-0.11244335440708385,-0.08302777481616261,-0.07879331732847675,-0.0556878418272046,-0.04736981867287747,-0.035316958305974734,-0.0212377786041422,-0.019349240950382592,-0.0019093300394299488,0.006514023399593967,4.324132656254979
0.07570785733362646,0.10438699863217969,0.12810821936387937,0.1485514930257912,0.16648342952416337,0.18234468905763004,0.1964007637628885,0.20879256312283986,0.21953598043471326,0.2284396989829686,0.23463932255679643,0.22746920551542443,0.2507661364050937,0.259614960743175,0.264095220163539,0.26561203224380775,0.2788684973397637,0.28462977769971654,0.27969289745725084,0.29494138499091,3.7727609380946383
-0.259205191128326,-0.17772465997272427,-0.10919285490516718,-0.05001136204418028,0.001729988603834175,0.04725341827550042,0.08738932213705425,0.12268954013763815,0.15344211786055267,0.17953524144357555,0.19959243637397642,0.20936948746195683,0.24236312111199323,0.2591524554599136,0.27223491655427084,0.2962254862453175,0.3033578201436904,0.3256916669762443,0.33939927991102786,0.34838574488264085,4.2626798770413155
-0.0381789085933192,0.016544170034788717,0.06076837767704937,0.09762186932678177,0.12867785492559541,0.15484773149703934,0.17656353486929185,0.1935719245331189,0.20233566693741534,0.22013363502758548,0.23734451541029672,0.24369992999033163,0.2584652156333514,0.271996907692342,0.267819976697615,0.29043860137385324,0.29733471164337977,0.3017273265641252,0.31303259125898253,0.31054664674439875,3.7376696182833684
0.10829956859315672,0.12761744246599624,0.1440619640359184,0.1587114706719609,0.17202590649376204,0.18426410790534192,0.19559104337297065,0.2061187700037019,0.2159254797270942,0.22506521093763476,0.233572633953999,0.24146439872864373,0.24873682000599406,0.25535729254899203,0.261240011954672,0.26616634460130095,0.2693757977461822,0.26821852518064726,0.28052887812697697,0.28678610887618944,4.174387269895637
-0.0022562117569951026,0.04223613341116359,0.07892809905569009,0.11015819739244083,0.13707934534924454,0.16038531193187486,0.180489619591107,0.19754712422661463,0.2112788251416054,0.21951183022630394,0.23103449078165783,0.2474147672412217,0.2560171899569523,0.26014018529249405,0.2773446164658738,0.2839190464584535,0.28881519845682563,0.30218489640310453,0.3041999352262727,0.3135290777659416,3.8394523125933104
0.07859441617695938,0.1146363444294562,0.1425508703775566,0.16507176518821876,0.18301245483259904,0.1961823309284801,0.20210750122140766,0.20327232204642318,0.22746263798635294,0.23647431914169056,0.2248496304143966,0.25043469552826797,0.25884604668979216,0.24452180099305654,0.266769045065958,0.2683958292316965,0.2628897041842523,0.2513873159242953,0.2838178375727509,0.2741828211357751,2.803360380906535
0.10084715657848305,0.11977382583886471,0.136278255227383,0.1512226810340123,0.164977186414104,0.17775482152343275,0.1896965898855015,0.20090341650801158,0.21145095745886064,0.22139740940760708,0.23078796971472418,0.2396574606833053,0.2480317825880889,0.2559284428028626,0.26335610834347645,0.2703127402299428,0.27678103747472727,0.2827175267722633,0.2880227553002489,0.29243304475570925,4.553876891600541
0.04819040904995602,0.07779107143358341,0.10324797002698831,0.1258831201016266,0.14629925185042636,0.16485957404564683,0.1818103764887035,0.19732703550342073,0.2115342400418157,0.22451404788319823,0.23630462744565142,0.24688498154778316,0.25612186029648554,0.26354848449690427,0.26609516337988526,0.277916233108604,0.28801208051710947,0.2945448832640842,0.2913720814722303,0.3080477698935946,4.255612709818223
0.06607076400846801,0.09191174467143931,0.11427678099265176,0.13431226722696876,0.15252899599987066,0.1692303163644881,0.18462111686066376,0.19884885290862,0.21202228163517323,0.22422067212285837,0.2354976991494939,0.24588089475759584,0.2553647702812639,0.26388958452590533,0.2712728687329696,0.2768879989442265,0.2604618673882506,0.29083196652364307,0.2988895413115153,0.3042199441198373,4.356708826689592
-0.08781118332711538,-0.00259981638468604,0.058368441890081994,0.10319383795289794,0.13498017953000807,0.1497246122698064,0.1775201180447759,0.19945920729140681,0.1923658946834459,0.2309842969384744,0.2325688903090855,0.25132939088208756,0.24541956893495806,0.27035973343709874,0.27438185960982187,0.29247485861636613,0.2909068714351681,0.30338312976235354,0.3074730319470782,0.3054817321943648,3.2188758248682006
-0.60098366623422,-0.468070810928528,-0.37159765349243046,-0.2976110391236052,-0.2398334449100527,-0.19594021477872822,-0.17944412572431298,-0.14093253908851755,-0.13106757711980657,-0.09611171279997378,-0.09107006360676827,-0.05924222487813956,-0.05416881704631607,-0.029625571231268483,-0.01962953482158199,-0.008239747510478632,0.00881327849094501,0.011086219965673268,0.02925100900407861,0.03943935245405365,4.241326752570746
-0.5813447598025595,-0.43534119348448497,-0.32284438750039157,-0.23281803556058062,-0.15963287268129736,-0.10023760282687585,-0.05349395699571475,-0.023261954933514205,0.013932618588626834,0.04293233137517902,0.06869755251805061,0.09611062308275238,0.11421672901555341,0.13997919782367121,0.15333116972604688,0.17546039460276916,0.18985346157905794,0.2017848664512103,0.22377508717506187,0.21303409157578512,4.102643365036796
-0.008413565909384005,0.03323871559145385,0.06851969804139414,0.09932581208102871,0.12657566522940428,0.15083779047168042,0.17249416424884315,0.19179817995261655,0.2088877853359922,0.22375227081127047,0.23606424451135083,0.2440238222809066,0.2539005118268803,0.2696612643713739,0.27887411562367265,0.27568006113609994,0.2983285021775494,0.3068621964698199,0.30193983612005737,0.3235607745838773,4.102643365036796
0.04095074647589306,0.0727384849714325,0.09987741745169464,0.12382901854244073,0.1452700490601648,0.16461089784183178,0.18212831689456982,0.19801462850183715,0.21239750975437563,0.22534296772924217,0.23683781757229172,0.24671842124404422,0.2543367675905914,0.25214913233294756,0.2711626488882265,0.28098648010416727,0.28674726912135895,0.2894778793188628,0.30292113537896,0.30944542803214276,4.1588830833596715
-0.262476549755884,-0.17175346468997377,-0.09764164776807689,-0.03533880771805034,0.017708760312902628,0.06307405020072084,0.10172281162053458,0.13406034567264272,0.15940963742202532,0.16529622175875924,0.2049185514666488,0.225145269767105,0.23616768635849977,0.2641431751456785,0.2705472882117149,0.29533112150908947,0.30772758111538606,0.32041024406058194,0.3353912599152726,0.34203330054611136,4.069026754237811
-0.21735772097009676,-0.12916591583753384,-0.05828037955600382,0.0004277757414130772,0.049642663930727055,0.09095552593678936,0.1252098685724201,0.1522655483007845,0.1670225135294812,0.19533634831861332,0.2179802314714768,0.21203450566218504,0.2546354294474365,0.265433875157193,0.28312786995876515,0.2979687628856134,0.304838948775198,0.3226991059110043,0.3254487650044654,0.3425332902253781,3.9318256327243257
-0.5412667824119369,-0.3942808899410199,-0.31158088186122573,-0.3095106580236086,-0.24936522130772146,-0.2047830210058203,-0.20271279618527535,-0.16459498939030875,-0.20271279667673853,-0.16459498939030875,-0.13443706679097772,-0.13236684295335915,-0.1645949979509292,-0.1044498131544891,-0.10444955267442298,-0.0818949813105146,-0.07982475740449387,-0.10444955267442298,-0.07982475747289605,-0.0577971275519769,4.2626798770413155
-0.5770000920259382,-0.4553592130612937,-0.35737177182710855,-0.27595205600856937,-0.20722362680954545,-0.14882095138215923,-0.09929651138375034,-0.05796128198807997,-0.02541593840633633,-0.02258314518277605,0.031005951647483047,0.04837914335368587,0.07799281479795452,0.09621808885449809,0.11826366033940897,0.1361211172062022,0.15321352879747205,0.1697701558628627,0.1843804813272311,0.19733160460087928,4.324132656254979
-0.029328990324427685,0.015881302867072976,0.05412954716474666,0.0874586206195264,0.1168714403194669,0.1429923304728764,0.16624105808840794,0.1868940376764763,0.20509484186668653,0.22080501099491023,0.23355277903255017,0.24014329307325497,0.2554014111694973,0.27003200155082724,0.27802377380258,0.28591725480422686,0.30091002317465476,0.3072660126341442,0.3150197377395274,0.32743423590201565,4.110873864173311
-0.0578675275842512,-0.014100027767386902,0.024080415493440893,0.05831829116339715,0.08939258203101463,0.11778750670419112,0.14384146783461685,0.1678046618385518,0.18986576199261074,0.21016459875646487,0.22879602887026756,0.2458046247671986,0.2611623155989678,0.2746957548446789,0.2857754486274421,0.28927407546903827,0.3079863512210695,0.32112055081576996,0.3291390630982776,0.33683098051370364,4.4942386252808095
0.06656823572018543,0.09552665185460787,0.11987014156276422,0.14111207558977404,0.1599475287050325,0.176789223176782,0.19190418828681616,0.20546313172737102,0.21755598965282888,0.2281795144700805,0.23716361070967765,0.24380281028390524,0.23754938290867064,0.2594107041660328,0.26853042806773036,0.27370656217082,0.27380375116463235,0.28813098134776033,0.2944455663217587,0.2928572534291632,3.960813169597578
-0.5709155086513809,-0.4597747437382297,-0.37573911102332935,-0.3091914064799342,-0.2553613716927307,-0.21179274491968259,-0.17789919603095736,-0.1622719931029989,-0.1319769631924794,-0.12139993513643933,-0.0936732650743982,-0.08687113877447457,-0.06124292491640223,-0.056186979909795494,-0.03399898395347804,-0.027113043087714003,-0.011908690723513748,-0.0010688661366942238,0.002465359627872766,0.020313655201157743,4.394449154672439
-0.36696417753309457,-0.27382189707731924,-0.1951390330335768,-0.12695748866173331,-0.06713999373410452,-0.014304325948098875,0.0325020339002629,0.07393657573659078,0.11040446334682719,0.14199974231072682,0.16812681346018588,0.18370514553881043,0.2126929486781988,0.23697503800628258,0.2383306513900505,0.27664414214339766,0.2926223804324175,0.30846106586180755,0.3293169426487657,0.32650278641437563,4.3694478524670215
0.075435167169121,0.09883319731269774,0.11921220022511762,0.13759009099851352,0.15441333129398063,0.16994415198839677,0.18435892559495506,0.19778519493112756,0.21031875276540893,0.22203246995733922,0.23298100196342894,0.2432029324685417,0.25272070427165344,0.2615376296082488,0.2696292426896085,0.27691986315745204,0.28320632924805056,0.28776388973209255,0.28856809536035405,0.3011102842024508,4.471638793363569
-0.5770988776607451,-0.4103649083288738,-0.31716403603378707,-0.31443069227435544,-0.24636428275654132,-0.1963012296516908,-0.1935678738057047,-0.15043006670191572,-0.19356787984892387,-0.15043006670191572,-0.11669091423973141,-0.11395757048019253,-0.15043013668577437,-0.08236496463083512,-0.08236365718420886,-0.057229194406829005,-0.05449584953258813,-0.08236365718421108,-0.05449585064729014,-0.029567248233372232,4.110873864173311
-0.16478445077358525,-0.10426069849660077,-0.05189293934353711,-0.005400469483950042,0.03635919290343871,0.07411581248449982,0.10838353800900327,0.13953965606486954,0.16786048319030938,0.193534433586711,0.21665388813336128,0.23716683674322162,0.2546879913634159,0.2672946710947577,0.28074846050562413,0.30194422141068566,0.31479348142899816,0.32186161325198476,0.34366244078678315,0.353983659249197,4.454347296253507
0.050658255570729234,0.10190573338112358,0.13735852991826267,0.16266287859711354,0.17860157689721728,0.17002542130273116,0.20620235116890723,0.2203865936289498,0.2106234699301695,0.23674654313348195,0.24319476430847178,0.23435827732595105,0.24625971978864808,0.256527839302588,0.24900106556358467,0.27710804156837526,0.27809690211589844,0.2796201206484417,0.28037288114603437,0.2756299321242609,2.6741486494265287
-0.6177804659074183,-0.43976338287302585,-0.31200090488116233,-0.21564094995089012,-0.14252154791183363,-0.09060262970531455,-0.05963947346136951,-0.013853436281692787,0.004567664268182344,0.046645695470356456,0.05599609332511786,0.09430262395787607,0.10410383803143788,0.1296420999998922,0.1496163503985546,0.14654596043250676,0.1848444936183347,0.18941668632408806,0.20465190697969562,0.22623131907070362,3.901972669574645
0.08469548658161327,0.10865054298904268,0.12906206292591574,0.14714310452900872,0.16343321290810817,0.17824908373564002,0.19179948656924511,0.20422863619723206,0.2156356676097068,0.22608302376218584,0.2355968514827044,0.24415656686766798,0.2516580475141405,0.25777344990370066,0.2609616788029602,0.2671892200155639,0.2771330867315723,0.28349263562887433,0.2866458801649609,0.290511325602972,4.143134726391533
0.11684830189136929,0.1335315231112055,0.14794751657250427,0.16095167139105618,0.17290599516745125,0.18401484578312816,0.1944103779004848,0.2041848752069249,0.21340583236510557,0.22212396019917555,0.2303777895331591,0.23819641874409325,0.2456011096813005,0.2526060386950966,0.2592182582281549,0.2654366637932728,0.2712493013249012,0.27662720454006645,0.28150933347972296,0.28575826921856534,4.465908118654584
-0.28039031149348825,-0.20438947971975707,-0.13883943247447764,-0.08089388293059889,-0.029075868738521148,0.017571797010425744,0.05972615503860039,0.09788315585694146,0.13240350146467494,0.16352785414573945,0.19135943857970636,0.21577363889420256,0.23601306611447043,0.245972778279543,0.2734195196851085,0.29389627984343264,0.301890903207518,0.3265263707410598,0.34329923813151353,0.3450866181649885,4.48863636973214
-0.030386391214614384,0.014228653204933403,0.05217193420245034,0.0854018807237175,0.11487429843126509,0.14118510405615714,0.1647395457926588,0.18581403560668935,0.20457434146935213,0.22105536694529362,0.23504948385315597,0.2454928585271463,0.24856907181088062,0.27048068901051847,0.28186578104399057,0.28341748493573515,0.3013122863819708,0.3119993113122418,0.31104263029842927,0.32898633872356875,4.1666652238017265
0.10347137630447298,0.12256562830289193,0.13909815796596534,0.15398838167480924,0.16763208075992153,0.18025704723024802,0.19201340101391937,0.2030076624175938,0.21331858838759932,0.22300551758967954,0.2321130619267909,0.24067369720641318,0.24870885652590638,0.25622856761321866,0.2632290466309832,0.26968634280746845,0.2755401087989574,0.2806449933101801,0.28456036814020036,0.28339313397089566,4.436751534363128
-0.3077966363900163,-0.20686872232219744,-0.12534016453540248,-0.05749712418195527,-0.0003030312864321779,0.04807793931489564,0.0887121243478031,0.12185277732841251,0.14538980891347306,0.1667379837325522,0.19799704555220218,0.20883962627733457,0.23857608185891166,0.2559971728889292,0.27049496974004794,0.29164194643878943,0.29355936047040393,0.32049709637266593,0.31354760226023154,0.3446464213642708,4.04305126783455
0.09983640503025641,0.12235964482363407,0.1411381023074347,0.15759248285791347,0.17232101430508762,0.1856489391631656,0.19777173811115073,0.20880853782991607,0.21882356659967808,0.22783000543319215,0.2357742656041556,0.2424727405099856,0.24733349688320347,0.24597117042241015,0.2582212136898451,0.2667988248502503,0.2721170236597208,0.27282599417286707,0.27972614679273405,0.2880868467578299,3.828641396489095
0.076653694101982,0.09950170801445407,0.11946227435398624,0.13751363923565715,0.15408284319410875,0.16941987371393052,0.18369267445105106,0.19702289826724054,0.20950242122936916,0.2212019470368638,0.23217574198159108,0.24246410661386558,0.25209414399955754,0.26107869084312724,0.26941234201703274,0.2770612197726134,0.2839352607483306,0.28979321525341567,0.2936725305641593,0.297688426242091,4.52720864451838
0.07728830258001967,0.11051397414811771,0.13651031856892787,0.15792996098165513,0.17584552237289358,0.19068944503976673,0.20239968941221204,0.20985345205737246,0.19526846735991285,0.22903728748285948,0.23930084899813617,0.24175452642037992,0.24827368805679198,0.2607644174686732,0.26362200481892845,0.2641432880780757,0.27665834314671317,0.2766430332040157,0.2783355797419505,0.283199534437652,3.2188758248682006
-0.36241947231830784,-0.24881578204676044,-0.15829829062515305,-0.08388527816027137,-0.021893610070227026,0.029841973316520685,0.0724652594719992,0.10577132002333502,0.12011032402279168,0.161046476283537,0.18480673375108736,0.20312892835071097,0.23128946863788474,0.22574016387075507,0.26903566764270836,0.2713178648010198,0.3002261314362278,0.3015930523098446,0.3273043118200625,0.31998829791107336,4.0163830207523885
-0.08334864358002814,-0.0296808377728105,0.01580540652734533,0.05545167048003886,0.09043416823079085,0.12149434927394416,0.14913665073506283,0.1737006306445604,0.19537644652660027,0.21415669064639153,0.2295840952593119,0.23860160707942213,0.2551673342140637,0.2722031836224096,0.2812644417381451,0.2926917112514531,0.3084413492012346,0.3139068874492046,0.32740752397917167,0.3390685881768074,4.182050142641207
0.04220118949324866,0.07251758871437905,0.09864144950111356,0.12190103899254597,0.14290307977324687,0.1620140440726546,0.1794832841447295,0.19548932289225882,0.2101603264648493,0.2235825410355209,0.2357998873299267,0.246801049150308,0.2564747537622702,0.26443401063238525,0.26860473740785085,0.27814183153577426,0.2891578297555483,0.2963129356321577,0.29694047976764226,0.309512440726155,4.283586561860629
0.11463993026006293,0.1321808961821135,0.14722509566975847,0.16072389036125945,0.1730791711355939,0.1845162943675562,0.19517942564156915,0.20516777156788962,0.21455248728445472,0.2233855733415344,0.23170484777903405,0.23953667778453164,0.24689715773556367,0.2537918468355807,0.2602135852769111,0.26613674493216655,0.27150289197609323,0.2761796533021713,0.2797976913619224,0.28018568718683884,4.324132656254979
0.11202483363511677,0.12934272970126012,0.14437329142829083,0.15795808728132105,0.1704556014056396,0.18207014500559252,0.1929353655348655,0.20314574259403084,0.21277123906664705,0.22186506963268812,0.23046817358270144,0.23861189126958354,0.24631952174564747,0.2536070499117039,0.2604830825476679,0.2669477664377586,0.2729899784344977,0.2785808492243855,0.28365772845505605,0.2880759551038729,4.516338972281476
0.11128301157214476,0.12979879161416424,0.14561565402590831,0.15975358069427417,0.1726456533661848,0.18453523073655795,0.19557775968933805,0.20587957282106464,0.21551598164762667,0.22454068552113332,0.23299079543772205,0.24088914298068845,0.24824431348205034,0.2550477947173931,0.2612656921678493,0.26681648546582515,0.2714999153329472,0.27464500977909423,0.27181120828957467,0.28499057258831734,4.241326752570746
0.07539056699294416,0.10191175917922231,0.12435460427128218,0.1440831702983959,0.16171439404757765,0.1776130668070579,0.19201817197273138,0.20508997531202888,0.21692932277496418,0.22758106018346308,0.23701828490171656,0.2450771745083927,0.25115503625515895,0.249221822424944,0.26493428475817155,0.27371228879391835,0.27915046988336034,0.2719865611837783,0.29128179179591507,0.29822429210807816,4.04305126783455
0.04189765498291433,0.07585116322693021,0.10433402642571019,0.12906103771158417,0.15084091862249915,0.1701614037536023,0.1873380798215933,0.20256458656545925,0.21591766116683123,0.22730258530171069,0.23617245571711548,0.23827827131951929,0.2531899055240137,0.26438776673931036,0.2706713331420365,0.27246403304107075,0.2875007899603152,0.29410364835304825,0.2847361903887465,0.307470535664175,3.9512437185814275
0.09380596075898874,0.11931331398220357,0.1402096873615704,0.1582591053228178,0.1741762746976908,0.18832740739624187,0.2009068788233741,0.2119920095093919,0.2215386069298294,0.2292858179774879,0.2342397983424917,0.22128274451743218,0.24881735351231699,0.2575426640155445,0.26195892069209026,0.2517537721778363,0.2742159117536757,0.28081008060871787,0.2808964918346293,0.2871817894007244,3.5553480614894135
0.06275263583725199,0.09132338426046666,0.11558545934218417,0.13694019694513695,0.15602802816836056,0.1732320891667714,0.18880666041751412,0.20292471715323135,0.21569699540202425,0.2271744812816383,0.23732992275521594,0.24598243678911758,0.2524311923741248,0.24238496315482383,0.2679384789829797,0.2767956048471009,0.28201794879869785,0.28224361055007496,0.2962737716597465,0.30267177326679917,4.085976312551584
0.10548900821802981,0.12614244050041862,0.14352228705881892,0.1589048886015285,0.17281572812535675,0.1855389874664204,0.19724802409563844,0.20805411019463413,0.21802787971176732,0.22720860362603204,0.23560571025420188,0.24319162595590083,0.24987685499887974,0.2554274768043894,0.25906906124256696,0.24946717484136163,0.27051464286090965,0.2777190884710968,0.28229819922850935,0.2824618673354226,3.9415818076696905
-0.6468810721648434,-0.4369272979056753,-0.32119240157037116,-0.3167253000415573,-0.23144062522648914,-0.16975624288858557,-0.16528869216613581,-0.11123862731120283,-0.16528891673385876,-0.11123862731120292,-0.07000705020169083,-0.06553994862170855,-0.11124009594166573,-0.025967821319617123,-0.025953952547303157,0.0044962690241011904,0.008963432007275908,-0.02595395254993149,0.008963370604083493,0.0401979805130502,3.8501476017100584
0.09545319702726768,0.11526848056805751,0.1325544046785488,0.14820014769329137,0.16258890822814925,0.17594221321909928,0.18840724521246224,0.2000896865277327,0.2110689217270883,0.22140603332598427,0.23114833466093876,0.24033198023506486,0.248983306572061,0.2571190958477485,0.26474556965197393,0.27185531404098146,0.27841984021921296,0.28437058683243666,0.2895395899275233,0.29337404574964643,4.543294782270004
-0.29613529942672256,-0.20758698550644375,-0.13360535518652927,-0.0701220169201641,-0.014957071476875645,0.033278568759309124,0.07551599182412438,0.11235091716085399,0.14403327490947876,0.1701735400143852,0.1871319797278348,0.21182286101391395,0.23670269828875215,0.24454588935878635,0.2737305052174079,0.2903958667697757,0.30192104190246216,0.3242466739998937,0.31901490974936736,0.35219853290496084,4.241326752570746
-0.5537590279871084,-0.39370895339096634,-0.2744231311864556,-0.18169260556946892,-0.10875287490362266,-0.05255834595893835,-0.015163685858930059,0.02203425382096525,0.05649597798344698,0.08098522165917911,0.1132084661872073,0.1286626866038718,0.15854694294926633,0.17036842085004966,0.19315214862714306,0.21088813481427066,0.21381652918814556,0.2457941954771169,0.2458175584511294,0.27036202740817944,3.9318256327243257
0.0824855101821367,0.1096492956089437,0.1321064329252986,0.1514929987102904,0.16854474267858952,0.1836788043861186,0.1971447129744871,0.2090772008835901,0.21950286502163835,0.22828627006536178,0.23484828194473306,0.2348465906422412,0.24817506051077276,0.2579603193759239,0.26366165381473233,0.2589132647597682,0.2754717241048325,0.28281144204369063,0.28466254022944176,0.28957890772444295,3.7612001156935624
-0.08499812021070426,-0.028330546278502684,0.0190934826884146,0.059928637573955786,0.0955246042419743,0.12672550036785607,0.15408620218723654,0.1779388693235437,0.19836129480383435,0.21490250618278167,0.22401405086659099,0.24238009111479863,0.25975368108916275,0.2677390750691643,0.2823362494033905,0.29706841471616585,0.29804879813148005,0.31765214375263945,0.32721432560954145,0.3302152757849197,4.069026754237811
0.028878261630921265,0.05917453711739242,0.08568952686255941,0.10962280767964652,0.13151378436431257,0.15168623165045905,0.17036190493902661,0.18770357004110258,0.20383488194871605,0.21885052339103078,0.23282128172470468,0.2457956554389688,0.2577978490840932,0.26881978623732483,0.2787987810892354,0.28754760948540453,0.294432467023926,0.28829060587541344,0.31060498030662775,0.3197891531023237,4.5217885770490405
-0.22432492078763588,-0.14198580091821347,-0.07409467666383693,-0.016525664301949773,0.0329064315747566,0.07556439637505802,0.11231560197753919,0.1436092397041461,0.16926969217971047,0.18659076734193847,0.20711822179259629,0.23226261810652885,0.2423293534283332,0.26587162520975055,0.2827952773510527,0.2887642514936845,0.3131966399628007,0.31527175828255866,0.33773304667746934,0.34509502068280473,4.0943445622221
-0.5693954450697061,-0.45514366570978704,-0.3616758261562846,-0.28298857958352996,-0.2157444055454554,-0.1578485131389761,-0.10794751355300738,-0.0652366862401126,-0.0295291155562292,-0.0023679332496763317,0.019623582513729237,0.05160983309641645,0.055309678916871774,0.09651026833513546,0.10936339971596569,0.13526221614833892,0.1491989348383514,0.16909624792132616,0.1825303113134358,0.19910754020405028,4.394449154672439
0.10356199006641548,0.12474410208998525,0.14257929644555392,0.15832459399429988,0.1725161766461916,0.18545240376374703,0.19731916408696545,0.20823771271137842,0.21828612704808578,0.22750857325543702,0.2359162798275392,0.24347827607909295,0.2500889974232494,0.25545174142606136,0.2583825774469849,0.261142840561968,0.2720621839349354,0.2784303028518786,0.28220511236514056,0.2712576121723033,3.9889840465642745
-0.040337508719309065,0.00860162918273863,0.04958826925668364,0.08494398604860273,0.11582626292525451,0.14295317207551822,0.16679399076045054,0.1876271076023616,0.20551559898525917,0.2200930263494928,0.22882831707392973,0.24277891144902636,0.25940046895042124,0.2682646405086927,0.27642978458396955,0.2924730400747435,0.2986003219133263,0.3081263595027857,0.32022407005030823,0.3192357031515749,4.02535169073515
-0.6680930191895177,-0.4643852965035495,-0.33632668644019625,-0.2499703773524997,-0.2348161885284424,-0.16430480116531204,-0.1643068268218663,-0.10073456519901448,-0.10072536745879644,-0.055635359150943524,-0.04039997965468573,-0.09486760537046893,0.001313007830492441,0.0013130565135006528,0.007236096701316982,0.04370531341953968,0.043591981207384105,0.04953927910769922,0.07250839794895657,0.08756450393680076,3.8394523125933104
-0.657562000943337,-0.46212284613985044,-0.3390232477038473,-0.25563084664807584,-0.24168345967307148,-0.17366283454768802,-0.17366408254277782,-0.11255154641578022,-0.11254548613953616,-0.06879945819319622,-0.05479597569224182,-0.10715297479443649,-0.014443613814855077,-0.014443587650841253,-0.009004583484875735,0.026292181017587974,0.02620865524875932,0.03166680787393695,0.05435861448064633,0.06823277902461065,3.8815637979434374
0.11151659993132117,0.1291212464428669,0.14435382671286148,0.1580887736938459,0.17069909890798665,0.18239735796931802,0.1933223127363026,0.20357167581291122,0.21321736930840876,0.22231361383238973,0.2309015577004671,0.23901198777947819,0.24666679797091756,0.25387945720680904,0.2606543895361231,0.26698472088573316,0.27284681578450987,0.27818691897750625,0.2828829775696078,0.2865929635699625,4.460144413937834
0.09528508425666243,0.11596958579903646,0.13385484693715116,0.14992356158519157,0.1646026965643775,0.17814010184905096,0.19070016690984415,0.20239989089689844,0.21332559753813082,0.2235416388106458,0.23309508495301937,0.24201791327084077,0.2503270487415321,0.2580216047584902,0.26507476107387873,0.2714117351719754,0.27683852328724434,0.2806803830043984,0.28010445778483917,0.292378941018959,4.388257184424518
0.08158049297416112,0.11084963221409681,0.1344672225557745,0.1544625580003656,0.171720578021131,0.18669904514737942,0.19961248187823025,0.21045917568435935,0.21885982178938124,0.22274671117120798,0.22948196498135937,0.24310735343187978,0.25040168592591694,0.2502323709311426,0.26106807808609356,0.2702379937160776,0.27265813184915205,0.27528582104061894,0.28593745597586145,0.2880416024767214,3.4965075614664802
0.10463033584186518,0.12562901360465079,0.14326913458143997,0.15885819650837904,0.17293432621851143,0.18578797548128112,0.19759555634455667,0.20846923505962542,0.21847857305901583,0.22765932366246708,0.2360134097904473,0.24349757882387493,0.24998543326098968,0.255129165624314,0.2574813571379055,0.261245588572051,0.27187439254098433,0.2781515735208195,0.28165596284341265,0.2707071460917948,3.912023005428146
0.08934848267616936,0.11018495286676226,0.1283676999608458,0.14481741096261472,0.15993266542739026,0.17394492094409822,0.18700857404067783,0.19923483349486507,0.21070738572146197,0.22149060731523065,0.231634175328745,0.24117564225050236,0.25014160451355216,0.25854756584230043,0.26639606684348777,0.2736716418356461,0.2803282961253671,0.28625434095861607,0.2911393601616253,0.2933933497699345,4.532599493153256
0.11369799351303354,0.13126810150377277,0.14628813933710727,0.1597801903328416,0.17216003345795544,0.1836530257103414,0.19439927024758807,0.20449290696245728,0.21400006853094636,0.22296811992307994,0.23143070717828337,0.23941046826962403,0.24692016703419686,0.2539624120172414,0.26052755270761274,0.26658831583028786,0.2720869272855184,0.2769002214513871,0.28071527122944046,0.2821891681876762,4.23410650459726
0.10685987307966974,0.12475467809468166,0.14036151077222273,0.15450708054432513,0.1675444053809563,0.1796756467587581,0.19103397376360362,0.20171436070186954,0.21178786520031806,0.22130917657130872,0.23032095942254033,0.2388564661349281,0.24694108718044297,0.2545931334917328,0.2618239178712261,0.2686369822935669,0.27502595336668123,0.28096964298289095,0.2864204124209556,0.29127184267109213,4.579852378003801
0.10292161011286148,0.12388137684056193,0.14159760443969424,0.157271150464706,0.17141898749171042,0.184332545730141,0.19619617562203737,0.20713251029496368,0.21722318718696024,0.226518433194007,0.2350396082311594,0.24277425764630567,0.24965677188548646,0.2555049251528985,0.25973554048498443,0.2564717071012293,0.27044755265688303,0.27786843645610276,0.2827629755868881,0.2840387316431368,4.051784947803305
0.11745149730580635,0.13430416137002374,0.14875395081093687,0.16174278538938286,0.17366210331675072,0.18472797180894737,0.19507683554587968,0.20480171899528135,0.2139690034657055,0.22262721076887543,0.23081193396433497,0.2385486455847097,0.24585414466220662,0.2527369150813754,0.2591962966153971,0.26521985362200273,0.2707771589192172,0.27580466681171156,0.28016225096719133,0.28345779374371016,4.330733340286331
-0.27037947789601324,-0.18457522009900582,-0.11297448742011965,-0.05159609607059475,0.0016835065089415699,0.048213351625341634,0.08889281917587281,0.12428674148871331,0.15460026325950582,0.1793190888776414,0.19345162490981818,0.22085415313147647,0.24366243935650314,0.24517701955530183,0.28008717665228766,0.29494461067565364,0.3081626871069975,0.32823453076871467,0.3090870162713261,0.3553971614471342,4.212127597878484
-0.6803684892334169,-0.44428745726093877,-0.31531523771347336,-0.30955716451420434,-0.21396449923899402,-0.14557735079397333,-0.1398170681541699,-0.07923420574098779,-0.13981817243649813,-0.07923420574099535,-0.03377019936766455,-0.02801212541711612,-0.07923985966177093,0.01631857318722083,0.016358458782943144,0.04973801380647004,0.055496444824976766,0.016358458726103354,0.0554960877570184,0.09050588986776731,3.713572066704308
0.07070263593505453,0.09775367574279348,0.12070833164342414,0.1409216475983507,0.15900817500988723,0.17533316198057242,0.19013780932503233,0.20358590679490454,0.2157831238817057,0.22678115925939107,0.2365646630451229,0.24499636333690086,0.2515771515351404,0.25276389451971076,0.2648123729313465,0.27421767451436607,0.2801661268119427,0.27833025393470634,0.29201655837743556,0.2994609747818893,4.07753744390572
0.10230521523544896,0.12405555222017545,0.14226869932128597,0.15829233115607655,0.17269318582908885,0.18578087272056923,0.1977439598221642,0.208701189689986,0.2187233788929028,0.2278409079746939,0.23603920140917362,0.24323362887373376,0.24918023821118823,0.2530281533576146,0.24844455183379158,0.26548044603112714,0.2727605517263341,0.27722003322073197,0.2753121641799668,0.2861075616215477,3.8918202981106265
0.055423007502214634,0.08744409541295604,0.11413448654519301,0.13720529718777746,0.15745674987672165,0.1753643446021788,0.1912273374434612,0.20521724869578067,0.21737622196943282,0.22753438864096193,0.23484440896670078,0.22873124495141473,0.2527392318586316,0.2621748985743337,0.2665931408795514,0.27231192600687093,0.2839680185316482,0.28913912817999216,0.2883580240081307,0.30245701566712185,3.871201010907891
-0.5731498236923268,-0.46124052394020776,-0.3696212787964615,-0.29243916349693466,-0.2264310520668347,-0.16954492541379,-0.12045068575850519,-0.07834708625756061,-0.04300680631789989,-0.01567387700113605,0.0037734926369286967,0.036731840397005944,0.04606157171948902,0.0805519299780348,0.09447566125140326,0.11847568093514357,0.13297062825865547,0.15167147883240073,0.1655581759005138,0.18118137405468418,4.418840607796598
0.05538754862455878,0.08437207753886518,0.10915207825488518,0.13108004582711977,0.15077353020761464,0.16860373478607737,0.18482023822663823,0.19959752272396053,0.21305474916948228,0.2252618509726658,0.23623259165454005,0.24589153154167026,0.2539479901847454,0.2591080434008955,0.26477476581308274,0.2771995682816839,0.2848145724871051,0.28804387526100206,0.29562053032468727,0.30512979025204723,4.174387269895637
-0.20709847119445096,-0.12401710281997885,-0.05636673293473767,0.00033918709812033506,0.04846234890100821,0.08944233930498272,0.12413130454835651,0.15278177050613967,0.17420321204171424,0.18294328247220448,0.21776097285942433,0.23352782701522382,0.24891708735890203,0.27063386603838724,0.26704118363826485,0.2995227719150728,0.30814664231553685,0.3224698621571152,0.3336947967555649,0.34229009963375256,3.9982007016691985
0.04445995192115744,0.0847924440238084,0.11677882811448223,0.14311282919779547,0.1650621933025193,0.18326769287513991,0.19785269870940161,0.2078941106979845,0.1977141818463052,0.23055405613249014,0.2415921804824751,0.24250013590680122,0.2567760722693425,0.2671276979139687,0.2659383822865677,0.2785807262610264,0.285790565054628,0.26170256067747905,0.29423885397250016,0.2858933365115308,3.449987545831587
0.018162786199229744,0.052527625998393244,0.0821564837677899,0.1085076062942384,0.1322581943056195,0.15382202536035466,0.17348272223210903,0.19144401642142814,0.20785167275692537,0.22280157670405196,0.23633637179333686,0.24842291577969963,0.2588722061146692,0.26695892565532997,0.25590140927105226,0.2855189738227356,0.2956303068009363,0.30143795277540375,0.3071982432878041,0.31961507190418686,4.297285406218791
0.11434933521662388,0.13171961076751215,0.1465814344012797,0.15994103388041733,0.17220786297140372,0.18360397540604598,0.19426755665613754,0.2042916153314061,0.21374168195643684,0.22266494002684187,0.23109525250102075,0.23905592307973203,0.24656097245619993,0.2536151559536362,0.26021248014053694,0.26633222647591503,0.2719296152363313,0.276912021758407,0.28106370278106085,0.2836704709867923,4.255612709818223
-0.06869615121440542,-0.017870698563284257,0.025366465984423863,0.06319993853728406,0.09671531196916316,0.12659562482018263,0.15330809615329788,0.17717339713656227,0.19838591999933283,0.21698928562834996,0.23274073479050952,0.2443190247534633,0.25162655710512866,0.2730610785714601,0.2849828754302802,0.2773947121597488,0.3082328370127075,0.3183790217081178,0.31984879257454996,0.339162296873882,4.204692619390966
-0.4180353105902141,-0.2715687360299829,-0.16318020318089788,-0.07971184391853939,-0.015039510895759174,0.03319433792190989,0.05753710598919367,0.10310193559527353,0.1294032787179888,0.1570672623142654,0.18267508575392244,0.19958431900587634,0.22319844827636776,0.23657713950339343,0.25089529824527446,0.27323513671307637,0.23705644377563526,0.30364245884085617,0.30564934861185944,0.3215881512002413,3.7612001156935624
0.09561973147359455,0.11678599167749125,0.13496019474298418,0.15119642625632818,0.1659548311558543,0.17950253088986398,0.19201567325543806,0.20361804428225777,0.2143989532324072,0.22442235277589237,0.23373127320083184,0.24234880550111812,0.2502750599790921,0.25747661760783824,0.26385573637416543,0.2691408139824572,0.27219008122907046,0.2764026016396954,0.28583600106754176,0.2918539694567827,4.276666119016055
-0.06149218366299152,0.01822982454251726,0.07484277303108683,0.11604754170768732,0.14456729971113205,0.15344091096008822,0.18536040717093258,0.20417591482159855,0.20269485805061108,0.23373596504171434,0.23209772134349196,0.2516139598966505,0.23159516159528348,0.2692633494329492,0.27538197922348734,0.2904731994362016,0.2882135495542329,0.2987670525261068,0.30323837085522504,0.30463071187220847,3.1354942159291497
-0.5241334380394965,-0.38622666227511415,-0.30839503308073096,-0.30660403599288194,-0.2501108835985809,-0.20808238759589845,-0.20629139028513474,-0.17048825731634865,-0.20629139039659203,-0.17048825731634865,-0.1420081368022275,-0.14021713971437838,-0.1704882597965956,-0.11399520605436245,-0.11399510492204774,-0.0926566281219655,-0.09086563102101591,-0.11399510492204774,-0.09086563103411636,-0.07017561160860154,4.343805421853684
0.05763525860772183,0.08991032569526068,0.11662305969469965,0.13957134421436038,0.1595967954938877,0.17719356705142036,0.19266156688702663,0.20615136484947497,0.21764085980732506,0.22674679978242376,0.23119308388823823,0.2407839775318412,0.25335561256152767,0.2605458712179572,0.25529996868158,0.27471388981430517,0.28260102947756155,0.28284304977393177,0.2929934749767393,0.3006511392281449,3.7954891891721947
-0.41946483194871964,-0.31544517103339303,-0.2289361437932599,-0.15504326709694208,-0.09109194615628678,-0.035375850756539845,0.013244493727378383,0.055497025582091616,0.0916904093758217,0.12133509329727182,0.13897358254659636,0.17084333497540252,0.19631197702389133,0.20184889448269652,0.24003045764174452,0.25236303248870745,0.27652220567765945,0.2930544226652465,0.30706298014973643,0.326254916524351,4.30406509320417
0.028575793169949223,0.06506074005924138,0.09565957496945099,0.12218457586063103,0.14550026978122182,0.1661315128926294,0.1844184859969996,0.20056745526904554,0.21465030270653954,0.22652508989808545,0.23539922120302917,0.22012153320519978,0.2553241943096289,0.26586347853583797,0.2704975369379629,0.2792428387199194,0.29074273463856665,0.2953593443531933,0.3008816755005787,0.31191502208999783,3.960813169597578
-0.5909906570443558,-0.4742316612379132,-0.38355712837888967,-0.3103395714227826,-0.2500777304752033,-0.20024035410532845,-0.15959476015481222,-0.12867931614406788,-0.1073776842242732,-0.07929602534838781,-0.06392484484713723,-0.03795845428780225,-0.026945548784144322,-0.002708706781350543,0.005420168325608377,0.027201744061098317,0.03549744339990989,0.05191674241411492,0.06353780705523869,0.07002492971799103,4.363098624788363
0.1045743243969879,0.12467723005646102,0.14178266778602605,0.156994208840964,0.17078737391848933,0.18343238494283337,0.19510271004925037,0.20591654346863192,0.2159560776211731,0.2252771828870735,0.2339137839436265,0.24187807202137482,0.2491553431458166,0.255687638224295,0.26132334924424105,0.2656076817716013,0.26542131415201825,0.27501662589268966,0.28250485067221703,0.2875705870966324,4.1588830833596715
-0.5697677607379694,-0.44605410994566114,-0.34648041821289904,-0.2638091953196459,-0.1940924085213407,-0.13492660542945747,-0.08485015056108099,-0.043197473770233905,-0.010759840002266782,0.0030058771229053284,0.047017398793868806,0.06278766365574054,0.09493984186416671,0.1124683296729908,0.1358960828385634,0.15329959197697474,0.1713409760927525,0.1874489996353561,0.20289164110927263,0.21504654351087438,4.297285406218791
0.046529886593610695,0.07592126435320244,0.10128402546070775,0.1239037686905783,0.14436457018987559,0.16301809102445353,0.18010344713338217,0.1957923130356082,0.21020908540236025,0.22343973919956583,0.235533048248371,0.24649240036818743,0.2562467097320916,0.26454794353352445,0.270400803021954,0.2739666733310025,0.2877509748981788,0.2958791218503844,0.3002757762465724,0.3059280714114172,4.30406509320417
0.09318481220679456,0.11722382677413887,0.1372591475209499,0.15473792215697613,0.1702940694694037,0.18428379826091615,0.19692553925218048,0.20835263151976252,0.2186333502603374,0.22776942484772406,0.23566164570064116,0.241965246023502,0.24512859015968955,0.2501583685782136,0.26139961283605556,0.26804900099631407,0.2710586458865236,0.2735843496621012,0.2843950774448605,0.2895308994852204,3.8501476017100584
0.046624092630685135,0.07919050832258182,0.10658916109660689,0.13045228042358198,0.15154427007788118,0.1703257347912672,0.1870971885868452,0.20204924821175052,0.21527368653525583,0.22673351755923657,0.23611285254280978,0.2417945449867139,0.24915228013798016,0.26256790366982485,0.2704846582310341,0.2707919563206234,0.28422449747349154,0.2929922122052049,0.29554008665039433,0.303190636637606,3.979681653901961
0.09452911105659341,0.11430731389365562,0.13159760214954674,0.14727344678058407,0.1617107852258753,0.1751268099244749,0.18766588096936365,0.19943182527168005,0.21050288009148901,0.22093955625531872,0.23078911468792565,0.24008818647987415,0.2488642049448233,0.25713589122462205,0.26491272177265407,0.27219288823431875,0.2789583480153528,0.2851628882858894,0.2906989610620544,0.29527305253593805,4.579852378003801
-0.054048226303632235,-0.003154300887890982,0.039560570848134434,0.07646833324681479,0.1087570984277351,0.13716746297591248,0.16218828285496195,0.1841191451923884,0.20305542031803384,0.2187163011403361,0.22923145963263258,0.2406924037837666,0.25942852411784684,0.2697401625631505,0.27549200039446314,0.29405238035339004,0.3016157050718752,0.30970195250895866,0.3233485560821578,0.32464299869586144,4.060443010546419
0.10507627585686513,0.12531279276889934,0.14247004043570805,0.15769462348255944,0.17147819338466894,0.18409776501671737,0.19572923480350388,0.20649081896881305,0.21646310237640456,0.2256988428506444,0.23422689573551583,0.24205107120372357,0.24914147431439762,0.2554078795086794,0.2606094458044365,0.2638697000803734,0.2641762263052556,0.2759705193244313,0.2823513884788353,0.2864921433262532,4.102643365036796
-0.22868866506940796,-0.1597628225075738,-0.10017486698472135,-0.047355855945947795,0.000005910324837282352,0.042755612593687514,0.08149079116185934,0.11665046922379677,0.14855638145587477,0.1774279918581301,0.20337222031714533,0.2263230490126192,0.24579575645849874,0.2590894438155687,0.27731697508192543,0.2990611861841041,0.31177018761368525,0.3259056066785815,0.3456537641654285,0.353432775276562,4.483002552013883
-0.09747686751776982,-0.044973905474242085,0.00023494337345385924,0.04023161856784696,0.07604424993273462,0.10832308518656296,0.13752173084848837,0.16396775997158378,0.18789270515900364,0.20943845608467393,0.22863596674303863,0.2453140138741867,0.2586700514161477,0.25879364342988215,0.2860576894218483,0.30046264727093885,0.3066441218768227,0.3226187934553412,0.3361045616709884,0.33889565186914494,4.356708826689592
-0.07591853435124336,-0.007217687964354082,0.04624227148285065,0.08914686328455365,0.12380936113922669,0.151342514127302,0.17137134043776753,0.16346264004996405,0.2076696309681248,0.22288557569912043,0.22703035774225,0.2519449274344065,0.25674508292802944,0.27191723221597225,0.2814549012473287,0.2859710882460813,0.2961544215019414,0.30509509264264,0.30837587034546804,0.32436726339467736,3.56953269648137
-0.27713734282697294,-0.19579067331152672,-0.12682018063655345,-0.06682066158960026,-0.013988294571752331,0.032839487650678796,0.07446599851873424,0.11144907527922572,0.14413776703797448,0.17263119728151147,0.19652099756781624,0.21295097041333602,0.23377478755135997,0.2584884247715129,0.2707434809504065,0.2918188229060905,0.3107496765813949,0.30593932296975895,0.34188988881919496,0.351491699048357,4.33729074083249
0.05744016933049207,0.08544068784294942,0.10950733374289864,0.13091327688658508,0.1502349576306864,0.16781786281246194,0.18389533756057794,0.19863317086078583,0.21214935609267532,0.2245223629906029,0.23579109217174826,0.24594332842979044,0.2548756084493642,0.26223880029007823,0.2662956934457293,0.2742329273996048,0.2849825931803152,0.29194464232427225,0.29427717058435854,0.3030965174013356,4.248495242049359
-0.6577023074955398,-0.4761609069549203,-0.35220085951536956,-0.2620846759987198,-0.1973076431742337,-0.17647004389399953,-0.12108152129202242,-0.11187529259620191,-0.06173832071532828,-0.059327083640839835,-0.015895443108134014,-0.006547039842876062,0.016248622678135538,0.037549793231342915,0.031623569063470774,0.0679031946386647,0.07747890880855307,0.07740696802790108,0.1079127449760978,0.11029103805928821,3.9512437185814275
0.02202136120190996,0.07087063555164849,0.10839980980547953,0.1382345122563392,0.16204129037539158,0.18039544934844123,0.192044554661702,0.19624480977094175,0.22076870738024873,0.23098270783944136,0.22737333715272062,0.25185538194723234,0.257685019778398,0.2604060089314248,0.27352177743626427,0.26132662148309327,0.28114835304796626,0.2824873580284706,0.29488764915840954,0.2984922506251505,3.295836866004329
0.10685706734808187,0.1264795363702832,0.14309981748918363,0.1579096589849872,0.17139184352455727,0.1838059450677698,0.19531095284778663,0.20601078892169403,0.21597467378005128,0.22524690877252396,0.23385100622309665,0.24178953628122826,0.24903860162513358,0.2555314317627954,0.26111030386627077,0.2653420439422061,0.2659939814872975,0.2730130978970524,0.28158367265655754,0.28708069780252093,4.0163830207523885
0.09126624925991829,0.1167279691805226,0.1377059406343347,0.1558396702062207,0.17183994500994845,0.1860942245664105,0.1988263212501228,0.21015280089571295,0.22009347438687307,0.22853074675098167,0.23500539288359756,0.23704679606231382,0.24550188964195663,0.2562837169424277,0.26262345120569014,0.26366837232509016,0.27124946262984295,0.280312698591869,0.2841808063037798,0.2783864465005505,3.7013019741124933
-0.4849459282236931,-0.342426506150302,-0.23317815197717154,-0.1462733259652641,-0.07622113328176779,-0.02014705696767495,0.022555971550082703,0.03842695564304498,0.08996466004665679,0.11289738454442094,0.1437346976797303,0.16671824008262634,0.1876276470791584,0.20945625810186821,0.22482957481053636,0.2421432793971649,0.2598408284986911,0.26100396262887576,0.2921789431482752,0.2916194660132215,3.960813169597578
0.09737069959116702,0.11819662400800862,0.13609756100123824,0.1521082561103915,0.16667926577595413,0.18007169880712695,0.1924576671570926,0.20395828821186351,0.21466131610936523,0.22463021408417821,0.2339087484036705,0.2425224660588753,0.2504768756838857,0.2577500867829083,0.2642719285834456,0.2698570395396257,0.27388251551979365,0.26922327648351035,0.2852748479113904,0.2919980356228308,4.297285406218791
0.10869686130072935,0.1263855688094921,0.14178836847399712,0.15573585708418342,0.16858248516037333,0.18053096887752643,0.1917145780000023,0.20222811365610754,0.212142284275525,0.22151131326908072,0.23037731845978685,0.23877294262118573,0.24672290541975528,0.2542447683038668,0.26134897018632447,0.2680379575471568,0.27430383167976397,0.28012296117853497,0.28544301000186323,0.2901459409835533,4.5591262474866845
0.09281697982760947,0.11831799832972832,0.13931691152317638,0.15753480212004742,0.17365010234278275,0.18800417658522664,0.20077285256644994,0.21201698523424298,0.2216734664783496,0.22945073406433622,0.23427298335045108,0.21990060197202563,0.24903890970821652,0.25800854817450297,0.26237587469476126,0.25106502486645704,0.2748504179878576,0.2816147246267838,0.2814068726395313,0.28786930236458835,3.4965075614664802
0.03594742746088642,0.06704207215313238,0.09388672567599218,0.11781894750125554,0.13945087259741673,0.15915306123389966,0.1771784305518449,0.19370894238526387,0.2088763721216955,0.22277112674053987,0.23544260810998643,0.24688832641717245,0.257016022126662,0.26550221285320313,0.2708431633336527,0.2783439287357701,0.2905374141612894,0.29833247707263566,0.30090706016307367,0.31119577376287627,4.310799125385514
-0.046576681433939005,-0.004105591547673294,0.032898271059097844,0.06605238107343375,0.09612094386142866,0.12357802328749729,0.14875426875996722,0.1718935014078258,0.19317876660621974,0.21274448599280682,0.2306796593997193,0.24702126504172953,0.26172839471648857,0.2745962980629386,0.28485878049292446,0.28008923883368053,0.30738675704906065,0.3194779827129035,0.32628538262763607,0.3359425128665022,4.471638793363569
-0.5355542976875326,-0.42859194631115843,-0.33917044591355566,-0.2624612418189221,-0.1957677010424275,-0.13734633672725904,-0.08601139395841077,-0.04096251990358472,-0.001732552773486349,0.03170173237615366,0.05808330972452062,0.07280242221762823,0.10996926391739424,0.1275999340689777,0.15264155715824806,0.1736183240468929,0.1884308928167829,0.2122799036915981,0.21627597873072735,0.24588467512109083,4.454347296253507
0.07282190789300441,0.09741525232564084,0.1186829195045317,0.13773548816876877,0.15506538221821234,0.17096375876767397,0.18562653591907044,0.19919430406243044,0.21177059745653212,0.2234309766306766,0.23422707874104523,0.24418665690869054,0.25330827641200887,0.26154464532810257,0.2687510813194816,0.27446917746996125,0.2753486857716714,0.2865643979587605,0.29496391274627126,0.3006867501901723,4.350277936359301
-0.6141162414975198,-0.4255198130943389,-0.32083794200644106,-0.3172795188326009,-0.24048180786857648,-0.18447139232947699,-0.180912875364489,-0.13224151360326014,-0.1809129222580745,-0.13224151360326014,-0.09464888675925504,-0.09109046358183653,-0.13224190536670474,-0.05544875783461488,-0.05544380264281407,-0.027559642515362304,-0.024001208504267863,-0.05544380264293886,-0.0240012193379438,0.004125129861273413,3.970291913552122
-0.06964103633351638,-0.020151346211304447,0.02234319314065872,0.05986140002143184,0.09339312517146581,0.1235610929994265,0.15079707109642518,0.1754094692201665,0.1976106352756519,0.2175191858794798,0.23512847386345417,0.25017512661612723,0.26140765885608713,0.26789978488175953,0.2892696327146758,0.3013503363244219,0.29941948451979583,0.32366196339828823,0.33469526967063024,0.29648408199229137,4.30406509320417
0.04590964443489702,0.09057375391854659,0.12434453235797241,0.15089123012345437,0.17176618974378646,0.18725488132128024,0.1947948851370146,0.20576780090537994,0.22437917035628552,0.23172662917120415,0.232937505464784,0.2518363363838976,0.25540274542320857,0.25846764275124917,0.26943749954364976,0.23746833670158216,0.2733963177620748,0.2815460988964235,0.28887752336381173,0.29392689854586107,3.1354942159291497
0.0776139533045084,0.1128798864477699,0.139924295018667,0.16183442386964672,0.17966161718222448,0.19360399698832081,0.20274943566276227,0.19654097524468797,0.22156606349103977,0.23397010425040557,0.23700175955378042,0.2413979791852673,0.256235166875573,0.2584812536208651,0.25858170042058765,0.2710945339533394,0.26621060459259865,0.2716768710812831,0.2635054731240746,0.28417401517144864,2.995732273553991
0.09191288842013322,0.11199042074004116,0.12956831066684066,0.14551998792995255,0.16022155237610564,0.1738904796666,0.1866715135878912,0.19866895264850176,0.20996158226976583,0.22061052890341135,0.2306637325856963,0.2401585721748774,0.249123317993604,0.2575776651920926,0.2655323016180917,0.2729870826262259,0.27992658224291694,0.28630950378790093,0.2920400606132199,0.29686609812324655,4.600157644164547
0.0407536016281695,0.07988590001396503,0.11132693425204464,0.13752266232263957,0.1596396079158977,0.178313503618863,0.19379784951395151,0.20580850286084096,0.21174129972753072,0.22318712091948398,0.23809859969627672,0.24547690536933053,0.2455495191653824,0.2638132005171311,0.2700754701262069,0.26823225380803517,0.2845184135707459,0.2875054433470603,0.29031544142482657,0.2986382471385159,3.5553480614894135
0.11401567529669508,0.13181527005178642,0.1470669550267176,0.16073969465340418,0.1732433006091882,0.18480769245242792,0.19557991595157753,0.20566103574014621,0.21512335176177358,0.22401944028880263,0.23238716673060486,0.24025236459069774,0.24762983639073566,0.25452269142611145,0.26091927481231286,0.2667852679219442,0.27204320583619596,0.2765083048069131,0.27958056508056517,0.27435587795003763,4.30406509320417
0.10517887157398817,0.1253559220602405,0.1424021876761335,0.1575568544872291,0.17132118409996336,0.18396388003915765,0.19564855465183328,0.20648088593309133,0.21652946097272158,0.22583533086831895,0.23441509947829606,0.24225818057912157,0.24931474638360154,0.2554600829987455,0.2603706080627276,0.26278975342592004,0.26503206611153884,0.27612364967211583,0.28246027271221796,0.2862677703498368,3.960813169597578
-0.31275556611340466,-0.22509482122337038,-0.15119550014246486,-0.08726279951406868,-0.03126463691886852,0.018106480043620962,0.06174585650023926,0.10026156986894093,0.13400461078265322,0.16297739857131324,0.18627479808201772,0.19126434274693604,0.23020009673830488,0.25077188834639497,0.2570106504622994,0.2892214444292795,0.30131176624005906,0.32013675860501467,0.33730871662242645,0.34268978873482514,4.31748811353631
0.039314952794137534,0.06797875488528916,0.09305269933526254,0.11568899469403306,0.13640276461730225,0.15550178331440084,0.17319612190333955,0.1896396001010688,0.20494891972353663,0.2192134520477688,0.2325002222131987,0.2448556881625683,0.25630434024507065,0.2668423121690251,0.2764196256479107,0.2848869818106873,0.29177515644906804,0.2937220200181736,0.30597175147341976,0.31541307381265166,4.516338972281476
0.1104208701590108,0.12791702643348032,0.1431275126497158,0.1568878462767041,0.16955429425662755,0.18133029164712952,0.192349272329496,0.20270587729715348,0.212470454066537,0.22169673751838703,0.23042627246615152,0.23869106568807488,0.24651514048200612,0.2539152832771247,0.2609010309158953,0.26747369765184564,0.27362380037796075,0.2793251449882018,0.2845203877006349,0.28907874809306244,4.537961436294641
0.1181918402015189,0.13477143934366564,0.14899682439780132,0.16180382115379313,0.17357755702836902,0.18452892744193092,0.19479034841116205,0.2044517843883895,0.21357736401116986,0.22221405301388164,0.23039653274123104,0.23815002327221999,0.24549183523941098,0.2524319774587253,0.2589728490769594,0.26510771478618483,0.27081704166281506,0.2760601555884198,0.2807542878687197,0.2847091668721188,4.343805421853684
0.0036271943668978184,0.051816663090560336,0.09031056828735365,0.1220789533687652,0.14857807247441435,0.17059711096051644,0.18837591825307562,0.2010722272500139,0.19156666897768723,0.22765828214610043,0.23982720156603743,0.23457838683106647,0.259957808098983,0.2692161002307947,0.26387903817819947,0.2858333579271559,0.28898634080623975,0.29520795014518086,0.30181954815888185,0.3048507330096891,3.58351893845611
0.06122314178996291,0.08750598660133277,0.11029471837393592,0.1307345031596015,0.1493362137499891,0.16640376602026513,0.1821429419346152,0.19670237804939275,0.2101923057907074,0.2226938179566191,0.23426291975274655,0.2449303690046943,0.2546957940410013,0.26350939890037556,0.2712147919211691,0.27730139013876276,0.27734307333620406,0.29067828257636213,0.299289464203987,0.30510220103432284,4.382026634673881
0.0694636608729892,0.09744424691136999,0.12102181318705255,0.14165007651173614,0.15999310193486022,0.17644474148734435,0.19126117048744454,0.2046094603071249,0.21658501477235234,0.22720690913923924,0.23637419507767132,0.24367403497706297,0.24677107373042315,0.25617023794131044,0.2667731551932838,0.27333570483188424,0.2735031906004785,0.28489271425879487,0.2929992686174316,0.29630093257339407,3.9889840465642745
0.021083845585204108,0.05371295156334857,0.08206338406902963,0.1074675556398418,0.1305351970528837,0.15163630447083182,0.17102507084899748,0.18888685613034845,0.2053595515695014,0.22054364776181265,0.23450544384573083,0.24727341350198556,0.2588224101138998,0.2690238194896696,0.2774483073368514,0.2816154293721119,0.2928433120146245,0.3040434010091547,0.31144083725791083,0.3092478631232124,4.406719247264253
0.09991039715974111,0.11957330788118331,0.1366163368799935,0.15197002534702314,0.16603609788368176,0.1790465741787101,0.19115493433736838,0.20247048009855292,0.21307427978994006,0.22302754725898388,0.23237632270848424,0.24115400685639365,0.24938232448055148,0.25707068563668933,0.26421316788850957,0.27078065780977734,0.2767002288644719,0.2817894470496857,0.28542957651973605,0.2840054869416685,4.442651256490317
0.061087667934310794,0.09074303073874962,0.11574776189404055,0.1376090063691913,0.15702137401934155,0.17439991259874893,0.1900159678974449,0.20404637590868047,0.21658970903085079,0.22765691294504,0.23711009937087144,0.24437355822922638,0.24457346915154915,0.25947895360267254,0.2693076741746973,0.2751517949679029,0.27141215334729835,0.28932015943242917,0.29619298524526266,0.2961893599866721,3.9982007016691985
0.061773488931632356,0.10564501167454833,0.1376858317421559,0.16218540063878406,0.18048375586563126,0.19167437214960906,0.17479042069009734,0.21707618295459574,0.22869044731723556,0.22200768006149066,0.2438926907844358,0.2523790416220228,0.21913071231747344,0.26084365714821844,0.2503965740776329,0.2647016605440039,0.27333109869278605,0.28517522334024825,0.2750428144816266,0.29580815479469214,2.8622008809294686
-0.38199751677197835,-0.2769487985907675,-0.19067989458494117,-0.11781669136963437,-0.05544859594237225,-0.0017551001189777824,0.04443033088247932,0.08374836392238671,0.1161079885419084,0.13855892834474934,0.16419782281031772,0.19361968760758816,0.19977471496801402,0.23667225866791258,0.2529954275711705,0.2719166541039843,0.29163211287461477,0.300080792536957,0.323501728292555,0.32299049171795985,4.197201947661808
0.032943602568278975,0.06365500522484371,0.09032995948153161,0.11424206584001784,0.13596988239508287,0.1558626074004659,0.17415926982978724,0.19103379746088636,0.2066155346109452,0.22099904731108458,0.234247611795375,0.2463907609191996,0.2574119728257068,0.26721053320617894,0.27546166922203597,0.28066737091934213,0.2882826108664866,0.300139093756407,0.30787868688771697,0.31086886750951837,4.400603020246817
0.10827554348477934,0.12773309218840356,0.14424349889509444,0.15892655911816037,0.17225645389216698,0.18449742892755802,0.19581606304670574,0.2063240951269207,0.2160981885852157,0.22518980298738928,0.23362973175963975,0.24142867188803055,0.24857303997451743,0.25501154731469794,0.2606156186594443,0.2650306409016067,0.2665468092538644,0.27239750459857964,0.28077839449886993,0.2862286680884647,4.119037174812473
0.01695118033924759,0.05775104457561047,0.09145969960610255,0.12023662623211696,0.1451320837143369,0.16677549704537856,0.1855455171134178,0.20160087638588264,0.214769800613222,0.22375638774375212,0.2288174829281559,0.24779571920425886,0.25765596024283743,0.2537943392738574,0.2754052318229338,0.2844523137183904,0.27826646199257943,0.2991681377462617,0.30583920713374996,0.30269526522944956,3.828641396489095
-0.19886710597016966,-0.11994695525516735,-0.054977126623066856,0.00004012432202349619,0.04721154586575002,0.08784517547697797,0.1227633858068988,0.15236379745089385,0.17635729804416317,0.1911238565913741,0.21400381721095296,0.2366233402454777,0.24299190876334664,0.26938195479064747,0.2843780884735965,0.2926002467426089,0.31386522467167094,0.3121519322621688,0.3373666858774392,0.34282411769972765,4.060443010546419
0.10040631291965198,0.12212520041477419,0.1404204758052025,0.1565518247242299,0.17106393902520492,0.18426390717690838,0.19634495186676523,0.2074337935811753,0.2176118854006457,0.22692422896157557,0.23537906271817355,0.2429348269525241,0.24945477723713544,0.2545261781997818,0.25594054755233725,0.26361759267024804,0.2724815963685251,0.27817299457278855,0.28077285842888305,0.2832673314066387,3.9982007016691985
0.052399790877375965,0.07897542754980133,0.1022281159416785,0.12324322890148219,0.1425016812694669,0.16028874621318492,0.176798149405715,0.1921713421027822,0.2065156331800661,0.21991354140968625,0.2324277381122223,0.24410322092605585,0.25496705124125785,0.26502479140704976,0.2742503861446152,0.2825584635919648,0.28971147477810294,0.2948004589643131,0.29838897319070845,0.3104777078764751,4.52720864451838
-0.6226527518403361,-0.47901275400359095,-0.37106210633354286,-0.2862337626207532,-0.21839924390919932,-0.16453698755391583,-0.12448986989153786,-0.09931253444174,-0.06343262018095619,-0.046445688705812824,-0.013441150167883664,-0.0025514186889638896,0.02803593140039291,0.03618600874151293,0.06183813141416703,0.07321554615605869,0.08755224404544251,0.10598375958807014,0.09607143068779446,0.13163002632736365,4.174387269895637
0.09702807208303307,0.11652137648058764,0.13353659302675847,0.1489481160229001,0.1631320903733585,0.176305617997321,0.18861278027815598,0.2001569871328275,0.2110159516622702,0.2212495741996281,0.2309044298704156,0.24001638726264543,0.24861202087370798,0.2567090467262978,0.2643156819077313,0.2714283698071409,0.27802627524902807,0.28405781955165665,0.2894021582699672,0.29371568910872625,4.5591262474866845
-0.15608154746017255,-0.09134451917962458,-0.03645824139515667,0.011340328702208273,0.05347322077924009,0.09084654341392712,0.12408165999878336,0.15360308197075703,0.17966085855375338,0.20228149629796763,0.22099795802497857,0.2325886582433319,0.25168377424854627,0.27146647865517276,0.28138179862114077,0.29761278910370914,0.31422108002803434,0.31535935177403657,0.338570403858755,0.34928023481324016,4.248495242049359
0.06890893732100575,0.10503976764997919,0.13316610043705124,0.1561089279651985,0.17507211167584932,0.1905406895032051,0.20235471338505637,0.208473552273974,0.21460330117840065,0.23238004669954318,0.2406702060428484,0.23312614312111749,0.25519175495894547,0.2633708044531016,0.25779885430915095,0.27313927124056137,0.2786429403345171,0.2606688104336552,0.28376038642127327,0.27706125765264533,3.2386784521643803
0.09076047943990588,0.11451122306326411,0.13451335258764532,0.15208617143391334,0.16781420521918788,0.18203471746157834,0.1949632426721975,0.2067412427564723,0.21745660967059394,0.22714967781901363,0.23580463372407923,0.2433099960586815,0.24930036935264197,0.25198475319821945,0.2587127986203338,0.26868132806158085,0.2749275977834562,0.27764980695893415,0.281752600866307,0.2913053346212145,3.9889840465642745
0.08880288923087327,0.11606486216896476,0.13828842786159037,0.15736803130584914,0.17403699922836274,0.18864416868182676,0.20133231025906476,0.21206239056776813,0.2204903754224261,0.22518391869806118,0.22185442098475588,0.24243195653314928,0.25123792052975763,0.25422107249433057,0.2555528441540823,0.2698817990180796,0.2750071579761944,0.2630608288710347,0.28468800236490543,0.2903240053353329,3.349904087274605
0.10167394709103166,0.12064088307760436,0.13714352627104306,0.1520610044349542,0.16577105514443832,0.1784911838075272,0.1903652083591611,0.20149583667078716,0.2119597717952664,0.22181567757420714,0.2311087114164818,0.23987315186776267,0.24813377420370145,0.25590617820757355,0.26319590710059104,0.26999563944202676,0.2762783917577689,0.2819803668791731,0.28694871277474665,0.2907040436945217,4.516338972281476
0.07182838621828685,0.09573661398463364,0.11659341049875369,0.1354221206483156,0.152671960325133,0.16860709559507675,0.18340550943571912,0.1971962238335366,0.21007647295834592,0.22212059044956883,0.23338477517071657,0.24390932696104484,0.253718757323593,0.2628191974293258,0.2711907525119499,0.2787671085188753,0.28537178456898404,0.2904187458150798,0.28209980546644864,0.3032952959784476,4.4942386252808095
0.07537945656262873,0.09940442246830047,0.1202015928013643,0.13885491313098178,0.15584335306829405,0.17144941712317183,0.1858629992283312,0.19922047994167721,0.21162267388662923,0.22314386787865462,0.2338361129141004,0.24372999039443977,0.2528311597500579,0.2611088267636869,0.268461969871666,0.27459679685813176,0.27819664959360074,0.28402482432165316,0.2938171949790225,0.30026994133359036,4.3694478524670215
0.03773113953849618,0.08009750204495557,0.11339855771594988,0.14054787751184383,0.16291364489333876,0.1811437778109985,0.19519186577190753,0.202884943045148,0.21266841350300533,0.23014400330280807,0.2382236536281081,0.23752102691094362,0.2574563595167817,0.26333373998955434,0.2634846535881076,0.2782211056327146,0.27798868727636744,0.28486678505666324,0.28611444709925293,0.29465743835802294,3.4011973816621555
-0.6014269556051539,-0.44072452598690043,-0.3387212162177353,-0.2683769318522767,-0.2588474305697658,-0.2016995734491396,-0.20169968807023955,-0.1510570370642909,-0.1510562582045408,-0.11352663478900837,-0.10398798074109808,-0.1473701357741441,-0.06973912069882347,-0.06973911948086116,-0.06604412256449257,-0.03601200422866612,-0.036030776924987185,-0.032330186832540575,-0.011513978534450934,-0.0020024116620049265,4.069026754237811
-0.5149125667171857,-0.39750766299525025,-0.32222450438769584,-0.26910624403295524,-0.26403165104077486,-0.22109619703996022,-0.22109619777835338,-0.18371909947814347,-0.1837190889670101,-0.15481302195012572,-0.14973821975134824,-0.1817559736832023,-0.12369730631813858,-0.12369730631636756,-0.12173389809486568,-0.09881111062199112,-0.09881197579713379,-0.09684820637360012,-0.07952965316663287,-0.07445610444977334,4.388257184424518
0.09014288444214529,0.11642265803040962,0.13800018790651394,0.15658891223320723,0.172932956761263,0.1874355078885457,0.20032459638207747,0.21170935924167691,0.22158248080942458,0.229745759216062,0.2354081525799472,0.2284058305589162,0.24953863152478148,0.25853935375209314,0.2634680306254584,0.23949602317083638,0.27556589440155665,0.28235555261227646,0.28321255740391055,0.2890374253546615,3.6635616461296463
-0.01810436677500361,0.04343533948462594,0.08951127049100428,0.12506290280077362,0.1522823628571501,0.17135770938757644,0.16973298994106237,0.20398168477728038,0.21885169177445396,0.20802089247923164,0.2432857994121676,0.24922608515629893,0.25672725219798387,0.26685842632153256,0.2679465793450472,0.27380267591824176,0.2902566004579588,0.29076459959072043,0.3045959204640197,0.3053421583633167,3.258096538021482
0.08146731188627511,0.11210590367672131,0.13645745549028276,0.1568393792467151,0.17420980086749746,0.18901229380918877,0.20136930541398743,0.21100236213356102,0.2162899149518627,0.21839456797813978,0.23609861240332142,0.2445193433790809,0.2454288135690954,0.2543272422635884,0.2648773005660355,0.2674192998338494,0.2687924493842215,0.28052226514174006,0.2818666017188908,0.2818482261446245,3.332204510175204
0.07161106014811688,0.09986599710705861,0.12354245093526402,0.14416171305768438,0.1624196555110763,0.178726344929774,0.1933438649737095,0.20643605841026688,0.21808337595104532,0.2282670111588007,0.2367804589708074,0.24275657756121255,0.24008561729401076,0.2588334023575997,0.26732000353825947,0.2718142667050923,0.2740163171400745,0.2865014377781872,0.29229380073554495,0.2885964835180788,3.9219733362813143
0.08058282833557141,0.10427100981672914,0.12467442361924001,0.14290572904955026,0.1594570988443564,0.17461835813716894,0.1885833153844203,0.2014898103811959,0.21343804578022402,0.224499622332825,0.23472133793077873,0.24412453344911061,0.25269796379836273,0.2603757064415587,0.2669646635347223,0.2717899079192826,0.2687821829178204,0.28491518811828187,0.2922822261210152,0.2971538354921138,4.297285406218791
0.06435577890295177,0.09299675122506572,0.11720161799257893,0.1384181651861192,0.15730986618553397,0.1742725315514095,0.18956605651039346,0.20336273422342432,0.2157650657449849,0.2268029734722499,0.2363971901061261,0.2442035314259155,0.24850420568010553,0.2559222491095406,0.26752979246243525,0.274652658514863,0.276380120442899,0.2859195027868661,0.294676866910822,0.29860472448727143,4.02535169073515
-0.023360996014934368,0.029091910927059882,0.07133481239984076,0.10643361788294056,0.13591873698914864,0.16066120921819402,0.1810356565353385,0.1966354386108494,0.20207633098492164,0.22325905074971217,0.2386145684902591,0.2423967401169105,0.2594323040998909,0.27140844295584404,0.25878434155720786,0.28922559761719796,0.29483894651362785,0.299976484617201,0.3096528544926605,0.30936071497423984,3.6888794541139363
-0.011282888788898373,0.024809788072823892,0.05642522091146057,0.08493238021271098,0.11095993823874568,0.13489123222081692,0.15699167563619237,0.17745741791107966,0.19643793367798768,0.21404743572689464,0.2303702212222564,0.24546142411909788,0.25934215487976237,0.27198364415449716,0.2832602663305662,0.2927723665200988,0.2984688337813589,0.309214636385427,0.3217987435918063,0.3302293227999374,4.537961436294641
0.05724845114185507,0.0878585640336048,0.11360404250046191,0.13605003756418993,0.1559222439778903,0.17365484541669826,0.18953007998382793,0.20372785266767268,0.2163392730971609,0.22734681611105742,0.23651993454700881,0.24282119544517242,0.24482335847945422,0.2608582666968414,0.26937373682747917,0.27309969490134806,0.27992786511881784,0.2904462640050514,0.2953308002793492,0.2953479274966114,3.970291913552122
-0.587189562626245,-0.4566423091296448,-0.35344402159802124,-0.2690354186761511,-0.1988508782967444,-0.14021635584830547,-0.09165672324240216,-0.052971709830119285,-0.029915332023727287,0.007007266496725468,0.03082535513240614,0.05664094372527775,0.0795527088173564,0.0987449230254499,0.12052471841421948,0.13509897145332678,0.15478817585401608,0.16801450282631525,0.18227509131847552,0.1990030362756023,4.248495242049359
-0.6155112411710556,-0.46442516007826823,-0.36062471315597777,-0.28434108663624963,-0.2282128219076625,-0.21361138405939192,-0.16572355791437313,-0.15926884609791334,-0.11626972342854082,-0.11457942155967869,-0.07715562087416807,-0.07067049322337286,-0.04825529103755199,-0.03354126517620601,-0.03764218665702534,-0.006498806998960119,0.000053760202981419745,0.000034402821619417216,0.0265898171540828,0.0282698656621213,4.127134385045092
0.06343144721219275,0.11166424452570295,0.14492043904285337,0.16861692463565378,0.18273976458036717,0.16275815372248084,0.20988513372522893,0.22323196129588627,0.20997800784062762,0.2382316770965545,0.24382974116606396,0.2326996356405554,0.2431575117192115,0.2566684343244652,0.24474013876899428,0.27711959843823913,0.2773428171701921,0.27752514991598737,0.2779207567234203,0.270151827715635,2.5257286443082556
-0.6346098367278877,-0.4720053798419732,-0.36053758406254877,-0.278935715470535,-0.21938548494436375,-0.20261157559790618,-0.1517656992958438,-0.14435152722556654,-0.09856594053166083,-0.0966243108373732,-0.05683356096569362,-0.04936326793673837,-0.02653756079915349,-0.009566254308841716,-0.014294062161699088,0.01886937654364483,0.026449107890439118,0.02641650928897301,0.054550921048848074,0.05647613679737266,4.060443010546419
-0.2266404493081899,-0.06979673992501007,0.021867534413488623,0.07212514228084438,0.10130872180489275,0.14511677107656795,0.1440380195987725,0.18872725055361664,0.1906495304529617,0.2010545607328644,0.24080426845522404,0.20079812180629356,0.25962762684715973,0.2598299296336927,0.274874236175272,0.2940646011378995,0.289830806960404,0.303916591809288,0.3059306512786851,0.3292561125418921,2.917770732084279
-0.05562544919365207,-0.008422796666681972,0.0320461838305517,0.06773613883277246,0.09960204501181212,0.12824302245428615,0.15407304543875405,0.17738590300879242,0.19838062173418178,0.2171614271651596,0.23370033084176906,0.24768006077520724,0.2575147349541186,0.267131544219834,0.2852389279129679,0.2960115028645841,0.2920848853178872,0.31797814847185435,0.3277094356166347,0.32664827252182094,4.276666119016055
-0.16819183399698517,-0.09618799762397862,-0.036448937715659546,0.014517099097702095,0.05853720536988692,0.09675517726929278,0.12991015273325354,0.15841178533196418,0.18223060846242675,0.20002933602603878,0.20906102093907872,0.23871086673510328,0.25339451243632816,0.2643693383630133,0.28630619903536053,0.29251163660590507,0.31144313199179796,0.3238252140715886,0.32917828737917076,0.3469866201039835,4.085976312551584
-0.5789480062685992,-0.34092326588380123,-0.19496560889643286,-0.10241096900737909,-0.0755888204082032,0.001102178477338148,0.0010131452877420806,0.07333204204421272,0.0735686785020612,0.11773698526832996,0.14601370681037884,0.0838187783228651,0.18913038467185933,0.1891369333398634,0.20030734206320774,0.2381874852123376,0.23701693106128607,0.24825561101408242,0.26535897880056,0.29112685695679524,3.417726683613366
-0.4663331979065067,-0.35393320453454274,-0.26133026746049154,-0.1828980474379964,-0.11555228133794175,-0.05734709423297371,-0.007012535085461123,0.03621109457853704,0.07248700357926997,0.10035919755394052,0.11752769167545718,0.15604010315151384,0.173463278802443,0.2008632342222426,0.2225032707221505,0.23747745395017614,0.2626317807792608,0.2643352600875155,0.2967432858336838,0.28422954151291374,4.283586561860629
-0.5617187678194207,-0.43767035698487106,-0.3520018073726491,-0.2884727059075084,-0.24084542722871707,-0.23076519069924156,-0.1901988161157501,-0.18574227128344653,-0.1495537502627867,-0.14838675358931602,-0.11680197271765018,-0.11234034392412348,-0.09167244683990283,-0.08157027585521237,-0.08438755870976887,-0.05821225462857441,-0.053734377942100016,-0.053738627508641515,-0.031148986867755562,-0.02998453816739799,4.30406509320417
0.037918745156063784,0.07123945091746799,0.09949679761474986,0.12427149141559139,0.1463034091539575,0.1660419378498752,0.18378688898863865,0.19973953981380824,0.21401965913603743,0.2266569005466738,0.23753226074534187,0.246108441170017,0.24833439780308003,0.2627893498428462,0.27373523505460307,0.2801952942500398,0.2809538021209469,0.2965710657447343,0.3035351589431551,0.2968764815494083,4.07753744390572
-0.04098890216443381,0.07378152494439177,0.11543895380840664,0.12970754370404056,0.17284444540709948,0.17479337931112887,0.20452552719006548,0.230582598553279,0.19740850994700965,0.23020938091723223,0.2360829599221831,0.25251921165882213,0.22090520105124972,0.25807299243516085,0.2714791423004163,0.2718668097812471,0.291289002951829,0.27008683430738556,0.28813236202341125,0.30331789439807977,1.9459101490553132
0.08646043394893077,0.11311632038406261,0.135073866656287,0.15400299381271393,0.17064412628308923,0.18540861596084007,0.19853613223431132,0.21014921451148189,0.22025806449608187,0.22869685678153048,0.2347849708898333,0.23215078626756117,0.24852333827074605,0.2578387996702928,0.26311851767544436,0.25380634591409823,0.27506518709969086,0.2820766124724367,0.28340542049461687,0.2888219259775853,3.713572066704308
-0.0370144143521271,0.03740183380131772,0.08976549750859913,0.12742286910146836,0.1526632803340525,0.15224197494294078,0.191751042395183,0.207626073911067,0.20906261449241,0.2353048227087271,0.23017785532210994,0.25058241206467996,0.23595546177049415,0.26710207371429934,0.2748789150346884,0.28757022840350527,0.2841756047889844,0.2929560828778344,0.29793436215583413,0.3018434284757079,3.044522437723423
0.10931840553563416,0.1281946622136589,0.14423813499009636,0.15857755449840485,0.17167097590317493,0.18376553276254678,0.19501359501850007,0.20551602570565838,0.21534174946744863,0.22453751480212356,0.2331327192889753,0.24114106700803223,0.24855926901730838,0.2553613782252418,0.2614836791193149,0.2667818879580213,0.27087163145766924,0.2719144557019589,0.2777009232614371,0.28618719068773574,4.0943445622221
0.09145572936135396,0.1174869910280522,0.13885666999556387,0.15733814363532161,0.1736270219020633,0.1880683537417203,0.2008312242558388,0.21195476833588664,0.22131985861994147,0.22845930410296184,0.23125975144306718,0.23626632662045238,0.25023896771519216,0.2575776155067337,0.2590950251784525,0.2644296215120712,0.27581308710069347,0.28010870317245823,0.26019549884246645,0.29032513877167004,3.449987545831587
-0.5872091378573199,-0.4509995515703993,-0.35715499507099974,-0.28784759321224657,-0.2363250670654138,-0.22429973170420509,-0.18038241603497715,-0.17506607781061434,-0.13577301700820424,-0.13438085909856076,-0.10012736331673161,-0.09479870477949018,-0.0732284786902533,-0.06115390270712855,-0.06452054843259959,-0.03607727495809238,-0.03071570314730146,-0.030724690892447858,-0.0063120896307609356,-0.00492501504814496,4.219507705176107
-0.5317388669596421,-0.39671094554708164,-0.29039760273563414,-0.20380494022146914,-0.13219492852124,-0.07283393993885771,-0.02431790300211177,0.012976827265169064,0.015908401655620196,0.07655739147251509,0.09530551327318874,0.12834940973714057,0.14828963455568636,0.17169499477558783,0.19114268257920008,0.20863877759568975,0.22567296910199391,0.2419936619852654,0.25096091456365094,0.27347918462842064,4.127134385045092
0.10449811688889836,0.12528725439619154,0.14282172244029026,0.15832694400605485,0.17232479723506303,0.18510584149156567,0.196851670248574,0.20768162319700365,0.21767393148162648,0.22687531155283208,0.23530322751091307,0.24294021905839575,0.2497126186313363,0.25542024369179533,0.25941109488427133,0.2524241944546713,0.27041869196368984,0.2776775867278286,0.28241580558403956,0.28325933214477667,4.0163830207523885
0.0825956260045221,0.10713730596881908,0.128016117781925,0.14647911665888513,0.16308308741320748,0.17815546645798333,0.19191191629507431,0.20450062350042209,0.2160219329874093,0.22653614679871406,0.23606191508156724,0.24455985150377257,0.25187464903928514,0.2574809543781436,0.2570999029724923,0.26977451661883134,0.27822039433163975,0.2837109111676308,0.2836496245063712,0.2939026894212437,4.119037174812473
-0.14833104826936003,-0.02851481009489035,0.048409667485394485,0.0978957316988001,0.1166869448301074,0.15831665725486635,0.18075618325073253,0.19536858976231308,0.21816765791964307,0.2222271862374494,0.2296667676768332,0.25967121724972847,0.23479171065664614,0.28318009647868764,0.2657106786889445,0.2172747044745087,0.30735481563468847,0.30477957574800973,0.3115216337450347,0.31787757569776565,2.995732273553991
-0.09927436355569232,-0.04346649623086728,0.003910313652055104,0.04525548766156876,0.0817794628473026,0.11424780392283697,0.14318401189697894,0.16894493197808855,0.1917401270746095,0.2115934204899701,0.22813732949190535,0.23913118492629404,0.25330623114429884,0.2722951452457192,0.2829562753386984,0.29234999638761205,0.3102070704760149,0.3174505860129299,0.3293849522954274,0.3424934898789888,4.212127597878484
0.10185924875846698,0.12322488325836327,0.14125423927304726,0.157178757430139,0.17152971646413434,0.18460664575947502,0.19659855808951146,0.20763037252365454,0.217783952416778,0.2271074141396375,0.23561650402390036,0.24328638447767117,0.25002228168912843,0.2555553321315759,0.2588514297355161,0.2606016328827479,0.2721193438830362,0.27863583700537037,0.28261748474091986,0.27660711472193517,4.02535169073515
0.0032675734922445387,0.04400727011392335,0.07824041876638387,0.10791981004331605,0.1339924788892174,0.1570400871745277,0.1774439816629101,0.1954390644884179,0.21111129079423874,0.224303964849896,0.2340836517934285,0.23266865179200158,0.2567668390289046,0.26768000712274226,0.27066128339912077,0.28451774278964104,0.295180423073215,0.2971105138742969,0.309357797622666,0.3182418964613065,4.007333185232471
-0.243240810559235,-0.1608919904661884,-0.09226447611848304,-0.03349803026814455,0.017456870681303815,0.061897978373622015,0.10068516715774502,0.13434650615458688,0.1630364447128915,0.1860954186822964,0.19617535385955706,0.22701672909400072,0.24770245504403046,0.2374244060097235,0.28321348285017556,0.2961023443762573,0.3107253249445582,0.32864267551673715,0.3251285598991141,0.3547933724201348,4.182050142641207
-0.1812912448121303,-0.07646762605589613,-0.0002547477563816181,0.05702926410763314,0.09955980683798855,0.1270948714059769,0.14724352511344393,0.18125718119049672,0.18353446110927735,0.21991799218210348,0.230212955294452,0.2478297677436359,0.255807767559643,0.2723589007022645,0.260550919237516,0.298589987256915,0.29690883638598337,0.316621422192488,0.32002933032622577,0.30575280958908657,3.4339872044851463
0.03466434379732922,0.07639936350471287,0.10968431776426078,0.13719308860008006,0.16020403149169576,0.17939114273897355,0.19494722453147717,0.20619207169777842,0.20290295725568505,0.22852802565768296,0.24069848189251383,0.2436503124510863,0.25596109577064163,0.26731367446630905,0.26765356243174465,0.2792186219947447,0.2871870183282675,0.26579326088222255,0.29653850388387576,0.2922588639100913,3.5115454388310208
-0.617325521429648,-0.4749960153281067,-0.37186488676803026,-0.29297026006087995,-0.2316185328264795,-0.18542346890368788,-0.16670678319564464,-0.12616248261116333,-0.11497150790288994,-0.07811081262837667,-0.07239378600846144,-0.03881425906448688,-0.03304332331946418,-0.007552038798601901,0.00385286076795131,0.014381287081742458,0.0339964784163603,0.03659308424878716,0.055123393385389845,0.06681819075276617,4.182050142641207
-0.46911489183787775,-0.25111396979302153,-0.11889812506298103,-0.03749538046543028,-0.00927307013404571,0.058716258641390524,0.05850696449051526,0.1238744331892382,0.12436138830271702,0.1604894502823837,0.1914923015022732,0.13501326596608118,0.22835920278751048,0.22837989770722875,0.2406725046877621,0.2734834866942518,0.2715945857857107,0.2838835535664267,0.29599631735395815,0.32236502233375236,3.2771447329921766
0.0534126072777077,0.08698968982252758,0.1146718250549326,0.13835092023002216,0.15891816014685062,0.1768948674969317,0.1925895904914669,0.20613706373177712,0.21744341641789197,0.22581229986976648,0.22320300210417976,0.24362268142728363,0.2541294902286945,0.2591885975428533,0.26376577551134567,0.27670658613475635,0.2820914041636873,0.2808301968003254,0.2956228497016951,0.2999689438295742,3.7612001156935624
-0.48886645834124964,-0.3810622409883307,-0.2911551164165207,-0.2141822048225353,-0.14740038102246328,-0.08904705762346475,-0.03793280026223949,0.006728142919791167,0.045347910553535674,0.07775635972038074,0.10151224510518086,0.12566325406229098,0.15620929008686277,0.16654630678668156,0.20027816430995335,0.21798430830344187,0.2373725153014899,0.2579675818935596,0.2681170471197397,0.29200975021919423,4.382026634673881
0.08991674659147635,0.11647316583292164,0.138201053168328,0.15692725082431386,0.17336408718459734,0.18785853678281833,0.20056891388173242,0.21150287133630027,0.22045573317828382,0.22664528265264947,0.22443738097855753,0.2395803336516635,0.25040320105046787,0.25594048903937555,0.2487591406854828,0.26740224276411273,0.27531347804658307,0.2760407148858614,0.2804554047156232,0.2904009643174241,3.4011973816621555
-0.3231559638473871,-0.23170252000292105,-0.15520471663897062,-0.08950002582709864,-0.03234826147184502,0.01768222760340946,0.061555621278737295,0.09989850095614587,0.1330022734027391,0.16058171253007394,0.17985760556678304,0.20218229888017206,0.2293954687889908,0.2409918278803676,0.2670674431156997,0.28556629796789923,0.29507095655591753,0.3201046314164036,0.3211226577849441,0.348896720052043,4.269697449699962
0.00012584281633594123,0.03975152145445611,0.07341538009332547,0.10290561506125419,0.12908067669917736,0.15247064309276365,0.17343335954178118,0.1922109020459556,0.2089464058485214,0.22366710418222274,0.23618982457328738,0.2456253154170173,0.24345423383662435,0.26753549082038575,0.2783812502362246,0.28258675039844994,0.2944279596107122,0.30555447139776454,0.30939596982901485,0.3189519019089765,4.127134385045092
0.10895804126343747,0.12785815875923812,0.1440173722955364,0.15845633399531533,0.17161152043095776,0.18373015833497588,0.19497132344408477,0.20544446857890405,0.2152274169420263,0.22437572126086092,0.23292761547892935,0.24090615678509217,0.24831886949822085,0.25515396616600144,0.2613696288096345,0.26686408066689743,0.2713708268694982,0.27380549684208655,0.27713142995997087,0.28606712975908755,4.248495242049359
0.0716237953262512,0.10586379558019893,0.13276265503057924,0.15491684813285214,0.17344547510512295,0.1888446622236803,0.20113257399298878,0.2093933890938465,0.19742184683851552,0.22832439608983432,0.239076442292466,0.24236802953242623,0.24832245735568975,0.2611360627943229,0.26449947462467,0.2651612076357784,0.27776002804247246,0.27822891329871496,0.2803957657393803,0.2857878580590824,3.295836866004329
-0.5256902752444498,-0.40622570122388646,-0.3088190254036209,-0.2270622156745946,-0.15743721884217476,-0.09775542548029441,-0.04662722128789225,-0.0032907695183526145,0.03215514844852516,0.05574837310661528,0.0873498100748752,0.11554998496426927,0.12983284784788005,0.16346414928408518,0.16415937083271184,0.2041976656580589,0.21351231871310336,0.2392937738837768,0.2490746052271539,0.2700806570226583,4.290459441148391
0.05536994515312721,0.08580834099342577,0.11154645022618954,0.13409123927942715,0.15413937651635665,0.17210935777884925,0.1882772382388941,0.20282593914719688,0.21586223107716787,0.2274100325771987,0.23735948564201975,0.24523801117224509,0.24797442155481134,0.25980955977942344,0.27048365691142284,0.2770054141743939,0.2682021391753309,0.2909563883184962,0.2984506921645316,0.299735187792016,4.034240638152395
0.02878838835884882,0.06264621601877086,0.09155769779213088,0.11705373027051885,0.1398498366252375,0.16038258868232325,0.1789474492976002,0.1957497908558315,0.2109248203452586,0.22453875484293742,0.23656466307809002,0.24678449603366379,0.25427064415119294,0.25547778499783086,0.2735366997950565,0.28292394094031265,0.2873170526589583,0.2956542410059021,0.3064665364019507,0.3115994426571446,4.1666652238017265
0.11150063734804286,0.1287711873469837,0.14379448187176203,0.15739421304834658,0.16992113856075616,0.18157531625673504,0.19248786467566473,0.20275176208702111,0.2124361532691794,0.22159393036820393,0.2302661057753055,0.23848445044102437,0.24627307015606764,0.25364922097430725,0.26062344333148524,0.26719888696503596,0.273369367393473,0.27911492890405565,0.28439144487282436,0.2891024505980027,4.553876891600541
0.04385991722021469,0.0743912842432776,0.10060747123381784,0.1238751526131985,0.1448209185134727,0.1638235329260311,0.1811398727355566,0.1969520979892457,0.2113880466236444,0.22452847475807858,0.23640304923893102,0.24696661959327426,0.2560138662041355,0.2627514212229992,0.2611256826987965,0.27980697295297724,0.2887210524047689,0.293810713702312,0.2981171102214561,0.30994689154589683,4.23410650459726
0.10745864809191776,0.1261177477090389,0.1422129583456608,0.15667874333195464,0.16991625184412798,0.18215517476101015,0.19354579321078247,0.20419380719150493,0.21417657445066146,0.22355167896089317,0.23236173016986242,0.24063696769032503,0.24839626651623722,0.25564652895042667,0.2623797096641149,0.26856506108773287,0.2741288420368333,0.2788900477377787,0.2822450697021099,0.2796556345872062,4.388257184424518
-0.04157144273338854,0.005346184775488677,0.04511692171891695,0.07982395495416418,0.11049414016023952,0.13776912857617904,0.16208312251111143,0.1837266310878072,0.2028604673835323,0.21947630458361456,0.23319470550949814,0.24174614956906781,0.254556136455143,0.2708430496809369,0.2801560079770511,0.28573083564081164,0.30302838181323527,0.3106426366679733,0.3168292110500443,0.3308879906877189,4.143134726391533
0.08439233592953121,0.11179851541589238,0.13429346553111082,0.15361482686244124,0.1705354461736242,0.18548237847504362,0.19869888316033466,0.2102975255265236,0.220253139820761,0.22828645424659028,0.2331350428972508,0.23498558719878296,0.25018271873155906,0.2580656496413093,0.26128870848985736,0.26511017773421813,0.27656564804814454,0.28152878984940766,0.26976077619756955,0.2917117456550111,3.676300671907076
-0.1505370149281387,-0.08935973519759684,-0.03693795935300624,0.00918128455688862,0.05024169067807387,0.08703732014377183,0.12012168580245165,0.14989020164136407,0.17661311555432307,0.20043438415855724,0.22131647433926915,0.23879470804336472,0.25007216560686946,0.2672807838021844,0.2866919845765151,0.2976044269205468,0.31034307255523896,0.32807505844392815,0.3346729952310569,0.35050080945264145,4.343805421853684
0.07683024407572728,0.10096947851689367,0.12180379889650654,0.14044448180038416,0.15738368897880958,0.17291186505280498,0.18722387813835345,0.20045897787938022,0.21271908360314531,0.22407783655870134,0.23458452585610787,0.24426379569169498,0.25310947936239614,0.2610654069165484,0.2679643634733141,0.27325264203448374,0.2704975396588135,0.2858793529603545,0.2937296443337386,0.2990271944549634,4.324132656254979
0.11552761970333286,0.13285454383377623,0.1476703685932294,0.1609696648727049,0.173161938795466,0.1844711841549086,0.19503762736488267,0.2049560207919668,0.21429326917499333,0.22309756319209673,0.23140340893307618,0.23923436049269248,0.2466042047893204,0.2535167669178256,0.25996395554767754,0.265920681302683,0.2713325886459431,0.27608275688092504,0.2798729361410878,0.2814210861847511,4.2626798770413155
0.018306690499250818,0.05043762000075798,0.07850275004667721,0.1037735936218163,0.1268276118297837,0.14801385514442056,0.16757228651197653,0.18567906963139771,0.2024674378194006,0.21803813057318971,0.23246415253382835,0.24579114797975113,0.2580322185115943,0.269151452333576,0.27901438689714414,0.2871930108551784,0.2911983344546089,0.3024115573570546,0.3133505096394752,0.32072173696891565,4.48863636973214
-0.6018624990232169,-0.4776003407593994,-0.3812370639062645,-0.30355206832084386,-0.23975440616643925,-0.18716573143293308,-0.14451974814475532,-0.1126342126302957,-0.08863042557719453,-0.0595940988977548,-0.04232078948306792,-0.015424662892184346,-0.0030696697295312186,0.022056640533028922,0.03117658249752124,0.05364587198753239,0.06301535405504854,0.0794278631336996,0.09268607754614304,0.09714059465748605,4.310799125385514
0.09232620927625347,0.1184078198613331,0.13969414268652133,0.15801621039943545,0.1741126605842455,0.1883571796201008,0.20094021356403882,0.21192042268955094,0.22120273116730454,0.22836429623211835,0.23144930222370366,0.23654819088952694,0.24994966729249665,0.2571573497431327,0.2589301079849848,0.26422984689675993,0.27513329646647927,0.27943159232095316,0.26121213640893054,0.2894947302390688,3.5115454388310208
-0.4827924002046026,-0.35776883017033806,-0.2576361164587841,-0.1748974498125111,-0.10553116347738885,-0.047126265936976754,0.0017123553204962194,0.04135175984858489,0.06899658309839994,0.09845298207754849,0.13072717621894708,0.1365491448468379,0.18016943481913358,0.1889463898450232,0.22158625159068188,0.23364441310246872,0.25674497142908864,0.267681897351145,0.28768124757570784,0.29069582350337175,4.151039905898646
0.08467322008691837,0.10679769303711228,0.1260175740637946,0.1433283665035348,0.1591648071379266,0.17378101599231174,0.18734702033237674,0.19998508615500438,0.21178649504495453,0.22282024161530553,0.23313770179432056,0.2427748077358206,0.25175209656738023,0.2600720046252807,0.2677109202396933,0.27459776855261325,0.28054559286450326,0.2849140501864877,0.28333887300112237,0.29719935465553354,4.442651256490317
0.08366156074018638,0.10762391166352674,0.12812120623220125,0.14633430110692766,0.16278759328343914,0.17778949039194147,0.19154458145134942,0.2041959306915281,0.21584424274892136,0.22655667924773182,0.23636896257888046,0.24527986262988286,0.2532301784345285,0.26003204107036193,0.26503168219223144,0.25447484649864166,0.27806050408803357,0.28570568662635815,0.29068242075069467,0.2880323162972958,4.197201947661808
0.05801246678312085,0.08328590898181429,0.10547692405042904,0.12560514377208223,0.1441183258998981,0.16128025517065855,0.17726938043703017,0.19221599322882515,0.2062194246735081,0.21935702020815004,0.23168910191773395,0.24326161293982804,0.2541070728060748,0.26424380647390067,0.2736725972622114,0.282368087203851,0.29025635162285884,0.2971438261540132,0.3023656911295523,0.3019127402460537,4.59511985013459
0.004971371408941168,0.03913203953746888,0.06897808371098231,0.09584189152845073,0.12033303375644552,0.1428219600329827,0.16356427477930438,0.18274804113109416,0.20051560439659466,0.21697444535871205,0.23220194957244888,0.24624527772175467,0.25911464201871276,0.2707623785517688,0.2810176774662798,0.28930422253535276,0.29051912932286017,0.30683941032998885,0.31743086365572415,0.3243431550114219,4.4942386252808095
-0.3403300777760467,-0.2497102520038021,-0.17323536872843565,-0.10701934318199366,-0.04897241557993056,0.002253529056525023,0.04758469635204736,0.08765562600476255,0.12284598778168576,0.1532065475108263,0.17800063446419134,0.18986443115023882,0.22239333796388203,0.2448440236242025,0.2405421190783748,0.28398912943752547,0.29812408680636826,0.3154837907566553,0.33447993731321396,0.3369076212250766,4.343805421853684
0.09769599838161148,0.11903292168993403,0.1372258044883623,0.15339574963482966,0.16803241325908846,0.18141846551490295,0.19373809042421442,0.20511826132501956,0.21564781487498774,0.2253868309203954,0.2343703536094498,0.24260702682041466,0.25006982761922836,0.2566672245572089,0.26214207874049206,0.2654804327838502,0.26824847884281405,0.2787663794404547,0.28506643770686174,0.28902770604050504,4.174387269895637
-0.00785216013301375,0.02926712464556983,0.061527065455541034,0.09040068257007239,0.11657362592388619,0.1404668324447499,0.16237160880934504,0.18250117372192665,0.20101407972492039,0.2180248818458751,0.2336064959774356,0.24778311153087204,0.2605037521539697,0.2715531459490314,0.28011743034025016,0.27808886156574963,0.3004345762183267,0.3109261660907195,0.31677440759603276,0.3248658735081474,4.418840607796598
0.09470300835001479,0.11583021090231603,0.13402834215255713,0.150324869687266,0.165167855277954,0.1788177232181146,0.19144686502341604,0.20317725524244074,0.21409787333555416,0.22427367349632668,0.23375016897762144,0.2425550160718698,0.25069650988681413,0.25815704666650025,0.26487467512248103,0.27068564373099663,0.27506608119658527,0.27199102729809094,0.2860026533754918,0.29307795331152553,4.324132656254979
-0.43987377208309053,-0.34151830221062757,-0.25820268957836146,-0.18585245571534453,-0.12224146216931218,-0.06591993645971735,-0.0158811282767864,0.02858206200111594,0.06793335219731465,0.10236920803895382,0.13160038855353984,0.15335744619365652,0.17454346263494117,0.20457739013164805,0.21946568018024795,0.244784003927915,0.26550974086550666,0.27543664087493364,0.30285644163269815,0.30641951030435116,4.442651256490317
-0.6519436316981136,-0.4086073331621212,-0.258132687120456,-0.16063981317979575,-0.13635125353087615,-0.05599873838923071,-0.05603484150144516,0.018600407870742026,0.01871006485176177,0.06707820607157677,0.09210037605085018,0.028048747456342192,0.13824038173203426,0.13824237540441886,0.14807474465414908,0.18842281015654377,0.18773771965332828,0.19764262409108319,0.21836793660162107,0.24206712361803365,3.5409593240373143
0.008732598591275575,0.0515597040393895,0.08676357571420634,0.11665213652500846,0.14235660420478796,0.16455075794377505,0.18362457842977276,0.19969522032696363,0.21238128359181524,0.21862721390204862,0.23273575402595878,0.24733567566633224,0.25460270722381845,0.26102562725356715,0.2759365199482602,0.2813221647511704,0.2875352087568019,0.29942718368211213,0.3001365889903841,0.31030870994450693,3.7954891891721947
0.110498934342836,0.12834372168912844,0.143772848623641,0.15767442722021743,0.17042786028136137,0.18224959221532705,0.193281004239632,0.2036216359948411,0.21334466995551485,0.22250513399282648,0.23114457783342818,0.2392937764246294,0.24697412654508183,0.254197941712323,0.26096746472660426,0.26727181125396726,0.27307956486240254,0.27831986228854333,0.28282331896712315,0.28603818812021187,4.442651256490317
-0.09500245132811991,-0.0008445623986387878,0.06332362454513205,0.10786054533724598,0.13513505586567953,0.1483916684040635,0.18490985322637943,0.1904123615411555,0.21660543398125107,0.22656536986023892,0.23677450067868017,0.23467698418842353,0.26209113690013486,0.25950160059023425,0.28463502310108657,0.27179846287333714,0.28706563640395866,0.3009599652075428,0.3009792726570007,0.3173614188265779,3.068052935133617
0.008724078498227412,0.06009575938836093,0.09983038995172343,0.13159257472301258,0.157109372060965,0.1770710564503204,0.19064275508934184,0.1876231102807594,0.2194841348814833,0.2313312068336682,0.22066900527694547,0.2527923086068653,0.2599407339465415,0.2620429722497966,0.27671337236568483,0.268462048257162,0.28588453596523167,0.2824604848454782,0.2994381765324883,0.3018342544129959,3.367295829986474
0.08337212298758434,0.11457435898093503,0.13920991223093623,0.1597583602410999,0.1771574102913448,0.19178708027384694,0.2036395246232386,0.21204530105592256,0.21226434782166706,0.22642817813956836,0.23929035229264148,0.24509821623986416,0.23010004556940047,0.2593562494320577,0.26614751844480306,0.25918222134171703,0.2750927682611068,0.28086498457866677,0.26892928590902304,0.28575468605188714,3.1986731175506815
0.11304401820508489,0.1301434770021357,0.14499371829536883,0.15842441143533278,0.170788511108195,0.1822869562412832,0.1930510992364821,0.20317378699702485,0.21272381580969266,0.2217535977894235,0.2303035833317532,0.23840492467167712,0.2460810579949452,0.25334850523534497,0.26021696874769845,0.2666885724634173,0.27275574215332593,0.2783963651955308,0.2835623211758821,0.2881477416019407,4.532599493153256
0.10931423401216797,0.12704515353554857,0.1424502367071799,0.15637731472752625,0.16918840974867314,0.18109049117222617,0.19221941628373995,0.202671563125232,0.2125185294727298,0.22181491638738582,0.23060279999931882,0.23891439312836715,0.24677356842720627,0.254196516408551,0.26119154539194966,0.26775772246451773,0.27388145539847497,0.27952851234857023,0.28462351737255087,0.28898382184904,4.5217885770490405
-0.02836356644073828,0.010233076999051778,0.04404356175928552,0.07451257901579586,0.10230920770126246,0.1278438294297568,0.1514016456766308,0.1731938716504718,0.19338156276084117,0.2120876108225935,0.22940219690271282,0.24538308565450892,0.26004923309406974,0.2733605010863712,0.28515550121889416,0.29489554325104456,0.2988188972754678,0.31406281032846417,0.3262160216285096,0.33418489592841005,4.543294782270004
-0.3410277291525447,-0.23558319060345131,-0.1502837962129681,-0.07920732663313095,-0.01919164121703785,0.03168448567781502,0.07455872525050783,0.10978648417849737,0.1357325710668612,0.15436060950309366,0.18956845773602862,0.20400025139891603,0.2315430795473099,0.25115892357024233,0.26449008295532556,0.2880872204292436,0.28677070260229437,0.31837814983302976,0.2983224062586779,0.34396787958993374,4.07753744390572
0.05318810302159579,0.08488802207330742,0.11147761673491378,0.13458901723738567,0.1549837937296067,0.1731179936654584,0.1892858501878015,0.20366949813067203,0.21634811074926874,0.22726072075353912,0.2360196508339113,0.2404326359952535,0.24999139338298387,0.2620628376495707,0.26925640600737455,0.2662164996823583,0.2832030566335043,0.2912332661193185,0.2926931088085909,0.30153506912393657,3.9415818076696905
0.011120727379909148,0.04990818556194049,0.08261130497319936,0.11106971332741775,0.13616780844052617,0.15844824926411827,0.178270009076751,0.19586242694775816,0.21133226778671196,0.2246121373805341,0.23519800390846007,0.2394826863236197,0.2542944180998755,0.26696216813409995,0.27398276804315597,0.2789239985650903,0.2935234254402564,0.3000569464666803,0.3024658732304198,0.31650783283877243,4.034240638152395
-0.5722480827617092,-0.3695381476268777,-0.2330462076211976,-0.13631287573836592,-0.07085854106174871,-0.03914441376583559,0.017248394248490274,0.031156918264115454,0.08322455865164963,0.08687358698305418,0.13093116044586847,0.14600279630694432,0.15876103487358142,0.19372855703430072,0.18413622071142288,0.22098788940566907,0.2372253194375055,0.23680486279756582,0.26701859060097977,0.27055203756743673,3.6375861597263857
-0.01691994183668177,0.021313539636837874,0.054588612218672894,0.08440019371084292,0.11144574147646427,0.136154298006017,0.15882342478589723,0.1796715905555938,0.19886211584353314,0.21651429839634403,0.23270639699044887,0.24746983910021592,0.26076645210794064,0.2724137912391337,0.2817514813013638,0.2817424776600953,0.3017182876201767,0.313110368127648,0.32003181943206155,0.326204738088034,4.442651256490317
0.09355338249809889,0.11863865193353898,0.1392618280388108,0.1570962253915755,0.1728473523260876,0.18688977341048846,0.19943398336113485,0.21058352993120888,0.22034359725541125,0.22857418300140003,0.2347583973812847,0.23596523972276948,0.245493558498575,0.256007871244767,0.262131651621768,0.2625829218763745,0.2707735242817395,0.27970183582798247,0.2833474140078561,0.27799384656258486,3.6506582412937387
0.09239101965332065,0.11440419369601632,0.13326243651140618,0.15006745923676815,0.16530286444993647,0.17925039016206312,0.19209592242905715,0.20396960514145326,0.21496432320369166,0.22514487474833314,0.23455185650321939,0.24320103225812387,0.2510761302745504,0.2581064116362388,0.26409254233511986,0.2683383390421979,0.26602671613006446,0.2806707921967879,0.287614584364052,0.2922296241322366,4.23410650459726
0.010956444382939185,0.055114667849412706,0.0910698551047471,0.12132031512483116,0.14709105047092697,0.1690945057408068,0.1877010647586405,0.2028883520440472,0.2135821679568219,0.21453108570167503,0.23868402299538902,0.24965729861711866,0.24599900306076047,0.26846321612641555,0.27779405974293603,0.25125101206662365,0.2934351898460539,0.29906132486213793,0.3005315547666847,0.31228258157861527,3.713572066704308
0.10052514290218055,0.12110456542668288,0.13869577446293554,0.15437262616505806,0.16860173816280116,0.1816517329462379,0.193697748176866,0.20486117608099738,0.21522813085310313,0.2248588237385427,0.23379198150790118,0.24204547910546556,0.2496123068299991,0.25644730301257057,0.2624273608897429,0.2671982437693012,0.2689212234261136,0.2757708524079063,0.2839653788881004,0.28945073068792626,4.219507705176107
-0.5466144057021982,-0.429401070005164,-0.34834125335942906,-0.28808704531327384,-0.24269601204368843,-0.23365096304448374,-0.1950059208936897,-0.19100700897314424,-0.15659035462714097,-0.1555431976292086,-0.12548546457426038,-0.12148370761578824,-0.1013965144252009,-0.09233855069010727,-0.09486482734031461,-0.06998503896632767,-0.0659730719896719,-0.06597567559936988,-0.04443587227786976,-0.04339033460630748,4.356708826689592
-0.002733182127316248,0.035916571712340785,0.0690466944263579,0.09831602706684162,0.12451250818982508,0.1481228194125915,0.169480326224538,0.18882050575200635,0.2063030829678841,0.22201447082655837,0.23594493746351508,0.24789568192737435,0.2570114814224605,0.2544740979991352,0.2782746748438037,0.2890139378609655,0.2939913655699707,0.3043090945429945,0.3158080601098028,0.3208229664794776,4.23410650459726
-0.08453891066939813,-0.029156024858693633,0.017504947168727917,0.05794284716175505,0.09342089525107557,0.12473311136122403,0.1524121434822592,0.1768008337162793,0.198052577825639,0.2160176408169607,0.22956964574757277,0.23328829053105565,0.2599054130891229,0.2731303688928459,0.2649016304313907,0.2980933213381614,0.30849547311662134,0.31294295814879375,0.33093568399391293,0.3357777486099006,4.127134385045092
0.05139003410278373,0.07884579483366073,0.10273230745679349,0.12420575454369345,0.1437832213639276,0.1617732909897625,0.17838581633862494,0.19377332895643892,0.20805002951521734,0.22130128272151453,0.2335880070570315,0.244947193594153,0.25538763391486824,0.2648761466852147,0.273296716567864,0.2802957199859284,0.28407062290077556,0.2924469385577217,0.3025624627277522,0.3093891713879897,4.430816798843313
-0.28583377284736944,-0.20775102311560487,-0.1407238133408626,-0.0817401804223152,-0.029223445048775228,0.017848493570369106,0.06019511021525081,0.09833760334447646,0.1326451048061782,0.16334339440185786,0.19047300108108495,0.2136969553784125,0.23112992744989416,0.24640588050921733,0.2734782213733511,0.2890030071789896,0.30294989702628894,0.32574824336852076,0.33427908015392377,0.3547991320949953,4.448516375942715
0.09290010130234584,0.11439753991922895,0.13289584704100746,0.14944249328170292,0.16449545569357488,0.17832141053113454,0.19109699543538297,0.20294705316642786,0.21396231614972464,0.22420843525739598,0.23373042666070257,0.24255381125789963,0.25068201339032015,0.25808700362815135,0.26468231641318135,0.2702306567160628,0.27381574133211317,0.2764271003237822,0.2868999454839328,0.29322979267018145,4.30406509320417
0.10286461254285266,0.12121039846434443,0.13725885044551167,0.15183168447752718,0.16528013524650007,0.17780575705048032,0.18954174582589564,0.2005835053837081,0.21100279680208436,0.2208552059617848,0.23018443689285523,0.23902489929241758,0.2474032598523517,0.2553392583886318,0.2628458734649452,0.26992872657036115,0.27658431219433127,0.2827959614046436,0.2885245020361107,0.2936835813181844,4.620058798481842
-0.5333864838669261,-0.40728419949223116,-0.32659979917006404,-0.2699446184927994,-0.26405893106928924,-0.2182159722308471,-0.2182159750857072,-0.178157251186201,-0.17815721796993716,-0.14745169936337194,-0.14156543933676813,-0.17588033990313154,-0.1138295302369955,-0.11382953022672238,-0.11155192846580131,-0.08715745863394911,-0.08715941451152828,-0.0848810529245249,-0.06676672242850065,-0.06088324533057375,4.310799125385514
0.08728876496369092,0.10803779856108717,0.1262198441157822,0.14272424866935873,0.15793487542518206,0.17207424835462323,0.18529084191196232,0.19769189640768955,0.20935859067249799,0.22035401395253548,0.2307276923167527,0.24051822506802556,0.24975470826351057,0.25845718419599834,0.2666360284355083,0.27428973934247686,0.28139960266369834,0.28791675006732514,0.2937256904878068,0.2985031997907218,4.605170185988092
0.10433805557539702,0.12274525124165027,0.13878060613737045,0.15329587406488368,0.16665584112821752,0.17906995869272607,0.1906764538381398,0.2015739810679702,0.2118362982827457,0.2215200182046981,0.23066904893872422,0.23931722587038426,0.24748980174050642,0.25520405789160494,0.26246902331879896,0.2692839558015793,0.2756345708660845,0.28148416935043863,0.28675038315441465,0.29122727427939077,4.548599834499697
-0.33212552330120776,-0.18674978628290245,-0.08432510011764272,-0.009257675054254151,0.0446192461836233,0.0738686099769748,0.11505016298210734,0.14383219151638013,0.16650725991534762,0.1942183578486711,0.20518724110740663,0.22918569900474015,0.24318980262528028,0.2455665757295808,0.2793835826588348,0.26747994845644524,0.30246506704269377,0.30962661272615405,0.27479222723824315,0.33803292123088635,3.5115454388310208
-0.28160462800033637,-0.13123962555101243,-0.032396366101602014,0.03445282161604719,0.07282338440901304,0.10845194213558296,0.14330861549027046,0.15798438654149458,0.19151670746978341,0.19542224703626038,0.2197425839891064,0.24026971333105226,0.2176315762678954,0.27305426501496005,0.2602316967071191,0.27863443961208334,0.30414594686527596,0.3027009958023892,0.3191287627026829,0.3233210434960529,3.258096538021482
-0.5592709458674034,-0.433991946515362,-0.3332472513969367,-0.24967480234137823,-0.17927076784715162,-0.11960400283932082,-0.06920649556852426,-0.027446074628280758,0.004649158609686717,0.023195785489742736,0.06361490887166149,0.0770064851649,0.1122965971829542,0.12887031619483444,0.15377151803710803,0.17054313645416855,0.18955459602996985,0.20504507632673324,0.22134371057099542,0.23245882218939726,4.269697449699962
0.05849663933146978,0.08460010863474024,0.10735237889110157,0.12785263518403983,0.14658863630910696,0.16384978999464858,0.17983230802169686,0.1946788466170118,0.20849675171412518,0.2213673607565505,0.23335069860995628,0.24448705889424474,0.2547954092885263,0.2642666529075652,0.2728448283013367,0.28036941456926334,0.28632294508378203,0.28577820213598015,0.2997440806806043,0.3081710069768183,4.465908118654584
-0.01798742393868044,0.019857003508103585,0.052883897065081745,0.08255001741848697,0.1095317543008567,0.13424423846960393,0.15697548917190263,0.17793775765230394,0.197291199617122,0.2151553582294229,0.23161345314349258,0.24671002755089572,0.2604378781920421,0.27269752698139493,0.2831509895695339,0.2902759677807194,0.2989847489092648,0.31330826902477504,0.3225725386164984,0.3246372595988175,4.483002552013883
0.013199384931226726,0.05804310212552218,0.09415669530040133,0.12422058563198647,0.14954522087049751,0.17086382752997267,0.18848203263930954,0.20206646769314654,0.20800945505491233,0.22376045260551145,0.23870520520379698,0.24509729852391182,0.25384958499555116,0.2678266338701349,0.2710910297472006,0.2805178779988113,0.2903549332846924,0.2819223610214718,0.30131100778647757,0.3015469718214397,3.624340932976365
0.06518644075716777,0.09528087655844594,0.12035723609379281,0.14206047407620365,0.1611514142722286,0.17807831301562926,0.19312225849815,0.20644662402089975,0.21810185414871533,0.22796944569188787,0.23546909751454134,0.23584823199680263,0.25065403766566263,0.2608294315272969,0.26663747404522703,0.26288986595284153,0.280968126940564,0.28774371897986595,0.28657795132104,0.2981041225540044,3.8607297110405954
0.033571234832608106,0.09823983854687438,0.13887097275724497,0.16351029518788404,0.1627362560302072,0.19673479800153812,0.21400573740762138,0.18344585549021097,0.2319597299386014,0.22633817843239293,0.23584158804553543,0.24554207074538711,0.26225688506449774,0.2597174684500837,0.2765882111375869,0.23593671119824083,0.2563426084411778,0.2809664217631731,0.2847165420551529,0.2889636742133202,2.4423470353692043
0.08120756377535594,0.10315678028191401,0.12235709772149399,0.13974865663095304,0.15573984722707007,0.17056874486387266,0.18439484087754834,0.1973335470333184,0.2094721428158631,0.2208781213403842,0.2316038584090199,0.24168920061505042,0.2511626077446717,0.2600409376694569,0.2683273992193594,0.27600610270586745,0.28302847785202007,0.28927464049667884,0.2944031174905831,0.29649907552718924,4.5591262474866845
0.034471916755249986,0.06945192842765109,0.09888067736136327,0.1244804868127326,0.14706666667666163,0.1671338164787786,0.18500549426982138,0.200885480903249,0.21486564998277388,0.22688189716705173,0.23649255375212472,0.24090605828317063,0.25296675539321883,0.26525625083536847,0.2724279829088126,0.2705121715534495,0.289079655771398,0.2964516621033066,0.2894100170614159,0.30985192986344534,3.9889840465642745
0.037667825869616714,0.06746716710131695,0.09337983943117822,0.11664099699941508,0.1378088769622499,0.1572192704732254,0.17510169329292508,0.19162329155595687,0.2069089080563215,0.2210508808760606,0.234113035480394,0.24612970598348657,0.25709743760240694,0.2669495489946621,0.2754720695387112,0.28188098988843174,0.28215907464538736,0.2985916383660357,0.3072318346823563,0.31254851410877976,4.418840607796598
0.0461388601969414,0.07423561110708153,0.0987185444000414,0.12075186954558455,0.14085693917095185,0.15934534723726226,0.17642940540195476,0.19226385587422778,0.2069650344875845,0.22062050246474657,0.23329360489370357,0.24502428973225224,0.2558255042648756,0.2656712071529466,0.2744615258128413,0.28189796582319504,0.2866652992698711,0.2931682594777998,0.3043505456748368,0.31170736909366675,4.454347296253507
0.06719683470467253,0.09301439883971314,0.11529142107858466,0.13519630275147682,0.1532510330228841,0.16976585635256142,0.1849499304810764,0.1989529575728839,0.21188408965424513,0.22382096156079195,0.23481288273350664,0.2448784566525871,0.2539938100468198,0.26205590296528747,0.26874614043521783,0.27257085697553457,0.27932037885460864,0.28956429818131024,0.2962744603454954,0.29953799502192435,4.310799125385514
0.06720698420124278,0.0974630626323636,0.12249918932995812,0.14404173154711236,0.16288884882685187,0.17950466350424613,0.19417017732742411,0.20703105644871106,0.218087564816585,0.22707078100811537,0.23263601985699137,0.2368497871857637,0.25149232903596735,0.25951607710325203,0.261818824059066,0.2704009149833416,0.2801603522547464,0.28402048740187713,0.2859037050243175,0.29733767415688234,3.784189633918261
-0.26638918303602516,-0.15394853634289818,-0.06873829091217634,-0.0018770779116642892,0.05094554171283765,0.09166432732227948,0.11848109649818596,0.14390738637434103,0.17595659990385404,0.1596373172258734,0.21914990457296504,0.22841484999264428,0.25260075831772194,0.2624289593569713,0.27994163995449206,0.2788528761208142,0.3067994690991409,0.30663859820851264,0.3308600439315818,0.3343569748775413,3.7013019741124933
-0.02104521220144126,0.03549580549254523,0.07971963300178969,0.11541615293632866,0.14443322482862242,0.1676502590090469,0.18480847143014537,0.18841903400823712,0.21412125400348656,0.2295295439203709,0.22722958102054347,0.2522316916570617,0.2622699348837125,0.2618711849469514,0.2808287947670952,0.27827697341722396,0.2926596378249544,0.2831179238323523,0.30657056696742313,0.30455850097335446,3.4965075614664802
-0.47440403315657126,-0.3710848666898225,-0.2841551596577675,-0.20913937034026814,-0.1435702864931604,-0.08584773519809347,-0.03487258858928773,0.010110384368265467,0.04956491900372452,0.08359431903587221,0.11145660849283391,0.12471452755604819,0.16114538357902553,0.18458196488072645,0.19768726263000472,0.22862107232157608,0.23772833600388116,0.2658835801953141,0.2806111803360293,0.29781569166463256,4.42484663185681
-0.1542559947636893,-0.09092885701778951,-0.0369361756094022,0.010337051974203882,0.05222686274097303,0.08958596782850368,0.12300469642852724,0.15289705401772385,0.17953062099789968,0.2030094790998891,0.22315548632099652,0.23887464175322953,0.24021679539657056,0.27258832557623924,0.2879072661674799,0.27564789533844486,0.3163864418054469,0.3284069807771021,0.3352589616274761,0.3545002467215744,4.297285406218791
-0.2119010168065909,-0.14329292127617174,-0.08429797195781533,-0.03226193814902417,0.014176852987290222,0.055894537042526324,0.0935067538847218,0.1274597425818953,0.15807009624933954,0.18553273276205132,0.20988836001577157,0.23087863482000448,0.24716203157189084,0.25533086149053186,0.2839646109544036,0.29968451159387327,0.3031060411258938,0.3311338614962877,0.3431294968772224,0.35404298357356784,4.418840607796598
0.09684205676046512,0.11716077561233186,0.13474452901643494,0.15055733729361673,0.16501711111928355,0.17836601941395727,0.19076454294585976,0.20232693540076377,0.2131376663348037,0.22326001568784257,0.2327407749166471,0.2416125896791853,0.24989439838554195,0.2575895982080281,0.2646802200856495,0.271111597952331,0.2767469577412499,0.2811794566067666,0.2815647020100801,0.2908525371057801,4.406719247264253
0.08613414442330498,0.10888292161549408,0.12845770118411892,0.1459476964999299,0.1618325383575766,0.17639336589228646,0.18981736192131096,0.20223717090205937,0.21374901517706718,0.22442174060327988,0.23430085401635362,0.24340851617293577,0.2517380732465334,0.2592368190108763,0.26575205210919733,0.2707984610158727,0.2703501527075173,0.2821713190308802,0.28995102965589176,0.29525726863014473,4.290459441148391
-0.5748554153571129,-0.46549428772577667,-0.3758978767898808,-0.30037211377568346,-0.23573377819346103,-0.17997746391102812,-0.13179942291836777,-0.09040543176968803,-0.055536367355301604,-0.0281991998472638,-0.011628394485758786,0.022622811546845988,0.03473451559610814,0.06530579430633868,0.07999909581486558,0.10233730960952778,0.11723603881796024,0.1348280846482433,0.14904078168823617,0.16376966687775876,4.442651256490317
0.11073437121838778,0.12960148788021691,0.14562840733361743,0.1599150009033163,0.17292078626998994,0.1848990678311219,0.19600844379941304,0.20635509115257247,0.21601221321135008,0.22502985835155018,0.2334397715680486,0.24125692876503366,0.2484777679884737,0.2550731560476498,0.2609690445150503,0.26598735437699705,0.26958788970905245,0.266854245640151,0.2789366751400622,0.285865442245018,4.135166556742356
-0.020170943168188876,0.022144452204725974,0.05823720884148872,0.08994780264136999,0.11816595639041794,0.14344484253657194,0.166161947354672,0.1865785624865687,0.20486019995067972,0.22106778628613197,0.23509325926810407,0.24636250474533025,0.25043281683953167,0.2676805355619541,0.2807308064041098,0.2878927744300166,0.2959552202226944,0.30987105257885533,0.31618199747676107,0.3228242533908379,4.189654742026425
-0.04253304277464782,0.003867460386751855,0.04340148417484193,0.07807165735192671,0.10885905596629813,0.13637739628249854,0.1610461565263956,0.18315467833079346,0.2028827183599569,0.22028524607637176,0.23519992467494938,0.24677705238026834,0.22887680525283652,0.271708518046408,0.28430290278018144,0.28879505950603857,0.3038054243436245,0.31575385648683385,0.31789730081164175,0.3329622366128553,4.197201947661808
0.02665375194879491,0.06631436971499319,0.09896852773011995,0.12677413043129632,0.15077464909257637,0.17158889427107157,0.189579140714412,0.20487512474838881,0.2172309146743563,0.22491812314455728,0.23315050420105624,0.24956272843661284,0.2584089063486443,0.24564323121895165,0.2762574860251012,0.2843790212827825,0.25678539154876556,0.29896274418770646,0.3048388933243392,0.3032622283796939,3.784189633918261
-0.14963945646006616,-0.08943342504807389,-0.037610763617960695,0.008179856452573018,0.04912132425249632,0.08596841829962072,0.11924987037386814,0.1493484971611242,0.17653567467222822,0.20097850521089877,0.22271373842986247,0.24153422309205064,0.2564223592894087,0.2532691039843679,0.2883138476591747,0.3035659881150262,0.3052422151743848,0.3302603556281218,0.343378482343325,0.3420138875907387,4.388257184424518
0.01575250164567024,0.04753715185745524,0.07542774261695498,0.10064790406371148,0.12374946638494355,0.1450645967144727,0.16482149965126894,0.18318833516283972,0.20029358566188707,0.21623653509507776,0.2310926701284307,0.24491573152357793,0.25773653549742187,0.2695568990612025,0.28033275165861965,0.289924650862014,0.297902888120647,0.301730431604877,0.31303282575609953,0.3237575367421225,4.564348191467836
-0.21674878225132668,-0.13799444197157096,-0.07245370367733472,-0.016394955725784116,0.03215365843602779,0.0744363451763319,0.11127166146579544,0.14314880112389713,0.17016670106908896,0.19149053254721995,0.19388145408766913,0.23162600546307657,0.25024612142599345,0.2540805166619429,0.2847892828578913,0.2956150947982831,0.31154659458321016,0.3274696466471405,0.3284357031094497,0.35256873137498373,4.151039905898646
0.05875213849862169,0.0931370645923441,0.12096834335022906,0.14439764159145813,0.16443054113958586,0.18162300045496693,0.19624483437310553,0.20826560039112674,0.21697127490619106,0.21397443920735834,0.23520561430792272,0.24607833240396312,0.2507586668172572,0.25576565267990375,0.26880675019144445,0.2735819333388811,0.273514915951367,0.2872337185315152,0.29032431665839825,0.29109959134013597,3.58351893845611
-0.6619318265787235,-0.46827426895412627,-0.33645947738367654,-0.2411748464309072,-0.17354317134610783,-0.14950312274807642,-0.09159923458381507,-0.08098554772638293,-0.028345420692202777,-0.025565052422406784,0.019880699335208616,0.030758658569413122,0.05263766142358588,0.07749809672100012,0.07059298591789523,0.10860529253232265,0.11985226493060479,0.11973043118726286,0.15147601779587508,0.1542051541376903,3.871201010907891
0.10491474681179164,0.1230286877806841,0.13885082950940106,0.15320494464488024,0.16644298492700446,0.17876672438226757,0.19030930506380195,0.2011658990904174,0.21140791200588782,0.2210904847643266,0.23025680873966733,0.23894072383690068,0.24716826853012716,0.25495847923076215,0.2623235149439931,0.26926797588432755,0.27578695315798707,0.28186157948618484,0.28744860191828103,0.2924521406135608,4.600157644164547
0.11446009910771568,0.1314035027035579,0.14609378429823003,0.15936779865482492,0.17158110159784126,0.18293565568422035,0.19356307955642724,0.20355607327910577,0.2129830508033787,0.2218959061702434,0.23033449185136817,0.23832930972435584,0.24590309898472792,0.25307162301406966,0.2598437222328064,0.26622046739314187,0.2721928552456005,0.2777365434710583,0.28279923940094204,0.2872650521624845,4.51085950651685
0.00682197704675731,0.049103041482972426,0.08414675669467522,0.11413497032841319,0.14013450860503707,0.1627904670941301,0.18249980380207032,0.19944852782289335,0.2135261629820818,0.2237371451388681,0.22338011882048153,0.24749399428920946,0.25847773732240364,0.25934619591924646,0.27625440627668174,0.28636847726450776,0.284538488860012,0.3013198863900656,0.30889095321796733,0.30305584977826217,3.871201010907891
0.055037289655627965,0.0817915887773205,0.10509015394444113,0.12605953183377225,0.1452015187476724,0.16281469395174095,0.17910179954759653,0.19421023330592294,0.2082506570981238,0.22130640314007383,0.2334380492367572,0.24468455246659893,0.2550605337864623,0.2645466731192282,0.2730623526481666,0.2803737365831477,0.28559009253083173,0.2886248935823808,0.30127562845485795,0.3088751613421125,4.448516375942715
-0.6696475219175071,-0.4427537316212585,-0.3183925854250895,-0.31311598595674006,-0.2211365410993378,-0.15506963624142467,-0.14979174116032684,-0.09149879512883921,-0.1497923887898234,-0.09149879512884095,-0.04748941129322016,-0.04221281151888877,-0.09150239277940278,0.0004526812256511399,0.0004806494225811091,0.03286235106732799,0.038139148896242536,0.0004806494022346213,0.03813895084165938,0.07182544936159209,3.7612001156935624
-0.661545512371348,-0.47373825782740214,-0.3456947507971836,-0.2528624344586069,-0.1865329476544914,-0.1641328694034106,-0.10738284856433272,-0.09748915673029725,-0.04601405314236258,-0.043422564061614745,0.0011002881810872115,0.011187930827429034,0.03365144483564474,0.056668438089943804,0.05026940736669195,0.08748637188321386,0.09786386472915759,0.09777017464315009,0.1289603866948973,0.13151063921974543,3.912023005428146
0.0875984702782295,0.10885171597061227,0.1273860733018028,0.14414083218532095,0.15952350960338102,0.17377119278607422,0.18704223016501315,0.19945072296605962,0.21108247214983394,0.22200332291496186,0.23226381646925237,0.24190172506517454,0.2509430712101093,0.25940164648788894,0.26727637558572576,0.2745444384061308,0.28114362329977033,0.2869186891093354,0.29138116754878285,0.2888256243854304,4.516338972281476
0.06181172772742228,0.09669481923946269,0.12461263171539934,0.147892235229237,0.16760674365944853,0.18431778389601583,0.19823612447623762,0.2091162774279025,0.21504712052047129,0.22210470265602097,0.23786612551654518,0.24591123693859077,0.24077344904576836,0.26038640829588305,0.26864300630864624,0.26640422046789075,0.27897859403114794,0.28581884851199413,0.27790071670681155,0.29333406902812226,3.481240089335692
0.08774918910742244,0.10948399857493031,0.12833181690778328,0.14528823391095844,0.16078766872420083,0.17508367925354734,0.1883455294512072,0.2006945503344011,0.2122209401413408,0.22299247132766747,0.23305914143144085,0.2424552805461507,0.2511994326749172,0.25929125324242963,0.26670254059008547,0.27335267883398545,0.27902702437678023,0.2829334975101612,0.2847319127082497,0.2957144801493486,4.418840607796598
-0.05735407737547384,-0.013016528755442965,0.025548648284982226,0.06003475130094631,0.09124857195693316,0.11969285328271277,0.1457187322968516,0.16958471189238122,0.19148367607441077,0.21155498211668633,0.22988624336100114,0.24650229386615657,0.26132533437173977,0.2740309824952384,0.2831861406146677,0.29183046959065695,0.30910195801085794,0.319842749116452,0.3201313984960979,0.3399046281286182,4.454347296253507
0.04550206421866676,0.0762017799579801,0.10246121938181238,0.12568689653139073,0.14652609517474316,0.16537018737770776,0.1824833770996601,0.19805065475873374,0.21219781816065392,0.2249966806724273,0.2364549136724258,0.24647197100205936,0.2546605529806007,0.2589318434223874,0.26843383062749576,0.2797468160611615,0.286918507901004,0.28667705395248305,0.3003524767870847,0.30861766175485483,4.182050142641207
0.09420759588557662,0.11482377772079896,0.13269794782999647,0.14879011157059213,0.1635168157915692,0.17711987526090903,0.1897599777548199,0.20155194440628457,0.2125810594481734,0.2229116009550388,0.23259152015761217,0.2416548113301754,0.25012205348093053,0.25799883029107373,0.2652705290915926,0.27188875592408973,0.2777321526733908,0.28245331814529184,0.28409989117604506,0.29160184981409637,4.430816798843313
-0.6576737331264503,-0.45893891596487013,-0.3239101099966527,-0.226616495960492,-0.15806552780646907,-0.13234324146240076,-0.07360533404780369,-0.062255551813661526,-0.0087247775899874,-0.005751157355656435,0.04035689225323246,0.052065884722615814,0.07303902119088805,0.09985030696826183,0.09241246975067041,0.13099906290122892,0.14317663547283532,0.14301865595537588,0.1751262966522648,0.17803694615466248,3.828641396489095
-0.5207290752047653,-0.4006105395923921,-0.323640311408233,-0.26941431776136615,-0.2640912435108787,-0.22024575362923232,-0.22024575478627498,-0.18203105287660049,-0.1820310374768927,-0.1525599023231341,-0.14723653590592883,-0.17997179896888346,-0.12066428089588316,-0.12066428089270621,-0.11860464707569943,-0.09522030066999373,-0.09522143431917177,-0.0931613378708572,-0.07558938041888885,-0.07026764469319849,4.363098624788363
0.03156910988118472,0.06215423817078913,0.0887915821546391,0.11272880681824095,0.1345306932030274,0.1545375293041389,0.17298237910390682,0.19003546429515833,0.20582450372627295,0.22044473009112642,0.23396315165501552,0.24641806587382187,0.2578119300869866,0.2680893995945029,0.27706731458597117,0.28411417865220023,0.28007015177146977,0.3003834637732254,0.3097085958255671,0.31574759105886974,4.442651256490317
0.06074445702362829,0.08903761890789523,0.11316954511657316,0.13449035233513487,0.1536152057149569,0.17091266728122773,0.18662925790076063,0.2009358633110458,0.21394728243053077,0.2257277089092954,0.236282009922088,0.2455166585144792,0.2530847343882124,0.25726395482073006,0.2649618793892059,0.2760942530463924,0.28312705051299125,0.28517311439618326,0.29435149297313,0.3030544365569642,4.143134726391533
-0.5934380971290015,-0.4712252278061162,-0.37900094146156,-0.30615161066251734,-0.24744177548620191,-0.20021104353946304,-0.16395247819417086,-0.14541760565422857,-0.11300016645733947,-0.10046091528848528,-0.07075096361213329,-0.06269163444474476,-0.035203459165374755,-0.029203563966732963,-0.005607236183605771,0.0026126097581850153,0.017984368636597563,0.031013189277520673,0.030642532913247186,0.054008389179442715,4.31748811353631
0.0734028683146148,0.1017764226811568,0.1254060366127057,0.1458813524107923,0.16392948551214087,0.1799746917421146,0.19428157933495646,0.2070054678745094,0.2182020587698121,0.22779005837157407,0.2353610896630532,0.23863620234269028,0.24761732066864228,0.2588121738551701,0.26550256921136944,0.26539252069021635,0.2769776975315485,0.28524358329242533,0.2882432927810871,0.2918133300292066,3.8501476017100584
-0.0053743790360920776,0.032438186043845435,0.06509352258806068,0.09414733615361838,0.12033093472319714,0.14409496575156694,0.1657503330524112,0.18552170777917662,0.20357095534524658,0.22000569297924782,0.23487533051139836,0.2481457315214189,0.2596083226674082,0.2684327685003397,0.2659594246186623,0.28916631304134444,0.29978203178840385,0.3052730202221272,0.3143728501237533,0.32619301329308015,4.330733340286331
0.07723790380147137,0.10215575771849665,0.12349120283514137,0.1424472772655103,0.15956119409121397,0.17515064604899466,0.1894274392444177,0.20254023737368365,0.2145937727505122,0.22565739473752222,0.23576638912497375,0.24491437979474492,0.253025945170298,0.2598598361163934,0.2644706805646168,0.26690139915893796,0.27936653239196674,0.2865734479273178,0.29085999955560016,0.2915028057111817,4.204692619390966
0.07530834981393747,0.11509531996269813,0.14509283219316,0.16834170990486866,0.18539047188850397,0.19441827643856077,0.18026132999153244,0.21989150696077775,0.23099868810015586,0.2193133412489947,0.24498224307922079,0.253153214408238,0.21081338964325144,0.2594219289241125,0.2421377106489384,0.2610138149382824,0.27183178897228216,0.28425500351441996,0.270418288999452,0.294608848925761,2.6026896854443837
-0.0013386395714560996,0.03789948049090343,0.07139083168486648,0.1008603568498286,0.1271317573320173,0.1507139537087227,0.17195344628820605,0.19109063639480492,0.20828019820705593,0.2235866767338492,0.2369382920072188,0.24792756030306268,0.25424792153157494,0.26594105478519625,0.2797318276501366,0.2880646803670849,0.2876818038809833,0.3068270644042777,0.3149545205359616,0.30765935809240585,4.182050142641207
-0.6007316374080005,-0.4744528607881108,-0.3792300702060798,-0.3040819497140277,-0.24360270822119798,-0.19505925845543887,-0.1579859353811974,-0.13831359110912814,-0.10516164186543672,-0.09185652720516113,-0.06145640588999528,-0.0529074575303956,-0.02477125433174659,-0.018402191974319648,0.005665314066576775,0.014414235655992038,0.029756606479985744,0.04366676006308984,0.04096673903556442,0.06722192379933824,4.290459441148391
0.05369492313306718,0.08035461767367313,0.1036275688600623,0.12461879929696822,0.14381919862506734,0.16152041650565044,0.17792052819069448,0.1931638933586946,0.2073595223185969,0.2205904689460191,0.23291863154072862,0.24438650846732785,0.2550159623176648,0.26480234118208124,0.2736981336488377,0.28156440452172543,0.2879736973260557,0.29014173222716305,0.3008485239022933,0.3099244553299973,4.48863636973214
-0.5227002042402308,-0.4149867782595003,-0.3250068636359757,-0.24786724690322146,-0.1808442841192192,-0.1221804998628797,-0.07068345961309656,-0.025553289480852795,0.013663612368053956,0.046936812056887794,0.07270838493983402,0.09127043422371055,0.12564222778597037,0.1416264088284511,0.1689650638860488,0.189025577971294,0.20540599276198304,0.22822845647310214,0.23474953990212138,0.26211325300666727,4.430816798843313
-0.18420304967542572,-0.12138501474738751,-0.06697389692057334,-0.018630214758681513,0.024822106979012198,0.06413606813284908,0.09984332324376176,0.1323352252496405,0.1619002552933625,0.18873858405577448,0.21295637342735607,0.23452409792393994,0.2531174857572735,0.26721502859596685,0.27779200867058657,0.3019101372111799,0.31618645017540825,0.318588251843246,0.34536387010503256,0.3571645642882084,4.477336814478207
0.01905816065895922,0.06034237092200867,0.09415735884675665,0.12278954163394028,0.14735254530824132,0.168501668035032,0.18660278807982242,0.20173109553410365,0.21337863410500615,0.2169411616468268,0.23412913499098306,0.2472694201443477,0.2531452152043748,0.261442615364149,0.2746520413393088,0.2788451828839612,0.28621657069746964,0.2968946720572503,0.2962444806722191,0.3072918366236402,3.7495040759303713
-0.039927847731103555,0.010422973906400516,0.05228957498842719,0.08815502094182426,0.11926316243846188,0.14637980081688912,0.16999022093782493,0.19034626055374712,0.20738461182918638,0.2201544326593604,0.21725402416615314,0.24765655834695915,0.26033521807412535,0.2573857250881346,0.28231432145562657,0.292649755750439,0.28996371210745214,0.31194855789744114,0.31772799387840955,0.32449042767039216,3.960813169597578
0.10224315251983371,0.1208870976747209,0.13715438109816477,0.15189385739868744,0.16546927998735717,0.17808975452711162,0.18989353332397638,0.20097953089677736,0.21142192390839074,0.22127785537420427,0.23059184716282774,0.23939842044352475,0.2477235924044011,0.25558551879271263,0.26299428568524863,0.26995054653863604,0.27644210263217445,0.282435925682773,0.28785767989494815,0.29252577250317535,4.56954300834494
0.04615462728333481,0.07323417128894137,0.0970103539525944,0.11855859677542537,0.1383547067313808,0.15668078394339713,0.17372859081552083,0.1896385784942017,0.20451794871631085,0.21845004742516586,0.2314994768531915,0.24371465364566375,0.25512836407104283,0.2657560158340426,0.2755899898549699,0.28458504826293385,0.29261680487147745,0.29932294728152137,0.3027650596220616,0.3116511809531934,4.584967478670572
0.09622606763507516,0.12018939630296242,0.1400138940879831,0.15725910032453316,0.17258255969107922,0.18633768569056255,0.19873026505739477,0.20987493149445066,0.21981269867457673,0.22849848934454262,0.23572779457874918,0.2407854885510245,0.2366346585941712,0.2532142655836664,0.26188806250267904,0.26698043173826586,0.2646581954883397,0.27673031541774484,0.2842599552023275,0.2871131286635772,3.7256934272366524
0.10359861062632758,0.12197198804713547,0.13801212336994212,0.1525550665098285,0.16595853558546725,0.1784278830383037,0.1900987444479668,0.2010681192305744,0.2114087686870989,0.22117681770796727,0.23041611875698256,0.23916086319548135,0.24743710946080577,0.25526351382906076,0.2626513087258407,0.2696033242702933,0.2761114084300596,0.2821505057108449,0.2876642061992207,0.29252244791765614,4.584967478670572
0.10951414131529422,0.12865893195363703,0.14488755414994564,0.15934481717255342,0.1725023569903011,0.18461692792718887,0.1958474831106816,0.20629917645460236,0.21604334606597803,0.22512738149407693,0.23357929962946697,0.2414085887230915,0.24860291076989033,0.25511735853398937,0.26084429660823255,0.2655114945137007,0.26811135571095274,0.26917549153413284,0.280084375547696,0.2861975895938889,4.07753744390572
0.10691490851783991,0.1259203301361158,0.14225284084250883,0.15688941173759818,0.17025006228311945,0.18257501657789893,0.19402082750090627,0.20469684748252268,0.2146822547074069,0.22403498921943812,0.23279663381284826,0.24099481470802953,0.24864358486244362,0.25574137956688237,0.2622646544370071,0.2681510591210407,0.2732486641401204,0.27709685384740157,0.2757401790009133,0.2864461953114952,4.324132656254979
-0.10181987470255997,-0.024760322209475105,0.0341834741646322,0.08070066196014633,0.11754069914854315,0.14583109128837274,0.16372744531043942,0.18096757833227495,0.20672178307886158,0.2136084135705039,0.2360615895617601,0.2498099366359986,0.2541975772624697,0.2734415921319378,0.2644434210964575,0.28991970850904386,0.29520940217585534,0.3069427209852777,0.31709162074083397,0.32392521741767316,3.5263605246161616
-0.0700953516383667,-0.012313738268224001,0.03514790532493867,0.07530055672498706,0.10967841043939093,0.13921453037793877,0.1644630402076334,0.18560306115842143,0.20206001264399437,0.20701842573974674,0.2317068523713055,0.24747748822616483,0.2494213007029734,0.2717762782857496,0.28358125539774365,0.2830051420311258,0.3050607541780724,0.3096405327629533,0.32033412972518843,0.32919286137111775,3.901972669574645
-0.5071145173726931,-0.39911064888709236,-0.3089608953220716,-0.2317267106119803,-0.16466867688726,-0.10602278448784729,-0.05459525837812994,-0.009590999035693626,0.029425378096577345,0.06235950470835466,0.08726986896992338,0.10881725505441868,0.14113370655391302,0.15484195886511795,0.1849243376323726,0.2039032738759774,0.22179813549939478,0.24354438345086854,0.25204120836860944,0.27757714661289146,4.406719247264253
-0.0007131297919464257,0.057596304088301464,0.10091577799014964,0.13408770768611564,0.15917203842332725,0.17598710318387706,0.16239886659320207,0.2080514356938326,0.22084085453462884,0.21698218201645075,0.24431639496333457,0.24850066671063462,0.2563115948373922,0.26451089265908206,0.26705295984532407,0.2669076925370724,0.2886117940687178,0.2868086639222474,0.3014271807886609,0.3010392974515681,3.1780538303479458
0.09218633995831826,0.11270590561688527,0.13058345738075106,0.14674052217993536,0.16157580341522698,0.17532057573357562,0.18812885079097663,0.20011129826123078,0.21135094108186692,0.2219113864259945,0.23184144088944864,0.24117767026587655,0.2499455192167303,0.2581590621478728,0.265818882304996,0.27290642983085117,0.2793698430118858,0.28508295587128635,0.28968062628671637,0.29087980825255255,4.51085950651685
0.10211858093961806,0.12150982273035756,0.13828651689489965,0.15338379451351158,0.16720495959171774,0.17998248103983996,0.19186968235475513,0.20297533928947897,0.2133797577010269,0.223143229453886,0.23231074865274512,0.24091454067768972,0.2489749679996911,0.25649974274050646,0.2634805608280082,0.26988435919466686,0.2756299994111401,0.28051134492019586,0.2837809568045704,0.28501046215485015,4.418840607796598
-0.12991404729976178,-0.06068004673797579,-0.003996156015097451,0.04377627592647603,0.084524524478061,0.11940078383299166,0.1490912890504615,0.1738153232607311,0.19278505939830684,0.18888813228301132,0.2289068919005955,0.24524375226217315,0.24680410429973895,0.275561253801274,0.28493320819982626,0.2976440462414046,0.3122585180603949,0.3065125186150135,0.33276209309136473,0.33085986711444487,3.9512437185814275
-0.05462881861454412,-0.005869160258948992,0.03553911910874778,0.07172527205896227,0.10374311764400908,0.13225349204353132,0.15770613684456472,0.1804061022138526,0.2005309633310557,0.21809950020798946,0.23280724394541358,0.24295398412022495,0.25332403304073037,0.27171847443014,0.2823204551830331,0.2844152920112992,0.3053152131238733,0.3141751493370799,0.3184334305618096,0.33462282760404266,4.174387269895637
0.0490251023855353,0.07739406362027937,0.10198087257090009,0.12400161875478033,0.14400425390872895,0.16231725188710106,0.17916411370677518,0.1947065352003163,0.20906403078686606,0.22232333750088595,0.23454184157630317,0.24574545461501474,0.2559174222035225,0.2649637443100469,0.2725884827626998,0.27749269098493545,0.2837290487241929,0.2952799765963497,0.30271989746728256,0.30636835344341434,4.3694478524670215
-0.33942032962260404,-0.12767323283312879,-0.023550548310429312,-0.011122199398475316,0.07161868464638067,0.12229007562660554,0.1357762559819627,0.18819682267877239,0.1352632032864647,0.18819654847904593,0.22006204607557087,0.23251777374538157,0.18719759980826156,0.2686529238706726,0.27091032518635283,0.2923192330017454,0.3050674878839353,0.2709005838360497,0.304774919056144,0.3350679069839023,2.833213344056216
0.09880247635982016,0.12135879032584035,0.14020130474280443,0.15677949378244507,0.17167469225582527,0.18519273528350502,0.19751234095359338,0.20873818328791155,0.21892094067622844,0.2280590775508341,0.23607929441216974,0.24276295892585506,0.24742212505045108,0.24467240499989507,0.25852968257973286,0.2673849940244021,0.27270062628974207,0.27282666647431536,0.2802978014750832,0.28902678567158757,3.7376696182833684
-0.13437504610220427,-0.07385255938425439,-0.02232104297409672,0.022751111957106572,0.06265191423356842,0.09820104075621976,0.12996385654895504,0.15833362334734083,0.1835579753941696,0.20571574763245176,0.2245759395330148,0.23878507858824582,0.24701353678978924,0.27206853187803554,0.2857796025472007,0.288555576302804,0.3136785332240185,0.3241050575497788,0.3329086276486693,0.3496305931683845,4.269697449699962
0.10632815880811981,0.12639817855507982,0.14337981917824014,0.15844139578302227,0.17207898773629715,0.18456897543251366,0.19608494870481757,0.20674233750735369,0.21661886345387907,0.22576440700932154,0.23420479484589976,0.241940290476488,0.24893606430924245,0.2550930922805528,0.2601480329302893,0.2631106877513453,0.2644894286495892,0.27555090854784614,0.28179933727718737,0.2857757664826745,4.069026754237811
0.01702036957405115,0.04898848557398027,0.07697777913139464,0.10223547125369205,0.12532596683696517,0.14658971913829513,0.16626073309917438,0.1845111702368373,0.2014719799490194,0.21724339010770827,0.23190006054082965,0.24549246646860615,0.25804415431250827,0.2695417750031909,0.2799068669165075,0.2889027858610588,0.29564685809622265,0.2984662904749487,0.3138355855804915,0.32277946942500974,4.52720864451838
-0.4920096598873683,-0.33673710655485756,-0.22138854150272405,-0.1321029973327299,-0.0623474620116677,-0.009345892268952152,0.02304601071825883,0.06379238377833575,0.0948327665626377,0.12099371962564506,0.15041540832546924,0.16672792254958363,0.19397290045384574,0.20662065931550364,0.22589332024907852,0.245701091593308,0.23901638064892436,0.2788570305998831,0.2800150174992384,0.30071044974078365,3.8501476017100584
0.10885787346236214,0.12823889383386372,0.14465921310170993,0.15926167663377302,0.17252442392180586,0.18471077431329083,0.19598501080348726,0.20645629476173913,0.21619875356942642,0.22526139105295848,0.23367252724721616,0.24144014768963165,0.24854727556910913,0.25493750502928575,0.26047227670821704,0.26476790400616684,0.2658898424811351,0.27233618718592867,0.280609147852048,0.2859959543901776,4.085976312551584
-0.6314232561433153,-0.4789640115620426,-0.368706300650422,-0.28459911776422964,-0.21950736978321234,-0.17100687446030954,-0.1496816908643418,-0.1070942541683373,-0.0943480788358033,-0.05555572757893934,-0.049048499674240985,-0.01369450381786153,-0.0070953209343575085,0.019220233400717046,0.032317509159179275,0.041419259659380904,0.06421396135891531,0.06720029125156797,0.08587178234140691,0.09940937027416034,4.119037174812473
-0.058820193796408744,0.014797696525721524,0.06905060048713946,0.11020882218804459,0.14097583768692015,0.16099823134476762,0.1694393690987728,0.2014362675642977,0.2119539828988356,0.22640658649334927,0.24308385441125224,0.23002052669611386,0.2621233659924404,0.24496566806135178,0.2760092930047849,0.2850365465558443,0.2953537278279287,0.30128989644309767,0.3082687458082743,0.3113838045012147,3.2771447329921766
-0.14765898806551075,0.002839717829901499,0.0692186261842033,0.08255673700614927,0.13969352650679595,0.16559025799988517,0.18374235791038704,0.21973661954283386,0.18150208538173906,0.21971733207961555,0.23648413050733746,0.25016751291536854,0.2162592858995305,0.27052787881711626,0.2765269993844341,0.28609624043391735,0.3009982384676652,0.2763477197771964,0.29977375681257734,0.3205789677299347,2.3978952727983707
-0.12827281286304865,-0.07298571269812887,-0.025079037285583344,0.017537173105461618,0.05589463460026951,0.09064798889110766,0.1222575096753303,0.1510612889994617,0.1773081185182575,0.20117023158227348,0.22273875811465732,0.24198953797879677,0.2586563064150323,0.27156809697597517,0.2769519242932338,0.3017585927226383,0.3154662923793714,0.31619085378036127,0.34027954625800927,0.35269975763184397,4.448516375942715
0.06476536065830511,0.08963755032307347,0.11135233019606892,0.1309574117863451,0.1489145317128372,0.16549620699140488,0.1808866249625082,0.1952196506116594,0.20859635721969313,0.22109407232570757,0.2327711753388918,0.24366924076184088,0.2538128661498304,0.2632063997047888,0.2718245773883601,0.2795870168871694,0.2862738983508803,0.29107193311424495,0.2934103454362975,0.3055367120642878,4.499809670330265
0.10979622764111568,0.12891329161332601,0.1451317544537667,0.15957232545032518,0.1727035514403089,0.18478360344760703,0.19597385781875673,0.20638197382362256,0.21608165840371582,0.22512254409899474,0.23353487257680558,0.24133052745963066,0.2485000696790843,0.25500268756100886,0.2607378492416658,0.26545000042967065,0.268203409345018,0.2689806864563031,0.27993022416041446,0.2860196383431206,4.110873864173311
0.08344281516187112,0.105490737181307,0.12469128340222875,0.1420193198632967,0.1578998051582041,0.1725809524744446,0.1862289612388197,0.19896366327615567,0.21087498912651004,0.22203153949579088,0.23248527114654044,0.24227386795486652,0.25142129553224757,0.2599362670192207,0.2678071760487086,0.2749889342936392,0.28136544380745254,0.2866063036671985,0.28897549012291573,0.29624205685386895,4.483002552013883
-0.5274912537395267,-0.29783062449023295,-0.15771930628427377,-0.07006188201715843,-0.04239286225659121,0.030497102564237516,0.030359830867196153,0.09972005415262068,0.10006139871074281,0.1406557978261038,0.17034321690121842,0.11058123814197049,0.21069477751636886,0.21070646769189405,0.22246151110489876,0.25808710614761327,0.25658941043890143,0.2683898397424682,0.283115060484865,0.309384068694962,3.349904087274605
-0.16508692681049075,-0.07097750862392516,-0.0002879075811650039,0.05458240348533123,0.09721336937827867,0.12882127142227875,0.14344602229682754,0.17566518252460095,0.1975809292252941,0.2048174552806916,0.23452384023404896,0.23317225362795693,0.26155841063894375,0.2628229833056848,0.28293503819421334,0.2774871513037297,0.30543304951003397,0.30965143264728173,0.3245450951083955,0.3284002167537481,3.5409593240373143
0.11569236298544329,0.1326912835220773,0.14725889990697172,0.16037198734632058,0.17242823268733484,0.18364352478557716,0.1941524456720741,0.20404584503800904,0.21338805409375733,0.22222580330258787,0.23059318707029544,0.23851448202869677,0.2460056179770443,0.2530746081810882,0.259720899836943,0.2659331730216557,0.2716842172827793,0.27691897634613605,0.28152264698030816,0.28520891402629545,4.297285406218791
0.1062980308752635,0.12566756240361995,0.1422446118084754,0.15705418136936564,0.17053727668118104,0.18294547863446312,0.19444178303979023,0.20513898494946092,0.21511759921641918,0.22443516456372223,0.23313110211998136,0.24122864857694198,0.2487340186272527,0.25563146088258304,0.26186936237473235,0.2673195832486872,0.2716190776030724,0.2727840970416232,0.2798373383336737,0.2874556112463951,4.255612709818223
-0.6722463281407873,-0.43149947005567135,-0.28210366005863613,-0.1844609386145966,-0.1617270092753975,-0.08141916675567294,-0.08144178279765167,-0.007319486557567289,-0.007246044040782467,0.04183734270175433,0.06508500120355201,0.0015104536911881722,0.11154442725610596,0.11154551198715401,0.12065814263524753,0.16124984607852683,0.16073523882441632,0.16991307216294224,0.19179674992127627,0.21409295474887075,3.597312260588446
0.07039194033916966,0.09416596773424081,0.11495253518699797,0.133753703619726,0.1510084309956265,0.1669745311778927,0.18182571893402757,0.19568814644681132,0.2086572760912085,0.2208066539765135,0.23219270337920686,0.24285716193167994,0.2528276949313227,0.2621164509360661,0.2707152025072105,0.27858280464234075,0.28561005282393903,0.2914900904373292,0.2947558259958368,0.30150635914707374,4.532599493153256
-0.5319229837532993,-0.3338944155197574,-0.20093810808973733,-0.1072169710439737,-0.044710267991242704,-0.011981628111455065,0.04201008100960886,0.056314175810909854,0.1063832914989404,0.11013891260441346,0.15214519242287614,0.1679818897806352,0.17729393270124852,0.2142558560460873,0.20417871646926616,0.23925408948660593,0.25653896519840336,0.25601326270592706,0.284692876648255,0.2883276827976404,3.58351893845611
-0.7004429571531988,-0.43625338190007035,-0.2936761178619259,-0.28612785550135417,-0.17961208022435293,-0.10455135709115153,-0.09699203490668078,-0.029486542608163437,-0.09699755812053351,-0.02948654260879731,0.020040264307617246,0.02758853788629617,-0.02950868891614824,0.07691237274970535,0.07702922145073055,0.11309072142934713,0.12064110248476448,0.07702922020063624,0.12063899500801449,0.15964926676840305,3.5553480614894135
0.10618202999155782,0.12609799574096187,0.14300731200947542,0.15803257999444562,0.17165426937499492,0.18414299798572464,0.1956708517725131,0.2063539574842741,0.21627219678689433,0.2254790197033031,0.23400576751132696,0.24186164131779653,0.24902793747982538,0.2554400655772033,0.2609315219238042,0.26499274460406813,0.2634827171288692,0.27472197850482655,0.28198535060250524,0.286887103262118,4.127134385045092
-0.12025045342418254,-0.058615640585131225,-0.006850036777172666,0.03785011707829322,0.0769240012903836,0.11127913763485388,0.14152203309323816,0.16803635261200048,0.19097292097658128,0.21007004007012572,0.22339462004711477,0.23678598447414784,0.2586485473586993,0.27039810880146015,0.2811133776569719,0.2999165750692829,0.30623123317695766,0.32150129818996614,0.3339113613244688,0.3314517342686459,4.135166556742356
-0.29163295586927523,-0.19712798985596786,-0.11981463264381219,-0.05473610835550278,0.000756179913337467,0.048300861573671965,0.08891777490733715,0.12307892886127192,0.15029350739574981,0.1630938121291785,0.19671975727483143,0.21915823677392485,0.22659684085252577,0.25920156986510556,0.2686099667760741,0.2915100305374752,0.30574625481875567,0.31756314185926043,0.3344970446980752,0.33993783888877327,4.102643365036796
0.10610062571128513,0.12638184711663666,0.14348826759665567,0.15863896606658062,0.17234509942167542,0.1848875251464718,0.19644016439761794,0.20711674815307754,0.2169918777608197,0.2261107399295754,0.23449201087696353,0.24212411044031962,0.2489497750801584,0.2548178687120005,0.2592927821083314,0.2599689667559699,0.26780415396589097,0.2761738222865352,0.2815933135907368,0.28427108432952597,4.007333185232471
-0.5282249440666533,-0.40157378600295074,-0.29992020495867255,-0.21574958842091976,-0.14500166331460027,-0.08522530375305623,-0.03496656019492518,0.006304188450361244,0.036888692651736464,0.06162681703281782,0.09767836376056889,0.0999962042660269,0.14726686022062593,0.16094714623572576,0.18920293511510816,0.20410534211365106,0.22512430903565656,0.2388039048921743,0.25689577689282017,0.2649806669501242,4.212127597878484
0.09323329850921842,0.11380781230445351,0.13169086972756594,0.14782278040787242,0.1626109652565,0.17629187639849042,0.18902284140584244,0.20091663445977478,0.21205747880696854,0.2225094253859651,0.23232100754337168,0.24152772890670446,0.25015294767519475,0.25820708660165587,0.26568428994909576,0.27255376340664667,0.2787367605620779,0.2840311356096305,0.2877087949920524,0.2889466557924773,4.471638793363569
0.10108792381049533,0.12125102833381841,0.13856307310228794,0.15404585455394737,0.16814240469297034,0.18110816592260162,0.19311063246599006,0.20426711840063402,0.21466233269411306,0.2243574806000522,0.23339497588825797,0.24180019977670533,0.24958033136690194,0.25671860407182545,0.26315812917089826,0.26875293648366166,0.27306224589852535,0.2728395748622317,0.28274398492135916,0.28996603868156573,4.290459441148391
0.030118600056825543,0.060469046433039755,0.08696883425999047,0.11083714807841717,0.13262400433981597,0.15266018195599837,0.17117226924320772,0.18832622718797506,0.20424744762165734,0.21903083659777167,0.23274555841384856,0.24543581051198887,0.25711685072339885,0.2677619185334372,0.2772640205232568,0.2852968358249699,0.29035495899064495,0.2981123066046524,0.30964690821950186,0.3173214196621214,4.483002552013883
0.10991652589398712,0.1276986525505576,0.14311183950004297,0.1570229811981983,0.16980238617669074,0.18166159483063374,0.19273917356564352,0.20313308904285265,0.21291577387891938,0.2221421077249536,0.23085398851805383,0.2390830198738817,0.24685198541717432,0.25417535612012,0.2610587625625742,0.267496941193722,0.27346873492268575,0.27892498912987906,0.28375469915786566,0.28765628710166385,4.483002552013883
0.093632943799139,0.11338176238387394,0.1306810303494326,0.14638991269824125,0.1608777110496633,0.17435762651985753,0.18697138733134236,0.19882105547481227,0.20998373740567827,0.22051932739462635,0.23047492981349907,0.23988747890621662,0.2487852334730049,0.2571884210779916,0.2651090399410923,0.2725495239746359,0.2794993957386539,0.28592749518818644,0.29176220334346414,0.29682871824262286,4.61512051684126
0.0657123166774843,0.09917500784995355,0.12612403324948834,0.148748037175784,0.1680541226599614,0.18458262068751596,0.198575074545858,0.2099472702797618,0.2177973282774533,0.196817214811234,0.23647177769032585,0.24656311146446566,0.250254064520972,0.25655626728742453,0.26863394368520743,0.2727571247092784,0.2734595859537405,0.28629337899921625,0.28886609614447545,0.28966985204310436,3.5263605246161616
-0.23873921404323842,-0.1656226490204993,-0.10298664876801299,-0.047950448165653435,0.0009820983381323236,0.044776139584381314,0.08410785148076008,0.11946297850334096,0.1511781091372256,0.17944243818971486,0.20423813118410863,0.2250673593540231,0.23880966086471372,0.2591394442414378,0.2812839132861839,0.2930390643534116,0.3110328713822766,0.32956920098871145,0.330830054637461,0.35764678168559594,4.400603020246817
0.0978122182040719,0.1204042338852592,0.13936191299678674,0.15601353668195847,0.17093624856676928,0.1844552616203054,0.19677365925071286,0.20802194863158746,0.21827951574456056,0.22758156387351064,0.23591268050021916,0.2431747417078819,0.24906528746440224,0.25233792774948954,0.25562312789432534,0.26695456541375184,0.2735603035459732,0.2772078547365143,0.2747064951964785,0.2885318849935162,3.9415818076696905
-0.230826383155932,-0.12458298103128052,-0.044279872511112255,0.018530011789248655,0.06791186075621727,0.10558187524436491,0.12885361491691386,0.15622908776094788,0.18463581756101294,0.18077645672234857,0.22567744316060068,0.2318819041977429,0.2569838530553399,0.2642511391859664,0.2823327848107459,0.27262949955002697,0.3076517142077254,0.30946040694370686,0.33005366182638285,0.33375899793037733,3.6506582412937387
0.050766818593249656,0.07941030097920894,0.10416029868214213,0.12626802825542147,0.14629909158993482,0.1645929593968268,0.1813802602774866,0.19682693696840542,0.21105414656663635,0.22414739942366937,0.23615891312110238,0.24710259805008059,0.2569346611925866,0.2654901709208463,0.27220133476379227,0.271495564049874,0.2870632578930541,0.2962002486924746,0.302137115623129,0.2946907030262432,4.324132656254979
0.05599586639788186,0.08996706841722307,0.11773466888625392,0.14130902654227406,0.16163538777188596,0.17925461664295753,0.19446439370440324,0.20734210941217365,0.2176007542598125,0.22344759240325657,0.23075168574853236,0.24543874771460147,0.2534138054594995,0.2505629672111447,0.2677093686196599,0.2761355742493468,0.27606280184099913,0.2866402454382533,0.29430850801016833,0.2918896670377135,3.676300671907076
-0.08144193500565222,0.03423527086852981,0.09773253423208655,0.12346485182291725,0.15664520558708617,0.18386427897920532,0.1798875143017278,0.20977816923681059,0.21550933727876828,0.1703853352607152,0.2547916914201497,0.22448494146087072,0.2560866101444646,0.2573642748960484,0.2782199973686207,0.287316122662887,0.2807774988525977,0.29644965186235106,0.29381895799794916,0.3115772663052662,2.5257286443082556
-0.05398013564772578,-0.00017792966071982158,0.04430663843983794,0.08219299677206578,0.11485569935173466,0.14313715691847215,0.16755713862747676,0.1883459901295219,0.20527075894598984,0.21620620788734782,0.22921904076305402,0.2483596439525481,0.25812359851502825,0.2672250950516699,0.28416603192452866,0.28946157370834374,0.3017695598171749,0.3131138779165035,0.2963866166103448,0.32940400411984283,3.9318256327243257
-0.5475832611175572,-0.4146297427052733,-0.3297025921725088,-0.27028843273770775,-0.2637341080781713,-0.21561945405568297,-0.21561946115009661,-0.17345430171334306,-0.17345422955508313,-0.1413548100996433,-0.13479935519061934,-0.17091870682334231,-0.1057444563304127,-0.10574445629695362,-0.10320759835125644,-0.07766929183807977,-0.07767269045973889,-0.07513458268853361,-0.05642651888928841,-0.04987587184524499,4.255612709818223
-0.5948321953369977,-0.4697715867203297,-0.370742940585869,-0.28960236288834146,-0.22198269540950766,-0.16531156790708854,-0.11813956971958041,-0.08012613195600796,-0.05481020928984136,-0.023189066759668805,0.0013211865051082055,0.02420106131893357,0.04742181779971155,0.06461013872033285,0.08656742938194512,0.09967356895167574,0.11967419465631299,0.13146853345764234,0.14682369990437646,0.1613803514583072,4.30406509320417
0.07627843135774405,0.11370742310545247,0.1423491159644352,0.16506149648717658,0.18257087389180468,0.19419566475119218,0.19309377959565854,0.21178756738680965,0.22803283371853236,0.2314894353362885,0.2331181684039279,0.25143432467815685,0.2517078469506962,0.25273516976104515,0.26293415558404937,0.23901047376407633,0.2578956825804058,0.2768145038304872,0.28065101817316185,0.28638615743620327,2.70805020110221
0.10772398491849376,0.12601426421822085,0.14184549403281937,0.1561123362048426,0.16919814233604583,0.18132245019543858,0.1926292632580277,0.2032203808355426,0.21317091279973516,0.22253748494175352,0.2313629014900768,0.23967881262265384,0.2475070356010369,0.2548596957535187,0.26173791724499906,0.2681280450640117,0.27399241395462265,0.2792448378702999,0.28366794719849714,0.28643540046558236,4.448516375942715
0.04104259632710185,0.07718480215120567,0.10696994792269167,0.13239468630784934,0.15441183538249817,0.17358304957999995,0.1902395369685919,0.20451456568527662,0.216254424331764,0.22439982811451528,0.22506522290569644,0.24530796382639772,0.25498775754162006,0.25715433443375185,0.2691026615151531,0.27918499923893797,0.28152586682186514,0.2899328949601268,0.29900436027266397,0.2986887679702958,3.7727609380946383
0.09693698092863388,0.11938986671661554,0.13831775380006664,0.15499171335290435,0.16996760460424196,0.18356255291604737,0.1959780309667218,0.20734690761919622,0.21775441625247002,0.22724636141264618,0.2358271050027343,0.24344140661991337,0.24991006639490304,0.25463875463599567,0.25178534584255235,0.2661510850433984,0.2739990619408065,0.2790595722315832,0.2794775929691841,0.2875570094913391,4.007333185232471
-0.18207784143796377,-0.1023813113778917,-0.037604396929615896,0.016604087901164025,0.06252235958812517,0.1015303422545414,0.1344248762353752,0.16137066492197474,0.18079952005156552,0.194327133967551,0.22366450468100743,0.23715619759301115,0.2543575394375843,0.27371447400563126,0.24733529905980853,0.3016028526804935,0.30827629287278857,0.3235434580269099,0.3329626945515279,0.34247973879350985,3.960813169597578
0.08969818164605681,0.11103735669425738,0.12955706520967888,0.1462339960047957,0.16149326525503482,0.17558251296676922,0.18866687234203497,0.20086472574686104,0.21226423841654438,0.2229319634113134,0.23291751366415717,0.2422558404886204,0.2509675480100278,0.2590567999207843,0.26650488484321805,0.27325319456380787,0.27915172406982675,0.28373534874525336,0.28279136365521607,0.2944851314400985,4.436751534363128
0.09855584573397969,0.11774268954236726,0.134500035461443,0.14968820889777518,0.1636766666242119,0.1766783232324681,0.18883432626002394,0.20024593203039545,0.210989261916001,0.22112307783652846,0.2306932226090364,0.23973523885494222,0.24827583468962086,0.2563334527161099,0.2639179113246457,0.27102873044237297,0.2776510173601022,0.28374572510162294,0.28922368918550956,0.29385575336254804,4.574710978503383
0.08007832531852989,0.10197176497252652,0.1211624297706463,0.1385745669575176,0.15460898992945954,0.16949910387605657,0.18340125475710067,0.19642871001972684,0.20866736688975465,0.2201839878313956,0.23103084171384733,0.24124834504077164,0.25086637204249884,0.2599044125399205,0.2683703296849657,0.2762567663583157,0.28353245463313115,0.29011961675187126,0.29582059577118697,0.29993034937883933,4.59511985013459
-0.6251660021655597,-0.4684733657354354,-0.3609357720961689,-0.2820532398203405,-0.2242415400036343,-0.2086046128153203,-0.15926262791214488,-0.15235051600201108,-0.10798483196527205,-0.10617472148038687,-0.06758783560860432,-0.06063444677356696,-0.03798876937514375,-0.02220290549552671,-0.026601637908251957,0.005533901496876738,0.012573155903487431,0.012548058007013956,0.0398820014198019,0.04167913864292423,4.0943445622221
0.10882906693216964,0.1268589848442207,0.1424761069371307,0.1565608638607129,0.16948991311386455,0.18147868545784007,0.19266839305636282,0.2031588705983646,0.21302386064809187,0.2223191053145179,0.2310869644011378,0.2393590977553291,0.24715787407588868,0.25449671862252066,0.2613792470114881,0.26779647734982037,0.2737200787751812,0.2790853536346494,0.2837395145792969,0.28720777720946705,4.465908118654584
0.08483815082674437,0.10750112061051946,0.12706286327601124,0.14458481045396535,0.16053350912788253,0.1751824776067896,0.18871433403056573,0.20125927618390707,0.21291279679452602,0.22374466145140026,0.233803248145088,0.24311648492806248,0.2516888153859075,0.25949074774549374,0.26642846701045125,0.27223646170013527,0.27580659558702136,0.2802076929751954,0.29014022984684773,0.29649338675965053,4.33729074083249
-0.1685277273766814,-0.10606112171814186,-0.05222967613374192,-0.004623479124420871,0.03797438863250062,0.076342376485678,0.11102717211673555,0.14242627294451227,0.17082428376086073,0.19640226597627894,0.2192163405824497,0.23910118183172288,0.2552201248061312,0.2583583901358211,0.28723728603884774,0.3039519809612452,0.3100435698999396,0.3309079150623696,0.3455021681434401,0.3360958601793233,4.412798293340635
0.08811372481361006,0.11164019958125568,0.13163477057330455,0.1493199092601454,0.1652379179394812,0.1797055366869442,0.19293007847652244,0.20505338043218108,0.21617153495956157,0.2263432289171449,0.2355896185599019,0.24388222326662493,0.2511003371569193,0.2568619663860488,0.2591371574067113,0.2669635509050548,0.27617523166344937,0.28216399598823066,0.2847027969746226,0.2897297430066321,4.110873864173311
-0.011021834527609463,0.03756930549579924,0.07701210593760796,0.11005515801711316,0.13806416739916277,0.16183334950276876,0.1817602454257582,0.19773910375261738,0.2079525255413789,0.21812506245513158,0.23719000309836155,0.24663607943134172,0.25122417138189695,0.2694073318796714,0.275461301682821,0.2826907220818295,0.29503902109615604,0.29228642472937416,0.3074860343788072,0.3108208819584977,3.7256934272366524
-0.29416817271672874,-0.21315266306325784,-0.14397619061772185,-0.08340715088907369,-0.029739658850175495,0.018131185535614915,0.06097803035658046,0.09935232733630185,0.1336297643709896,0.16400602055365843,0.19040300760130188,0.21200231202547545,0.2207781366796106,0.25226369179353453,0.2728904221084845,0.27258591364868084,0.3081974303596338,0.3233398993465499,0.33474860207661566,0.3561549854345348,4.406719247264253
-0.6092900175494591,-0.47177786572892094,-0.37204941417793164,-0.2956592118254028,-0.23612593876637059,-0.19109230577501823,-0.17353244651182864,-0.13401439462606238,-0.12351403008939608,-0.08761662469622516,-0.08225119103468125,-0.04955739854635688,-0.04415061767764995,-0.019126069508864856,-0.008458385399089531,0.002556211338802174,0.020822344807268592,0.02324948993975997,0.04161619505683058,0.05251976988836267,4.212127597878484
0.0016557907175991727,0.04179895533328647,0.07572599620139814,0.1053012333210883,0.1314243296126995,0.15464980564900754,0.1753475282673858,0.19375863918692432,0.21000578828599012,0.22405163307934922,0.23549030746811428,0.24185755640231985,0.25407612869164703,0.26810944347479104,0.2762276516409505,0.27842558953938096,0.29566866941540804,0.3031799802022206,0.30311763081876325,0.31971656345169824,4.069026754237811
0.09941000320274158,0.11863284432237424,0.13538548651687074,0.15054418699286493,0.164485684644772,0.17742718551694353,0.18951259256352643,0.20084494586326365,0.21150145033060988,0.22154139348155122,0.23101065158981174,0.23994431085167336,0.248368061079955,0.2562985788175408,0.26374277085035575,0.2706952438063636,0.27713218460712424,0.2829961636746338,0.28815130474093303,0.29219298317882697,4.537961436294641
0.1003035061957085,0.12272194650244735,0.14140492165372556,0.1577972480319579,0.1724919635706516,0.18580552148600632,0.19792516662974274,0.2089627334355311,0.2189756091661675,0.22796963468186987,0.23588146898945184,0.24250987734680998,0.24721133546726048,0.24492446530489645,0.25823952861321603,0.2668343803248128,0.2720860101079822,0.27244401012257846,0.2796989618855882,0.28812660225592407,3.784189633918261
-0.07434993529019879,-0.008644100664059485,0.043379522517169325,0.08585032436321793,0.12084580819330037,0.14948871004580794,0.17203345028848457,0.18627576258256634,0.20181425424471747,0.22436882325866586,0.23300919772492387,0.24926011764514946,0.2645685091871421,0.24070712017385482,0.28611730079962205,0.2898725385040517,0.3015248978388562,0.30597238882715716,0.31723360200787026,0.3121012051731956,3.6635616461296463
0.01483959736983158,0.05113415199582582,0.08212420697974508,0.10942631356264354,0.13380379336090528,0.15572529955669065,0.17550902710038557,0.19337603629516373,0.2094703699577731,0.22385786262116594,0.2364928718716947,0.24708062674183043,0.2542203899613146,0.2612931845831585,0.2762419360029203,0.2851799152474507,0.2860867838592895,0.3009686707850992,0.31035346316714346,0.31279508817151847,4.174387269895637
0.0641954142701141,0.09171903884490828,0.11523455338669228,0.1360513059554463,0.15476285858106612,0.17172392718140667,0.18717197214234915,0.20127265479553805,0.2141394677622344,0.22584056095884103,0.23639429270671034,0.24574431168038607,0.2536685592027169,0.25930004934271383,0.26001695795184565,0.2751752439798563,0.2831990624343894,0.2877928592837608,0.29037627040961567,0.30216125697551727,4.1666652238017265
-0.032193106468845156,0.01102745843501702,0.048118472012107595,0.08088406551496255,0.11019420284266247,0.13659119726858587,0.1604489453441835,0.1820332034328546,0.2015257470301333,0.2190267068912008,0.23452816622082337,0.247805725623909,0.25784840711646917,0.2603247985086571,0.2819303012336609,0.29324543332183906,0.29678076313290563,0.3117393028582488,0.32291797623744845,0.3256369651910397,4.269697449699962
-0.4857127405400428,-0.2946235529389176,-0.16673865960009884,-0.07713972237107498,-0.018408516624075905,0.015091320615478972,0.06600467070006735,0.08057364510122132,0.12802619202977256,0.1318554491898777,0.1712024402005516,0.1877777607654349,0.1930258278988774,0.232033194263666,0.2214947433398656,0.2542412539845818,0.27261500430097463,0.27196360914151635,0.29870723649102326,0.302421942574867,3.5263605246161616
0.10213393171126983,0.12292275070813319,0.14056285015778394,0.15620610555931258,0.17035105075437787,0.18328142189776028,0.19517896041579436,0.20616656472206854,0.21632820648414533,0.22571856395666204,0.23436652782430242,0.2422729754238014,0.2493991284064423,0.255630172717957,0.2606401564343482,0.2629476643042009,0.2682034391102816,0.2773216846001163,0.28314195747730947,0.2865091335741033,4.110873864173311
-0.630309658666289,-0.454853220906893,-0.3287378358917817,-0.2334038892958904,-0.1607720964288691,-0.10864383448458126,-0.07934609841516042,-0.033437843863903305,-0.01598110501460597,0.026125488529216697,0.0350008876534544,0.07335921944091126,0.0825826034191519,0.10886648922087348,0.1275398709088406,0.1279081603984639,0.1626853724277367,0.1669586051230235,0.18343956823920834,0.20340164282707143,3.9415818076696905
0.08904614660626843,0.11337862160975591,0.13382879877013573,0.15175644725059828,0.16776621579409365,0.18220718377435124,0.19530157975441306,0.20719346179569004,0.2179689742401567,0.22766030519050776,0.23623039199746482,0.24350898356805672,0.2488988346716185,0.24686974765609307,0.26134340917608456,0.26975848815136166,0.27502754226830145,0.27380334139660295,0.2851642785348968,0.2924475833013903,3.960813169597578
0.10570419266089369,0.1264259220662836,0.14387497014165118,0.15930566275470512,0.1732443286147112,0.1859798481277658,0.19769052671994133,0.20849212921874496,0.21845934332388253,0.22763529889838757,0.23603349374976024,0.24363136496157972,0.2503470715963022,0.25596253615743775,0.2597586934703565,0.2411818819109378,0.2710362750943241,0.2782322567931919,0.28287057034315793,0.28333454259940893,3.979681653901961
-0.1893780265889111,-0.10551945353636659,-0.03824810102024946,0.017363055624634017,0.0638780854523051,0.10280363819433597,0.13490020601275274,0.15985193570505485,0.17006706138832267,0.20181933169229388,0.22199356136189186,0.22583925612909503,0.2573296133003744,0.26569408766116165,0.28453592698583247,0.29742749510509126,0.3052766941596313,0.3207278380834162,0.3250924073799322,0.33899584839196184,3.8918202981106265
0.08571374207751353,0.107864426864525,0.12705658336073405,0.144305713424457,0.1600560908546077,0.17456755647282593,0.18801375548349436,0.20051912986854384,0.21217599244822388,0.22305332907621372,0.23320140220019134,0.24265362448585054,0.25142585959755104,0.25951193377275317,0.26687100958676613,0.2733912085691344,0.2787530537313298,0.28137605705755414,0.2880485807100667,0.29663931360343126,4.400603020246817
-0.05571482054900502,0.009339115802176256,0.05975243808113077,0.10004527653611249,0.13242328176635945,0.15788040654407515,0.17570785307429884,0.17691258372141283,0.2111633978130134,0.224165836811189,0.23111950154893096,0.2522799261351051,0.2546818509673059,0.2710120159481635,0.2787570143062061,0.2840340131210664,0.29128064449177943,0.3024110988882882,0.3017993903024957,0.3203485132377945,3.5115454388310208
-0.669370439739689,-0.3878131231688434,-0.2385008506971811,-0.2287921420681065,-0.11596467948063885,-0.03821217545913234,-0.028449027922899883,0.043056465925844375,-0.028476147527637382,0.04305646587366445,0.0938046265556039,0.10351349954260476,0.04297123659179352,0.15554664408593663,0.15588376415536917,0.19236873834532675,0.20208975285001118,0.155883737178969,0.20207761133039903,0.24339941571322565,3.367295829986474
0.0846552001147135,0.11420495749794601,0.13797112767017627,0.15807515755263057,0.1753098337822794,0.19000315003952847,0.20217729120955977,0.21141540767993214,0.21565935118709528,0.21801238405266535,0.23630048932206754,0.2446551477545103,0.24430785866153404,0.2539861510402982,0.265026753997863,0.26694591908655974,0.26779767759883394,0.28040810202288036,0.28113859568449623,0.280267451270442,3.1780538303479458
-0.6583323154329954,-0.4401722931099191,-0.32024075988417455,-0.315392759513052,-0.2268602712829105,-0.1630379006141266,-0.15818913847957025,-0.10208073756109787,-0.1581895192896586,-0.10208073756109827,-0.05948976102288465,-0.054641760526816276,-0.10208303283028916,-0.013567914817272288,-0.013548249455902214,0.01785079566464636,0.022698906285394848,-0.013548249463204485,0.02269879616071473,0.05512288334743801,3.8066624897703196
-0.5411615782632639,-0.422257706512209,-0.32522118445431913,-0.24370888516752368,-0.17422675021133807,-0.11459581518960409,-0.06342542548690691,-0.019932972660685024,0.015877150615579233,0.04093539607042897,0.07002597925384238,0.09930064264210586,0.11040792995518672,0.14669377952576604,0.15279096574296266,0.18716943580502846,0.1980987243711863,0.22217855542960804,0.23320565818730563,0.252987497132547,4.31748811353631
0.002431502997907473,0.06343197453527992,0.1072570519861597,0.13958547237917768,0.1624083404192564,0.17235418893418317,0.1916246344614195,0.21155605241076567,0.21281878261650616,0.2321306406887718,0.24265282644870015,0.2364299099087754,0.25508521548931107,0.2553609933585553,0.26320508993812164,0.2799218478394394,0.28421719924520333,0.28914087131379607,0.29207671121469675,0.2930296901481568,3.0204248861443626
0.027231012391037153,0.06094777960033316,0.08985656792064807,0.11544615795309747,0.13840933770365035,0.15916872440135837,0.1780119248605507,0.19514203498768593,0.21069863356631474,0.22476291651224314,0.23734599271620635,0.24833900464637715,0.25730679404697854,0.26169224080933934,0.2731552013370529,0.2848878552115437,0.29225734942280535,0.27630556516813254,0.3080187190392268,0.3160135229469972,4.219507705176107
-0.19458902561980934,-0.12648086638041722,-0.06826662778815112,-0.017201457361302384,0.02812869447309264,0.06863130875403231,0.10493869482773564,0.1375003231799303,0.1666186546022172,0.19244251025324863,0.214883206571348,0.233211171688465,0.24101028794254978,0.26727925303609956,0.2857480222560848,0.2921512186903521,0.31496005815433703,0.33005983004045947,0.3289898096828617,0.3570733008841152,4.350277936359301
-0.08302471380129409,-0.004266087750925275,0.054120472421840156,0.09872535641829064,0.13248298975947578,0.1555623413142472,0.15580688185815958,0.19753563319838185,0.21094989151842003,0.22403513706107345,0.2433648291365002,0.21685556850585808,0.26451487951251224,0.2438215013215054,0.28034714171889785,0.28696297263122106,0.30017712678491953,0.306017016693301,0.314727061994019,0.3182073920957238,3.349904087274605
0.022494994161934748,0.05531753047816126,0.08375236244384314,0.10916333837687212,0.1321770806702982,0.15317449899496405,0.17241700082345965,0.1900942486588649,0.20634564344316417,0.2212699085096548,0.2349267917358876,0.24732943842618052,0.2584168267604245,0.26795894401097625,0.2750645877213262,0.27699100336963844,0.2936913484974448,0.3028670705907095,0.3079007307466043,0.3147270698071446,4.363098624788363
-0.08953320993868251,-0.026543113237129833,0.0247976679046862,0.06789800524725072,0.10450584671169329,0.13567156703616554,0.16198430075323786,0.1835119479659433,0.1988779039118309,0.20778647923741897,0.2338387311051875,0.2463386765195592,0.2552236004022074,0.2752532943203298,0.28050797474702993,0.2958968561974812,0.3071027883940253,0.3078024528153279,0.3256167601465453,0.31063739168339266,3.871201010907891
-0.12527323945573565,-0.059381070606663346,-0.0049058296843152915,0.04143181443898554,0.08133030312838287,0.11584280013762008,0.14563313168156383,0.1710267877992489,0.19182974620575535,0.20579507990968357,0.2214856977219168,0.24361043047190775,0.25426345818947416,0.2691839433474789,0.2862433715602036,0.285377295094153,0.3098010816365025,0.31899932009029797,0.326861450251187,0.3404896786957133,4.0163830207523885
0.046276424862175196,0.08088231905604551,0.10952124267529482,0.13408076794047877,0.15545548794732847,0.17417495917745415,0.19056052324050446,0.20476671395515028,0.21673927620935685,0.22592321911961008,0.227788848797973,0.2432970663267542,0.25475985176779425,0.26078149318536653,0.2634657574644141,0.2780733400361854,0.2841927072611838,0.2805849475658055,0.2978099203206872,0.30276524316875764,3.8066624897703196
-0.40616527008305103,-0.30657724190924174,-0.2230132496854495,-0.15105728278384167,-0.08830278310712938,-0.03319962399448363,0.015308063781104123,0.05793017014828124,0.09506331855754199,0.12665622221163686,0.15130075678019358,0.1638125803258087,0.20170360806494342,0.22053853958384115,0.24063252698010354,0.26489489475753386,0.2556199987653763,0.30151118711213654,0.3113116098696225,0.3326129806264791,4.350277936359301
-0.41698757014351234,-0.28173275805859666,-0.17838320751785935,-0.09647949745925091,-0.03081528994604197,0.02125588074439479,0.05984598932562611,0.06733050007354008,0.12492905615907908,0.14233884196613739,0.1761707973094382,0.1954548843471659,0.21747208340158747,0.23601461836639503,0.2521531450761583,0.26536946047192944,0.28504824888542496,0.27021868287690054,0.31526694501105684,0.31675446909947963,3.8815637979434374
0.10499476034459031,0.12420843776164328,0.14075326186666573,0.1555957992154155,0.16915250821521977,0.18166247920448778,0.19328229871974295,0.2041219698401858,0.2142616562523216,0.22376047413356012,0.23266131641827636,0.2409932680212711,0.2487720875328075,0.2559984088887331,0.2626519775401375,0.2686764923369145,0.27393485139191676,0.2780252357211362,0.2782374692179408,0.28697220745033875,4.350277936359301
0.08453031723726395,0.1144783272673108,0.13829573327131803,0.15830158421962273,0.1753892539699397,0.1899482323291075,0.20205175267370187,0.2113515103990382,0.21598266870464203,0.2188087437814453,0.23619539560116407,0.24442039453219572,0.2446207471136872,0.25398265760768385,0.26456314715578366,0.2667483049467164,0.26792996100735295,0.27987726359785964,0.2809066009902825,0.2804490816372182,3.258096538021482
0.09509257631042646,0.11869295899836188,0.1384103690130567,0.15565371280868784,0.17103842102467734,0.1849107581817519,0.19748460427152914,0.20889329897668596,0.21921058562853726,0.22845318469613396,0.23656015792936205,0.24330852190964164,0.24788865304630017,0.24143705783450894,0.26114732756130454,0.2688717589399054,0.2734860773212198,0.2679893664828073,0.2839843594873148,0.29070026468579097,3.8815637979434374
0.06156298639455116,0.09900124664464094,0.12832500836037075,0.15229629195751068,0.17214946999648287,0.18843357187088333,0.20109645044774563,0.20854228681208117,0.21227203397536784,0.23190952930507477,0.24097921759913443,0.23671075659571392,0.25574502588191994,0.2644884593871008,0.2602869535813019,0.27483862273558063,0.28079806963909126,0.2633802775256367,0.2871023253415794,0.27466497970831244,3.3141860046725258
0.10811913474171447,0.1278157457389392,0.14447989426499774,0.1592801465847875,0.1727057563988998,0.18502599419195745,0.19640849333391008,0.2069641321496677,0.21676748468050158,0.2258667439238926,0.2342878212444092,0.24203375449437695,0.2490777129835529,0.2553418442961677,0.26063039567068924,0.26432673491506725,0.25906817057049314,0.274543709432426,0.2815943345912147,0.2862856314062633,4.060443010546419
0.09816699232560826,0.11902711135542811,0.13689877588530913,0.1528448132349328,0.16732826004291962,0.1806169137203124,0.19288644853185472,0.20425952062066366,0.21482391345194213,0.22464177467444907,0.23375404230633307,0.24218125980740202,0.249920057451695,0.25693129865629455,0.26310501370040756,0.2681306715182113,0.27056842741613396,0.2761361591983465,0.2848566475830663,0.29059400626565285,4.248495242049359
0.044817415565125564,0.07723793695480873,0.10466115452820442,0.12866159451225295,0.1499740373017645,0.16904283018609803,0.18616221548263878,0.2015268192496441,0.21524757810578798,0.22733989814793612,0.23765274501800915,0.24552261742158996,0.24336973464644,0.2626871174331346,0.27274158871713666,0.2783512443634324,0.28174809492885405,0.29498778702459033,0.30124010347894803,0.2935294928779951,4.04305126783455
-0.027427376132680568,0.011555720531889154,0.045619825587563015,0.07624484169432583,0.10411942513425224,0.1296670219900472,0.1531819722436274,0.17488171754425802,0.19493097706360338,0.2134536184362955,0.23053738347484193,0.24623228068686331,0.26053929274985055,0.2733754891426469,0.28445384134923796,0.2926051349204203,0.2988242677429783,0.31517860896015215,0.3252658269126736,0.3295461910200522,4.505349850705881
-0.004078417106144085,0.034144363390510246,0.06703631362086597,0.09620223405360344,0.12240040175161906,0.1460987394818095,0.16761912725620343,0.1871919222329726,0.20497900716630235,0.22108009916552637,0.23552204208665942,0.24821137986967373,0.2587436319935677,0.26493243262942723,0.2761930190701772,0.2896514145743525,0.2980606072281047,0.2935148468537862,0.31611513955581033,0.32464583793185947,4.283586561860629
0.1120669875587236,0.1304791110532499,0.14617966655785922,0.1602071158486121,0.17299910213755637,0.18479944145060742,0.19576257315720486,0.20599331318597877,0.21556531791449532,0.2245306220791384,0.23292467648451354,0.24076859838102413,0.24806906786284308,0.25481519621316945,0.26096960072935255,0.2664443749990803,0.2710231681533108,0.27396131451721617,0.27272751982513627,0.2845774952873675,4.212127597878484
0.09190487335941841,0.114472586945857,0.13370962122411026,0.15078013142991104,0.16619708887382778,0.1802591088350702,0.19316195828127058,0.2050408299498369,0.21598966328522406,0.2260702024953004,0.23531452001423744,0.2437204585386126,0.25123335188409673,0.2576857611199859,0.2625282672686677,0.2603549637005085,0.2740944365669539,0.28178856973996874,0.2869047726882398,0.2876869784316116,4.1588830833596715
0.04643877363587123,0.08365342313801477,0.11374738177081306,0.13899839277036077,0.1604884508470116,0.17882059745176457,0.19427811137082726,0.2067717427195303,0.21517128154851323,0.21564898405096444,0.23690737455654634,0.24668492309507,0.24738374792530074,0.2612261656909274,0.2709938321327562,0.2714292316722456,0.28195821855065606,0.2899811377805936,0.2849180763390162,0.2987570871237649,3.597312260588446
0.08525251761751346,0.11388023606534443,0.1369145719202515,0.15642724947562409,0.17328449447818658,0.18791528634625843,0.2005048555999818,0.21101629991197376,0.219000112855549,0.22198759179609498,0.22992680663033618,0.24303598539774068,0.24999288634681588,0.24883538125569793,0.2605860768546052,0.26955440442347667,0.2715674970057334,0.2742935544795337,0.2848695786629342,0.2866869286113765,3.4339872044851463
0.08271235383131549,0.10585840211582959,0.1258165537950188,0.143672373554195,0.15990448411610503,0.174794096692737,0.18852911993280586,0.20124338071933087,0.21303463561295916,0.22397358942913226,0.2341080123849632,0.24346301019130875,0.25203630079824446,0.25978313476119974,0.26657024593848666,0.271989326222436,0.27348861851565454,0.28282692350737304,0.2911356128395086,0.2968052158151125,4.31748811353631
0.0648893567089552,0.1001874751486693,0.12807328146171196,0.1510813396691355,0.1703499045115484,0.18642231981735946,0.19938839230022432,0.2085265317232198,0.2053003704178084,0.22715017083853636,0.23859436196027087,0.2428220395730514,0.24791265710270463,0.2613748311303826,0.26533284738299867,0.2658793078588906,0.27885167374280656,0.27984888828084026,0.2824022838833032,0.2884117072863431,3.367295829986474
0.06295609631321276,0.09276100761586471,0.11775138713448433,0.13949508189654183,0.15871632223677148,0.1758454849211839,0.19115910818256912,0.2048294261541028,0.21693666330732908,0.22744419796027338,0.23607130174982863,0.2414938013202251,0.24638122986058544,0.26007699451736194,0.2679326124895812,0.2705768937623202,0.2788898267527829,0.2885031527965679,0.2927405886855667,0.29428355211533563,3.9318256327243257
0.006295760265397097,0.04371175885293621,0.07572362904610284,0.10396657125839398,0.12921498920518454,0.15194581012567931,0.17248435221015657,0.1910586223550396,0.20782043284270382,0.2228461234220219,0.23610898398570573,0.24736674935582242,0.25553884543349015,0.2595603654506353,0.27711594545071944,0.2869219298022848,0.2902154494366945,0.30249604033982835,0.31285785829791285,0.316674474990486,4.204692619390966
-0.13694049892935184,-0.07456368742849454,-0.02175398335128672,0.024185556231448354,0.06463682335133844,0.10047760198085989,0.13230709731892007,0.16052997417592746,0.18537400955003008,0.20682891897907146,0.2243144695115723,0.23324515045962313,0.2550805640498828,0.27302878700480676,0.28062961763312083,0.2989951477888988,0.3139011340760423,0.30724515901525185,0.33776138965811003,0.3470453936847002,4.219507705176107
0.10631873670956284,0.12450302122574608,0.14031840183341626,0.1546205444410921,0.16777566007219966,0.1799937247335888,0.1914130181832472,0.20213195971891137,0.21222388523989,0.22174485994323404,0.23073815470607364,0.23923689321780944,0.24726553641463278,0.2548404610049288,0.26196960114904577,0.26865076244074393,0.2748674702425492,0.28057911195153046,0.28569454230126823,0.289979961626703,4.52720864451838
0.11883750458641759,0.13532663118797467,0.14948822820084684,0.16223674610015648,0.17395184047279266,0.18484306658983746,0.19504288330667516,0.20464179314905087,0.21370463066270326,0.2222791111669204,0.23040066802735162,0.23809527238441533,0.24538100263480334,0.2522686870446635,0.258761653680544,0.264854304246697,0.27052863625892554,0.2757462974394843,0.2804286571996469,0.2843948824658428,4.3694478524670215
0.006239620552106723,0.04064439501988035,0.07062651869766996,0.09754824008164635,0.12203534630308312,0.14446895956836694,0.16511201920379098,0.18415740631768612,0.20175001216107355,0.21799741238794418,0.23297388431474725,0.2467183544380205,0.2592226783240868,0.27039549690391035,0.2799340760144393,0.2865380363138721,0.2935219056618282,0.30730935385807495,0.31610673370294845,0.3196840852287877,4.454347296253507
-0.32794542326836496,-0.24141655290852662,-0.16789835989147703,-0.10383975584519602,-0.04734392191327754,0.0028179013595544884,0.047499714343838456,0.08730237386768605,0.12261906565905521,0.15361278974381845,0.18003563680494325,0.20011471428774233,0.21552170107409138,0.24584330687361733,0.2623311077376805,0.27947138950102746,0.3024123839293634,0.3060286751084955,0.33477783948308043,0.3478297283849854,4.388257184424518
0.057135521519144555,0.08313238799519161,0.10584547588921492,0.1263526875055804,0.14513112932486547,0.1624634728257176,0.17854138058259383,0.1935045031928298,0.20745846588802602,0.220484122923719,0.23264240649774884,0.24397636831659886,0.25451067188668886,0.264247488084542,0.273154969272513,0.2811350158485555,0.28790964177651573,0.2922932075102663,0.29797404245393905,0.3085609279807336,4.505349850705881
0.06908046981715363,0.09515436295326204,0.11757894508399667,0.1375598458974372,0.15563713824070172,0.17213195566850387,0.18726021432969767,0.20117535969617006,0.21398762735827187,0.22577285737210456,0.23657461781400077,0.24639884458184788,0.2551934402166812,0.2627804430841086,0.26854125882667473,0.263078507382537,0.2824664084031794,0.29072702871043943,0.2960874113423145,0.288292476150306,4.2626798770413155
0.03798676397689899,0.07657554245429267,0.10792595687339696,0.13431459773906718,0.15683361817879263,0.17610523325895552,0.19244355621553078,0.20582194493325273,0.21536890786788837,0.20304658328997416,0.2367979749104935,0.24760299530306099,0.25029545178630597,0.262156105148004,0.27290829741252304,0.2746406530923548,0.2841590538191436,0.2929582300552933,0.28939657436055116,0.3023312707752845,3.6506582412937387
0.10508303641850403,0.12353168922446348,0.13956685981644631,0.15405759643406491,0.16737641927655986,0.17973720970176207,0.19128094298033338,0.20210797931389016,0.21229305303070548,0.22189319191360407,0.23095224029244144,0.2395035056145982,0.24757118890599156,0.2551708282959733,0.26230865538584547,0.2689793000992324,0.2751602238413346,0.28079805409891295,0.2857692490025724,0.2897215321950278,4.51085950651685
-0.5810542950801304,-0.47244010998346864,-0.3861278048186784,-0.3151466809616014,-0.25571645902631285,-0.20558555225437544,-0.163441308989972,-0.12879887007195506,-0.10304396595837849,-0.08022137938365982,-0.05636699606155332,-0.03932999037093636,-0.01706448683712492,-0.004106924502809933,0.01681784671151728,0.02675026856418528,0.046006851817451636,0.05482959473975142,0.07072348071348533,0.08122055375077386,4.430816798843313
0.09836777998272837,0.12110784377782319,0.1401017602434645,0.15674124173077167,0.17162404190663733,0.18508130116894764,0.19731543157978365,0.2084522897252403,0.21856269741368392,0.22766705353354239,0.23572152271003982,0.24256074977759212,0.247649850230606,0.24739022774253172,0.25831313883478796,0.26703301284436715,0.27250018433648593,0.273650420139065,0.2800457552242588,0.2884981997922474,3.871201010907891
0.08872850009643085,0.11165606947708362,0.13124780112644147,0.14865751422127815,0.16439483708473535,0.17875777188905698,0.1919429326739831,0.20408722580424354,0.2152868800699315,0.22560644382908315,0.23508152503711513,0.24371498383540235,0.2514609204114016,0.25817281535360265,0.2633847592870845,0.2637840936887259,0.27446469450137245,0.2826084359531049,0.28805853009678273,0.28972216007045903,4.189654742026425
0.07063329603292572,0.09999476516938621,0.12437222915196113,0.14542499149688037,0.1639160364764755,0.18028999963634024,0.19482065320600342,0.20766071640079548,0.2188441604605213,0.2282181263150969,0.23507376652157366,0.23069667403173305,0.2507382729946794,0.2601967353015297,0.26533395823926087,0.26493889640548274,0.279873934519256,0.2861141508550446,0.2832694595161736,0.29645930400352233,3.817712325956905
0.11349870698326989,0.13065370366647078,0.1455177110388328,0.1589395922684981,0.17128046408215858,0.18274565867157755,0.1934690678601312,0.2035449913494332,0.21304297025847033,0.22201565800523032,0.2305033498230167,0.23853668573571735,0.2461382110461447,0.2533230823773381,0.26009894946225487,0.2664647589675942,0.2724076974865071,0.2778961195011503,0.282861794425396,0.2871450816945916,4.4942386252808095
0.05101123720443515,0.09700101181480011,0.1308698019682676,0.15683778438056148,0.17644851749376675,0.189217988979262,0.17471718141930132,0.21460770980820448,0.2272303711925697,0.2233079080224131,0.2432434059525459,0.2524029334984533,0.22402003121166716,0.26230491992739063,0.2554708668680703,0.26726640087122894,0.2736437045971665,0.2866331618807671,0.2773006934015635,0.29790645228084506,2.970414465569701
-0.022218025811227532,0.03206871693912587,0.07521077868112556,0.11059074438656201,0.13988457860481665,0.16398926951572437,0.18310712905639928,0.19571169604658564,0.20464171320498725,0.22728102839525424,0.2375859370332355,0.24369064789467754,0.2624240836660783,0.26696318463020086,0.2778546751954919,0.28833074176461077,0.28062028900719954,0.3014027967608788,0.2914675370308959,0.3129123132292666,3.597312260588446
0.07956291325183555,0.11384077111918976,0.14065608599208562,0.16258416404849263,0.18046242018304204,0.19434800466934976,0.20313553198357556,0.19504357001691813,0.2217709332154152,0.2345887375435107,0.23708531938781108,0.2411699033613119,0.2569109826391394,0.25872180987488863,0.2581954288500294,0.271493358344791,0.26550674076673997,0.2710456823161585,0.2614674843489032,0.28394229154695166,2.8903717578961645
0.07994236624422443,0.10909415129072686,0.1328262087611239,0.15303794909599178,0.17057915503750606,0.1859117613286361,0.19928098213172085,0.21075835861996242,0.220177442737315,0.2266861654703818,0.2145418343528731,0.2427313317005609,0.25215191902034834,0.25670122398923495,0.2567028591187416,0.27144722813433675,0.2772595172869428,0.271371155699411,0.28724468115937873,0.2931888552133339,3.597312260588446
-0.038720590121545204,0.014340690296582121,0.05769210849526288,0.09420363499465144,0.12532038995835193,0.15190509574358813,0.17443748635971978,0.19297327174152595,0.20649439451326929,0.20728352106776504,0.2357801567458141,0.24829059438691845,0.24231358188137098,0.271739822449379,0.28060864977602007,0.2850731920996672,0.3010188837382535,0.30226626737726586,0.3149415879226408,0.32103920680052994,3.817712325956905
0.11599359934888996,0.13287569150892384,0.1474530638818974,0.160593449477815,0.1726645069166546,0.18387395547103305,0.19435616576128045,0.20420493949396967,0.21348880563155406,0.22225913651421686,0.23055480438562578,0.23840493855274478,0.2458304871575157,0.252844873983684,0.2594537625906668,0.2656536178666437,0.27142812769686153,0.2767398640536354,0.2815088022457306,0.285542575016964,4.448516375942715
0.08348018995669444,0.10888831040039237,0.13026222016918576,0.1489865186934208,0.16568273127781558,0.1807132885520353,0.19431082767107857,0.20662664363483907,0.21775014042118582,0.22771058961946242,0.2364550378305467,0.24375725816152594,0.24873557838020313,0.24772438783607148,0.26345231788622786,0.2711844255749815,0.27560346644955674,0.2739611823863082,0.28820338935764295,0.29427188891959655,3.970291913552122
-0.26587310703124617,-0.16488308982797598,-0.0848140583976913,-0.01931811346095096,0.03490332631326964,0.07974312798859867,0.1160558087861878,0.14282788178743555,0.15468504012056766,0.19445660345445534,0.21050975796146865,0.23350962317178448,0.2541933099804433,0.2615253588753067,0.28796317278228667,0.2510414132681172,0.3149032006114898,0.2879271303428187,0.3379740315819684,0.34246709250524987,3.901972669574645
0.08687148288693551,0.11264790658797326,0.13408621434292017,0.15270987027986271,0.16919860715026336,0.18393950824819394,0.19717018905906378,0.20903156173245316,0.2195842673721019,0.2287939523894561,0.23644594427689072,0.24169787280146793,0.23544728559127667,0.2562272386938655,0.2644296687918602,0.2690230529908988,0.26430126726010456,0.28144890021510116,0.28776257182355897,0.28858881346393034,3.828641396489095
-0.18885659000641092,-0.060007728955712054,0.02350103469465653,0.07833379008514706,0.10436695505420834,0.14268329118564863,0.16907319464412837,0.18361126882880408,0.2097911921264171,0.2137433687401612,0.2279312373328553,0.25316283814269624,0.2204847967938756,0.27961854792103724,0.26437152150465404,0.2680413124220095,0.3058351518460501,0.3037175220299791,0.31396264355701653,0.3191563419483378,3.091042453358316
0.009980930234071782,0.04287636278610575,0.0717148770148725,0.09776207146960103,0.12159158325932823,0.14354995105176402,0.16387574141530462,0.18274482719907537,0.200291377603444,0.21661858756695448,0.23180404490451456,0.24590139316030227,0.2589381036663642,0.2709067419296914,0.2817404807918469,0.29123558601186766,0.29868475035838243,0.2934148314715945,0.31648638086236686,0.32615168149856155,4.548599834499697
-0.14565755508757153,-0.08819929985910342,-0.038355199884909076,0.006020140817723494,0.045989378113411965,0.08222836322469759,0.11521330996755438,0.14529510885439836,0.17273357526752015,0.1977114383646363,0.22033167416962576,0.2405880718373474,0.2582574038138096,0.2723824618418806,0.2616758060270565,0.3026828370524086,0.3177283592521685,0.322985091093007,0.34276020111090894,0.3565743576501244,4.471638793363569
0.10239592012117382,0.12222018345616084,0.13925851979701398,0.15451301071387002,0.16841718169618142,0.18122062538684566,0.19308694458553036,0.2041308645654263,0.21443551730791807,0.2240614443481319,0.23305137424374225,0.2414322712419332,0.24921488691614177,0.2563897784554272,0.2629159818786672,0.26868887258285384,0.27342403692342276,0.27586530354528366,0.28061165803254645,0.2891308964862239,4.310799125385514
-0.009739888404026273,0.03120615377495335,0.06606345837499251,0.09664521927296356,0.12382491622725908,0.1481438217274116,0.1699694257803925,0.18955339345223066,0.2070502405278078,0.22250474924336808,0.2357741399467363,0.24614810726676928,0.24521881281334776,0.26777566899980293,0.27967129890643555,0.28547729845845166,0.29541517138404394,0.3078042182866391,0.31293523454784783,0.32105982944777295,4.1588830833596715
0.07026222246459222,0.0963163483653784,0.11864455654682833,0.13847991376713442,0.15637626025403045,0.1726628975972919,0.18756039518413378,0.20122406957433334,0.21376335534994606,0.22525008419645556,0.2357188626427631,0.24515683161245874,0.253467783140366,0.26033722183437885,0.2643146668795755,0.2706475104116315,0.28133609559271716,0.28816091399422455,0.2913542491465411,0.29713933481315574,4.212127597878484
-0.5911811276225117,-0.4360263653673913,-0.33742281938194546,-0.26923163602604155,-0.2603320220114704,-0.2049680992224673,-0.2049681708803365,-0.15601324321524573,-0.15601272243853395,-0.11954006302519282,-0.11063402905873632,-0.15257014355393242,-0.07740384588070216,-0.07740384521576693,-0.07395483722431413,-0.04480288609446354,-0.044816921313008795,-0.041363556272856025,-0.02092997880584594,-0.012044041474652474,4.102643365036796
0.07275154741568625,0.11174552269796421,0.14078255741569115,0.16358032242794707,0.18119950993812323,0.1932301707727502,0.1937022350348785,0.21157099669223833,0.22712005081399703,0.23119403176479625,0.2335508304143665,0.2506534971782823,0.25166355922037553,0.2532873814120066,0.26301011908425126,0.2423796187313529,0.2597391013856526,0.2770955349517499,0.2810249839323974,0.286614562954223,2.833213344056216
0.03621222166633785,0.06582139261211788,0.09163598369280701,0.11486372331109712,0.1360486495632149,0.15551744780807653,0.173493496053675,0.1901399966822162,0.20557979110039762,0.21990525926916168,0.23318285811705186,0.24545355770114974,0.256728136261035,0.2669721488409859,0.27606104314353364,0.28360686671036117,0.28750288695527637,0.29721426540776597,0.3076892164417597,0.3147718185572659,4.460144413937834
0.008897581680997807,0.043847633207254176,0.07413059770708169,0.10117735286496671,0.12565092741825937,0.14795670897732496,0.16837391783477737,0.18710549994237533,0.20430051724906348,0.22006386931022176,0.23445724587850428,0.24748890566283252,0.2590777260246104,0.268922783784319,0.2757058264613182,0.2826422864127054,0.2968070993146125,0.30566722328561574,0.3086672726875957,0.32046399852877333,4.3694478524670215
0.012541717988589116,0.04588379647189379,0.07497463266974369,0.1011338094767609,0.12496393490883259,0.1468306107441689,0.1669856328281944,0.18561380674169478,0.2028544763066566,0.2188121361731458,0.23356091253629316,0.24714393177745306,0.25956545049861174,0.27076662465636936,0.28054743609405053,0.28819900536381743,0.27901223564779437,0.30620828782544895,0.31602431792031854,0.32214856151738813,4.471638793363569
-0.06914066261280989,-0.022750527650881973,0.017525095157781962,0.05346472278821225,0.085923401313771,0.11543635434367562,0.14237780706516562,0.16702263130154224,0.18957438183777872,0.2101771252311139,0.22891506337144213,0.24579469506255497,0.26068172768264775,0.2730430863186365,0.27950834928651186,0.2955852876754108,0.3101858077360861,0.3191448174933923,0.32614325076587697,0.3424745923643149,4.436751534363128
-0.10202470487461031,-0.0429654594886153,0.006551573833035785,0.04925163800027713,0.08652697877824118,0.11925206700130431,0.1480068540880927,0.17314917984035283,0.19479473951301868,0.2125961300448192,0.22399588850849295,0.2398645588399086,0.2592471937421949,0.26919453157451323,0.2818848960987519,0.2984648015167308,0.3024555505039002,0.31954151935490344,0.3304746609464576,0.33138435614831097,4.102643365036796
-0.0967404513028327,-0.045354775600883704,-0.0009362373948246724,0.038508558452898634,0.07395704078373186,0.10602644152480177,0.13514870124062148,0.1616388408175564,0.18572527429291916,0.20755997726710684,0.22720956005117535,0.2446088179141467,0.2593795961484504,0.2696373452496347,0.2817153415311269,0.2999938246236695,0.3112025477968594,0.31416651294583475,0.33566797308558954,0.3455455318280523,4.400603020246817
0.08917817371792286,0.10956956097663723,0.12744770570590994,0.14368683029074367,0.15866355197906518,0.17259581972537186,0.18562886916481658,0.19786753083212294,0.20939116898010385,0.22026153729160625,0.23052725398537352,0.24022643581970643,0.24938817235108782,0.25803310507323746,0.26617308866391304,0.27380956240426174,0.28092955171638334,0.28749626309140347,0.2934243218518309,0.29849593476391595,4.620058798481842
0.1057096782936925,0.1250001116176343,0.1415614636059998,0.1563881161916707,0.16990839208004788,0.18236756908305338,0.19392553195515497,0.20469384050842782,0.21475302934276075,0.22416165331840404,0.23296115103288825,0.2411780747715212,0.2488240388312155,0.25589266287941353,0.2623506723892463,0.2681135341628028,0.272964627247497,0.27611873567283146,0.27700769164384753,0.28752964363412764,4.30406509320417
0.11023666967597263,0.12891183825412558,0.14489575876762345,0.15919318216657785,0.17223307244909342,0.18425820314742822,0.19542482928710736,0.20584064474682218,0.21558251620440827,0.22470574921134043,0.23324908159101101,0.24123703734797466,0.24868008667628347,0.2555720691536572,0.26188255100376107,0.267536391888469,0.2723495398687318,0.2757244524494762,0.2682564287449737,0.2857797384845785,4.269697449699962
-0.5150388232326801,-0.37014167208622173,-0.2589124414176747,-0.17028433905143528,-0.0986732634558174,-0.04112373153962587,0.0031533612109821995,0.025102257754717115,0.07120871924578139,0.09622893922698056,0.1257829120629159,0.15027028718366953,0.1705674898578495,0.19373658691800538,0.20867557125313901,0.22760490858395122,0.24444292765683595,0.24943463121181428,0.27754164282433635,0.27553756013890157,3.9982007016691985
0.08736643563865625,0.11018580464454829,0.1297556451041964,0.14719494224060034,0.16299725776508878,0.17745167004644374,0.1907499070767199,0.2030267897571065,0.21437877173820657,0.22487299700822788,0.234550839864925,0.24342642959559696,0.2514772517442773,0.25861492451901086,0.26458226830786385,0.26834276699454773,0.27182654997751093,0.28250593522511175,0.289047745624099,0.293056451930309,4.241326752570746
0.09761979814550582,0.11758336586376782,0.1349178153446426,0.15055095531817264,0.1648836621771569,0.17814785236991004,0.19049732815946543,0.20204198931866302,0.2128636894897712,0.22302456177763108,0.23257167600209247,0.24153958214028307,0.24995132951431953,0.2578179664844917,0.2651358430411311,0.2718795549753677,0.2779837116942832,0.28328678602418716,0.28727260004598665,0.28115406991777797,4.465908118654584
0.05095135826622199,0.08413113018149995,0.11169341608806214,0.1354282398853173,0.1561782415726513,0.17444348297497808,0.19053381524575197,0.20461492631145248,0.2166920429872047,0.22645877336984982,0.23222296665445707,0.2395682602171535,0.25352093574047685,0.2614568469426267,0.2604199746103608,0.2754768875354475,0.2840717850183602,0.2855172769489833,0.2944894750936956,0.3027838553229043,3.8394523125933104
-0.06870148518036111,-0.015693507395359338,0.028884050433207006,0.06746082877328602,0.10125946236173981,0.13104538855747958,0.1573282415559237,0.1804288196267437,0.2004722939859361,0.21724894546354906,0.22932617607508368,0.23782984477052466,0.25946778012323907,0.2712102338204984,0.27329623400754005,0.2957728328669917,0.30474044085171775,0.3112138496738485,0.32674315021131667,0.32991344777901616,4.0943445622221
-0.0683877997539998,-0.018809835785569183,0.02357274267719168,0.0608332386893613,0.09399508391654406,0.12370246372451547,0.15039952107985916,0.17439828474797214,0.19590331747844525,0.21500481194375617,0.23161488041204706,0.24517743289758456,0.25174026562053453,0.2696498626268714,0.2847993118773566,0.2929701136580321,0.30384825992218106,0.31867102240083983,0.324639622121142,0.3359850715320894,4.255612709818223
-0.1867972225438179,-0.11417572954609839,-0.053337442043121804,-0.0009667160131343783,0.044672409861277934,0.08468016934176872,0.11979232595961355,0.1504742035888837,0.17690538231345587,0.19873398786153268,0.21308533226297272,0.23245794001072392,0.25488958879773965,0.2653725936972122,0.28438229756047334,0.3015373543907152,0.2848957305779767,0.3287622587504222,0.3374634322200826,0.35001703425923814,4.174387269895637
0.044858328503064,0.07288976306521855,0.09737534128615064,0.11945886011010153,0.1396510368474791,0.1582566020985552,0.1754832113809051,0.19148258218553996,0.2063694527996982,0.22023124289549031,0.2331329055656843,0.24511850553816858,0.25620942293675736,0.2663970251047859,0.2756222134619342,0.28371201065478535,0.29009486740800206,0.2879646395083459,0.30481288445761784,0.3135768446837827,4.4942386252808095
0.022957808805294622,0.0582300985755938,0.08828305697461708,0.11471931428473711,0.13829341068580903,0.15946708218225258,0.1785522106638074,0.1957633218575613,0.2112367095830192,0.2250270868703478,0.23706743402997446,0.24699865373107976,0.25294114196457856,0.2623584037944564,0.275625840659038,0.2837362573846052,0.2798359241858505,0.29972255621268135,0.3082408138486277,0.30896629494648353,4.143134726391533
0.054327046821640676,0.08204754532087058,0.10602945939575607,0.12748240262244848,0.1469506062072095,0.16475971886729956,0.1811307551173349,0.19622300689564584,0.21015350168603159,0.22300623068447717,0.23483527473120028,0.24566200879425415,0.2554621130878045,0.26412497010016606,0.2712993984073575,0.27522225675256307,0.2833794930414256,0.2937947488472983,0.30068875475949325,0.303266273292329,4.343805421853684
-0.20945369896431015,-0.13408918273712048,-0.07086412592400886,-0.016377279372075455,0.031160501404906747,0.07288697154720959,0.10956754268331803,0.1416957947720086,0.16948940255574993,0.19268939235306445,0.20910418884859308,0.2259984346197017,0.2509419072239618,0.26369644185463914,0.28073826527593276,0.2998346493250035,0.29784685442260644,0.3277393092403857,0.33810437369172247,0.3495347447145258,4.204692619390966
-0.0375102285851536,0.02178845483226055,0.06838236526308436,0.10614974383435671,0.13700474950133681,0.161909168867704,0.1808075452283944,0.18907935013187988,0.21037379891014668,0.22780240804391916,0.23027129672945956,0.2511741444234539,0.26280149234528327,0.26003991140512195,0.2822728427762005,0.28200242656809493,0.29530476636418607,0.2930597008769261,0.309663085182625,0.3026778177871835,3.5553480614894135
0.11296081386951513,0.13096358422152485,0.14637428370830918,0.160176688204334,0.17278739087394726,0.1844402397780535,0.19528474337456012,0.20542351640491907,0.21492975323037003,0.22385638034145933,0.23224108137579333,0.240108887404762,0.2474729397671371,0.2543333014185207,0.2606726902796709,0.2664455336527043,0.2715480512593204,0.2757134281220607,0.2778461347108715,0.28120563382806746,4.283586561860629
0.10320146088518002,0.12453616840448226,0.14243661063461496,0.15821391952720262,0.1724190735572143,0.18535362634885671,0.1972021879347291,0.20808242003659277,0.2180668248285247,0.22719118398372795,0.23545302609544505,0.24279553611061352,0.24905257682574938,0.2537210012488273,0.25366448614057413,0.263333061812217,0.27181351307469076,0.27722559870081126,0.27922357251074864,0.28266299238272957,3.9219733362813143
0.10868674747638066,0.12751404281997758,0.14366062644844024,0.15811626056777398,0.17130521034564078,0.18346899135888448,0.19476409131897174,0.2052991226204583,0.21515218295839092,0.22437995328181362,0.2330226376345987,0.2411063448312956,0.24864336493763886,0.25562986444797875,0.26203889425166865,0.2678017925219348,0.272750878722698,0.27635990977375235,0.2719783991666153,0.28607697763988255,4.297285406218791
0.1102506676186583,0.12916969408643308,0.14526462937098492,0.15961291374391076,0.17266965451649607,0.18468845778278933,0.19582963424250843,0.20620143164382668,0.21587914155360974,0.22491484246258361,0.23334229509776383,0.24117860501384616,0.24842270221669824,0.25504882725735833,0.2609884981329887,0.26607576607401745,0.2698129329585817,0.2681849144110083,0.2789625661802382,0.2859465056334564,4.1666652238017265
0.10254486364026488,0.12422295699888118,0.14236577302131354,0.15834527227578957,0.17272553138784363,0.1858095325269542,0.19777929335301872,0.20874768954897946,0.2187801372319534,0.2279015494085701,0.23609085897311186,0.24325373194102012,0.2491261057455256,0.2527836264154716,0.24912583565990298,0.2654602100210455,0.2727488583187744,0.27712446635126037,0.274625035638482,0.28607742186275553,3.8501476017100584
0.022060234952166632,0.060198888404249855,0.09207327555268548,0.11959775138785271,0.14369289868066654,0.16491757093054896,0.18362952073825176,0.2000343788284071,0.21417102658139625,0.22576632093024654,0.23324628170256256,0.2408942013813682,0.2566922985181577,0.26558346191865073,0.25987328147561345,0.28258090557923093,0.2912159978543136,0.28802066391085734,0.305191437051121,0.312313531192747,3.9318256327243257
-0.6031964989629186,-0.46111698102860776,-0.3514121744847385,-0.2634066261051627,-0.1916218919271676,-0.13305494613479796,-0.08646124009645784,-0.05424559475659097,-0.021430214527705126,0.008568574320373251,0.031746707453139435,0.05982233194463116,0.07624354955727133,0.10256284430125791,0.11467962634833838,0.1376880164341024,0.15049873034470881,0.16486505560441425,0.18381514329236973,0.169208819232135,4.1666652238017265
0.11477853350503424,0.13247225325263506,0.14758684569710004,0.16112830020432634,0.1735155860129667,0.18497992209403832,0.19566692509266603,0.2056752873752322,0.21507467542891306,0.2239150187149997,0.23223157719465812,0.24004757128547138,0.2473750500572811,0.2542139791405515,0.26054868081584126,0.26633883767326166,0.271496005911151,0.2758082854388299,0.27855749692887816,0.2768656106222148,4.248495242049359
0.11098223826171162,0.1285274038429094,0.14374538173607557,0.1574901329578808,0.17012591836136248,0.18186057804743025,0.19283016091263416,0.20313085113377982,0.21283382271893694,0.22199311288824122,0.23065014466221406,0.23883641171008152,0.24657500102761434,0.2538812239970871,0.26076234961732786,0.26721610265852347,0.2732269272373332,0.27875720518050706,0.28372429364087376,0.2879239453822755,4.499809670330265
0.03642045113643451,0.07165895647871219,0.10112516995987812,0.12661475069943515,0.14898080572927194,0.16873793762000422,0.18621547539880529,0.20160643298716766,0.21496248819550579,0.22609594446069037,0.23400431579517866,0.23479421538296794,0.2542392377615074,0.2638217612840415,0.26699728331654177,0.2774714576182343,0.28782190935136087,0.2914243420618213,0.29813482040118444,0.308067831803985,3.9219733362813143
-0.6076609763475536,-0.4771479877683323,-0.37880824511046235,-0.30127634264076264,-0.23896944779185544,-0.18908035507617613,-0.1511955219753136,-0.13029097431350886,-0.09640443068328983,-0.08227117736194,-0.051177889256887314,-0.04210036003617437,-0.013312853665607517,-0.006544123051736591,0.017982524264723933,0.02730956148280689,0.04255744408524332,0.057440213022472805,0.05114726118127744,0.08155634832304298,4.2626798770413155
-0.2857152945188008,-0.14977256955227702,-0.05434223393267263,0.015191122782838653,0.06445247785658273,0.08781965074075915,0.13085611219986074,0.15599094894170237,0.17875729037851684,0.20340113374012414,0.2142359760615777,0.23499693295328744,0.24965664566738519,0.24498466663649368,0.2833368658680016,0.2726383697304291,0.30353024835659415,0.3111412602240038,0.29197740662180854,0.3373924966416371,3.449987545831587
-0.40892418421614046,-0.17704921041525884,-0.06075374179075958,-0.048561709604120235,0.04262194818868679,0.1004939509131591,0.11334024294823501,0.17112129917401284,0.11302018064518538,0.171121232010122,0.2077705355725823,0.2199744850942097,0.17044723787670735,0.26062497891266817,0.26229303925060404,0.2874167006346213,0.29979885009089685,0.26228931089664614,0.29962064209806827,0.33301133559846074,2.9444389791664403
-0.39540185306884457,-0.29944505927625176,-0.21830675651689602,-0.14794489509340805,-0.08616808203459857,-0.03155567227509602,0.016874044029337325,0.05980316235193425,0.0976624080990324,0.13058530008727123,0.15809178820100156,0.17639986232878802,0.20283900764813997,0.22913944808610726,0.23766575809090007,0.26945599218049443,0.28725418028218785,0.30153619946015314,0.32450869376298247,0.29660955357066926,4.394449154672439
-0.6058444421776876,-0.47776449164209306,-0.37851736355266224,-0.298577683233797,-0.23300711519900424,-0.17905395705993574,-0.13544064972790992,-0.10317500435045523,-0.07765644349819005,-0.04821434865407838,-0.029887975439811663,-0.0025832797966661167,0.010509739935404511,0.03603073799527821,0.045695432758494754,0.06844689786168338,0.07841733887507711,0.09470583028980319,0.10890321487133424,0.1118591743354462,4.283586561860629
0.11345095568154821,0.13141199836622958,0.14672520905148786,0.1604361173281705,0.17297534930760392,0.18457815193308658,0.1953913388182358,0.20551353912690748,0.21501367190772722,0.22394042342135195,0.23232730608476995,0.2401951240652279,0.24755246947957513,0.25439404418178885,0.2606954154682487,0.26639978032201583,0.27138131082807987,0.27531170277591804,0.2767088530673301,0.28141974598447816,4.197201947661808
-0.04117436255646708,0.006968574372003732,0.04754633369562063,0.082764589878574,0.11371703880439174,0.1410853402050691,0.1653242515793917,0.1867243596687708,0.2054134857807252,0.22126513822811952,0.2333853052616031,0.225249129330361,0.2594459675033604,0.27211690983999476,0.27445338906678435,0.2927777376083465,0.30404646903298554,0.2998659472533348,0.322277961511452,0.330335736999652,4.085976312551584
-0.5840689146584245,-0.4703996488186096,-0.37862471048715163,-0.3022006906075327,-0.23751928037570372,-0.1823646199149028,-0.13536079854572247,-0.09579129591314872,-0.06387857030008094,-0.046281633456737775,-0.012018269588136241,0.007689431177540958,0.03158343436133593,0.050803349324252046,0.06922160729005261,0.0876489738956299,0.10212005896538272,0.11926847496078713,0.1315982693379337,0.1458934148751154,4.400603020246817
0.09828571221591564,0.12028037989028077,0.13885501192870153,0.1552475563641527,0.1699978724385882,0.18341381261529324,0.1956914824840802,0.2069612475472581,0.21730850841061702,0.2267825542649363,0.2353967645872065,0.24311706176897635,0.2498213795927625,0.2551424378462899,0.25727831537649365,0.2638153490865483,0.2730743616550981,0.278981851016323,0.28194060843924634,0.2836566831661661,4.034240638152395
-0.2572983989337262,-0.18361633019211113,-0.12012743669443064,-0.06404314853052043,-0.01392188123685646,0.031168432188813145,0.07188569968682271,0.10871032959151773,0.14198920080767924,0.1719486481129297,0.19867257843848138,0.22199695363630015,0.24101255431658855,0.24523803565153024,0.2783383278918293,0.29721209405034904,0.30041286093098285,0.32953993082168537,0.3447366829770462,0.35099163447180254,4.465908118654584
0.04975945901304867,0.07948490635365055,0.10495516481731174,0.12752809638484008,0.1478249788647377,0.16622035585464384,0.18296720744727663,0.1982437311822093,0.21217339842396338,0.22483163176401844,0.2362404237143433,0.2463403638134826,0.2548873419940725,0.26087983833995226,0.26399938166970643,0.2784020966310886,0.2866384413571862,0.2908542510699449,0.2968767720900126,0.30738469915090644,4.204692619390966
0.07868954306622977,0.10369776155255804,0.12502782868413234,0.14391920504996072,0.16092654229173273,0.17637742635387438,0.19048901869839224,0.20341191778954756,0.21524962661335445,0.22606649499311626,0.23588683468519542,0.24468084889565583,0.2523153060716902,0.2583488450410699,0.26000480762403366,0.27010249252335866,0.2791357026664569,0.2850480711862026,0.2863237852577067,0.2949169097855665,4.151039905898646
-0.16047556772359478,-0.09322095078919371,-0.03655885918399396,0.012490247039340029,0.0554701143069398,0.09336113439822666,0.1268267742415318,0.15630302626877066,0.18200513368811042,0.203806702690622,0.220509745827277,0.22570702193111583,0.2564947190498015,0.27171124682519054,0.2764559339040678,0.30226801882298315,0.3124419904823631,0.3247542117928024,0.34058285348062145,0.333215220436391,4.197201947661808
0.09130678767352457,0.11443842155336852,0.13404500535535818,0.15136161122056352,0.16693427218402832,0.1810799558199938,0.19400438653033944,0.20584678935465614,0.21669996352675294,0.22661858598449486,0.23561851668089137,0.24366284304835284,0.25061275045773684,0.25602386610042754,0.25714625299025484,0.2666714430568595,0.27531779636004916,0.2809663217752876,0.2828473750184488,0.2889307247255074,4.07753744390572
-0.6836250010949717,-0.4629920783998941,-0.3249081099164211,-0.23276932618202603,-0.21483412922215972,-0.13941908338019898,-0.1394244337587263,-0.07088342839225281,-0.07086218579866169,-0.023303197879073922,-0.005197360572139188,-0.0639347824787045,0.03911120624315333,0.0391113754316431,0.04616800564021843,0.08487558552979131,0.08466650231809646,0.09176112339745968,0.1149623849931404,0.13271990600981923,3.7495040759303713
-0.10124335456128354,-0.04349296291925961,0.00524680091459671,0.04754300607579626,0.08469926370071126,0.11753803803599848,0.14661469188605514,0.1722934411583355,0.1947540958847624,0.2138992277451322,0.2288311966267863,0.21917936937843943,0.25938132720120055,0.2741158098082997,0.2733780799583553,0.2994722761982027,0.31132627011842406,0.3127496192556404,0.33423764783006943,0.3406263798426799,4.1588830833596715
-0.03668154823094508,0.0322815614787861,0.08274787442556783,0.12072512902454163,0.1486895702031043,0.165603822787072,0.1783072666702569,0.2049582484853368,0.21254358188038933,0.22841475256737928,0.2427755702192423,0.2338761721425005,0.25971081841872296,0.2517964323799241,0.2716804808114417,0.2830576048472221,0.290986031444408,0.296820095417487,0.30226480054084304,0.3048734328947331,3.1986731175506815
0.09970276915196108,0.12021581709907124,0.13780967526039867,0.1535266186182492,0.16781961307319504,0.18095022485810183,0.19309000968605194,0.20435895414691993,0.21484334282785797,0.22460494207216164,0.23368560150772663,0.24210861546772808,0.24987656719983947,0.25696308640183047,0.2632893135803659,0.268646248513432,0.2722922127012138,0.2720882573252833,0.28411614480603625,0.29052506403321193,4.269697449699962
0.10864431736552704,0.12778344775043318,0.14403243118266723,0.15854149757567695,0.17177717850034896,0.18399091879401105,0.1953374441357757,0.20591880107735092,0.21580422047028172,0.22503992973055859,0.23365382647291688,0.24165670328481595,0.24903995665405768,0.255767543676425,0.2617542732955862,0.2667995026806935,0.27029478157720466,0.26626645496645457,0.27991866539338484,0.28707918744312755,4.069026754237811
0.08382817223775524,0.11355411989610364,0.13733416367673243,0.15736522061532804,0.17456158628287374,0.1893633360493182,0.20193317189048698,0.2121439894782026,0.21917421548931143,0.21474262645911885,0.23479402141374342,0.24530235768657124,0.25012667789612025,0.2464926829733686,0.264685478765832,0.2707512981894056,0.2641581020379995,0.2801750272738908,0.2860394690424003,0.27947363299074984,3.3843902633457743
0.09050831129512153,0.11294257348766973,0.132137815693062,0.14921983531644398,0.1646842987026253,0.17882050276383105,0.1918193354548061,0.2038141131436798,0.21489932473422454,0.22513974389913866,0.23457383917250663,0.2432118309410452,0.2510249568777418,0.2579118844988145,0.2635757256741941,0.2667049711931344,0.27182225695685386,0.28148931553884565,0.2876799480635588,0.2912509451713526,4.212127597878484
0.02422874044810504,0.06742512083489288,0.10205188468965182,0.13077661563689713,0.15489042226836097,0.17509692607943816,0.19164875096631329,0.2040588221526742,0.2067480616749556,0.22607748819486775,0.23952153968287912,0.2442708975964338,0.2547750614275463,0.26730649803060413,0.2691313826172495,0.2796150112073067,0.28844719003889385,0.2755437910410536,0.29861925958843283,0.2969122444028943,3.56953269648137
0.0014744436433593037,0.04811601921434774,0.08583423077969539,0.11733705502223385,0.1439598388462294,0.16646579080801363,0.18520836601323845,0.1999788477742055,0.20826881152418655,0.22120011497469702,0.2379551733048097,0.2458962548671563,0.2527684475946893,0.26855423197026795,0.27322273586868934,0.2815804002512969,0.29257763063987774,0.28731479274414806,0.3042881593409149,0.306155169421682,3.676300671907076
0.05625623124541719,0.09890195356837143,0.1308721259422973,0.15589374900095904,0.1754308354229133,0.18957448878003144,0.19478663980552563,0.20833005413574468,0.2252968470117653,0.2313687589950372,0.233565894755247,0.25114998996265386,0.2537533000912596,0.2565506199708555,0.26680075144895016,0.2401206632021434,0.2684824278336002,0.27983694557313527,0.28557210376632136,0.2909528302368232,3.044522437723423
0.0809076276632106,0.10796755201296708,0.13048825439822873,0.1500261012067745,0.16728467925468962,0.18266993051603317,0.19643323861975207,0.2087231167488453,0.21959872848408118,0.22900559359385658,0.23664868484727436,0.24119784378235262,0.24516934746258404,0.258369085044736,0.26582590244095733,0.2689399363093062,0.2738651146428975,0.28432437000743094,0.28921876037361977,0.2730701886208618,3.8394523125933104
-0.6366579353312529,-0.4790313961250102,-0.36515773893269193,-0.27842819454370726,-0.21148585698628553,-0.1619039788961573,-0.13912675869818403,-0.09557590368487895,-0.08196575351874005,-0.04225236161916326,-0.03530734198204788,0.0008910580744124741,0.007956289563027649,0.03458208863555005,0.04864267014457477,0.05672276060510612,0.08139037810386299,0.08459889755202013,0.10319904671916984,0.11780374683154848,4.085976312551584
0.1081805486551598,0.12615623748493682,0.14176401327085503,0.15586455460877074,0.16882590770921524,0.18085874789448042,0.1921014735177825,0.20265228011506645,0.21258406641475508,0.2219523233546158,0.23079965412194295,0.23915843998530956,0.2470523196782169,0.25449673342590456,0.2614984824019522,0.2680538643132469,0.27414411195134925,0.2797244579015018,0.28469421136139106,0.2887878034626202,4.505349850705881
0.08444879429555098,0.10603604896714316,0.12489122872415769,0.14195332043078557,0.15762996230430135,0.17215856069550659,0.1856979296908074,0.19836276036502667,0.21023955320194404,0.2213949548709725,0.2318804138261414,0.24173473978247184,0.2509851852760862,0.25964710270601393,0.267721617801862,0.27518950953525395,0.2819957465628858,0.2880040710046403,0.2928081363058579,0.2934611444180526,4.537961436294641
0.09520418368375866,0.11751888381722239,0.13649233411803158,0.15330595825323604,0.1684787281412954,0.18231107929955237,0.19499850016294276,0.20667473459504185,0.21743154015029006,0.2273278588374365,0.23639211351008876,0.24461681014249065,0.25193768185194904,0.25816361810723937,0.26264436532360425,0.24375021424559004,0.27470605167025414,0.2820500725029236,0.28686877788420684,0.2865862013765236,4.127134385045092
0.08704188210735359,0.11194207079191087,0.13282362327074126,0.1510870065933005,0.16735735648282427,0.18199571321916125,0.19523082299651104,0.20720869977479076,0.2180122629394493,0.22766214382476332,0.23609085236583727,0.2430357500473176,0.24742861956729448,0.24928323198093919,0.2626258410882199,0.26993471608495384,0.2738618460160739,0.27419443275676114,0.28669653638383397,0.2924025303690705,3.9318256327243257
0.060567251273339555,0.13884928793000878,0.15656407331333844,0.16116727809084408,0.20916568911084352,0.16533138332781003,0.22386617341886353,0.2461841635796988,0.18684769895000822,0.23484610997000768,0.23060102225104903,0.25716410013084295,0.19561500896447984,0.2394493147475133,0.2659314101453145,0.2525608953533373,0.28744772576751276,0.25091201904525745,0.27323000920609275,0.29161183100447874,1.0986122886681098
0.11675938903521958,0.13380549488991675,0.14840832819351474,0.16152450975048063,0.17355179047149713,0.18470972003252573,0.19513686377915573,0.204927573495093,0.21414902432096358,0.22285012008021945,0.23106646634040287,0.23882315836180262,0.2461361360044078,0.25301233692768127,0.2594484432089006,0.2654273297377707,0.27090962060045193,0.2758121439230841,0.27994001307830807,0.2826520069654052,4.310799125385514
-0.6226892735952916,-0.47098222632041326,-0.35719686785746013,-0.2680128799774729,-0.19697102202783853,-0.14094062217106795,-0.10007275645350922,-0.07162485751290676,-0.03491622346185486,-0.015776450721266117,0.018074459768576013,0.030316789970021484,0.06170652937033715,0.07090349782642097,0.09682617928712257,0.10983158167115561,0.12270066961870282,0.1441026709214799,0.13915608423327547,0.17039429458293023,4.110873864173311
0.006385479668426091,0.07125018363415675,0.11577427326472274,0.1468203743218374,0.16552698320800752,0.16410795632341138,0.20201856246778188,0.21256479267756948,0.21672316702350827,0.23689864078060718,0.2238526718221331,0.24636679401543532,0.24786269972186584,0.26199804503334717,0.27224553983525435,0.281585610910018,0.274077260231635,0.2799049794009631,0.286491687142842,0.29439890035057237,2.833213344056216
-0.0017533590457687962,0.03363780817185947,0.06452230337669364,0.09228099721072827,0.11754948991530313,0.14071557187780037,0.16204730309066276,0.1817418409550649,0.1999479184332933,0.21677684052993032,0.23230688038334268,0.2465818971994279,0.25960123008553565,0.27128862528446784,0.28138687195835976,0.2888887425422814,0.2931444390110484,0.3091959222813059,0.3187386677419406,0.3237006846705595,4.477336814478207
0.09871631347435711,0.12016582739820618,0.13838439998136287,0.15453377267675583,0.1691207406949234,0.18243634761617877,0.19466854958695096,0.2059452140243672,0.2163539022640851,0.2259512766428677,0.23476606664722188,0.24279545874690764,0.24998952741430983,0.25620111311225546,0.2609780854544619,0.26136176272542205,0.2709602407967801,0.27894937183936214,0.2842708167325015,0.2864735138463995,4.119037174812473
0.04395572548658926,0.09331265858193297,0.12887111288154512,0.15542165700418237,0.17449545588054297,0.18402794473494233,0.19341261132857715,0.21576314340568656,0.22310570414865652,0.22497067205830007,0.24411643349981024,0.2436166317022884,0.2509009963990404,0.25278261588250733,0.26080043310088086,0.2555352871279892,0.2813846661405355,0.27421453017845543,0.28988337548263565,0.28709091070075227,2.8903717578961645
0.06402044493739609,0.09549989988728502,0.12145258030657632,0.14369403094536806,0.1630683457789488,0.18006466985468142,0.19497260301780853,0.20792630444086935,0.21887293012457612,0.22733695598671289,0.23014889400702468,0.2420611876765378,0.25359635613839737,0.2600867118360396,0.24458699911355314,0.2744205567883155,0.2816944978785254,0.28061228485479195,0.2920429037250594,0.29916697065539855,3.7495040759303713
0.08371139124315817,0.10633405108766639,0.12591766348332556,0.14350031476812306,0.15953742721831313,0.17429592849118755,0.1879543881656081,0.20064072649026019,0.21244959539104777,0.22345127889819058,0.2336962210413176,0.2432165831656315,0.2520247570907283,0.26010693284887254,0.2674050309481073,0.2737609073175687,0.2786699130007677,0.27708334547101376,0.29027466016187403,0.2977842613301179,4.382026634673881
-0.14348831179408675,-0.08743385916907222,-0.03864261301839837,0.0049384266253330355,0.04431849937941197,0.08013798441272006,0.11284877265223657,0.14278574944921543,0.1702002657808754,0.19527531516730418,0.2181275430030552,0.23879210518273877,0.25716704212356084,0.2728006038916091,0.28337117507547416,0.29816274526234,0.31681042787310737,0.3284540904043432,0.3354638565593548,0.3556625245213111,4.51085950651685
-0.12917574503498225,-0.07289238721030478,-0.0243053695063549,0.018759140828653747,0.057382364410323725,0.09225159080226406,0.12384879861022488,0.15252512947723068,0.17853378821767923,0.20203995163790509,0.22310689563737954,0.24163026403670912,0.25706196095259676,0.2659390796217403,0.28415557068633845,0.3014220276502706,0.3113037539442065,0.32322172681417694,0.33992805782626356,0.34707109116361096,4.406719247264253
0.034888651914009215,0.06438861034729275,0.0901707267061081,0.11342031975912044,0.13466963340932203,0.15423769132840334,0.17234263769361807,0.1891442402351965,0.20476348836986125,0.21929254202851295,0.2327996304526758,0.2453304112101773,0.25690549125284784,0.26751129923303557,0.2770743352144946,0.28537725799960767,0.29163290395803315,0.2927145430535195,0.3082305007261268,0.31674687523117373,4.499809670330265
0.06230078007431738,0.08704182549571213,0.10873599611353618,0.12839568301819929,0.14646508805432232,0.16320564075987112,0.17879397495716517,0.19335884229876932,0.20699817586486013,0.21978798374043476,0.23178724754953037,0.24304049593871607,0.2535786515983138,0.26341805629283843,0.2725566787073373,0.2809643871922993,0.28855703162357715,0.2951104598200544,0.2997854227904661,0.3028123883832883,4.574710978503383
0.11296640924569407,0.13041117650667766,0.14547855558374642,0.15905197867983395,0.17150760786021318,0.18305913923913653,0.19384552882222872,0.20396418640665948,0.21348646258255877,0.22246586065219118,0.230942729004644,0.23894699590395962,0.24649963033528477,0.25361306751166934,0.2602904919666842,0.2665233759147511,0.27228553007542944,0.27751841629535856,0.28208827888428534,0.2856082333189815,4.436751534363128
0.10464214809097744,0.12569800203509945,0.14339735133554188,0.15902418042365665,0.17311766407713305,0.18597335095542397,0.19777297322971327,0.20863352784121134,0.21862897312102195,0.22779933567998698,0.2361512169068982,0.24364747443587476,0.2501718974773547,0.2554009476436092,0.2580069031964898,0.26143384629808236,0.27207073399602094,0.27835491759733333,0.2819669215277345,0.26765247626695393,3.9512437185814275
-0.09419586757635606,-0.025457462368226973,0.02914125189830713,0.07384993252385894,0.11082353834936463,0.14125589769540042,0.16552287682499373,0.18205254849644348,0.19448969712263628,0.22039085726415591,0.23144651169945718,0.24581190043669535,0.26315634781256486,0.2552888955776245,0.2856717606076278,0.29126512445771996,0.30213262496724125,0.308936682507393,0.318539854638917,0.3192954668817637,3.713572066704308
0.10583638185805459,0.12433645299895238,0.14037787256765097,0.1548488680989379,0.16813046519433564,0.18044134323345842,0.19192538690720296,0.20268470087467605,0.21279495531824172,0.22231349442593032,0.23128394750418652,0.23973888026898008,0.2477011347343905,0.25518403633704406,0.26219023663532776,0.2687082812583347,0.2747042571392801,0.2800999940622431,0.28470205404257304,0.2878251825290026,4.471638793363569
0.08826539881972001,0.11418575079580454,0.1356076875324457,0.15413715788971113,0.1704840075018938,0.1850442261752296,0.19805260131728383,0.20963751592644791,0.21983275508678382,0.22854278476472606,0.23536629587304408,0.2382739051109547,0.24545571717813722,0.25673694905114347,0.26337706766636865,0.2650847693890348,0.2719101402376163,0.28126899535457384,0.28542332032683904,0.27838933419932055,3.7495040759303713
0.04347521231062361,0.07253402005437942,0.09776166561737794,0.12038266287725767,0.14094958941182417,0.15979427100258628,0.1771430196588363,0.19316013013668046,0.2079677054612451,0.2216552504462297,0.23428338585439717,0.24588232692192213,0.25644224357895135,0.265883672239378,0.27395565172083314,0.2796633438521626,0.28363898503216467,0.2968584226459102,0.3048753822502431,0.30940982489538044,4.394449154672439
-0.08225595312238634,-0.03270589287143058,0.010070246025136806,0.04802096378210622,0.08209846133282497,0.11290256134513604,0.14085194552227115,0.16625070763301977,0.18931739871938674,0.21019382115668842,0.2289335117289617,0.24544737033397984,0.2592834371997748,0.2679183417935324,0.282288983982873,0.29868968468621004,0.3086489379140417,0.31514492114651355,0.33301317683452036,0.3416499093060229,4.375757021660286
0.08532964854845289,0.10645519644539304,0.12495691445687994,0.14174007525488275,0.15719620299511008,0.17155266976748873,0.18496138404376825,0.19753213779433998,0.20934802376818717,0.22047352740807524,0.2309591031150722,0.24084380538521166,0.25015664381412717,0.2589168654738761,0.2671329866354103,0.27479980918007274,0.2818912336470679,0.2883420972730812,0.2939925211027467,0.298330905725462,4.590056548178043
0.09425614883907281,0.11702835866992636,0.13627777821385934,0.15325556316141,0.1685123364005078,0.1823652831407971,0.19501824458808115,0.20660749176182405,0.21722221997224572,0.2269128157808637,0.2356895356855381,0.2435065273580542,0.2502054149210041,0.25527090503267874,0.2548277810100703,0.26637881806910313,0.274578524779944,0.27991696420532364,0.28109109528155474,0.2881824537121513,4.04305126783455
-0.4847213254565274,-0.3661408119815861,-0.2696424841271281,-0.18879102355761637,-0.12007843919700201,-0.06133411533375632,-0.0111972580198729,0.031026534618269402,0.06498658481437947,0.08346795642057848,0.12124100288988819,0.1467472976659492,0.16559326019279413,0.19507917312941384,0.19304253334590407,0.23568572222029907,0.24020007889114062,0.2703479852332646,0.27668382035685296,0.300525786582842,4.23410650459726
0.11367068705415521,0.13159343989731823,0.14690961035430591,0.1606210082790214,0.17314895208797587,0.18472807562798632,0.19550723142671836,0.20558784654465603,0.2150417590566487,0.22392050860525023,0.2322603943386172,0.2400850378935942,0.24740606595432427,0.25422176138717983,0.2605124631106153,0.26622881600082704,0.27125942289842053,0.2753154140516719,0.27715767405646113,0.2811359990828777,4.255612709818223
-0.1156650604114594,-0.0434743932367491,0.014030659588148123,0.06124829485062126,0.10042485948974321,0.13282950946539196,0.1589465313725207,0.1776512073500935,0.1857884377445446,0.21665572681189785,0.23000276203332062,0.24255869209110353,0.26229566100869567,0.26091204025258274,0.28590361586627205,0.2933038271283622,0.30345820812683316,0.31243406970518356,0.3206775159607944,0.3253604432816505,3.7612001156935624
0.11162920371007698,0.12983054593224644,0.1453477319371889,0.15925366951714215,0.17198434868315923,0.18377560985311892,0.1947735540596953,0.205075740205273,0.21474994020481813,0.22384368211636899,0.2323892927887008,0.2404063035332997,0.24790184361665135,0.25486878847550265,0.2612801915153177,0.26707535011991324,0.27212131833820513,0.2760728925050631,0.2773746906556649,0.28215932697786394,4.1666652238017265
-0.14602997116384817,-0.0771763546344911,-0.020148205223606244,0.028435727589510698,0.0703357684450958,0.1066489449660371,0.13807614686999098,0.164985686974473,0.18727166879726825,0.2032182898762022,0.21614578088505215,0.24134693769625218,0.2540587099436465,0.2671146695633981,0.286380919213837,0.28964512227916733,0.3107087761494105,0.32146720286120944,0.3281937257692332,0.34375249167065397,4.051784947803305
-0.043010510600768305,0.002404181162933848,0.04127744266603901,0.07551954357828497,0.10606047258453158,0.13348199779534728,0.1581845939797341,0.18045040094181164,0.2004669787146583,0.21832468094590401,0.2339719512327121,0.24702399424673505,0.25538491904450916,0.2674067247923253,0.2834051808391926,0.2929886871602191,0.29586073235735255,0.31483276977716773,0.3234023121156758,0.3260964903398583,4.248495242049359
0.0696583231366566,0.10024032518412536,0.12534939449307647,0.1468170764825581,0.1654874016201892,0.18184149954658058,0.19615585372049124,0.20854570948631335,0.21892414949548886,0.2267091265560127,0.22729067258620225,0.24190621900219372,0.2525609328166098,0.25835252617209964,0.25377178743486045,0.2727843852521583,0.27948380668741496,0.27694417817507905,0.28970900356826923,0.2963468768605267,3.7013019741124933
0.11751990534120181,0.13427465372832936,0.14863867533669925,0.1615614890596253,0.17343390719134083,0.18446988839808617,0.19480368671868192,0.2045264081678065,0.2137028644068508,0.22238035757996377,0.23059360209422053,0.23836754110863725,0.24571883987602797,0.25265636038644645,0.259180586915967,0.2652815559359629,0.2709339821325399,0.27608584269435754,0.2806278759907687,0.2842866754527917,4.324132656254979
-0.00664601184582471,0.030888795371849923,0.0634109731746946,0.09243612722755583,0.11867315791747249,0.14255814325700555,0.16439251591230314,0.184395695186868,0.202728652078871,0.21950381770718405,0.23478505993064652,0.24857398304875247,0.26076221007172146,0.2709463376216113,0.27700853819370647,0.28803092359686355,0.3012329854901524,0.3097087347955389,0.29994171164524847,0.3272298794895375,4.375757021660286
-0.11236290685345056,-0.05892445537117016,-0.012674251034683658,0.028433660064922654,0.0654058688480526,0.09887955988266701,0.12930171352551842,0.15699954125728977,0.1822121598116009,0.2051021018392483,0.225748678649517,0.24410806605647886,0.2598621321237351,0.27154212704334085,0.28098581540443807,0.3018244109765641,0.31430487746356195,0.30669514902789463,0.3389972241121001,0.35015437791274384,4.42484663185681
-0.0039522961860766195,0.03999421336516468,0.07652502248543994,0.10785546065893058,0.13507424298027837,0.15884478780041153,0.17958314375340081,0.1975010598391058,0.2125403860352694,0.22392569807476032,0.21904622431225926,0.24753869257348537,0.2597492683365494,0.26336689721562795,0.27757273727912163,0.2888932184619136,0.28975372301147634,0.3041133358621693,0.31268000086397973,0.3000683907916718,3.912023005428146
0.0083272765582245,0.10677870589071116,0.1355294797408606,0.1492234581665617,0.18878920749526507,0.1709109436456179,0.21398837917798988,0.23582670454378646,0.19948575276686784,0.2339809090733473,0.23363338382502982,0.25350375823511523,0.21679472958426507,0.2476748874990484,0.2685799980874566,0.2627316829234967,0.2872406368277517,0.2643656006561306,0.2816435397075436,0.29499180962686034,1.6094379124341003
-0.17382804518637177,-0.10818589087606827,-0.05214759396553221,-0.0030359322282105276,0.0405226279870661,0.07940718464248744,0.11422838610423927,0.145417572755681,0.17325968817285872,0.1978817445825163,0.21915327666988055,0.23618569582186388,0.23676657472524057,0.2700635763823598,0.28690598991309835,0.288364333577138,0.3157359487379585,0.3292633538517975,0.33329094470872317,0.35577089374684606,4.324132656254979
-0.41137808923421604,-0.30343929799018104,-0.21469670066280797,-0.13966998569230443,-0.07537860944247801,-0.01995255338790699,0.02781486400604717,0.06860965411653881,0.10243826368118378,0.12699168919622397,0.15031810504972512,0.1823198359619364,0.19366387214443567,0.22614571831093955,0.2443795658557665,0.2620718959164379,0.2835940632656101,0.2904073431825247,0.3163370034940337,0.31175471068116534,4.22683374526818
-0.6040951753739066,-0.42160292472620853,-0.320110771860532,-0.3167927309411477,-0.24242871499937785,-0.18806559989900004,-0.18474750300907047,-0.137618521212834,-0.18474753099352487,-0.137618521212834,-0.1010895757915068,-0.09777153487063958,-0.13761877488948618,-0.06325804240712454,-0.06325450527254708,-0.03612636834715743,-0.03280832131476956,-0.06325450527259253,-0.03280832742629019,-0.0055732932822397515,4.007333185232471
-0.16984196920347142,-0.10630340490010513,-0.051791593792232915,-0.0037901326598099544,0.03898189267818744,0.07734447301234978,0.11187083899750105,0.1429727114378595,0.17093553276112075,0.19592062649795836,0.21791877190340933,0.23654632235771011,0.24968305591694936,0.26453665287801414,0.28612018931509564,0.298683226181781,0.30931313299181246,0.3293377955886453,0.3379034731838859,0.35204752875106127,4.3694478524670215
-0.03393080264850343,0.008085771026967604,0.04441529795193961,0.0767393345400884,0.1058592334030005,0.1322731565631314,0.1563268738031075,0.17827154880190058,0.198289201050449,0.21650196080183914,0.23296742038378715,0.24764975018486426,0.26031470428513637,0.26999081684665666,0.2721450094049022,0.2933164170239466,0.30451942494455436,0.30917384234522693,0.3221405278352639,0.33369637879218644,4.363098624788363
-0.0861543236754527,-0.02768799713082411,0.02087016562567093,0.062377315356924375,0.09829290003958663,0.12952234331037057,0.1566430894861278,0.1799582997719169,0.19939200946256663,0.21371610277883457,0.21977843226139793,0.24595562945258756,0.25895462536226804,0.2622877313248857,0.28559907827801767,0.2942602124344644,0.3037673698369122,0.3182610949561498,0.3154382763695643,0.33588979508368094,4.007333185232471
0.1101728097599749,0.12882833000028238,0.1447009820457205,0.15890084457236883,0.17187862347579771,0.18387771738899902,0.1950484567611651,0.205490678373361,0.2152730332003473,0.22444269547629236,0.23303029811721165,0.24105191550909955,0.24850849537294706,0.2553818787968997,0.2616240799041116,0.2671285994966527,0.2716361490442487,0.27423033279381176,0.2739189337961816,0.2855281732311035,4.119037174812473
0.08885346672258912,0.11589708539619188,0.13787262113253193,0.15666658779800316,0.17307213527054563,0.187497260778864,0.20014858816657488,0.21108035550038415,0.22015116003925014,0.22672453254004626,0.22635653238180062,0.23959418773446753,0.2501047971365776,0.2558298584702854,0.25088736772118886,0.2671843263701824,0.2748658641073743,0.2761874955149058,0.2805078462305168,0.2898865230653732,3.5263605246161616
-0.1273016415179276,-0.045399783138002754,0.017479553280146352,0.06730457903607692,0.10699287168400815,0.13784712198811105,0.1586750747333245,0.17287603069068205,0.2028941096235137,0.21321740874279924,0.23376927331884362,0.24978751425571744,0.25266006317533507,0.27508982597719833,0.25651099179324477,0.2934899441275965,0.2961021114811723,0.3115889952685835,0.3207741873581518,0.32955871912622176,3.58351893845611
-0.0690783889340174,-0.014614480797100145,0.030874792404604508,0.06998208758366377,0.1040191577399671,0.13380255585619563,0.15986352659100428,0.18250846044959065,0.2017735323034838,0.21707951479293464,0.2230779497478798,0.24461934837472335,0.2602765314224105,0.2659562617712232,0.28270474575181914,0.29583597239675224,0.2918533049668259,0.31596497412114033,0.32423307622519965,0.328754887372589,4.034240638152395
-0.6514198337349382,-0.4762864361315899,-0.35653319590019317,-0.26925688390718827,-0.20617646951148155,-0.18680273021804045,-0.13289362826283324,-0.12433240644941843,-0.07562644804876073,-0.07338427099180601,-0.031138833211505828,-0.0224734056660679,0.0004620581488251406,0.020184199308866498,0.014694262744004859,0.049957126004582735,0.05880069032205407,0.05874547081550871,0.08848952624222546,0.09070551580067869,3.9889840465642745
0.06513718303923915,0.10306643891408143,0.1322822899316935,0.15584517307638085,0.17504054843849898,0.19030738754322288,0.20113414684634837,0.20162649368890243,0.2199321539495249,0.2332975059975341,0.23800826191486754,0.24187626540098447,0.2570836500765641,0.2604812384934719,0.2614246950899958,0.27387440149896675,0.2707832475314731,0.2770074073556736,0.25892893079986523,0.28816750692429643,3.1780538303479458
0.10772747982502123,0.12709826985521916,0.1435250545483774,0.15817803593324672,0.171531570331299,0.18384102612375103,0.19526320061917427,0.2059010749687202,0.21582392713926632,0.22507714557953865,0.23368667470007887,0.24165965412579157,0.2489807752237511,0.2556008505470274,0.2614049791999004,0.2661052540289079,0.26863990707904195,0.2695675345362468,0.2808665986798674,0.2871255531957881,4.04305126783455
-0.07120183264599084,-0.01115080084581783,0.03766889405185828,0.07856134498732462,0.11321048466033086,0.14261808648421798,0.16732280663786475,0.18730175272200608,0.20072041642145236,0.21310469251951775,0.23531488382286303,0.24588416697722054,0.25686881947730245,0.2743118468621146,0.2771621354735284,0.29419726401096913,0.3038784871478739,0.3061782709678236,0.32142806274833374,0.3089378360644275,3.828641396489095
-0.1633603708187596,-0.08351518486809188,-0.01959954691700727,0.03312987929545623,0.07712708165424206,0.11381881428929305,0.14388000582916524,0.1667827650055288,0.16881183797932864,0.2077149710252074,0.2255779642899919,0.23350489244042008,0.25976984872194914,0.2654819802113241,0.2857596278549693,0.2967932200254749,0.3054903479287479,0.3187238748230376,0.3244655727898098,0.3353948597408907,3.8501476017100584
-0.06951090832803968,-0.01348407208573777,0.03294806006541807,0.07256833281630601,0.10679086099142249,0.13648793812919463,0.1622075579333814,0.18421734115664387,0.20236923906617954,0.2150673367778075,0.22521672997340608,0.2471274692059093,0.2585109920118201,0.2652473980975552,0.2847631757623763,0.29178399498732643,0.30268138375206033,0.31549081170615684,0.3070544971489367,0.33242632633275687,3.970291913552122
0.056199512025270265,0.10290320206291638,0.13621012123642404,0.16095347574850577,0.17835208662424007,0.18535056211230014,0.19714653075961394,0.21772991680384143,0.22362842884137055,0.2256347902887126,0.24400413918072136,0.24216812422707715,0.24878847069988683,0.248093537039613,0.2587964715870605,0.2564015881787493,0.279500690599392,0.2710020758745836,0.28674330099168327,0.28337930250525173,2.772588722239781
-0.468256540979657,-0.36112494698026587,-0.27185785105418325,-0.19548861625208164,-0.12928213184574536,-0.07148493171187563,-0.020917431234270742,0.02319226295607942,0.06122780659206026,0.09292945768084789,0.11518390903941961,0.14179986471536551,0.17068404745018212,0.17498254949926612,0.21485382455414284,0.23106981198866447,0.25197334439710845,0.27133202150072383,0.28292137446372784,0.3052539095565414,4.356708826689592
-0.06838994121308652,-0.016729055573490585,0.026980613972732895,0.06502814456480142,0.09855844553609121,0.12829069384005362,0.154711378687719,0.1781432176170423,0.19875641113531856,0.21650885311227905,0.23083220576168115,0.23724321527847977,0.2566164229276091,0.27200982397371026,0.279307525233025,0.2926515873394012,0.30668193392798215,0.31005471936114315,0.3253922510470854,0.3357507676268661,4.151039905898646
0.08634176220146049,0.1104670232198401,0.1309370735164939,0.14901051181273045,0.1652477173325181,0.17997652207127304,0.1934112152223729,0.20569750488022168,0.21693242001510646,0.2271719833861368,0.2364288042606754,0.24465307188736973,0.2516646443548387,0.256836249802842,0.2518791723751033,0.26963055573735933,0.2775905699111211,0.2826808785085759,0.2807197762077815,0.2931603246977781,4.085976312551584
-0.6355873703809423,-0.43328878170634794,-0.3214952786277546,-0.3173667360227605,-0.23511873565776562,-0.17545103855791855,-0.17132223026960464,-0.11919668995316025,-0.17132236309940813,-0.11919668995316027,-0.07925371620207279,-0.07512517357606066,-0.11919763250634235,-0.03695850065922847,-0.03694868960918334,-0.007403186874567028,-0.00327460991096742,-0.03694868961013223,-0.0032746442485548986,0.02684781577897761,3.8918202981106265
-0.5950090974642029,-0.4731003629286008,-0.376491883227642,-0.29727018142111866,-0.23118120141145534,-0.17571285005059448,-0.12943754272153382,-0.0919672893588356,-0.0661628412246567,-0.03668920596851375,-0.012105268323790691,0.009438396748845272,0.0326180782982543,0.04886172790393006,0.07074039752554888,0.08314491210516979,0.10312999073426976,0.11425539319570942,0.12991550742779828,0.14351533499426747,4.330733340286331
0.08707011738139642,0.10932850332054747,0.12855980549229862,0.1458051568223921,0.16152085976083969,0.17597386247305524,0.18934223949451007,0.20175305251278522,0.21329981400148262,0.22405142048286292,0.23405665206521126,0.24334559956701238,0.2519278357221826,0.2597850997476548,0.2668506137409017,0.27294310988365617,0.2774520605517338,0.27183323673147636,0.289559096171961,0.29663570943221457,4.356708826689592
0.01530804694986131,0.04924678120719309,0.0786959612206302,0.10504294077757544,0.12892643381143795,0.15073547182457045,0.1707376902136903,0.18912798220917762,0.20605050232341465,0.221608686735163,0.2358675583268177,0.24884739013994744,0.26049993040517067,0.27062918706214206,0.27851808940268413,0.2586354991603989,0.2968368194858545,0.30683429538294726,0.31284860230810335,0.3178442820567334,4.388257184424518
-0.21544656031717233,-0.1176414934847922,-0.04189429608035123,0.01871046207291294,0.06764104665527437,0.10667508668345824,0.13579874103220035,0.13839462860053528,0.18513277562156938,0.20432598142317954,0.22055736326048808,0.2445651605836387,0.23425824394985623,0.2752395183423724,0.273038295853911,0.2992919751859693,0.27737850775197187,0.32146653110527557,0.326958385267501,0.3430265317098813,3.7376696182833684
0.10806912837929067,0.1257229771926002,0.1411280187641729,0.15509918875148618,0.16798400099554767,0.17998121781913665,0.19122165145745157,0.20179855774350006,0.2117817255997893,0.2212249279405084,0.2301702162593926,0.2386505177007868,0.24669120204374015,0.2543109221853094,0.26152182075023556,0.26832900954862543,0.2747289501449998,0.28070574988226027,0.28622266494889287,0.29120005275457006,4.59511985013459
-0.689805629818601,-0.44423739831272196,-0.3105691001878132,-0.3042724807156269,-0.20496578812744123,-0.1342379299262864,-0.12793753449987283,-0.06500086868190107,-0.12793942139048547,-0.06500086868193412,-0.01808529725639755,-0.011788675935733132,-0.06500977314216776,0.03424881217006011,0.03430582205780648,0.06866742944297469,0.07496469572542541,0.03430582189868721,0.07496405076363873,0.11133407568537489,3.6635616461296463
-0.507823615092465,-0.3814428053838042,-0.28011154277783884,-0.19629250375380933,-0.12592737953701902,-0.06657432660064717,-0.016801198483736148,0.023849244003640035,0.05319947844005077,0.08042009130112829,0.11463373636439529,0.10620134304344375,0.16434543898686604,0.17591880192748988,0.20619981773196347,0.21982843619941128,0.24189970512936887,0.25434979357190185,0.27339696592135154,0.27930322519017114,4.182050142641207
-0.09644082609784743,-0.04591426142247891,-0.002083537985837963,0.0369726640197244,0.0721898874421041,0.10415773244443445,0.1332896728890629,0.15988950697046406,0.18418160196557445,0.2063231854768706,0.22640226044820427,0.24441307565043385,0.26016801941078543,0.2728975322020987,0.27403650708384136,0.2991164394006657,0.3132827346158754,0.32049962155507705,0.3340598784347449,0.34806849215447855,4.442651256490317
-0.37831244858815966,-0.28132164266055376,-0.20001772396450027,-0.13006369497165923,-0.06910563198369138,-0.0156310966716949,0.03138663816587409,0.07263126829186776,0.10846724927871304,0.1387758935730854,0.1618150853958041,0.17868141688295758,0.2118678187304923,0.22863508576048155,0.2505329906193599,0.27278952371935394,0.2752115870114971,0.3087276535129946,0.31624481599029164,0.3391031123603403,4.324132656254979
-0.012560515828107981,0.03486667925745227,0.07375443050545316,0.10665202968677516,0.13482618009870942,0.15903317582571105,0.1797035660898756,0.1969335073613329,0.21011239339096696,0.21217471835167895,0.23481275207246985,0.24840381285048288,0.25233189588943034,0.26738460417809684,0.27911590500268335,0.27732686069266554,0.2954447913180597,0.3030712297511117,0.30230188597827656,0.3174138048001818,3.8066624897703196
-0.6058735353931533,-0.4600699697766074,-0.3597985439211196,-0.2859795217859156,-0.2314649443731368,-0.2178051431585446,-0.17130964009221333,-0.1652709730291324,-0.12357530145661628,-0.12199396809983018,-0.08568282828886423,-0.07962170347035004,-0.057470368872221074,-0.04372528425409462,-0.047556789932651326,-0.017361755807759272,-0.011247601330976515,-0.011262560188566171,0.014543989094701273,0.016117214881615938,4.1588830833596715
-0.13325333087803803,-0.06129595880013941,-0.0030487511807027264,0.04551396375276129,0.08647623646709408,0.1210804068452219,0.1499951957455721,0.17317151793494695,0.18784459713490936,0.2068164019741407,0.22923668557027663,0.23725498265804634,0.2581288634009803,0.2731447008698259,0.27455183761871393,0.29871523539328065,0.3009354213296327,0.3182821803467517,0.32382518396771803,0.3351201800163173,3.8815637979434374
0.11061662527001632,0.1288904770259692,0.14459239762674905,0.15867716047446168,0.17155266350183315,0.18345063173979823,0.194521181883446,0.2048687320356189,0.21456878376441096,0.22367676724970142,0.2322329593743304,0.240265093590665,0.24778925754061723,0.25480900904533854,0.2613117744518636,0.26725954025233717,0.27256391097969496,0.2770027101695937,0.2797529041811959,0.28128138485410903,4.33729074083249
-0.3688439702759705,-0.280949890399649,-0.20568731260301532,-0.13965027500386312,-0.08101956268524098,-0.028608492065074896,0.018418409862537486,0.060664811458728166,0.09855615305435271,0.13234865872182022,0.1620736139710217,0.18727075390390893,0.20503938969822044,0.22720501612270588,0.25332485364831164,0.2667662734252168,0.2895688345911463,0.30967358540362955,0.31031456535396074,0.3437995086730893,4.477336814478207
0.051866002417675305,0.09370118527201401,0.1257712604069735,0.1513744348243709,0.17194674715789943,0.187945179148493,0.19842542920502346,0.18808075793749657,0.22226107178093552,0.23343008438438298,0.23147153763696623,0.2488375130157312,0.2584631670687253,0.25142442033839957,0.2693007896253669,0.2733018438104966,0.2706967101409416,0.275762838308918,0.287274482350791,0.2858142220034037,3.1986731175506815
0.07970405705406952,0.1040475613722614,0.12491933212816239,0.1434919404185761,0.1602869959570679,0.17561225909779632,0.18967289569103957,0.2026133689159937,0.21453642044329396,0.22551189258479268,0.23557912300662864,0.24474235400555602,0.2529525493580075,0.26004767506317544,0.2654875528993995,0.26412365241204844,0.27798380271679624,0.28610003788534033,0.2914828656811218,0.29127988396713006,4.22683374526818
0.11368457790763026,0.13132539906577398,0.14648214304242133,0.16009098839185265,0.17254928663949806,0.18408121237777278,0.19483110993130873,0.20489894725675548,0.21435688082907473,0.22325800059596165,0.23164124476283862,0.23953412867660187,0.24695396224159427,0.253907678515083,0.26038983560069745,0.266377277711456,0.2718158624472427,0.2765828662775771,0.2803420734354048,0.28129244536093845,4.350277936359301
0.040641859119858986,0.06941731191181265,0.09452971311371254,0.11715290480207052,0.1378132553827856,0.15682581501841003,0.17440564095099736,0.1907098725713318,0.2058570959828936,0.21993712649938457,0.23301573622534164,0.24513575198131252,0.25631404615150366,0.26653108465128167,0.2757010543311276,0.28357008287841773,0.28913632248171034,0.2935045845699583,0.30622148365298996,0.31413677915746263,4.477336814478207
-0.023411936403910524,0.017246079022597324,0.05234799248884279,0.08354617668555514,0.11162581371426322,0.13707384743610013,0.16022732615018137,0.18132998763972455,0.20055688153285933,0.21802269036504712,0.23377531865589662,0.24776194809746335,0.25970247014064735,0.2683665084616301,0.2747554484345952,0.29196837184047975,0.3022010489399401,0.3045252920242187,0.3199869800976843,0.33042787336620283,4.33729074083249
0.08431987017456065,0.10541070338063215,0.12391809082161165,0.1407331465295772,0.15624068868579474,0.17066396991972746,0.184152123554186,0.19681303893990007,0.20872856072523402,0.21996247453854834,0.2305650444076246,0.24057566483599027,0.25002431313890033,0.258932054852671,0.26731054268665266,0.27516004347360157,0.2824646589864764,0.289180900928166,0.2952064528901844,0.3002662979946009,4.624972813284271
-0.5774693244635002,-0.4169607093918891,-0.2971595406083749,-0.20385164814126724,-0.13024074819508735,-0.07320356452147593,-0.03420542386478702,0.0012586722505760128,0.03685213419744265,0.06037274254596693,0.09351094489675646,0.10841507533391694,0.13915589277493096,0.15049927121504306,0.17450729386198705,0.19125214609882749,0.19724883156790762,0.22656396304704488,0.225889604134446,0.2520130154816537,3.970291913552122
0.03250617366976019,0.06487346235758377,0.09267551536360318,0.1173370254567539,0.13951658655078525,0.1596146287794817,0.17790374637698986,0.1945775330709528,0.20977145157798932,0.22356954768220036,0.2359981444628927,0.24699452079750756,0.2562898372146228,0.262726977989847,0.26779185032285124,0.2820918660725021,0.29062801590600656,0.29418445363284146,0.303402390469606,0.3133320543288816,4.241326752570746
-0.5536592994348353,-0.4358260274207539,-0.33958112699245385,-0.25867152120615594,-0.18964171536711333,-0.13033188344127786,-0.07935729044889733,-0.035921613901049185,0.000048217143982553733,0.026134895299135118,0.05285686077480734,0.08309226826716358,0.0894381093729259,0.1298077215217453,0.1390537977444885,0.16986304373335648,0.1820614006761817,0.20462856217749834,0.2166605885257624,0.23531166889968066,4.343805421853684
0.032959442814307204,0.0704422392471819,0.10144502951525909,0.1279771529784029,0.15100306522400683,0.17109758423114163,0.18860852134876735,0.20369372164350963,0.2162517434404965,0.22545280948156773,0.20606708339759638,0.24607294292809856,0.2567584188512118,0.26061797463506037,0.27075292266817363,0.28191665095713914,0.2853941231171185,0.29274184209421594,0.30274110061795134,0.3034828819172919,3.817712325956905
0.04757946057885732,0.08831399535997297,0.12012422552937256,0.14594754492852882,0.16713028974128605,0.18426364348089236,0.1971707301880833,0.20284896104862765,0.2153053218282271,0.23097822936761542,0.23785043604451855,0.23935824250887694,0.25694360249765147,0.26188975265382053,0.2626305835660933,0.2762550893778738,0.27501249522224985,0.281823379173549,0.2803040885406516,0.2918896139330609,3.332204510175204
0.11043779925169869,0.1293459053611985,0.14539407214029434,0.15970642963228626,0.1727460920337937,0.1847653964160904,0.1959208727819415,0.20631647417940857,0.21602326991481482,0.22508927965882483,0.2335442459072818,0.24140102030327945,0.24865353958833494,0.2552692886167505,0.2611687419931815,0.26616238962367156,0.2696728444258638,0.2660219742543057,0.2791716573174681,0.2861425084197514,4.102643365036796
0.08829021583392829,0.10907635762226404,0.12725413176449304,0.14372772373745044,0.15888797849701985,0.17296167432961035,0.18610012276559526,0.19841248323042504,0.20998116797051175,0.22086992818451814,0.23112842285748647,0.24079483319419565,0.2498971811552949,0.2584535361951369,0.26647088887733644,0.2739418153112338,0.28083640994914666,0.2870814792916913,0.2924941800528622,0.2964464597032882,4.56954300834494
0.11696554318756516,0.1337431249612835,0.148205607550088,0.1612326289701157,0.1731957468969144,0.18430397623044079,0.19469185724827043,0.20445282867439563,0.21365480267737702,0.22234841877223083,0.2305717658300039,0.2383531633625314,0.2457127195102084,0.25266295867380045,0.25920852239634373,0.2653446049723435,0.2710531071252685,0.27629364480441315,0.2809801233214699,0.28490294399969524,4.42484663185681
-0.14807639386168323,-0.049921665076716956,0.021121882476801444,0.07418792146516065,0.1131099157631122,0.13679449251265588,0.1594794634979716,0.18894732341688097,0.18210015628693244,0.2251707975146235,0.23268585187960641,0.25059692917800797,0.25511522416800964,0.27319311667562585,0.27008010575850194,0.2979337829651286,0.29663560942524125,0.3137085460350822,0.3173124626039584,0.2960860930996135,3.367295829986474
0.06888011322018256,0.0932469570732664,0.11448731484267516,0.1336440818381379,0.15117645244477715,0.16735511516418097,0.18236271439345222,0.19633168221361866,0.20936167817293103,0.22152857214221344,0.23288917330647924,0.24348326276340398,0.2533332018689106,0.2624401645529596,0.2707734897345698,0.2782410890692647,0.2845868753146927,0.2887656290998776,0.29333372297733884,0.30379356506364974,4.477336814478207
-0.4557822659789008,-0.304587517869065,-0.19247490997510772,-0.10590626281203694,-0.03853823093082615,0.012213296801391597,0.04105362424271044,0.08387424443152593,0.1126786718756103,0.13957765333397726,0.16718160873663193,0.18380942634272301,0.20933031645688327,0.22234003488234552,0.2393181284621742,0.260284763866367,0.24406677081589984,0.29215286083449743,0.2937657776651498,0.312188695397034,3.8066624897703196
0.04760886647989266,0.07586781032114222,0.10042794185033696,0.12247955347028895,0.14255729546451817,0.16098121071089297,0.17796926672386423,0.19367981900375908,0.20823103328658488,0.22171045981954846,0.23417915386019805,0.24567134331630755,0.25618794863782574,0.26567655678252805,0.27396821112712083,0.28049581769789456,0.2792205923304924,0.2952430915079963,0.3041656543639413,0.3100900960629157,4.412798293340635
-0.054022150893238516,0.0014480586798198926,0.04689477300510945,0.08526052235094508,0.11803596240769113,0.146119971525896,0.17003095728701656,0.18989019268833232,0.2049286671869915,0.2002359515468238,0.23443403580754887,0.24855281965698664,0.24315647177524527,0.2724530831725517,0.2827795107733988,0.2852425360063349,0.30372998816732966,0.3067015287286822,0.31836649742108847,0.32584107017323216,3.8607297110405954
0.01650249511172279,0.05321346229320344,0.08441636811377666,0.11178910188160003,0.13612779577362566,0.15792097865666646,0.17749767832136715,0.19508120137641824,0.21080668391029614,0.2247106019944365,0.23666368193992618,0.24605354498113025,0.24735137937474586,0.2650101092898963,0.27635724432933345,0.2826348164094021,0.2883728744136394,0.30167537202585953,0.3079682881275327,0.3099589606068741,4.119037174812473
0.10123521691033757,0.12056707912457587,0.1373355507964084,0.15245440380635214,0.16631736772168937,0.17915148879500153,0.19110682181881508,0.20229023016710143,0.21278107339187832,0.22263946632282125,0.23191092739187827,0.24062896410681442,0.2488162061533794,0.2564841539634,0.2636310302783505,0.2702360510367582,0.27624496402530774,0.2815279109409764,0.2857075448662029,0.2862902816908948,4.460144413937834
-0.6052599293624147,-0.4003090598872845,-0.2619498885415936,-0.16342085526166936,-0.09592730000586973,-0.06546959390279918,-0.0074304671231150395,0.005959225876923302,0.059341462488777204,0.06285250872797149,0.10831021702424949,0.12257599220678352,0.13819055371552727,0.17114018246449764,0.16206251104216624,0.20011558230915055,0.21531657999005915,0.21498342138358453,0.24628965552832927,0.24969641796372988,3.6888794541139363
0.10117548687723484,0.12312101637513453,0.14152961178325343,0.15772269516041812,0.17226580760969268,0.18547311547044626,0.19753880659089298,0.20858711315265638,0.21869410811320397,0.22789557043009515,0.2361833663120017,0.243482637847012,0.24957055209630755,0.2536796277158437,0.24553971856363793,0.2658729161141708,0.2732631586116862,0.27787921046160247,0.2767067879567499,0.28668553401797536,3.9318256327243257
0.01663380238658101,0.050619546681113396,0.08001909572308491,0.10624693359333082,0.12995705226531398,0.15154847086531123,0.1712953066710349,0.18939600066270743,0.20599525965715512,0.2211933094206306,0.23504605065223458,0.24755289715442297,0.2586145168182976,0.2678721847327688,0.2735605494053143,0.28269168775589276,0.2952997599799674,0.303412431486436,0.30402043587370775,0.3184882769272565,4.343805421853684
0.09710105967078339,0.12089055971991744,0.14056664717122663,0.1577118675261715,0.17297290733436071,0.1866897521307632,0.1990563450411899,0.21017682579569286,0.22008172589883174,0.22871288214187688,0.23584279813019743,0.2406869420434217,0.23458486073420104,0.2532877953072801,0.2619605840921265,0.266937821252091,0.26386421544579836,0.2767317711375866,0.2842966946920999,0.28699046384126586,3.676300671907076
-0.5669214421259297,-0.4327579950036089,-0.3269011629183982,-0.24048837040288626,-0.16881996930663398,-0.10916194678411478,-0.06004946867496983,-0.02150779648983517,-0.004503691618860056,0.040810354823414594,0.0628860536099958,0.09202113155716168,0.11391090068542177,0.135198349422096,0.1561954238496834,0.17226096074367375,0.1910202653777167,0.20576805912680698,0.218036936278623,0.2373473040038293,4.189654742026425
0.08150100955615659,0.11463682622905072,0.14077937218220504,0.16239115990485978,0.1803187794971044,0.1947529689982027,0.2051644440195106,0.2081657370846406,0.21684880267047502,0.23424722689235322,0.24149386215746385,0.22486068608076376,0.2556347128574029,0.2634336033489774,0.25398233491909383,0.2719170077759387,0.2768865488499513,0.2522150348220859,0.2790959640100164,0.2757083266165574,2.970414465569701
0.09615108693612517,0.11561198738389726,0.13263427425508773,0.14807726763243967,0.16231016911000018,0.17554594424236628,0.18792598066911123,0.1995519113756393,0.21050033867798018,0.22083058802162622,0.23058913589459354,0.23981222728172097,0.2485273552086706,0.2567538680206691,0.2645026936710759,0.2717748420870632,0.2785576931207186,0.2848162975692971,0.2904707356512823,0.29532119790498873,4.59511985013459
0.09823312707052946,0.12129917488317618,0.14052886331963374,0.15741545779083066,0.1725567003295152,0.18626563079201905,0.19872317314283705,0.21003207392535117,0.2202359037030811,0.22931682871969994,0.23716349616600554,0.2434477819661744,0.24695276285409792,0.2460490210074774,0.26144677070479866,0.2689924223891659,0.2729756438762345,0.25398497432809847,0.2840353852665293,0.29067679878626196,3.7013019741124933
0.09529493213718433,0.11472987988216038,0.13176288676601067,0.1472394957322325,0.16152254196029217,0.17482117015354073,0.1872742488664675,0.19898171692990976,0.21001908135442984,0.22044505321865876,0.2303059190419134,0.23963815001004138,0.2484699267961289,0.2568218700326193,0.2647070249484289,0.2721299022134219,0.279083947633864,0.28554575567614443,0.29146104603162,0.2967041065185627,4.629862798578463
0.01543948231239705,0.07061679723130991,0.11123929763637652,0.142087184178162,0.16507538392329352,0.17954924106527917,0.1806377605028191,0.21120548493584246,0.22203437001946189,0.22130724023985057,0.24461109442419293,0.24711839526153911,0.25501762980966886,0.26125604954948584,0.26531989688816804,0.2538063648580619,0.28635128600070703,0.2824694953986007,0.29767803343434723,0.2963255078985806,3.091042453358316
-0.07245764942370664,0.02793602444180283,0.09067024707158408,0.128609424640955,0.11915282695501377,0.18070019862076073,0.19478668456215256,0.20915119179776476,0.2247366963998768,0.2291463123301865,0.1911889138385916,0.26288861189072976,0.24066410571813626,0.2798392341312906,0.2540673883922004,0.27353059597272306,0.2997532349993475,0.2961476010235814,0.2931605647921448,0.3047897084058868,2.772588722239781
0.060499238598869895,0.08591916189373264,0.10814547994523731,0.12823260315293172,0.14664565559024534,0.16365947459171612,0.1794601061120365,0.1941830578239141,0.20793095560649613,0.22078267169289098,0.23279819987920974,0.24402090839094162,0.2544775706145803,0.26417553385355264,0.273094469759415,0.2811642885008979,0.2881952025789113,0.2935385513350952,0.2914253311046643,0.30751143740446824,4.5217885770490405
-0.5964063628357522,-0.45555894028619626,-0.35860486543949593,-0.28711104229859014,-0.2341327044691854,-0.2213288863191718,-0.17615763899018425,-0.1704972386054139,-0.13003730417146608,-0.12855503942874172,-0.0933012348346165,-0.08762421801035407,-0.06575759088396592,-0.052889037424860966,-0.056476680972323015,-0.027182128712834933,-0.021463360964217023,-0.021474944184285787,0.003616690997421256,0.005092539485221469,4.189654742026425
0.09793265134081064,0.11746691147153036,0.13448033700446582,0.14986393138794812,0.16400145771708224,0.17711451598492983,0.18935007485259792,0.20081340620268057,0.21158334054082026,0.2217202960301289,0.23127082847693425,0.2402702405123984,0.24874389583208903,0.25670741373206873,0.26416551000222344,0.27110857595917254,0.277504367117603,0.2832763616823029,0.2882335298915045,0.29170093453057033,4.5217885770490405
-0.6180295481230969,-0.4629010641220955,-0.34667732696913395,-0.25571105547137973,-0.183405122328439,-0.12659492861641558,-0.08565132803559622,-0.05547391196630843,-0.01861926837694489,0.0016404020296525482,0.03568211703011804,0.048620233493845554,0.08019406714355559,0.0899374774786593,0.11575296348903642,0.12964462652034442,0.14138988685480983,0.16449198475397028,0.16095500740998803,0.19090180089659126,4.07753744390572
-0.13553590270796234,-0.047016201499085676,0.019224851501246698,0.07040612190710825,0.1098794073027403,0.13856752456172225,0.14676500824889552,0.18355753756574023,0.2025272839643235,0.21217365914204223,0.23768432196239755,0.23089018246407633,0.26267726611402753,0.2600069985186284,0.2821427013684576,0.28235806589996165,0.3034841771688466,0.30844283069272993,0.32102238193140836,0.3248345132946114,3.481240089335692
0.11209830760455629,0.13034685013634528,0.1459520196772606,0.15991497108584046,0.1726602102189907,0.18442615246798633,0.19536516366062476,0.20558165526747882,0.21514985698293598,0.2241230961934657,0.2325388304041061,0.24042111916479952,0.2477810739479902,0.25461496385370885,0.26089828477710725,0.2665703197170944,0.2714889420391628,0.2752473717135146,0.275257142543608,0.2834254188084472,4.2626798770413155
0.07282499839287207,0.09671550961492738,0.11750676514942522,0.1362382532497534,0.15336725743562,0.1691629970262825,0.18380679372297157,0.19742978228081187,0.21013028761345362,0.22198276025337682,0.23304244368807314,0.24334729370990432,0.25291734800956694,0.26175040313229275,0.2698098872043646,0.2769903848866286,0.2829917513542942,0.28642718858014027,0.2927410579416954,0.3021446135306828,4.454347296253507
-0.31041036903743885,-0.2298633547514317,-0.16065480319988926,-0.0997089321078934,-0.04540942992875189,0.003293973785166233,0.047142175341778995,0.08667380712675336,0.12227374531578498,0.15418487832615227,0.1824733573368878,0.20686543948675204,0.22583911949073152,0.23752981094342662,0.26835863376295166,0.28556528019757504,0.2969855633981407,0.3226311401801261,0.33345324625093004,0.3520868823473026,4.471638793363569
0.10147256974510091,0.12008679672561244,0.13636170441777795,0.15113133278419658,0.164752711238478,0.17743099851926447,0.18930191183885461,0.20046271290004322,0.21098655215341824,0.22093003610122036,0.23033757005861505,0.2392439602062276,0.24767594597231804,0.2556529534273172,0.26318712642109626,0.270282459010958,0.27693245542617767,0.2831147811237003,0.2887784178901344,0.2938071901574838,4.605170185988092
0.07660358072773042,0.10004404556385722,0.12040904424163566,0.138736036831815,0.1554810075896087,0.17091204663791706,0.18520935319892193,0.19850288029525437,0.21088967832921185,0.22244279949885004,0.23321591052445842,0.24324509539768055,0.25254796467752316,0.2611187093120657,0.2689142682193236,0.2758140050642777,0.2814637777459814,0.28393867195802214,0.2919460099987775,0.30057542822380445,4.430816798843313
0.11191703097749141,0.13003959270032361,0.14558159053776393,0.15951116610096214,0.1722403834848582,0.1840020783035894,0.19494615894884806,0.20517622989209572,0.21476670672836526,0.2237718159935789,0.23223057132962568,0.24016937837592298,0.2476028690354565,0.25453286826344357,0.26094446222037726,0.2667958734199521,0.27199104045471106,0.2762856334323186,0.27872538974158056,0.281289532711623,4.310799125385514
0.11239029118939083,0.13075936699406482,0.14640054110181325,0.16037339494828226,0.1731200278494276,0.18488429600367132,0.19581930451536683,0.20602814974880604,0.2155827207016091,0.22453333069574544,0.2329137430473275,0.24074334587388957,0.24802690226043042,0.25475113789673515,0.2608751961922632,0.26630492031484043,0.27080861491161545,0.2735728985982844,0.2731377275533927,0.2844318974682574,4.182050142641207
0.0660143538394899,0.090946907502509,0.11266253809632176,0.13222833836010703,0.150115683924655,0.16660314641368107,0.18187896461842565,0.19607964235075695,0.20930772185868138,0.22164088451468944,0.23313662878393637,0.24383403365459694,0.25375269053482025,0.26288729872170763,0.2711926083309001,0.27853908338654826,0.28453700958895717,0.28686712586278185,0.2961912420784512,0.3049918430535899,4.460144413937834
0.08223927054027295,0.10372042416905045,0.12256023706492654,0.13966593303829689,0.15543009065652127,0.17008088252259587,0.18377093635940742,0.19661074893603206,0.20868413365314697,0.22005632890405394,0.2307785882047264,0.24089083130724048,0.25042303580788466,0.2593955909195873,0.2678184745325173,0.2756885872957864,0.2829833439291113,0.28964478072494754,0.2955326404926962,0.30022442894223844,4.61015772749913
0.09936145596637763,0.11940669323165716,0.13672065126868632,0.15227307808503732,0.16648391431003787,0.1795959832829461,0.19176968562703217,0.20311874523146634,0.21372680916147452,0.22365612913089014,0.2329522952240514,0.24164655335915694,0.24975613399320745,0.25728214269886673,0.26420304969449504,0.27045740274053665,0.27589118520254147,0.2800260988948818,0.2781589272611607,0.290169932582888,4.382026634673881
-0.6861772299016958,-0.45756132743870004,-0.3148459624736264,-0.2202003899840975,-0.2007125585660403,-0.1231355269596769,-0.12314421215212312,-0.05231144201280856,-0.05227919561373955,-0.003779247826872413,0.015955806142905274,-0.04475685707126639,0.06133955285806857,0.06133986815295386,0.06904397820536362,0.10868209878217684,0.10839855525106196,0.1161492751122737,0.139201593351142,0.1584494892963396,3.7013019741124933
-0.5082269525515424,-0.3885292284665376,-0.2910246168420203,-0.2092557982559996,-0.13968997860187818,-0.08013508052325996,-0.029207478219492388,0.01382749205226975,0.04875620706961077,0.07032473050841409,0.10480801975280962,0.13183534605700142,0.1486435700274575,0.18019656137952964,0.1618321850102748,0.2210895677797638,0.22834949970683285,0.25616975783982304,0.26443164415527554,0.2868333594808053,4.2626798770413155
0.03242169453650492,0.06694826261045082,0.09615469534976517,0.12168896016846485,0.14432800938277265,0.1645447652762938,0.18265338443625037,0.19886100522104752,0.21328225430534706,0.22592059104977935,0.23656904791990482,0.24426729717712556,0.24522730611319132,0.26398596663935464,0.2734821090601335,0.27737080571847056,0.2866810462239528,0.2972840885153339,0.3017758255646138,0.30700800018887336,4.051784947803305
0.11636755671525331,0.13319155609426456,0.1476203705583392,0.16061695279948576,0.17257345874361074,0.18370287009232422,0.19413805819209448,0.2039688327241286,0.2132589250734541,0.2220548011019453,0.2303905886757022,0.2382909084398676,0.24577240986942814,0.25284434361331665,0.2595081931917952,0.2657560465018018,0.2715667412985018,0.27689712657829274,0.2816601537372941,0.28565652461817004,4.31748811353631
-0.40581556896827686,-0.29273758979432113,-0.20102495518226393,-0.12441953952135074,-0.05955024615327725,-0.0043516913583494,0.0424350289468831,0.08133552056718815,0.11138385017793362,0.1177314770306346,0.1672380794220905,0.18716165134556054,0.21132810946106662,0.23516517549927093,0.24525676453494893,0.2742981641060131,0.24169915001656123,0.3070437079012548,0.3035310029380088,0.3351159550525905,4.143134726391533
0.0801191384846461,0.10255590019445184,0.12212670502124151,0.13980750906364636,0.15602404975406595,0.1710252832307846,0.1849781965158626,0.19800348295837367,0.21019201965648276,0.2216134479933481,0.2323208800633423,0.2423533190486291,0.2517363236016786,0.2604807168634425,0.26857809602229027,0.2759892364305098,0.28261189977560003,0.2881646440560634,0.29138088741494456,0.2970665665065103,4.505349850705881
0.04874584822918639,0.08375706461432741,0.11249657077595349,0.13696310641305393,0.15810411988110806,0.17647070423650874,0.1923778924051355,0.20593249107595085,0.21691941958743266,0.22396915805918233,0.22862369049097842,0.24533474904202437,0.2541271347700027,0.2541977233692386,0.2683455850693081,0.2775373463015994,0.27870249491173016,0.2881830915225609,0.2964949967916178,0.2951212238537061,3.7256934272366524
0.11424542334101769,0.13155012914295247,0.14646981525135794,0.1598985318835169,0.17221603457913484,0.1836372482341846,0.19430128576497654,0.2043051790584199,0.21371962952831589,0.2225973556976969,0.2309778515378086,0.23889014382818158,0.24635424240211704,0.25338151953809523,0.25997389160409135,0.26612114200585896,0.27179446982834193,0.2769304169687774,0.2813830086301868,0.2847165075425962,4.412798293340635
0.01966532983487919,0.05202810394981965,0.08022397230427793,0.10555319673379573,0.12860849819333076,0.14974886915977742,0.16922107688365984,0.18720575680201346,0.20383853909294264,0.21922036433625763,0.23342163839012717,0.24648105478159046,0.25839646410546824,0.2690968728613431,0.2783487699739152,0.28526872886645355,0.28762875565678897,0.3036472307978652,0.3127048379682475,0.31793341735228625,4.448516375942715
-0.014472471048598253,0.05519120676769564,0.1036649101608139,0.13803220952377324,0.1600752316887528,0.13236827866880677,0.19779830466953427,0.21095749076093173,0.21413489060232682,0.2369725271008555,0.2280214175040708,0.24951674616283356,0.24521669391346723,0.265355073605118,0.27451885350465605,0.28534474886951866,0.28024107586886815,0.2874502267008145,0.29313657280681304,0.2991519424909594,2.9444389791664403
0.08330008733170072,0.1048238274768597,0.1236633665422454,0.14074082705947066,0.15645587048862025,0.17104102911138627,0.18465186756978064,0.19740089025423516,0.20937321560166078,0.22063479225780386,0.2312370230515126,0.24121938093058326,0.25061067251943087,0.2594291042957982,0.26768084967936934,0.2753560242423995,0.2824188835199808,0.28878171866121966,0.2942160404326771,0.2978251463659548,4.574710978503383
0.03535329775707611,0.0733454899465732,0.1045082832897648,0.13097207754808127,0.15376048958627592,0.17347297719396174,0.1904490882798696,0.2047844144457895,0.21614857870098442,0.22221241049203802,0.23291692132268496,0.24734744691561067,0.2550785070614859,0.25298792591781755,0.272783869876813,0.27992869463845266,0.27331385173187495,0.2941694274807224,0.2992230664777976,0.2986854900820092,3.7376696182833684
0.05157649784085245,0.08154438488602174,0.10711951310598357,0.1297047599155027,0.14994428664586287,0.16822635342862852,0.18481176666019603,0.1998816011777499,0.21355687169298918,0.22590291012423253,0.23691682022916372,0.2464748996939364,0.2541083237484519,0.25676580900556645,0.2685593200358805,0.27891389042246845,0.2854398094626993,0.28019272979060883,0.29915263600597847,0.3067408820477436,4.151039905898646
0.06830999915763275,0.121685937816629,0.15700169506598388,0.1767403453431731,0.1600400202888152,0.20646614599560476,0.22240410698159074,0.17224134462244678,0.23562496715099546,0.22188168844385453,0.23173720509334503,0.24591118434398787,0.2632058287780699,0.25613064415087483,0.27640457628428516,0.23173720509334503,0.24934770693630914,0.2739790496231817,0.2786030449573898,0.28018298562199345,2.0149030205422647
-0.5953413313287369,-0.4506847077902447,-0.3391043245369865,-0.24969933283456106,-0.17689207703206347,-0.11764120493934196,-0.07074318702808535,-0.0392342612807934,-0.004248344880556461,0.025439673939933433,0.04994982487913832,0.0778532171544096,0.09515589269974213,0.12134307351089456,0.13410704471370152,0.15682180613317015,0.1704376145235437,0.18377182517184562,0.20420787062804238,0.18258283505927775,4.135166556742356
-0.3646959055775034,-0.2655781191352435,-0.18331985647230908,-0.11318181917698583,-0.05259551475146515,0.00006881835280180893,0.04588945048726559,0.08553239675094637,0.11920700614003638,0.1460986496886057,0.15322926820383023,0.19506553077478614,0.2168640322841505,0.23063844510749162,0.2595502796495713,0.26598297770033347,0.29474072305643995,0.3080120868565659,0.32410213551127054,0.3400778106504592,4.248495242049359
0.11770099412423048,0.1344014832924538,0.14877383904314934,0.1617115147256483,0.17359035348055468,0.18462066915805228,0.19493707764480464,0.2046325524696961,0.21377430451702373,0.22241217762810223,0.2305834329319202,0.23831554948902361,0.24562777402568867,0.25253171577537814,0.259030981493134,0.2651194837134455,0.2707773269679061,0.27596116869455956,0.2805788576783616,0.2844035260916995,4.400603020246817
-0.5788266516153152,-0.4461769777275132,-0.34141290517208833,-0.2558054442316368,-0.184711770387656,-0.12542136347793367,-0.07645879240257773,-0.03772372573574345,-0.016914345499027116,0.023538667252434618,0.04664503886925477,0.07406682193024565,0.09657114523942475,0.11680464854231036,0.1382803015251169,0.15360275356760533,0.17291637859683393,0.18689523722600043,0.20029385018983833,0.21825380715123666,4.219507705176107
0.10929721361422914,0.12848364760317238,0.1447855315948114,0.15930116292956492,0.1724950256167056,0.1846259638797701,0.19585739154484802,0.2062993118147677,0.21602775452082898,0.22509459784644464,0.23353232099788518,0.24135520527015464,0.24855669799725066,0.2551000860695729,0.260892129921826,0.26569532458485073,0.26865881024872146,0.2687421982184405,0.28011239475445354,0.28625553892488076,4.143134726391533
-0.5635611626274233,-0.41694418029435654,-0.30410569598427567,-0.21392686492006335,-0.14075531430282473,-0.08154795929132248,-0.03525428487900365,-0.006860068857967099,0.03280016200397596,0.060826868445688985,0.08786336085167437,0.11456551928171732,0.13345507687713315,0.15859267870470004,0.17251578529754402,0.193841667032882,0.20903718502637503,0.21918813914865415,0.24292503903216545,0.23640559507170814,4.069026754237811
0.08106565775591308,0.10548340336933296,0.12634095199427758,0.144844911687946,0.16153310731070217,0.17672251188076757,0.19062335264096605,0.20338208739159705,0.2151007077083388,0.22584519533746092,0.2356463975577515,0.24449109181375825,0.2522902278477312,0.25876259133895824,0.2627121669420454,0.26724488649202416,0.27818898169717887,0.2849526320329646,0.2886853446984898,0.2911742154304712,4.174387269895637
0.11814565811191832,0.13481302770432604,0.14911603284777342,0.16198256258052846,0.17379803447591305,0.18477519016009453,0.19504844205733646,0.204709533135123,0.21382406479691693,0.22244016170168182,0.2305933569420397,0.23830941010092777,0.24560582417217974,0.25249236349504645,0.2589705508515238,0.2650317224846954,0.27065239844826183,0.27578342068589495,0.2803209970956561,0.2840058352003193,4.350277936359301
-0.3991764356883167,-0.2805598324993278,-0.18591355221161612,-0.10799612017504934,-0.04297007315471559,0.011433838369029536,0.056451617596612755,0.09205987659015377,0.11160423793105624,0.14892308774472302,0.1752746941641994,0.19191090358423055,0.22326958260711882,0.20462831988372845,0.26263666970541183,0.26815856444882014,0.2954367381626756,0.30001222436812863,0.3240211834614428,0.2915557432199689,4.051784947803305
0.11614865496143402,0.13312697946321567,0.1477511491056256,0.16091391458029514,0.172992795130258,0.1842003077859974,0.1946732642857998,0.20450662771228556,0.2137693184307552,0.22251258527047035,0.23077477931301038,0.23858413674064918,0.24596028461653327,0.252914738148665,0.2594503297552202,0.26555907332135364,0.27121701449036967,0.2763718177806448,0.2809081516920087,0.2845165781971754,4.406719247264253
0.06769646840994295,0.09202024158892978,0.11327226775360548,0.1324774438185441,0.15008604664892627,0.1663631690776422,0.18148770399354866,0.19558962200434657,0.20876717748687806,0.22109582493561994,0.23263302709173148,0.24342057097422054,0.25348484506863256,0.26283461751539927,0.27145430584301244,0.2792862663908186,0.2861774366810593,0.2916488300303288,0.2914475327412586,0.3039919111563132,4.516338972281476
-0.28379647535857866,-0.11127807291530747,-0.0092214804624042,0.049100448771078636,0.07798354257910385,0.1279317748781775,0.1272165755810468,0.1772506672756461,0.17861361545304652,0.1968758548903492,0.23311690879194474,0.18899935332115075,0.25684602176260835,0.2569594011441122,0.2710656529027283,0.29373534046568356,0.29021616780986687,0.3038069937660656,0.3080640584594294,0.33259769967608005,3.0204248861443626
0.045583565536175166,0.11459118702499377,0.1533920605144924,0.1692756689689232,0.17638335795321552,0.21291609018771593,0.21120157475809695,0.222399682003311,0.22313436840235484,0.23185728098343075,0.23828329045774183,0.26617592738358287,0.21044630370350353,0.26926363672597275,0.2334191646224527,0.2726243196459321,0.2819237116765345,0.2770841639472404,0.22482741452302027,0.28020919624691554,2.0794415416798357
-0.634750448227476,-0.45464351904416106,-0.34081043682853285,-0.26307519110149313,-0.25118934482551686,-0.18789779104112708,-0.187898267619731,-0.13138379476911635,-0.1313811476949879,-0.09028294603736502,-0.07837014838868414,-0.12678441207959926,-0.04064627880020688,-0.04064627119085559,-0.03602577441167985,-0.002994705409867269,-0.0030403367859985118,0.0015919366026379566,0.02357795291012845,0.03542253929180659,3.960813169597578
-0.5539786370202969,-0.4334622887733638,-0.35017414248256423,-0.2883349657575233,-0.24185915611136632,-0.23231895504284786,-0.19274210503051997,-0.18852429468532428,-0.15324902766831405,-0.15214454834023658,-0.12134652252084471,-0.11712491246649365,-0.09675074760610161,-0.08719373066638905,-0.08985909908070489,-0.06435147666341857,-0.06011699409749893,-0.06012031740757279,-0.03807098864469263,-0.036968539099710096,4.330733340286331
0.06264024649008383,0.08901797043211508,0.11182233761285734,0.13222460369821795,0.15074873133767042,0.1677067480460193,0.18330962873148868,0.19770903008830767,0.21101627080143145,0.2233114764908548,0.2346470152953689,0.24504570916147028,0.2544906683710259,0.26289390971778903,0.2699851734237068,0.2746362449097515,0.2794929702747681,0.2909272511187515,0.29812502401111596,0.30214337216417647,4.33729074083249
0.09747625802741355,0.11938328313512085,0.1379623903583611,0.15440547960447407,0.16923394619797263,0.18274754001255378,0.1951395937805021,0.20654099772820675,0.21704030162743435,0.22669293012884953,0.23552320675111188,0.2435180918700378,0.2506037045409095,0.25656491189650726,0.2606399431231645,0.2582657982958712,0.2730806591264953,0.28007524243136783,0.2845773914762141,0.28295905871421045,4.0943445622221
0.09934112134619327,0.12153011108055782,0.14018656329193696,0.15660597473592056,0.17134984960931623,0.18473470234161202,0.19695900091603846,0.20815171207454242,0.2183937493191873,0.22772606500600295,0.2361468695626353,0.2435911602767183,0.2498579263778627,0.2542671135593728,0.24616941501273573,0.26614773873670433,0.2737313517052214,0.27855207639386914,0.2781764980091175,0.28723229836788067,3.970291913552122
-0.6246312585775601,-0.42944372341283954,-0.32133231363219333,-0.3175051070689956,-0.23808339481997634,-0.18030649298380647,-0.17647912879905622,-0.1261447784674729,-0.17647920760498495,-0.1261447784674729,-0.08741489821582502,-0.08358769164396775,-0.12614538522895372,-0.04673002820858762,-0.046723066227113134,-0.018033368686826746,-0.014206142855825239,-0.04672306622745673,-0.01420616211496948,0.014881199793806974,3.9318256327243257
-0.5814500153563669,-0.43143082699719826,-0.3359809632008668,-0.2697975790501579,-0.26146506493706234,-0.20776260278891462,-0.2077626477014447,-0.16037333725439198,-0.16037298815447454,-0.12489196069112107,-0.11655493192440324,-0.1571497070171792,-0.08427681968119759,-0.08427681931723216,-0.08104886740269948,-0.05272002674046719,-0.05273054664898747,-0.049499201345474,-0.029437509825777405,-0.021115457140983247,4.135166556742356
-0.32864350731221137,-0.21945731654550227,-0.13259247863437518,-0.06129132582218388,-0.0020058575846093767,0.047335642705582104,0.08778568592218053,0.11892335265936431,0.12381217117549477,0.1728646435494205,0.1941343330327145,0.2140009749390715,0.23943926549680725,0.24079391428221522,0.27577352474749556,0.27386690775390055,0.30550678507496465,0.30258726602103864,0.33121247532451414,0.32976116027316754,3.979681653901961
0.059321921671656126,0.08758859666417165,0.11179477301036671,0.13325580005807067,0.15256911765097858,0.17009285479745506,0.18606791276391846,0.20066364259171407,0.21399768779572262,0.2261432516490245,0.23712582368067314,0.2469019231221484,0.25528320285263795,0.26157082324167075,0.25099518286161976,0.2770005517831455,0.28565763765074476,0.2909323335937723,0.29108773765872303,0.3050282188780157,4.197201947661808
0.10752332338447235,0.12545464424626837,0.1410595228954209,0.15518082609307812,0.16817875069994942,0.18025955672096375,0.1915589592505132,0.20217352705596123,0.21217525542998358,0.22161927501609732,0.23054828011592882,0.23899516998835715,0.24698457272338867,0.2545335286193847,0.26165135310620846,0.2683384126487759,0.27458300598069346,0.2803541283327503,0.28558320217429084,0.2901070771681612,4.543294782270004
-0.021331050516791177,0.020485728017509582,0.056311032141934496,0.0879194178041068,0.11616378495155744,0.14157430480908387,0.1645151220824296,0.18524322902953097,0.20393138330950328,0.22066844500445315,0.23542753237974828,0.24793462600580238,0.25690198447557533,0.2635980974252269,0.2812594618547834,0.2915515871284944,0.29178253621212236,0.3101370010116961,0.3202174347603621,0.32042735614278395,4.241326752570746
0.09345815735934837,0.1155352369178482,0.13437981255284476,0.15112693827285048,0.16627522260383182,0.18011443847370237,0.19283463583045393,0.2045675224435143,0.21540548318519823,0.2254107729622107,0.23461879183601445,0.24303563189121508,0.2506258666581287,0.25727402368556146,0.2626376694059495,0.26503048880962027,0.2716020796617496,0.2805518890069123,0.28642345967603927,0.28954780105498024,4.182050142641207
0.1098399752687531,0.1272955740664823,0.14250402842433438,0.1562841507419108,0.16898489074093823,0.1808055787303514,0.19187714890446056,0.20229271141329652,0.21212173817782304,0.2214175721184099,0.23022175735266054,0.23856665519235984,0.24647701522075852,0.2539708034862323,0.26105937386899963,0.2677468724585609,0.2740284609688549,0.27988625889992497,0.2852799353870095,0.29012177080942425,4.574710978503383
-0.5698409110011875,-0.442012475819587,-0.3537992515839498,-0.288467328077644,-0.2396176323860569,-0.22894722562303843,-0.18732985509410754,-0.18261242179151876,-0.1454522155936596,-0.14421689924793654,-0.11179582038020608,-0.10707157189207227,-0.08610472277002233,-0.07540565164520824,-0.07838923396404271,-0.051503724695293636,-0.04675894341221806,-0.04676438756032141,-0.023601807301671218,-0.022369694047732973,4.276666119016055
0.07528456234422361,0.1102424215759369,0.13733212283077592,0.15943448764769694,0.17769303859887545,0.19251045289640228,0.20360724170471045,0.20844601250043746,0.2162418421440942,0.23302742192565112,0.2407108831952406,0.22957532801236266,0.2549974445482013,0.26279719722077677,0.2559815571398165,0.27200526863085445,0.27717744765128266,0.2575947858862851,0.2811068046616983,0.2772126034961929,3.1570004211501135
0.030363790480331825,0.08259758617852928,0.1206554187525958,0.14930390719231937,0.17029110054517962,0.18234708866147295,0.1884991260056074,0.21388972782722207,0.22290086478051024,0.22390088844998804,0.24467391001955222,0.2456148308526719,0.2533522291295184,0.257524538204063,0.26335949757461596,0.2493998672193697,0.2840868008049151,0.27841069754694225,0.2939756868393908,0.2918276473373046,2.995732273553991
0.09161011764159994,0.11622643574945198,0.13668962898235684,0.1544948923427215,0.17029910689121192,0.18447073482511597,0.19723372030215408,0.20872113128651074,0.21899370118439637,0.22803202119911997,0.23567893467201048,0.24137340787345998,0.24110760536326153,0.25323364505688184,0.2623767176617251,0.26794515444651085,0.26751632484160837,0.277527686139194,0.2853748835421049,0.28873020561286156,3.817712325956905
0.027984337074186585,0.059792733637964036,0.08738612685825324,0.11208467266673136,0.13449136878725348,0.1549714432636928,0.17377523719197327,0.19108468805391615,0.20703438338906804,0.22172133453870718,0.2352077444999277,0.24751643340713142,0.2586124701048283,0.268344056389312,0.2761923356077257,0.27825528620547757,0.2921585621146239,0.30244877426488925,0.30915341642941335,0.30497803382351163,4.382026634673881
-0.11121148544206594,-0.058954172609489784,-0.013568444876525695,0.026907387246747037,0.06343156396605146,0.09660937621270024,0.1268662258312141,0.15451564582138963,0.1797905783226235,0.20285663855967387,0.22381150895199745,0.24266400308861816,0.2592590256662714,0.27295894067049103,0.2790504878413541,0.29900890166950567,0.31446470254697134,0.32331553617312625,0.33493639235620826,0.3505248470374382,4.465908118654584
0.09972013676278271,0.12203498118264997,0.1407147960793272,0.1571138941755299,0.1718129136988531,0.18513401327085321,0.1972753107331233,0.2083619401636982,0.21846779676941325,0.22762209865541919,0.2358017267803497,0.2428954505619412,0.24856680330436393,0.25136944225433566,0.25566199211152985,0.26644954907300006,0.27286421926174065,0.2762272557103804,0.2748391345336438,0.28772791293252126,3.901972669574645
-0.07298988008603385,-0.009984789277781307,0.04062148400770963,0.08251719880172267,0.1175754322853326,0.14687167302385168,0.17087564507898273,0.1890492415785795,0.19142905631380194,0.22187324355685129,0.23776951536894916,0.20826816020137137,0.2645365554278174,0.27426499547482897,0.2818031782769264,0.29747229804718195,0.2886150964922802,0.31396842485349175,0.3120032163008167,0.3281354873939954,3.7495040759303713
-0.5503472774482217,-0.43871044756378696,-0.3463340874005081,-0.26780008903346786,-0.20008628527753186,-0.14126430005395912,-0.09005187091765662,-0.04562650976897582,-0.007609613053920377,0.023576261096082667,0.042254281086394084,0.07558109638681004,0.09983146902075588,0.1175938833481136,0.1452329976261763,0.14622845949461608,0.18419925395928285,0.18936405388005334,0.2181766860903531,0.22590862989140328,4.412798293340635
-0.5749051367910855,-0.3958921253677025,-0.2678530254518786,-0.17178198305632095,-0.09955629498870805,-0.049654016743005416,-0.015601652297717034,0.02861335886534287,0.04877027007467326,0.08961173583437136,0.09979425084031307,0.1368757012114588,0.14780395126357013,0.17067614544892257,0.19334244786061444,0.17920371479717837,0.22772443156579136,0.23290733845743464,0.244375114334377,0.26955960465025197,3.817712325956905
-0.6830383402972445,-0.44747232063173564,-0.3008325732012973,-0.20424938558165845,-0.1831424601898757,-0.10385043467147924,-0.10386448846848016,-0.031094483824640036,-0.03104568645230632,0.018020214854846783,0.03948436952641582,-0.02290563554530457,0.08563665929658229,0.0856372454479058,0.0940323366824949,0.1343417379460843,0.13395859077571523,0.1424096659671291,0.16504745118106265,0.1858301491042818,3.6506582412937387
0.08714339536894145,0.11067204857217082,0.1307496462195798,0.14856382933108664,0.1646409439764856,0.17928935080248384,0.1927124374050657,0.2050513165344708,0.21640418302986028,0.2268351198413994,0.23637588359934,0.24501938511107424,0.25269551832844017,0.2591876908284555,0.2637020801774451,0.2631772918730111,0.2772187059810174,0.2844295109890649,0.2889901655534095,0.27796146537438987,4.1666652238017265
0.10071124735351143,0.11930139617307645,0.13558701444559781,0.15038858178746659,0.16405694889310898,0.17679361687549838,0.18873192152132076,0.19996753950667737,0.2105726025484327,0.22060314142042428,0.23010336418803853,0.2391082368605965,0.24764503770017038,0.255734190058338,0.263389466881221,0.2706174749166975,0.2774160517779841,0.28377060673059673,0.2896457553538683,0.294963737823102,4.639571612705423
-0.06954800211082296,-0.02373563940141819,0.016161642110206913,0.051870052048778245,0.08421434991553753,0.11370957543852721,0.1407162031684738,0.16550036643795385,0.18826164778871196,0.20914583369692327,0.2282475760197062,0.24560118475601117,0.261146252027721,0.27460793108673454,0.2848594833716289,0.29026632610293884,0.31050946159847476,0.32225889057379553,0.32623962776362603,0.3422393367708965,4.477336814478207
0.10796294416867867,0.12667433059686467,0.1427691235959881,0.1572065982406615,0.17039841819920398,0.18257974402135801,0.1939037841902532,0.20447765189557757,0.21437910689344897,0.2236653682840998,0.23237798771297077,0.24054537035308865,0.24818348346016947,0.25529455900575865,0.2618625269559146,0.26784115480327014,0.27312079919138976,0.27740617928222633,0.2793243841529073,0.28446654244406966,4.343805421853684
-0.11283947905446005,-0.05851705537245568,-0.011680714493929146,0.02979496637840958,0.06696335572445689,0.1004923674391944,0.13084920202379785,0.15837281662723066,0.18330535562235417,0.20580035717246908,0.22590543250599074,0.2434850919174155,0.25787965796968376,0.26387328846534525,0.28514751693704865,0.3008969672929097,0.30909317131121794,0.32295260633024125,0.3379178471365723,0.3431546225959972,4.382026634673881
0.06932909696220009,0.09308902621044937,0.1139073552682073,0.13277115270564135,0.15011193991243613,0.1661828337455264,0.18115435597566742,0.19515050426941463,0.2082654220259899,0.22057209764381955,0.23212718235056812,0.2429735724861475,0.2531413713464435,0.26264720894973687,0.2714911353561769,0.2796486116731486,0.2870497240838512,0.2935140916641058,0.29843816196757755,0.29553321090728607,4.56954300834494
0.003734299150573687,0.03763246192215228,0.06732030557746861,0.09410150093642543,0.11857014148273697,0.14108647120451728,0.16189899595646481,0.18119096508054447,0.1991019052881989,0.21573853604096424,0.23118001504539792,0.24547904425772893,0.25865819489327807,0.27069738597379167,0.2814977450939538,0.29075489099244767,0.29717464331161936,0.3042584006067596,0.31766837684524774,0.3263870491005309,4.532599493153256
0.0911145072345374,0.11302326285333167,0.13185545879918475,0.14868075140258602,0.16396811033443523,0.17799112977276466,0.19093112691787126,0.20291607822313906,0.21403858594576683,0.22436495143783441,0.23393942224368144,0.24278472405567378,0.25089793237430613,0.2582369919314496,0.2646801420020815,0.26986829203742235,0.2718711329365444,0.279388905036662,0.28777155499470514,0.2934394211825233,4.283586561860629
0.041601197752669496,0.08512527125196127,0.11874376920302988,0.1457060306467799,0.1674851868968117,0.1846377326348768,0.1965181721118346,0.18920338306036746,0.22015049910164283,0.23247451107760808,0.23297403099864764,0.24827046300553374,0.2587757558165184,0.25374020590686036,0.2704374332745353,0.2752703434937038,0.27284310879559787,0.2805289658164833,0.2886197781475382,0.28983935803402977,3.2771447329921766
-0.6984514229992884,-0.4262094143119783,-0.2800336049194998,-0.27178387466686516,-0.1622171634582192,-0.08549927126517197,-0.07723064107673619,-0.007791596229418526,-0.07724007445874585,-0.00779159623218965,0.042668521812298264,0.05091827965139164,-0.007826466226098795,0.10160800982045909,0.10177508739276846,0.13838421316028876,0.14663777098951072,0.10177508389511865,0.14663397099931821,0.18676160977425393,3.4965075614664802
-0.6888340926631573,-0.4104594804880981,-0.2618534589831053,-0.2528737003460393,-0.1410646944884928,-0.06335087989289391,-0.05433894426295032,0.01652115320401923,-0.05435499189778985,0.0165211531919538,0.06745268575561776,0.07643251195520243,0.016466461496946486,0.12809204160493612,0.12833009149904495,0.16512717469694657,0.17411381978118498,0.1283300817526713,0.17410700089617892,0.2150558417246045,3.4339872044851463
0.05641058741609756,0.08326099349996081,0.10658219347972844,0.1275239563818202,0.14659984693475875,0.16411587527120666,0.18027971109193164,0.1952418480628103,0.20911445183467586,0.22198073246222752,0.2338991650295215,0.24490368349977615,0.2549986539640931,0.2641430186932851,0.2722021063226509,0.27875323970433624,0.2811542067150195,0.2915698267906436,0.3008598365532695,0.3071745605414091,4.406719247264253
0.09671937731783789,0.11797648403665555,0.1361670089481545,0.15237712183411936,0.16708126202950915,0.18055425801119723,0.19297640935234567,0.2044733430379113,0.2151344654975234,0.22502223729380771,0.2341763478709574,0.24261377872449938,0.25032336191997034,0.2572485377155432,0.2632333306711868,0.26778906914264844,0.26686453273079563,0.2783280533510749,0.28577287673691754,0.2908485809574507,4.22683374526818
0.005981981662495073,0.055365260486927685,0.09424131637308958,0.12586822627928118,0.15182258824594974,0.17287984880998541,0.18899486908698226,0.1971389984419288,0.21210146732655946,0.22922933707353213,0.2359125374356761,0.2458677981873457,0.26027308014766604,0.2612034566208395,0.2742289969819868,0.28210379993413665,0.278327298701024,0.2926545529608618,0.29242630700766964,0.30271459298754017,3.481240089335692
0.06517042571327906,0.1340322129876665,0.16846310662486022,0.14304826982599214,0.20619603569857034,0.21890345409800435,0.19018658186261989,0.20918309009185673,0.22944861175778133,0.2044046710035878,0.26849671351857335,0.2246174754998136,0.21890345409800435,0.2263119611377563,0.2750578229729578,0.2705729924484803,0.2596234375650009,0.2760854674965499,0.26925080343170343,0.27835985840947414,1.5040773967762742
-0.22730245912755648,-0.1517783241189456,-0.0878931461050652,-0.03241736504092532,0.01634507314683449,0.059481283307317834,0.09773719715941474,0.13162194447960146,0.16143401369118035,0.18719582999069753,0.20827830088793353,0.2193555099474388,0.2453277647979744,0.2658170936502835,0.2715435921264838,0.2980715135382885,0.3133837034852348,0.31998605709988953,0.3431046614714465,0.34855506195121494,4.283586561860629
0.08552817163862753,0.11028908771999398,0.13116197311317404,0.14948857160950546,0.16586869157687634,0.18065177438841454,0.194062979862139,0.20625069345474756,0.2173064596302298,0.22726949411019237,0.23611373356264717,0.24369281352946562,0.24949863510546447,0.24993326915774589,0.2614779718676268,0.27037314029735243,0.2760190650961749,0.2761949116072142,0.2859238337243226,0.293603661111638,3.9982007016691985
0.10717146806671582,0.12676616881606276,0.14342505227106475,0.1582471352212095,0.17170196680376756,0.18405390638820146,0.19547126760621966,0.206068031570535,0.2159232101850179,0.22509061658306204,0.23360345998690205,0.2414751128569418,0.24869536662919653,0.25521808379726574,0.2609249457109082,0.2654919762246081,0.2674436905607258,0.2725452699607342,0.28116878126330563,0.28673232239900465,4.151039905898646
-0.15646496127077597,-0.08091717922319396,-0.01963273645826867,0.031561754870647475,0.07483932662904198,0.11150656328454654,0.14229494709903182,0.16726882212219696,0.18437076980604444,0.20085190900070465,0.22624267473632065,0.23713561905008582,0.2559875384246869,0.27303027365497035,0.26964550220504613,0.29965612617413667,0.3041865835347245,0.32034776865699793,0.32783857041704356,0.3381820936781977,3.9219733362813143
-0.010183453172503137,0.026279858298067584,0.058142197936041654,0.08680614504566003,0.11291859622811169,0.13687493393236197,0.15894897426314553,0.1793426032129162,0.19820871327979553,0.2156625414675483,0.23178643507765964,0.24662907726381625,0.2601967739670542,0.2724265769776653,0.2830986250995263,0.2914100635333665,0.29008992207807993,0.3113604607903886,0.3217076302749825,0.3277979654001757,4.499809670330265
-0.1919409614237676,-0.1165600846159905,-0.053919825457398755,-0.0004078810767808152,0.04587531967069585,0.08612384917296424,0.1211168234088328,0.15130451672313175,0.17672510298215152,0.1963232655194511,0.1966632964890731,0.2357337742547418,0.2523857990247772,0.26064836628219284,0.28608596548502774,0.29473520529273367,0.31206669480311755,0.3261733717289629,0.3297349865559493,0.3502987436796442,4.119037174812473
0.10174813404314345,0.12321094717998288,0.14123629572806687,0.15717509922607356,0.17157161636757437,0.18471510924936843,0.19677857987042863,0.20786945324559356,0.21805085412769182,0.22734912106068286,0.23575081085539842,0.24318367493547213,0.24945361398729407,0.25398254304930923,0.2530327179747896,0.2637641267220408,0.2725360559089864,0.27800100311323894,0.2796754365494846,0.2833125590488718,3.8394523125933104
-0.6239957185943186,-0.47617931758758825,-0.3651976546593007,-0.2780958380060058,-0.2085734765399589,-0.15354910050959575,-0.11300119772690595,-0.08622637065580836,-0.04985942090872333,-0.031816328730365315,0.0016740622458703283,0.01322940013020286,0.044276392771080635,0.052939512736962825,0.0787940214671153,0.09095946982996937,0.10467444949916324,0.12452302159857472,0.11765703395826459,0.15054708407591252,4.143134726391533
0.11460350523188197,0.13231959940144586,0.1474744570519451,0.16105412237123093,0.1734728804311216,0.18496139706292086,0.1956660980457726,0.2056869228273788,0.2150948868357372,0.22394125660014721,0.23226259851839143,0.24008343944668722,0.2474172052651119,0.25426543570788224,0.26061446775104197,0.2664269776542981,0.2716199524603187,0.275994722294316,0.2788899971386326,0.27617660650669545,4.276666119016055
0.1161570638494777,0.1332561212787542,0.1479473175852599,0.16115152779103137,0.17325690782667375,0.18448088418588376,0.19496259982069222,0.204798000933143,0.2140562053940303,0.22278814105002523,0.23103142990796996,0.23881317721923187,0.24615138657836944,0.2530552347229224,0.2595240396108364,0.26554414223849043,0.2710814351399969,0.27606246189309924,0.28031616216513033,0.2833016166076226,4.363098624788363
-0.2515687259626609,-0.17320001726835274,-0.10682951150628062,-0.04914219614919361,0.0016104687392119756,0.04655238794313425,0.08645757852357733,0.12185924458638916,0.15308137484651263,0.18018639082731033,0.2026658678181967,0.21673459310523235,0.2399048242311127,0.2623768862654344,0.2718615483847774,0.29518142737777703,0.31224749187486045,0.31529332032404744,0.34264043251182796,0.35028155968551816,4.310799125385514
0.0643226893817421,0.08993296708400086,0.11216096151060462,0.13212196846190233,0.15031162551152316,0.16702397386062437,0.1824578549631788,0.1967569830818305,0.21002831749678752,0.22235127241672878,0.23378202526276162,0.24435414405284842,0.2540747267713228,0.26291177593277026,0.2707569784896876,0.2772875499730668,0.2809584017311815,0.28807150430948114,0.29794845875424497,0.3045623502478521,4.400603020246817
0.03593971364072158,0.09023319963462972,0.12827385295936694,0.15568194002571234,0.17377105153224642,0.17347229300309258,0.201859115680398,0.2174879184023698,0.21146427592614384,0.23525941263730402,0.24283058506198954,0.23561950008322438,0.24950747738870033,0.25625511606176427,0.25380115347979043,0.27766449779868174,0.2795284339154329,0.2824139140092556,0.28365813057716166,0.2814281611511077,2.803360380906535
-0.04512105472133485,-0.0016215973839795088,0.03604400290253097,0.06959104995607446,0.09983935887277444,0.12729976345437605,0.15232774852961262,0.17518258316685933,0.19605367642650667,0.215070740851516,0.23230071121935844,0.24772309356891847,0.2611419060976164,0.27177223451341503,0.2662894639589459,0.2949099159156956,0.3071633545133968,0.3135114575401014,0.3245355312455224,0.3373892388033367,4.388257184424518
-0.0086892119138741,0.0761437098271731,0.1267661417181669,0.15390309267421035,0.15446016921777495,0.20052607319649854,0.20659307722169423,0.22041853318397897,0.2288996156350246,0.23458134334052816,0.23439468591632878,0.2673492355127685,0.23726673077191773,0.2776487085412685,0.16318951382462857,0.27876393658398674,0.29410939308014,0.2895264358199186,0.2646996819833364,0.2950948043815936,2.4849066497880004
-0.01905089949746207,0.018469232362277207,0.05129670756516881,0.08085493179615973,0.10780175521179802,0.13253996434100687,0.1553490009943051,0.17643537147197447,0.1959560254137053,0.21403002336230592,0.2307436527217903,0.2461502102217823,0.2602625214170047,0.27302962876681786,0.28426327616231556,0.2933110197717719,0.293093286653451,0.3128934373325013,0.32409756513823,0.33116787157309796,4.5217885770490405
0.07053806130956537,0.11228281372939103,0.14276005480120849,0.166154940007257,0.18345381475872868,0.19328619419434417,0.18244089698648217,0.21868978063587907,0.229690825532646,0.22051771618722008,0.24409333951878417,0.2521935195026052,0.21579733396788728,0.2593278029521701,0.24485269223497583,0.2621338265310308,0.2722869787417506,0.28381566401706076,0.2722165527916127,0.2940331034085569,2.740840023925201
0.053138075292504014,0.11242837315807376,0.14918713318966542,0.1706180576289081,0.1608482979979705,0.20213626226893203,0.2178709228420511,0.17895787625845533,0.23299597158801938,0.22348683236625594,0.233178808637298,0.24627263904166352,0.2618086192462474,0.2572328959038486,0.27502587363823583,0.23942028771465265,0.25488408051024763,0.27605396261087073,0.2807438088986583,0.28288748793353585,2.2512917986064953
-0.0391684126031781,0.012267569258754678,0.054687859114891824,0.09074172420994872,0.12176094515833111,0.14855567687785962,0.17161504928496835,0.1911282328075636,0.2067621237222132,0.21559703857841986,0.2311226528462273,0.24805096155706463,0.25606982829444386,0.267103839944124,0.2819667968887396,0.28533268910902815,0.2991198066619528,0.30909273403698406,0.3029379264465015,0.3246783897160528,3.8918202981106265
0.030700436640442162,0.06767443804187284,0.09848194459443677,0.12502698823255823,0.1482211022225629,0.16861372748618272,0.1865513613203475,0.20222411106965635,0.2156433918129572,0.22645944971781923,0.23254366237234433,0.24267795075671234,0.2566910914816774,0.2646328596534447,0.2587478173634963,0.2817253367406496,0.28947994141414457,0.27983913002377586,0.30335715983553435,0.3097118376545152,3.8918202981106265
0.1002912584398266,0.11955973467170712,0.1363138167982107,0.15144738547062542,0.16534519246790655,0.17822911605579622,0.19024600931476907,0.20150077324057167,0.212071690765062,0.22201850393609077,0.23138698935788596,0.24021157006876429,0.2485166033064645,0.25631650174168247,0.263614409434598,0.27039840275936583,0.27663220944642486,0.28223054440486667,0.28697577298742194,0.2900334404122209,4.499809670330265
0.056707335138910235,0.09594964353163957,0.12638307008673796,0.15099350749471233,0.1711028672567662,0.18723452056403617,0.19905721587467354,0.20237962223914513,0.21758215463592379,0.23191270654972698,0.23765371747874434,0.24059252118559196,0.25668842239377926,0.2608047834316674,0.2617962819809845,0.2746638073153183,0.2724745625579579,0.2790562967134931,0.27303612534230676,0.28957437963015076,3.258096538021482
0.07492731048001726,0.10791023422807057,0.134028785003989,0.1557198175483795,0.17404000744734133,0.18948734455684355,0.20217643151724318,0.21165920051497425,0.21473944242362933,0.22591042381036838,0.2394817369466837,0.24618046094794568,0.22034150061157204,0.2605816140496333,0.26784633229318394,0.263030386801667,0.277492689565133,0.28359086863868527,0.27348117018327045,0.289751631888883,3.349904087274605
-0.31429566757980326,-0.20142376227892433,-0.11344677791638484,-0.04256001795056976,0.01522434816221047,0.06207993823013167,0.09865785451066202,0.12064462368397903,0.15265023534897887,0.18004069798004385,0.1896943551723532,0.22481689776812672,0.22703164231292602,0.260562516182871,0.2678353723235337,0.2897218326639127,0.291914236339913,0.31612858115295356,0.31387698850521617,0.34141904026172515,3.871201010907891
-0.2365497360835042,-0.1646889787322045,-0.1028318370587884,-0.0482290920217829,0.0005350997824606198,0.044373967493326984,0.08393071102714987,0.11967335757624573,0.15193708191554955,0.18093487753781923,0.20673040972603313,0.22911346615378994,0.24697523545003108,0.24484286394455756,0.28442070779481665,0.3018749672781669,0.2769920760131341,0.33408927343382533,0.3478269881671873,0.35684852912236703,4.442651256490317
0.06834312595225467,0.09740455633511196,0.12169131213283411,0.1427793179379405,0.16139334762473836,0.17796058494342698,0.19275179840531534,0.20593110562010702,0.21756698350251877,0.2276016210507788,0.23569543068076879,0.24012888214046893,0.24716436781025494,0.2594021283141635,0.2666521311020382,0.2680489296565427,0.2779023127291592,0.2867791970768778,0.2903886257943687,0.29306187362921404,3.8918202981106265
0.11617991666970778,0.13330669474490375,0.14796459614460425,0.16113240055859993,0.17321306401402844,0.18442707070806616,0.19491256673947494,0.2047630453255165,0.21404470428340255,0.22280546104714227,0.23107995098101589,0.2388923013609553,0.24625744722964052,0.2531812182537961,0.2596589730685564,0.26567183851201487,0.27117781778928884,0.27608908530726084,0.2802000713003684,0.2828288045960665,4.283586561860629
0.01182008652243056,0.06500472609241723,0.10525600768743769,0.1367255669313258,0.16127041125708325,0.17926891921139174,0.18680531216366678,0.2049297943647992,0.2224620886358576,0.22656838868592255,0.24076323191124696,0.25339101624305005,0.242686495939128,0.2673405363034645,0.26790208039290303,0.27590282007697203,0.26642829399064355,0.2933676198057753,0.27960054713225646,0.3071495074415948,3.2386784521643803
0.10344574886344118,0.12389720030447192,0.14127572745797573,0.15670914575335146,0.17068446954019958,0.18347866955668787,0.19526937012758322,0.2061771757748369,0.21628528160043226,0.22564916490111075,0.23430060716230497,0.24224689153801007,0.24946300085125514,0.25586747953759137,0.2612420166418463,0.26482113271821534,0.2633389005397232,0.2765646060667986,0.2831335196723715,0.28747240091517995,4.135166556742356
0.09018149147054143,0.11324713094947468,0.13288016162370506,0.1502746291109702,0.16595839641381457,0.1802392598093822,0.19331887158403524,0.20533590099574772,0.21638561135278842,0.22652865592724092,0.2357925178256583,0.2441638981747585,0.2515610604953577,0.2577355941520663,0.2617200242940003,0.26387534651146416,0.2757106805722793,0.2825214768961953,0.2866620664414257,0.28291204052636365,4.135166556742356
0.07189993312658494,0.10269077168155769,0.12775089569413878,0.1490283975954245,0.16741369718859328,0.18339926595128664,0.1972458652479151,0.20901480750496793,0.21845859402765097,0.22421533784392905,0.22722645559980245,0.24336033893767858,0.2516560867100316,0.25363547947205506,0.2622750322650468,0.2723581071584008,0.27579870574382753,0.27768729076213805,0.2891334236495102,0.2919666643173625,3.6109179126442243
0.021289700581580088,0.05623940338073816,0.08614605920548106,0.11255889699876372,0.13620395015757408,0.15752556696089745,0.1768258906801653,0.1943167529943397,0.21014041622570195,0.22437222081728128,0.23700058289536327,0.24784586677894424,0.2561672198759323,0.2460446685775257,0.27508197529995604,0.28533163853813776,0.29087102754905886,0.29749110919330674,0.3096041507464713,0.315589558664529,4.197201947661808
-0.056393998449322524,-0.01077423725851801,0.02864569134197615,0.06367359539160108,0.09518144428509627,0.12371488577661528,0.14965378755302816,0.17327415108530533,0.19477527116293752,0.21428886627061677,0.23187155491119624,0.24746548311237088,0.26074863868942677,0.2702256085978826,0.2792559844767832,0.29693837855608807,0.3077153316489343,0.3023803993861665,0.32865399801834166,0.33893780463119516,4.3694478524670215
0.05114022172028081,0.07763763564973226,0.10087169739403247,0.12190963526119813,0.1412231487736474,0.15909159195477904,0.17570460892803857,0.19120085960906852,0.20568592505459615,0.21924160090782566,0.23193092517593578,0.243800635907067,0.25488156389447886,0.265186561225349,0.27470409901699044,0.28338157726608165,0.29107627337083314,0.2973543616120429,0.2992456455356267,0.31029468045551256,4.564348191467836
0.07499114877668929,0.10480551991034139,0.1291801321414885,0.14997485816698783,0.16803644825281153,0.1838376032535407,0.1976403581261913,0.2095392208793782,0.21940937509901612,0.22654315968943822,0.22360611483563458,0.24217221483721962,0.25213403155902225,0.2572785083705727,0.2556564285870373,0.2718508315529474,0.27806514129231047,0.27391830204014916,0.2881700881183844,0.29441732386557545,3.6506582412937387
0.018242869795933987,0.05537965037053598,0.08678593968099758,0.1142077736103447,0.1384775680236566,0.16010524216609714,0.17943035710466085,0.19667574473981342,0.21196022460629127,0.22527048518024034,0.2363190189759833,0.24363300467327606,0.25092637123931316,0.2662867043034421,0.27522345856124564,0.2740116247597016,0.29158470386068625,0.30064401366058535,0.301168228897163,0.3140817763222261,4.060443010546419
-0.2168539142519623,-0.10504533430069164,-0.02343649376204392,0.038235979622701116,0.08448968602017314,0.11573665589516252,0.13262901372598995,0.17229971898947133,0.18038537688910763,0.21352111171353436,0.2265298446451141,0.24395424602828883,0.25497865724058416,0.27053004303588823,0.24897987266029045,0.29839891458907897,0.2959381337027965,0.3186455192741555,0.32187152473788516,0.3181332139154655,3.4965075614664802
-0.5447758029015864,-0.3675544419183615,-0.2410423387186824,-0.14639727360144167,-0.07562943032503507,-0.02760529328961668,0.00782839518876512,0.05055350614448231,0.0714420389284116,0.11103969641927205,0.12155524547131867,0.157421696220777,0.16888927201401008,0.1897756767736859,0.21384416380875798,0.1881199837783618,0.2472517903394724,0.2527442123434236,0.2615578982485178,0.2888203037343514,3.7727609380946383
0.0075590168020348335,0.04228219400413716,0.07245829737708459,0.09948452068396407,0.12400543835549889,0.14641441547130257,0.1669826902385297,0.18590844276719318,0.20333910005519643,0.2193816822308101,0.23410564303119075,0.24753773449465505,0.25964166728699944,0.27025209910093306,0.2787880557234571,0.28021228956826794,0.29659800101477357,0.3073873455329515,0.3142338145687185,0.3167026466022899,4.412798293340635
-0.027472090561160366,0.01965733465326227,0.05903757423154253,0.09294694399003203,0.12251602200680589,0.14844249284690333,0.1711770420818741,0.19097655600088673,0.20786849653257541,0.2213811068255548,0.2278915010423,0.24446961163701972,0.2593924653417977,0.2667313939238725,0.2768812116044859,0.2910336935993517,0.29563423143053763,0.3065823662684328,0.3173541487193303,0.31320375276520934,3.9889840465642745
-0.11624282456437708,-0.058157924432887746,-0.008772855655524945,0.03437489283908559,0.07253288500761566,0.10649266480722115,0.13679796521348,0.1638234617888704,0.1877977887994011,0.20877330641141065,0.22645666810619747,0.2391321667006919,0.2507657653434896,0.272238227997534,0.284428160699491,0.29126946725974956,0.31193482103605075,0.32080151056611583,0.33122834521327416,0.345989115809634,4.241326752570746
0.09144499941216165,0.11237934922896042,0.13056175079285484,0.14694964358125873,0.16195879022868603,0.17583092387244678,0.1887270622314726,0.2007626364070471,0.2120237442775621,0.22257563786822834,0.23246739092745075,0.24173429831431847,0.2503985149383701,0.25846770953722326,0.26593042977595543,0.27274406882316976,0.2788010257383272,0.28380345218960434,0.28632680186117415,0.2923288175487215,4.454347296253507
0.04388961129108367,0.07805637395568307,0.10653569398335386,0.1311170757340091,0.15264699709810184,0.17163225998598763,0.1883924256318236,0.2031072302294564,0.21580633611459824,0.22624777043577496,0.23314157620333148,0.23788754860077613,0.25382748953491857,0.2625566860408479,0.26395630200653186,0.276414113868331,0.2858209539244005,0.28837787347056454,0.2962205142812169,0.3052644010760543,3.8815637979434374
0.07185434030137475,0.0950752590612031,0.11543404724327848,0.13389593470719793,0.15088178189799548,0.1666379005969895,0.1813299713538625,0.19507839117060302,0.20797461232277328,0.22008968597035505,0.23147903000089448,0.2421850553208027,0.25223829714116774,0.26165712905655264,0.2704455408758804,0.27858727885497037,0.2860311934508566,0.2926491082185291,0.29806797743242525,0.3000061330740803,4.584967478670572
-0.5402788902169046,-0.4108698702496889,-0.3281364062197758,-0.2701466465644946,-0.26394148145697943,-0.21700006001518776,-0.21700006451134426,-0.17592402121313513,-0.17592397230185405,-0.14454310974512993,-0.1383371409182692,-0.1735235112639581,-0.1099628489725204,-0.10996284895399808,-0.10756140592955254,-0.08261318005825506,-0.08261575586209857,-0.08021333851420781,-0.06180883553604798,-0.055606518649605606,4.283586561860629
-0.3725772124021048,-0.2634397719961463,-0.17503444765616039,-0.10127769954966973,-0.03890658699047895,0.014070110105850004,0.05885029764450545,0.09587838801529722,0.1238949733711603,0.13841702459100938,0.17864489661790495,0.19596926520608102,0.22165354661409045,0.24333201011439667,0.25519269763761876,0.28130128298623663,0.27406654252192514,0.3127861342125557,0.3013788424929495,0.33959570932447486,4.110873864173311
0.10704321617428719,0.1270109051831627,0.1438792990844233,0.1588406327901408,0.17239443628865872,0.18481542770893297,0.19627420971439982,0.20688302975632197,0.2167165280195929,0.22582158863632187,0.2342209408955775,0.24191125954517811,0.2488527749968609,0.2549378051259654,0.25988139496326007,0.2625854966440089,0.26461777807505554,0.27533951898463443,0.2815190170549195,0.2853731702689286,4.034240638152395
0.09513046393624955,0.11678826493532202,0.1352989173450087,0.15177240155497407,0.16669489370677024,0.18034847746301447,0.19291820088728845,0.20453268299635383,0.21528285516226725,0.22523122493817913,0.2344156813570833,0.2428485119437022,0.25050821193708483,0.25731400817996714,0.26303917503245156,0.2668450005213426,0.2677833911775691,0.2796412328788454,0.2862403585281011,0.2905217206664859,4.204692619390966
-0.5454072285788178,-0.41913555782427125,-0.31768698202397566,-0.23360616501944037,-0.16285140865942077,-0.10297540281273639,-0.05251246651169694,-0.010875240045162873,0.02061204516362148,0.04255561715068017,0.08058213875366066,0.09021705066356203,0.1298235771646675,0.14513621099225554,0.17162937141132562,0.18757287828931402,0.20757508941938185,0.22226157272376798,0.23944104330227875,0.24922310636995668,4.241326752570746
0.0676655250854842,0.09549383336434794,0.11906176097243613,0.13976929106478164,0.15825456472949137,0.17489759195495025,0.18994871141178662,0.20357611938079445,0.21588464589435225,0.22691716414436053,0.23663248323837283,0.244815011650003,0.2505993200721934,0.2500133090359102,0.26655536058914375,0.2747697451472102,0.27930285499224483,0.2817930807306836,0.2938214969289636,0.2996689449564127,4.051784947803305
0.057468299539831146,0.09394037913159439,0.12292378971176099,0.14690680585871502,0.16703768135260114,0.18389619410508234,0.19763452737407633,0.20770145898700712,0.20869593330920544,0.22600066848510106,0.23835069292092012,0.24358481517801484,0.24750670642469766,0.26199306853532645,0.2666370136956149,0.26677811029054044,0.28044587615953337,0.282034806484858,0.2848379216042505,0.29153930202525097,3.4339872044851463
0.028781371770797155,0.06864393882520808,0.10116750203495305,0.12862707235603119,0.15212295683373983,0.17229324511614894,0.18947866394192675,0.20370696569125651,0.2143109683956518,0.21324037756500674,0.23538612848613355,0.24727856241418963,0.25165420671165695,0.2616978058169941,0.27355569859492745,0.2765355443654856,0.284989344395772,0.29464768282467385,0.292574185402681,0.30454029926474224,3.7013019741124933
-0.35069327418302526,-0.2563931208406714,-0.17742721591042931,-0.10954206781425958,-0.050438693679367784,0.0013561812662118596,0.046838950187472805,0.0866657125631544,0.12116603107015918,0.1501439141539785,0.17141798884529946,0.1912769361816689,0.22117159579489093,0.235594019047497,0.25941237293109165,0.27976886927649053,0.2865485766088172,0.31501916141907305,0.3197605157930025,0.3446302683257293,4.297285406218791
0.1052843919455496,0.12567728394766675,0.14290554892052848,0.15816357423394684,0.17195924891265357,0.18457545607042794,0.1961894635294363,0.20691850897300942,0.21684057894379405,0.22600417602987927,0.23443147452047874,0.24211510575465567,0.24900397838149751,0.25495889001217853,0.25957969593357816,0.2607734585305055,0.26788567698663057,0.2763693061746989,0.28187216210533245,0.2847409448228652,4.04305126783455
0.10619301135258483,0.12405778979510612,0.13967038983278307,0.15384279279854562,0.1669214313747654,0.17910466195896843,0.190523246613889,0.20127061144882147,0.21141686200859336,0.22101618827681455,0.23011113061968094,0.2387351615574343,0.2469142500967612,0.2546677143206846,0.2620084614296891,0.26894253793789147,0.275467657436367,0.28156982482110804,0.2872156710561712,0.2923329753247199,4.61512051684126
-0.6405287257508343,-0.473003416130104,-0.3522625703135607,-0.2606222403353166,-0.1903113342981431,-0.13895498933804423,-0.11301656302264027,-0.06786454971965321,-0.05238042546473131,-0.011101472141922216,-0.0032111092842128344,0.03441507738736109,0.04251067970739721,0.06937951183886173,0.08560533396836457,0.09073642110323475,0.11984857350984926,0.12355705223529881,0.14155850332613318,0.15861927269904716,4.0163830207523885
-0.13183297625962295,-0.07375956744737838,-0.023834049693977705,0.020240546544861928,0.05961541227822927,0.09502321052685575,0.12697579944523127,0.15584203482949965,0.18188042966733584,0.20524398308185474,0.22594868638833104,0.24373886006585874,0.2573571721661605,0.2640217749792241,0.28917302231665715,0.30304282048671266,0.2868252108400586,0.32948655469977145,0.34120944489870725,0.3448066839119896,4.363098624788363
0.05009057894412453,0.0774792816793685,0.10136762057432837,0.1228905781793286,0.14255431359276674,0.16066042448329046,0.17741407825530686,0.19296481981218855,0.20742535074188506,0.22088106047401396,0.23339474083666611,0.24500794926687075,0.2557387763330917,0.2655734538218846,0.27444273799530733,0.28214584988517527,0.2879761665066564,0.2869234891509706,0.30317182119322134,0.311327501625204,4.471638793363569
-0.532964091800977,-0.42174056126291576,-0.34472729265776525,-0.28735866876877475,-0.24395433505330943,-0.23578307446788227,-0.19884360057989262,-0.19523098564006067,-0.16238257741749543,-0.1614365779516034,-0.13273238221206768,-0.1291181640547354,-0.10958105479795335,-0.10140213825292053,-0.10368336586858852,-0.07995038592826179,-0.07632972372124001,-0.07633132987236262,-0.05572584113333916,-0.05478087671793152,4.406719247264253
-0.321925469710449,-0.22359454547844929,-0.14304192245513728,-0.07515490830662909,-0.017188840931263827,0.032561102238197664,0.07516809832009204,0.11116615965245093,0.14021932959053296,0.15713053433721655,0.18750207891352358,0.21221968974579414,0.21259491523118756,0.2533713033563906,0.265350247433326,0.28679553039074046,0.3028822134849881,0.3137577961585356,0.332752837355167,0.336732240917371,4.135166556742356
-0.5722388587973664,-0.42697611620932924,-0.33445251466510434,-0.27014093212745993,-0.26232028811012986,-0.21016501946133345,-0.2101650476797745,-0.16422849052782604,-0.16422825593702545,-0.12967657678713893,-0.12185275014726975,-0.16120293558793986,-0.09046393889857697,-0.09046393869885441,-0.08743521578862894,-0.0598756742727904,-0.05988357858696319,-0.05685221285386636,-0.03714974817090681,-0.029337128940140584,4.1666652238017265
-0.5268786839019268,-0.40386679822781246,-0.3250996260504677,-0.2696967418013546,-0.26410413267329175,-0.21929122289364583,-0.21929122470958665,-0.18018437004242854,-0.18018434744462852,-0.1501143573426811,-0.14452133954086196,-0.17802084221829728,-0.11738505134246965,-0.11738505133676161,-0.11522101173290322,-0.09134693050788262,-0.09134841830770615,-0.08918378592847605,-0.0713467739981226,-0.06575588340239709,4.33729074083249
-0.16279196882982316,-0.10353763763007161,-0.05208011462833856,-0.006233282433820489,0.03508932811778873,0.07258030652453507,0.10672866591008008,0.13789575692785844,0.16635062826724803,0.19228511723679487,0.21581291599451127,0.23694444183201313,0.25549513587031175,0.27067642905177614,0.27485446396981805,0.30085985551086003,0.317203505132732,0.3250916249394856,0.3422035418371969,0.35741731138754695,4.4942386252808095
0.10561653083445305,0.12376216860878834,0.13957887456388776,0.15390561673133094,0.16710116321788346,0.17937123382452208,0.19085146605373052,0.20163863164796314,0.21180511002207486,0.22140653679038103,0.2304861961691215,0.23907764541398047,0.24720624024422141,0.25488984235450524,0.26213874172725526,0.26895455939473145,0.2753274081355071,0.2812293428702757,0.2865981061473095,0.2912880313187164,4.564348191467836
-0.3444706208815425,-0.15601520957269738,-0.04342700330393873,0.022936708144750923,0.051653798406229225,0.10784434485367259,0.10736846718038412,0.1627798739401872,0.16374926363610018,0.18871139256220132,0.2226953055682665,0.17431054592708004,0.25110601552107986,0.25117016442768403,0.2645685791631685,0.2907411203564107,0.2878491117904987,0.3009964775893528,0.30774814985919935,0.33320826844243767,3.1135153092103742
-0.1764868933439645,-0.1092034000100734,-0.0520812441299217,-0.0022840418939072096,0.041654375697924566,0.08067103654391312,0.1154111349799664,0.14631988243110444,0.17366932006162822,0.197519441260142,0.21749565270925636,0.23118908469216853,0.24790406162242848,0.2698487402741541,0.2817515281485632,0.2960654225657434,0.3146245755100837,0.31945412572087073,0.3395094539203843,0.3516956211018648,4.276666119016055
-0.00943028115490244,0.04082338125465386,0.08113930349614171,0.11452898272153501,0.1424831815995984,0.1658320542923072,0.1848866276260587,0.19904921248576085,0.1987055961261852,0.22564009028992932,0.2393290091320462,0.2397130659533918,0.25979635950639685,0.2703532692955361,0.258472496195541,0.28755429398249466,0.29191872636925675,0.29765728520018014,0.30578657170834755,0.30724290241905505,3.6375861597263857
-0.08743846472250547,-0.027026478433044992,0.022712044901344982,0.06487377237962301,0.10104541276746776,0.1321990834852801,0.1589260132514593,0.18145819394933466,0.19937336335844916,0.20834124875974397,0.22922775169001824,0.24685528289143616,0.25252723367500357,0.27164636022135075,0.2850616756051206,0.27817268101358006,0.30720474389990904,0.3133461790506093,0.32313904542230254,0.3334789856563063,3.9415818076696905
-0.05553920580222534,0.007169762194122823,0.05664297208235804,0.09689540233339046,0.12992913371975054,0.15679237799578372,0.1775977881972645,0.18920472543976719,0.2075492792398585,0.22742064123105746,0.23330300178269203,0.2516721057092513,0.26511905240589223,0.25798572695959315,0.2857026088285038,0.2875167328873828,0.3000021968575451,0.30162263465011785,0.31505584102027445,0.2855200667179394,3.6109179126442243
-0.04378115708967542,0.0010170724336315265,0.039523859849513183,0.07357986346485207,0.10407560024925012,0.13156771408771556,0.15644131286593846,0.17897185941185847,0.19935061709076735,0.21768880910451,0.23399576836751218,0.248088434706407,0.25915439361751647,0.25141222340344926,0.28308490183551577,0.29551198926661404,0.30115943679445367,0.31389278647559177,0.3263285319927154,0.3308760496621705,4.297285406218791
0.09584731118962753,0.11610919446540441,0.13368971286638645,0.1495314382341315,0.16404246484845786,0.17745928456763557,0.18993889100941694,0.2015934700172052,0.21250647276231951,0.22274103619170857,0.23234465259019157,0.24135163851450067,0.2497839472885031,0.2576502059690046,0.26494196621181176,0.2716239921234789,0.2776079429941274,0.2826624575556587,0.2858803927105553,0.2890196837232555,4.448516375942715
-0.41702951845294084,-0.3200025643852463,-0.23788419749218065,-0.16662183279727222,-0.10400973689308642,-0.048614642312461445,0.0005564047208182213,0.0441972888730132,0.08275524777959287,0.11639692759742366,0.1447467091171791,0.1649200339694546,0.1886740766147564,0.21667742095289474,0.2289339867734834,0.25689708585914595,0.27614565844981115,0.2884193117152104,0.3133641607796769,0.31154112847696164,4.418840607796598
0.020052806985447674,0.057594983063921135,0.08916721039331851,0.11659031522658254,0.14073631336187176,0.1621375958904764,0.18114302064244256,0.19797020141156693,0.2127090332862197,0.22525774549714928,0.23498752978515502,0.23588384516750643,0.25448593483755216,0.2660044091279219,0.2718778923569653,0.27883211625684634,0.2916531688195774,0.29722506075880945,0.3013526384258808,0.31366494644751847,3.9982007016691985
-0.056819307701746924,0.011846111988773968,0.06389338226821202,0.10456594138539071,0.13631903571231632,0.15988170189709786,0.17103108298830783,0.19390324677098816,0.2134932729441622,0.2103812560895993,0.2401475770425886,0.24980783511308643,0.2561620878494838,0.270399229381471,0.2680551865461838,0.28281544813387866,0.2929468973105607,0.2986033953847694,0.31062463770877063,0.3141063132644538,3.4011973816621555
0.06312273200617152,0.08870888436207637,0.11097439935637259,0.13101441463156835,0.14931437093819921,0.1661619079955708,0.181751675333131,0.19622482075788714,0.20968714797961305,0.22221834471401217,0.23387657927730426,0.24469989836373188,0.25470423427214095,0.26387568225770663,0.272148799702338,0.27933757199903747,0.2848064643965145,0.27986610243087956,0.2987438411235019,0.306612213092317,4.442651256490317
0.08023542644980106,0.1082329998812973,0.1313010401950517,0.15114392706233634,0.16853126650656364,0.18389780898560512,0.1974988130753712,0.20946173273754187,0.2197827148311202,0.22822834130914907,0.23375052911555408,0.2329581714144856,0.2503180049144302,0.2586344705200397,0.2624688600723246,0.26530786094394765,0.27747382287660677,0.28280279426865834,0.2751095154302571,0.29304841207811233,3.7256934272366524
0.06919699946988349,0.10136130431526887,0.12740916381660403,0.14940772952501527,0.16830527796702133,0.18461963411116378,0.1986073332432424,0.21027572122487576,0.21915564219915776,0.22203070650811763,0.23382851300278673,0.2461029415780245,0.25262921431755786,0.2360713981489508,0.2670748379405392,0.2742858532399641,0.2715496663075271,0.2844360173561068,0.2911225835474333,0.2867620202566813,3.56953269648137
0.004967712969033022,0.046301586372042534,0.08081049320384631,0.1105461788070736,0.13650814473824563,0.15930661042393582,0.1793316933951894,0.1968020345221399,0.21173646904673446,0.2237351295953782,0.23009609842404286,0.24309408360608448,0.25740307912200744,0.2651974003015718,0.2695360556052895,0.28548609236446953,0.2921490426075949,0.2954982117933965,0.3094000287240333,0.3132273960929496,3.9415818076696905
-0.33695289003095447,-0.24059673837090764,-0.16072205300360237,-0.09268208716820944,-0.03396938775127519,0.017002355811445533,0.06127676719654153,0.09948438381758855,0.13177528756031032,0.15711682876352334,0.15329032898251485,0.20562014475438073,0.22548804021750002,0.24160145567911612,0.2676318116057916,0.2691455143779159,0.302057999666512,0.3135459683484864,0.3306785583403019,0.34503739193771293,4.219507705176107
0.06584276731036667,0.09349080723895785,0.11701381241174609,0.13776261836308795,0.15635135314161744,0.17314659221048173,0.18839207733733776,0.202255148019231,0.2148461242816078,0.22622314183935108,0.2363813991247303,0.2452068862910149,0.2522842802794392,0.255223588257038,0.26491453058525427,0.2750851525133158,0.2815646492018308,0.2820660651219016,0.2931239712040916,0.30114996755721596,4.110873864173311
-0.5396145190616682,-0.42549316063851267,-0.3465212968106559,-0.28775482312530315,-0.24338619914839682,-0.23479608528459894,-0.19702893036622446,-0.19323114140929323,-0.15962222566284986,-0.15862773580203196,-0.1292669366225153,-0.12546701373444144,-0.10565903789258416,-0.09705898851178356,-0.09945762111021864,-0.07516850741962607,-0.071360477431964,-0.07136252070197016,-0.0503033646061755,-0.04931016847146909,4.382026634673881
-0.5945880219798363,-0.4177496676391756,-0.3192230925434415,-0.3161206652749234,-0.24401374056764924,-0.19118572531361352,-0.18808326455202304,-0.14238473820278078,-0.1880832812982214,-0.14238473820278078,-0.10684961197734591,-0.1037471847082115,-0.14238490291823966,-0.07028034541594097,-0.0702778134961229,-0.04385816310704672,-0.04075573238084146,-0.0702778134961395,-0.04075573583791232,-0.014347337480496707,4.04305126783455
-0.27631622213233,-0.17970379549581325,-0.10178137658075281,-0.03703320367610188,0.017457683492739403,0.06344491273868866,0.10192311219244399,0.13303158285473402,0.15401465436577944,0.17762670316506762,0.2056659616286254,0.21171606043376145,0.2449096066361133,0.26016834128265565,0.27574147154900036,0.29465946778035756,0.2987273024357104,0.3221302065185835,0.3199268790787487,0.3448628351668217,4.007333185232471
0.10616875858840555,0.12508554069148056,0.14138915541207092,0.1560290661015182,0.16941359160489736,0.18177683346241724,0.19327203696256542,0.20400692934388445,0.2140601954172685,0.22349015233328914,0.23233956447020487,0.24063816792368184,0.2484034500252608,0.2556395326180582,0.2623330297723979,0.2684422980386073,0.27386779524104204,0.2783469762801504,0.28076552516787207,0.2848254099274799,4.3694478524670215
-0.3526668712747111,-0.250661455028455,-0.16699215696435235,-0.09639906241011811,-0.0360457537501022,0.01583598116133326,0.06036995535637896,0.09814720506903732,0.12896332239627484,0.1489633104233552,0.17689614186999408,0.20396428513081802,0.1975499760780957,0.2461884611374752,0.26046608104200475,0.2806484577888811,0.29858557275442454,0.3083725862650071,0.32954530791442554,0.3316398622828836,4.1666652238017265
0.09779544505296242,0.1181687812002796,0.13575066466710128,0.15152837131525587,0.16593037652608278,0.17920485093258262,0.19151584897960708,0.20297962529601907,0.21368148911342422,0.22368458358876842,0.23303459602349846,0.24176190111338727,0.24988144997216316,0.2573896348471291,0.2642551933495362,0.2703941824963907,0.2755860702276206,0.2790082765382622,0.2808779413625814,0.29118476681946787,4.363098624788363
-0.44035929765670445,-0.3297716502096972,-0.23875404497925254,-0.16173224457257238,-0.09566238426224782,-0.0386292270226275,0.010610597178661406,0.05278401214036582,0.0879818061497162,0.11437259320798959,0.13505943434534093,0.17002552776768048,0.18484845288909832,0.21452394073954648,0.234558764051358,0.25098079395037876,0.27434811938050246,0.27904429238471884,0.3078991258003877,0.29415394968421693,4.255612709818223
-0.5190054974070999,-0.38377700555400057,-0.3073864732037249,-0.30567472014229335,-0.250260266762333,-0.20898923060534244,-0.2072774774075578,-0.17215798135062568,-0.2072774774757343,-0.17215798135062568,-0.14417662358323233,-0.14246487052180068,-0.17215798299681057,-0.1167436019738305,-0.11674352797066537,-0.09576744900035003,-0.09405569593134407,-0.11674352797066537,-0.0940556959389184,-0.07376073861589022,4.3694478524670215
-0.08239824026042068,-0.03355197877669914,0.008768654385572982,0.04644595046012434,0.08039354631302281,0.11118589839465862,0.1392249381370432,0.16480498434732965,0.18814195943700332,0.2093846730246828,0.22861111099595718,0.24579972983500356,0.2607252408463849,0.27244615856141535,0.27109211822762647,0.29879319667638365,0.31177275854663555,0.316950668901176,0.33268249221614,0.34532681550399186,4.418840607796598
0.11014393231714167,0.12833345129732687,0.14400674531498286,0.15809156829587534,0.17098471967034165,0.1829123448219234,0.19402167626402667,0.2044157922906982,0.21416984470773245,0.2233396358714704,0.23196644526398555,0.24007969659665554,0.24769809670819404,0.25482931234531986,0.26146763099302617,0.267587775876952,0.2731292041190519,0.2779496049602328,0.28162843824892886,0.28092353068518505,4.382026634673881
-0.06526069114620087,0.022320185002623456,0.08140184643143054,0.12173142850020298,0.14468158912547163,0.1617241579079016,0.19257066883925938,0.19318823574722607,0.2215122379042245,0.22861816700179013,0.23874667783208747,0.22111106537942476,0.2630812089980192,0.2619501833306899,0.2838322256537767,0.268273933079776,0.28051744313863575,0.2980364896131617,0.29902408302679967,0.3127122747191491,2.970414465569701
-0.003368773473960179,0.05278498003013274,0.09559179118338221,0.12927378747994958,0.15577961482632133,0.1756801179007786,0.18635383558747148,0.20137227684918255,0.22134862954076834,0.2278421229799685,0.24040486573004413,0.25471540184339264,0.24809986822668317,0.26996608472002076,0.272439868872513,0.27975115444961574,0.26877181886940243,0.2971977592815113,0.2693346096719645,0.31198801169352913,3.3141860046725258
0.09294049612102652,0.11628544019717113,0.13598352216340234,0.15332420395034685,0.16887682344073462,0.18296963389229834,0.19581306327554357,0.20754662299755983,0.21825956456636167,0.2279982831409367,0.23676206729832508,0.244477974454294,0.2509084075980297,0.25515936826109664,0.2550088089452031,0.26889086170217325,0.2760747091198937,0.2804075962397678,0.2680364215237676,0.29136881449290164,4.0163830207523885
0.10101977251803042,0.12313079601316405,0.14160704682081662,0.15783047432750352,0.1723826237218415,0.18558049747645508,0.19761599906680613,0.20860821096321341,0.2186251741177567,0.22768991752985782,0.23577150545387154,0.2427456593427441,0.24824278721983237,0.2506209261844075,0.2556295248994752,0.2661509021821595,0.2724473229325163,0.27557757719130094,0.27475550090850154,0.2872505864640098,3.8607297110405954
0.11167469214922174,0.1297102483855943,0.14522133704877194,0.15914752245216288,0.1718895820616988,0.18367497214513945,0.19465101972540944,0.20492029097308212,0.21455711844565076,0.22361632898888678,0.23213813737384442,0.24015082437080118,0.24767183638273735,0.2547073552061093,0.261249720880689,0.26727068432538437,0.27270414206821797,0.2773939429110799,0.2808631840101945,0.2782483325873533,4.356708826689592
0.03148615885330973,0.0721312814802343,0.10494709159968321,0.13238205639238307,0.15561675752527696,0.17531181982998184,0.19176287541076817,0.20478792904269322,0.21248421105201465,0.2213338939065041,0.2381128588303743,0.24662450342319797,0.24272764900714722,0.26504192810657484,0.27223339639233946,0.26835886349729754,0.28703263972138715,0.29082633755678916,0.29338240804429305,0.302676250316108,3.6109179126442243
-0.03570176026106367,0.0053657559806973305,0.041100592036972396,0.07308869333694176,0.1020774498861489,0.1285295399543903,0.15276700306682786,0.1750266369748007,0.1954853411759859,0.21427169220980435,0.23146842324465636,0.2471044000509283,0.26112472872097475,0.273288522225715,0.2826507012284366,0.28473619038200965,0.30539851923680633,0.3164916435723118,0.3218573615183956,0.33335014808573954,4.448516375942715
0.05728403889443328,0.08652061748144733,0.11141154382726254,0.1333568653391482,0.15299796826116197,0.17072008858373688,0.18678055049863213,0.2013563114356241,0.21456329813739022,0.22645987813912663,0.2370315689348799,0.24612820269587826,0.25317916394817175,0.25316519333892856,0.2681746062127333,0.2777207040710851,0.28359560020560876,0.2793168917332792,0.2975650003433392,0.30452995873263994,4.119037174812473
-0.1836802942816057,-0.09159298672075572,-0.020458379897666308,0.036292877783897726,0.08193093799742758,0.11807702004933757,0.14440826749521815,0.1433686452617218,0.19177253255631738,0.20807314045618838,0.2256666182245259,0.24671412734253298,0.24382289824260292,0.2754739759095743,0.26807924925096316,0.29759190810789843,0.29130442227140557,0.31825461242514624,0.3251659437670148,0.33848021923724,3.6888794541139363
-0.009037289806460146,0.02775958591425745,0.059829426801811934,0.08860908214211603,0.11476424417443533,0.13870271366145986,0.16070687093389197,0.18098426382766306,0.19969082623617848,0.21694199080240545,0.23281652556943097,0.24735335169168132,0.2605363986112011,0.2722471891143994,0.2820844148312974,0.28797556532858865,0.2988229725431099,0.31172126225088775,0.3201930517450072,0.31766281309844413,4.460144413937834
-0.6083809156250203,-0.47652327139914696,-0.3744321527965281,-0.2922779521072855,-0.22497651359452592,-0.16970492932022663,-0.12518009265723698,-0.09264650311275464,-0.06549700313958579,-0.035726864184546916,-0.016280291807767265,0.01137027360732677,0.02524350421919825,0.05110276084032147,0.061343066425023796,0.08431191951629148,0.09492718111505,0.11098018617012467,0.12620674508419852,0.12715368924955245,4.255612709818223
0.05866096777690752,0.11138072754032118,0.14617613848134126,0.16929830549160396,0.1783516425004976,0.18788178118089732,0.21460992655483213,0.21885086093237432,0.2220180652550176,0.2391271216892659,0.21139703848823377,0.2372973834915839,0.25134015082156946,0.2568134761960377,0.26913699118259954,0.27662024563425414,0.25584948914583977,0.26085084622718285,0.27021023900631036,0.2845963516155873,2.3978952727983707
-0.005494421072572769,0.037386695109323284,0.07328245344279904,0.10427497877256571,0.13138317728633098,0.15523288226696424,0.17622948107323053,0.19461016997348393,0.21042485921024945,0.22336203860406148,0.23147098002561475,0.24201996942901946,0.25807394174695547,0.2670572184731609,0.2682120663207377,0.2873482045530823,0.2950870984598495,0.2963792965846574,0.31250345759944764,0.3173548572153368,3.979681653901961
-0.038038244136726934,0.01913674063113571,0.06475406215089928,0.10229403962500788,0.1334970008486847,0.15932170243763674,0.1800703662532883,0.19464066936694355,0.19887927869930586,0.22656000971721185,0.23870125158741207,0.2420156156146202,0.2641264391409628,0.27041701188176465,0.2802943460243208,0.29232461641640417,0.2793021802170653,0.3065978698393495,0.287950142638851,0.31898009576098385,3.6506582412937387
0.05389769451770086,0.08281744321269437,0.10763715806280141,0.1296746001887861,0.14952943562163082,0.16756211807349158,0.18401614474861477,0.19906385706643887,0.21282645639783135,0.22538167138958384,0.2367615487836061,0.24693441863371932,0.25574156854781005,0.26261488528720933,0.2623123984114498,0.2775356784222247,0.2868624831246776,0.2927727464087489,0.2873889728316995,0.3065670811292695,4.22683374526818
0.1033767946040037,0.1246609597281439,0.14250847232559602,0.15825515549888666,0.17245054692528236,0.1853905899877745,0.197254126121234,0.20815358763318503,0.2181566735040548,0.22729438852578746,0.23555880755648675,0.24288550490460048,0.24909430736371158,0.2536420531789514,0.253002845988291,0.26337519198440257,0.271885481663706,0.2772630821971286,0.27905266318265076,0.2826854170491616,3.8815637979434374
-0.5262116468617252,-0.4124996104845982,-0.31855836946976135,-0.23880443657560663,-0.17014377589918117,-0.11061034145196122,-0.05890498679002264,-0.014211975012224215,0.02378686121517424,0.05437422497570392,0.06470202624416001,0.10857262567311932,0.13097286683480597,0.1525754661605092,0.17811374727889512,0.18715404950096107,0.21807245634205116,0.2136617576013047,0.2526363725891186,0.25665136398108135,4.363098624788363
-0.3500930022616075,-0.2320362380387691,-0.13985388606630303,-0.06543457346072062,-0.004611817771769129,0.04491488781795882,0.08396333967713004,0.10935471212909381,0.13937887529571527,0.16968644680238282,0.1748123458648255,0.21616230525832075,0.22261452687289798,0.25364562838787735,0.2633106564121098,0.28450466549409076,0.29008956820341686,0.3123893492260062,0.30392452408914306,0.3390029377486585,3.912023005428146
0.02715926718942781,0.0713121894958233,0.10622478753095436,0.13481011737248605,0.158460861379948,0.177875113428572,0.193116740775557,0.20260036388024938,0.20937116730509614,0.22938551767252888,0.23874521783385813,0.2340989663218649,0.25820376954852026,0.2651103620708179,0.26424745268652294,0.28054318193866384,0.28138437339699,0.28817581591667263,0.2914788560508334,0.2978375541639332,3.4657359027997265
0.053282034323216196,0.08339520972046399,0.10898165301356785,0.1314892107138545,0.15158501426966436,0.1696707369709425,0.18601414603544925,0.20079754659325413,0.2141364999212092,0.22608021545660334,0.23658603682439647,0.2454152774953897,0.25155283205709805,0.2541689027432322,0.2692941262743835,0.27765242982042615,0.2816446188851942,0.28806148531316395,0.2985471989654982,0.3037433864189901,4.0943445622221
0.1084543891827476,0.1268223664884531,0.14267940345175323,0.1569434142912254,0.17000777394470318,0.1820974375389283,0.19335950915392233,0.20389749808644966,0.21378729015442957,0.22308558903361334,0.23183467864039697,0.24006507692720777,0.24779670942876802,0.2550386866599678,0.2617871926259407,0.26801983895854375,0.2736814494127216,0.2786428553671398,0.28253465832164637,0.2830297018089279,4.406719247264253
0.07012106879998965,0.09531914557921538,0.1170864188642133,0.13656193021063098,0.15425257271355663,0.17045882483695854,0.1853830778992143,0.19917040465545197,0.211927157883132,0.2237300594019018,0.23462989929156416,0.24465056682214525,0.25378110756951483,0.2619512518263864,0.2689496574863005,0.27400311442124264,0.27443767406450253,0.28838955438408403,0.29588955219742147,0.3006819264748768,4.330733340286331
0.09558421397661486,0.11927428274087236,0.1389653990935688,0.15613424358476205,0.1714174370074475,0.18516610004606096,0.19759144323514669,0.2088191148531683,0.21890918645943883,0.227853261840542,0.23553545358740136,0.241567424537348,0.24411190650600026,0.25022621470131207,0.26096382164245374,0.2673792533789493,0.2699837307926365,0.2731591884468626,0.2835781866980015,0.2885106179360466,3.8066624897703196
0.0048275093886921095,0.04183303088390354,0.07362117553336106,0.10177275037086655,0.1270326276873584,0.14985925564541144,0.17056689272876746,0.18937907403953533,0.20645083911212606,0.22187391202642356,0.23566338075029158,0.24770140636266322,0.25749893503230054,0.2618873017257495,0.2755140388976646,0.28770731203935407,0.2951889300641252,0.29699382224409343,0.3133593681641167,0.3210032234560498,4.255612709818223
-0.4355703940137592,-0.25327385396041024,-0.1317146057493224,-0.04713691176939499,0.007135232621071001,0.041204976974805796,0.08850003236762811,0.1032118417229098,0.1475514846259792,0.15142426504777196,0.1875882884015538,0.20491503647038173,0.20540687227482723,0.24668340931722724,0.23568622773258432,0.26559909900009043,0.28517041128004134,0.28436963213960464,0.3088450041441355,0.3126293617193523,3.4657359027997265
-0.6093196094415569,-0.45144428567135286,-0.3333013302370633,-0.2409730662081877,-0.16775426200646146,-0.11046674989635147,-0.06976140571506474,-0.03782175973519815,-0.0010703480722071218,0.02031025742574903,0.05432608289889315,0.06795266107810007,0.09950758061598795,0.10979938686862845,0.13528842540882444,0.15010480270258622,0.1603850284851471,0.18534936466921018,0.18293474509708765,0.21168576210013085,4.04305126783455
-0.6090466258270829,-0.4735369186848898,-0.3687084866246694,-0.2844342501996096,-0.21548911571815793,-0.15898313776405426,-0.11363533613049198,-0.08098756790469575,-0.05208588951922203,-0.02209371132061481,-0.0014630374942178241,0.026447210132688744,0.041138567389141595,0.06725812805745846,0.07810160537864022,0.10120102316139014,0.11250463724130096,0.12818152496649318,0.14453515078984563,0.14266958772429195,4.22683374526818
0.060974446489713015,0.08823038151493702,0.1116895820039759,0.13258911869471227,0.15148643441684262,0.16871467662525455,0.18449875988178452,0.19899897108507714,0.21233049883572494,0.22457211233400398,0.2357676020058849,0.2459184889334065,0.25495775613568067,0.26265859873283964,0.268149644043575,0.2698110437273782,0.2839545294656581,0.2918224947525144,0.2964748245368231,0.29904461596215487,4.269697449699962
-0.5855938520775742,-0.41399628377135334,-0.31822789891050235,-0.31531946554963675,-0.2453071488262549,-0.19390983044111493,-0.19100137698518216,-0.1466303306042815,-0.1910013870325759,-0.1466303306042815,-0.11202357879181264,-0.10911514543069026,-0.14663043783690596,-0.07661983104785373,-0.07661801388115642,-0.05086194574343053,-0.04795351042166996,-0.0766180138811625,-0.04795351238230815,-0.022312242040083696,4.07753744390572
0.09911575341242318,0.12219239325464934,0.141386010764183,0.15816649586548992,0.17315312746999928,0.1866815372422969,0.198951722084222,0.21008282602741823,0.22013402378588628,0.22910507745090355,0.23690984807938179,0.24327047571953542,0.24714700107524454,0.24607053648620578,0.26108949752950517,0.2684649259719104,0.27260382446890385,0.2548769245291603,0.28336220970619236,0.28981409256283996,3.7954891891721947
0.01963614977734102,0.054182206509265946,0.0838600021501657,0.11016649627622652,0.1338000122540356,0.15518769466056423,0.17462136442437245,0.19230848491605246,0.20839366192392966,0.22296470102518265,0.23604328775610592,0.24754322789940852,0.25710578294798614,0.2629237467148992,0.2721434000793994,0.28505807783877135,0.29317392916243834,0.2921946955997102,0.30866466781748836,0.3174247427614968,4.248495242049359
0.0758587945590027,0.11312159771052853,0.14131901701119548,0.16384704288740037,0.18178529502288757,0.19513323205239239,0.2017739613926081,0.2039873699383211,0.22665584201452232,0.23564742498854,0.22610172471687628,0.24975426671155135,0.257991175907317,0.24584821260931564,0.26635960783573015,0.26839489712048675,0.2640181187116362,0.2542494195206312,0.2837343977151152,0.2755834193459191,2.917770732084279
-0.5783427236078926,-0.44646692817598527,-0.3555323782379914,-0.28827683466620774,-0.23812982131782467,-0.22681322782213523,-0.18407987141267973,-0.17907680100804765,-0.14088283085034442,-0.1395727125713493,-0.10626289027070522,-0.10125066591901483,-0.07998193551546134,-0.06862781032490553,-0.0717938477824443,-0.04415307742156199,-0.03911487334354454,-0.03912186140716457,-0.015352058017564792,-0.014045972125981075,4.248495242049359
0.10605150246676544,0.12632274449444614,0.14340863685335276,0.15855293368023368,0.17226783114515487,0.18483079664467,0.19641173244934018,0.2071205689624575,0.2170284094773344,0.22617708447622165,0.234581748810871,0.2422265893142322,0.24904820900581215,0.2548840070268858,0.25926642027667424,0.2595329425568944,0.2678851301639595,0.27629228593704125,0.28169909171367447,0.284243175756174,3.970291913552122
-0.6475121806077886,-0.44490236185412974,-0.3075090410459994,-0.20886120089847382,-0.1399263956115498,-0.11253025873575506,-0.053407212286197374,-0.041328871727527784,0.012700654337278067,0.015865777519426014,0.06226842890772831,0.07483312019441543,0.09450542913357139,0.12334281929241667,0.11535601621975052,0.1542035919273836,0.1673611102400537,0.16715717006282352,0.1993601317759015,0.2024490073706735,3.784189633918261
0.08140706243023682,0.10393301652942954,0.12353516214201812,0.1412097823382794,0.15739229459939572,0.17233755591132108,0.18621643284226738,0.1991521447318737,0.21123704090435547,0.22254130252367738,0.2331176350057412,0.2430035097944949,0.2522213691625885,0.26077628161903466,0.26864890527777446,0.27577679201585575,0.2819968121170401,0.2867843762586341,0.28329172407188064,0.2985834489398453,4.465908118654584
-0.4537350426647994,-0.35117087554507687,-0.2649506036720939,-0.19059782422938698,-0.1256540189233856,-0.0685281580729691,-0.018130171934994707,0.02628425799343761,0.06516060459457683,0.09855801346609111,0.12555623531883608,0.13132065592787148,0.17570109896061165,0.19779592034492574,0.2136446061203402,0.24204836548424544,0.24741237989751153,0.2792606363671374,0.29258284070649637,0.3110849722996911,4.400603020246817
0.0781177188893544,0.10231502078527135,0.12313298262197434,0.14171003194762316,0.15855149104292363,0.17395562049466767,0.18812199759364623,0.20119231919493885,0.21326899935104418,0.22442414621164505,0.23470289266642794,0.24412145322420956,0.2526565370236845,0.26021240637451365,0.26650142325038173,0.27026938633470593,0.2755271306486685,0.2858125725829364,0.2924000421435857,0.2960939838782502,4.276666119016055
0.09888767406324608,0.11847693419116256,0.13549839239970252,0.1508616229084923,0.16495885760234566,0.17801664284493082,0.1901850698351625,0.20157137303736405,0.21225550567687038,0.22229833248806719,0.2317462446635533,0.24063374364106585,0.24898461251522253,0.2568117685804321,0.264115353716604,0.2708775790518408,0.2770498528784344,0.28251626167147686,0.28695266314794915,0.28860302819847866,4.483002552013883
0.08103748175303097,0.10705531936179846,0.12889327397531605,0.14797781877870486,0.1649520694791426,0.18019131209850098,0.1939352721988785,0.20633728045582006,0.21748273709088173,0.22738663453236477,0.2359567997285594,0.24283636314260099,0.24626801205234905,0.2531362149023222,0.26406655848283456,0.27075058363096777,0.27304482745632147,0.27967621225108963,0.28881342519247155,0.29325794935515975,3.9415818076696905
0.05462669506785568,0.080474686495389,0.10315518254086843,0.12371010010659118,0.14259841694209577,0.16009122320247626,0.17637222837458086,0.19157566328754727,0.20580380898997222,0.21913612244061306,0.2316342337352254,0.24334451249572378,0.2542987813142625,0.26451298946526797,0.27398258642004614,0.28267064364383737,0.290475221650314,0.2971137403376215,0.3013593778279406,0.3074114484498482,4.579852378003801
-0.4594528574463936,-0.34241139060647563,-0.24726575286702443,-0.16762442794592788,-0.10001648897900003,-0.04230072697519766,0.006854650000824432,0.04809599476411391,0.08090731501070123,0.09453386293000439,0.13715463648877818,0.16098327595350975,0.18165397274740352,0.20919925949636053,0.21334550836404936,0.24939267948613986,0.2501040203332477,0.2835080237626612,0.28746381435328444,0.31307653947038416,4.204692619390966
-0.03301827856508858,0.00951294516605636,0.04615572303475729,0.07864685966168485,0.10781888011961603,0.134190163421167,0.15811953337609747,0.17986523427326287,0.19961000233952647,0.21746778897895747,0.23347141371057678,0.2475180839966173,0.2591449789588512,0.26562412625340937,0.2793136131290183,0.29341209613470715,0.30203588125483927,0.3059803695258244,0.32295833675984015,0.33111497377203875,4.31748811353631
0.06252489616497808,0.08989688283047552,0.11337285708648388,0.13422347607489032,0.15302304624859536,0.17011488886195006,0.1857299702479487,0.20003138051034283,0.21313396574886043,0.2251123172238673,0.235999997413131,0.2457759160261917,0.254316939244124,0.2612055344035155,0.2639861353139477,0.2739260211436251,0.28376012265531725,0.2901812473223716,0.29102067747970034,0.3017043524983303,4.219507705176107
-0.5352421371895391,-0.3914725758263293,-0.31049427181393907,-0.3085248257678683,-0.24967246050919092,-0.20599246617485745,-0.20402301953033625,-0.1667247104507293,-0.20402301982956114,-0.1667247104507293,-0.13715888550563474,-0.13518943945956335,-0.16672471610620765,-0.10787253491197714,-0.10787234519205254,-0.08574640643833908,-0.08377696035290273,-0.10787234519205254,-0.08377696039226772,-0.06222290421319787,4.290459441148391
-0.02647378528552101,0.012919650288826077,0.04725034551898821,0.07803662647530293,0.1059885397592629,0.1315437364523407,0.15500637577754578,0.1766004064154899,0.19649405362318115,0.2148113996551815,0.23163595292861838,0.2470060030412239,0.26089496205124646,0.2731482803201973,0.28322166975734975,0.2873068904878144,0.3028013598011267,0.31519715279124344,0.3230960917636609,0.3267597805170995,4.465908118654584
-0.5784094219067651,-0.463770705431263,-0.3771446929985745,-0.30860009167343166,-0.2532194788674683,-0.20848123300931376,-0.17381968420986446,-0.15730102372091062,-0.12631787892556545,-0.11513870007377772,-0.08677045061525983,-0.07958216274614943,-0.05335259909501307,-0.04800726573700447,-0.025356489472527936,-0.018064285153343993,-0.002772299878281375,0.008729560094610596,0.011285002452647134,0.030634061158843887,4.3694478524670215
-0.46636812148944023,-0.2986292650309103,-0.17941886649212427,-0.09084675820168055,-0.025476378395236296,0.016679416188849314,0.05426990028573736,0.0923644134786513,0.11421746678429807,0.14985717559904305,0.1607462618131411,0.19275053113445426,0.2051593266489748,0.22050232833033043,0.24743391586828492,0.22508011978310863,0.27755578385775875,0.28363775603868663,0.28495738866493525,0.3173231088543915,3.676300671907076
0.10004373995575674,0.12109045712101638,0.13899246882301508,0.15488480055071396,0.16926129462898676,0.18240524382719367,0.19449978125824544,0.20567000377813963,0.2160024436658205,0.2255545772761747,0.234358449632491,0.2424188959704229,0.2497031199609663,0.256108197191744,0.2613437548823359,0.26418267446904314,0.26830891528583417,0.2779928317233948,0.28403377436014526,0.28768918686858214,4.143134726391533
-0.374851512826121,-0.2353455435459635,-0.13233537638957096,-0.05324405179673402,0.007737611686743911,0.052676654496594894,0.07061404159202288,0.11979703805797795,0.14304098992621148,0.17120137018066153,0.19437575303196586,0.21133634636463441,0.23261704161698776,0.2462243502645586,0.25728910909261976,0.281055086406954,0.2662148125349206,0.3095048781638578,0.3118256097973101,0.3248656218860265,3.713572066704308
-0.5117652395241657,-0.39731543849907874,-0.3028468667442978,-0.222705053869926,-0.15376748077205782,-0.09405445846542257,-0.042262610677604,0.0024155062512550615,0.04025716253740765,0.07034352515778951,0.060180114902643335,0.1255482934729894,0.14674187276286368,0.17032381742122088,0.19480849283693047,0.2062521951041293,0.23520095641821864,0.21440159466205763,0.2699683767732397,0.2710781217387168,4.33729074083249
0.09690149907166244,0.11603617483073363,0.13281424907817088,0.14806822968569436,0.16215478793282917,0.17527921106611047,0.18757765042860056,0.1991480256940239,0.21006431801526385,0.22038410165782504,0.23015286424683248,0.2394066015565008,0.24817336311838376,0.25647404979256266,0.26432254195264404,0.2717250312675975,0.2786781044504475,0.2851643835032279,0.2911423656120308,0.2965191672361365,4.6443908991413725
-0.039088413043981786,0.05246969845886156,0.10855348753970911,0.14084442288411045,0.12818813704038348,0.18945504942447475,0.19943691876300976,0.2135381753088865,0.225529103776782,0.23035554858492094,0.22089036738077134,0.2629994299065726,0.2385146563941622,0.27658266265693804,0.24058986355749823,0.27481108420320566,0.29457362677267845,0.29045410175796765,0.2796042767512723,0.29732653951012344,2.6390573296152584
-0.13230467482091887,-0.07337584479261818,-0.022945838136973352,0.021378604660134408,0.0608060773322295,0.09610613256342393,0.12781353267237477,0.15630797558887613,0.18184468512175317,0.20454966612401124,0.2243540735508582,0.2406944582795449,0.2496728033375238,0.26938509888042333,0.2869843810118251,0.2960944436714289,0.31076672367632696,0.32662288005477647,0.3308310224370038,0.34871851344510657,4.31748811353631
-0.5780193460962526,-0.4683252380920591,-0.38302654108260964,-0.31404883099452474,-0.2571636182353137,-0.2099807286629006,-0.17130880278729885,-0.14149745839588374,-0.12250265021993853,-0.09545977781527189,-0.08173044352387682,-0.056754104014835965,-0.04690691263677146,-0.023610785717420237,-0.016342994625950433,0.004671718398794014,0.012051674174671406,0.0282707425627686,0.038530944463167835,0.046257087807442504,4.412798293340635
-0.5403576224963579,-0.27552798795931843,-0.13886236101113342,-0.12735024931991454,-0.022212677609807743,0.04757577628492331,0.059336636352582614,0.12596727748643707,0.059213609443449944,0.12596727352590592,0.1707883497272766,0.18230268183584883,0.12566361630279294,0.23019823605047912,0.23110262877210885,0.26263290047409094,0.27421084342800706,0.23110209201850074,0.2741472322859261,0.3126519427707867,3.1354942159291497
0.07420930367726117,0.0988895066156161,0.12016711289863566,0.1391797887540678,0.15643318132852796,0.17222642325756835,0.18676037783276414,0.20017837654578177,0.2125847916243753,0.2240540571331085,0.23463418524972818,0.24434533347657403,0.25317062430371917,0.2610277800129658,0.26767058235847263,0.2721247645821048,0.2754431504951526,0.28704506746502634,0.2940683045388686,0.2983252823268319,4.30406509320417
0.11693120544608548,0.13382672679599,0.14835520107895045,0.16142348002791485,0.1734134166800234,0.18453879661033373,0.1949364479326111,0.20470080089279763,0.21390000674373927,0.22258445300799704,0.23079159883677638,0.23854877428601948,0.2458746724776467,0.25277980457938226,0.2592658447837723,0.26532332789161023,0.27092613413755234,0.27601813379763857,0.2804754718791375,0.2839599351882517,4.382026634673881
-0.07843045597952195,-0.005753672756816784,0.049603372896961276,0.09308931571434756,0.12730082286286654,0.153177361046829,0.167941592334286,0.18786749209730036,0.21027433924810496,0.21302512694797773,0.238211092452773,0.24985607650862124,0.2553582114355345,0.27193265292510554,0.26703253928016785,0.2864516976414941,0.2941435464612543,0.3026746635152877,0.3137633630148111,0.3188393313992613,3.4657359027997265
-0.24740579167460156,-0.14447403775027914,-0.06456995993363325,-0.0004741249602602974,0.051458733622471726,0.09314534405258344,0.12483007781223782,0.13738295458127742,0.17582496364245578,0.19775596002134693,0.21232382877030787,0.2394681323761216,0.22034027678211798,0.27186850330598883,0.27343766111488194,0.29767707533650073,0.28723188610551476,0.32126557397281613,0.32493420661736494,0.3440655875914747,3.784189633918261
0.05978296670280767,0.08594835347766293,0.108696909672252,0.1291487492178511,0.14780222097572276,0.16495342345852196,0.18080301837116833,0.19549648248659401,0.2091425821137462,0.22182267311863949,0.23359514141039683,0.244496292332694,0.25453709510714445,0.26369217646754406,0.27186798163363557,0.27879062694348883,0.28330725219088887,0.2885940598496354,0.2995684802278718,0.30665903796240596,4.42484663185681
0.05958802274419955,0.0905749420650658,0.11648323485189174,0.13895498313793356,0.1587532930164058,0.1763317791064502,0.19197930431576674,0.2058696063490058,0.21806837762932796,0.22848729991335687,0.23665004114620816,0.2394369253411099,0.25134747476687896,0.2624156907378881,0.26893174441358586,0.2504756066958727,0.2831202793956807,0.2905171049364888,0.29075864117595,0.30090445005913746,3.901972669574645
0.1009604617604511,0.12280781130333304,0.14112521425923077,0.1572969918291338,0.1718801214180421,0.18516975997506693,0.1973412993508965,0.20850198426540298,0.218712057143195,0.22799104271376236,0.2363112583052928,0.24356842872523418,0.24947906861831304,0.2530599129185875,0.24889836986649855,0.26595896925705986,0.2734381362550225,0.2778397562280054,0.27495996191701927,0.28688984454382904,3.8066624897703196
-0.5543780328074824,-0.4002959182426927,-0.31380864984146983,-0.311508916788272,-0.24851353673110882,-0.201950259532585,-0.19965052381361778,-0.1597265352766801,-0.19965052514649823,-0.1597265352766801,-0.12827101698931226,-0.12597128393610643,-0.15972655499595845,-0.09673164886569714,-0.09673115521952487,-0.07323926687545719,-0.07093953361461645,-0.096731155219525,-0.07093953382225138,-0.04786814230203385,4.204692619390966
0.09642123838981527,0.11628530195079889,0.13357473975140635,0.1491961748070407,0.16354083286818544,0.17683498880942303,0.18922887210489298,0.20083012284764884,0.21171928642806412,0.2219579574288051,0.23159337047896475,0.2406609860546011,0.24918569925929657,0.25718178964706034,0.26465123226483556,0.27157906571653617,0.2779219411968725,0.28357645963912614,0.28826323272094545,0.29068109159726996,4.505349850705881
0.02550555135830494,0.05880228487329539,0.08745786513008434,0.11291074995826053,0.13582740977362623,0.1566140875423137,0.17554832985872065,0.19282843226500304,0.20859479423900104,0.22293732597443533,0.23589071033602674,0.24740788451144516,0.25726376478620383,0.26455329386615567,0.26608747825482415,0.28346095070163085,0.29274134578265537,0.2975024455102859,0.3050248238230594,0.31603472280862904,4.269697449699962
0.09232732014164503,0.11629053774310535,0.13636962911388273,0.15394784795669142,0.1696357760517428,0.18378190837411873,0.19660499799538877,0.20824424637492864,0.21877994079872104,0.2282367812465946,0.23656600076897577,0.2435715069112071,0.2485543701339381,0.24084209631918604,0.2614315042639652,0.2694657726203594,0.2743932380240149,0.2713659577439211,0.2847335798637416,0.291702370560406,3.9219733362813143
0.10135964170025642,0.12338116667389987,0.14177361246642414,0.1579430244197128,0.1724670655947859,0.18565507721244212,0.19769161101540594,0.20868921379546937,0.21870986740551604,0.2277703101479431,0.23583175302017312,0.24275713392909118,0.24814611887779803,0.25019025475008944,0.25561152468944476,0.2661395181754427,0.2724128031270065,0.2753796249045253,0.274704249114935,0.2872394173712986,3.817712325956905
-0.05424871599763835,-0.00171639203535422,0.042065576316799635,0.07964095676175134,0.11229042586718542,0.14080705914088248,0.16570062962925508,0.18725179145738804,0.2054501132814612,0.21955208399853207,0.21969133850563977,0.247165754604459,0.2613240257816244,0.26391910015801195,0.28360910744215206,0.29532882162220603,0.2794086881758908,0.31509049673644374,0.3221271212471675,0.327878453561176,3.9982007016691985
-0.16322017314198417,-0.05344049353362097,0.022503270901651832,0.07652946155509131,0.112511240823903,0.10208360647105232,0.16809299229205213,0.18201092168378227,0.2059780440517734,0.22173257702881802,0.2321974939633285,0.24198598683649092,0.26087002047955493,0.25055800380852905,0.2875840326172154,0.27725539721618714,0.2982800504389362,0.30839039849925476,0.3052381269813437,0.3285701210963506,3.2386784521643803
0.0872003296391711,0.1150796678183378,0.13771505837580061,0.15706430076098432,0.1738784208295814,0.18850351346767763,0.20105766638825723,0.21143067091334544,0.21904033806257245,0.22080336938982167,0.2296291409090318,0.24318919126957547,0.25001462634187205,0.2473851838341058,0.2604571220214781,0.2697637876638964,0.2711907760492668,0.2737165659151884,0.28500566982406916,0.2863736037077372,3.295836866004329
