-0.04325292130764733,0.02296709051789799,0.06628943256318479,0.09942561099822633,0.12656361608303981,0.1497090229785576,0.1699945506843341,0.18810061443765239,0.2044574697207176,0.21935509117629726,0.23300114205951827,0.2455530890650045,0.2571371594606522,0.2678601052890847,0.27781653797152955,0.28709304692231336,0.29576967369581947,0.30391933169426905,0.31160621065019256,0.31888457355949396,3.4339872044851463
-0.3839268181512618,-0.21016805238133687,-0.10576952166582067,-0.031044794661615183,0.026620891684593355,0.07290574255891706,0.11085407264957232,0.14227891168266865,0.1683394903856567,0.1898343096916964,0.20742864823776808,0.22197945058401666,0.23487736088467995,0.24733340466125547,0.2590546796094598,0.2695642402718126,0.27951548804485465,0.2893290704780637,0.29837596805426836,0.30669558563279553,3.6375861597263857
-0.5820624352728451,-0.3823224325005189,-0.26268077795419453,-0.17670191141665623,-0.10969078899855185,-0.0550457792356833,-0.0092210536728016,0.029909430649571987,0.06371834592567241,0.0931391714560216,0.11883060078630248,0.1412703753738731,0.16081532534548146,0.17775094964845514,0.19235583507457216,0.20501248522575422,0.21633261899442868,0.22699656791911912,0.23719631565741028,0.2467311465141819,4.069026754237811
0.03994084098841525,0.07370653254731123,0.10128545527243311,0.1251016773483913,0.1461424412375919,0.16494683214185246,0.18185754092697595,0.19711710729167628,0.2109144706142287,0.22341152914658038,0.234759462509058,0.24510718406829976,0.2546012495006451,0.263377297100259,0.27154789075615154,0.27919627077790554,0.2863821774244168,0.29315460686531675,0.29955962803558345,0.30563833845857763,2.772588722239781
-0.647582699084418,-0.4495358681130565,-0.33154082708731203,-0.24702853872290384,-0.18129125173193722,-0.12773389999103218,-0.08282027510552382,-0.044433487297510676,-0.01120893454621746,0.017779538156765532,0.04318304392318639,0.06546924054173887,0.08497689531400364,0.10195184085432209,0.1165801759896128,0.1290489568332792,0.13970564954396902,0.1493198322495071,0.1587265989781102,0.167734754831344,4.248495242049359
-0.6434856606024647,-0.4463944739708931,-0.3288632432842683,-0.2446003781483814,-0.17898451841243984,-0.1254580811714303,-0.0805036072177366,-0.04201391640835797,-0.008628898225493904,0.020576695680190046,0.04625602745959224,0.06888167798550782,0.08880035639812303,0.10626840911261413,0.12148070910345093,0.1346106622591889,0.14589920478847346,0.1558327629726343,0.16517200815814037,0.17425887981181845,4.255612709818223
0.02777739557709775,0.06868319995158186,0.09799246127775048,0.12249922441455822,0.1438859591647988,0.16292381838824174,0.18005515398497532,0.1955689056789001,0.2096727229245642,0.22252896125096136,0.2342752135141422,0.24503668123862402,0.2549327026452536,0.26407781588329604,0.2725779303198309,0.28052418632958653,0.2879890473946464,0.2950280119309031,0.30168566149133824,0.308001032502674,2.970414465569701
-0.5233732857441319,-0.3376472659367466,-0.22566268384372298,-0.14465887565232718,-0.08109283471630466,-0.02887307476430611,0.015278563768183725,0.05333382810967608,0.08657236476284229,0.11587178589460054,0.14185974566305765,0.16500035782594527,0.18564695212586557,0.2040771997482015,0.22052002664241818,0.2351810896493455,0.24827167904612565,0.26003922146934527,0.2707776955079766,0.28077678085546237,4.085976312551584
-0.5483198836796196,-0.33727447649137926,-0.2116412028053908,-0.12229344217462297,-0.05367451875826375,0.0011877328023533187,0.046007631692105255,0.08296935778958398,0.11342668285684905,0.13823551535850923,0.15798530894225885,0.1734759398840955,0.18700370594589288,0.20123917686224177,0.21436584682854576,0.22526414608284895,0.23655343632616355,0.24804480211530996,0.2573785918170818,0.26653499086800914,3.8066624897703196
-0.5965989801368676,-0.4027017535007706,-0.2863578293030148,-0.20248174141856962,-0.136816667059828,-0.08295958722652746,-0.03746956422941409,0.0017202284307748397,0.03594922680659296,0.0661344087606382,0.09292980860711686,0.1168167836719571,0.138158513732623,0.15723516625665995,0.17426900164785658,0.1894460800098111,0.2029411213953396,0.21495198775291738,0.2257408082132959,0.2356406408224864,4.204692619390966
-0.024932230823057205,0.03646025496662099,0.07695934351270538,0.10803994104823174,0.13357552695151934,0.15544869869027755,0.17468094276202753,0.19186121561457437,0.2073624590795716,0.22144113805664076,0.23428715624296803,0.2460514190501212,0.2568621329818317,0.2668343592481739,0.27607450627126023,0.2846805530175617,0.29273933723005463,0.3003234550315558,0.30749058618978814,0.31428618954991283,3.295836866004329
-0.11955036335184405,0.005109960424159348,0.07628651034894587,0.1220023385650189,0.15087580729030883,0.16708277090297666,0.1808173768656549,0.20136868529446947,0.21495621476428403,0.22099562189711155,0.23540803162036109,0.24886752043844948,0.25221291071522506,0.2595850439400176,0.27333488755851504,0.27839163318432314,0.2819682894979872,0.2911548802502474,0.29774523627255456,0.3041654562947532,2.740840023925201
0.012162165616953035,0.05980945319128445,0.09261429453668976,0.11871867441272023,0.14103491719729733,0.16070433816013385,0.17832254923463803,0.1942532047079857,0.20874295162541212,0.2219736770937629,0.23409009916226697,0.24521588131531732,0.255463234800625,0.26493771048275566,0.27373872728333437,0.28195672988034026,0.2896692031993975,0.2969386385522298,0.3038142638850513,0.31033630146014557,3.1135153092103742
0.026800806094945912,0.06565323892888102,0.09394158608360259,0.11788371246898458,0.13902091864018165,0.15806010118976063,0.1754060955242895,0.19132133334165136,0.20599075820009885,0.219553472983261,0.23212026741171787,0.243784292286727,0.2546279600790908,0.2647273963072043,0.2741549440054284,0.28297989446048655,0.29126768014119037,0.29907813513224896,0.30646382473865685,0.313469426017251,3.1354942159291497
-0.3385924880971212,-0.18766307666712903,-0.09569755848649274,-0.028774288348762597,0.023897947721366317,0.06719219912625772,0.10374046049807258,0.13513217612001516,0.16240487108026097,0.18627671301749957,0.20726930205393185,0.22577966787490122,0.24212887197685948,0.25660139190180636,0.26948059915494815,0.2810723554041484,0.2916911017044979,0.301593783447791,0.31092045067758645,0.31972719885768897,3.8066624897703196
-0.6727741271223067,-0.46762367122812937,-0.34829587006899376,-0.265494263614993,-0.20389383943330022,-0.157063985120347,-0.1226972194332135,-0.14314541417184443,-0.10348671622599417,-0.07426236003156943,-0.09521468514758973,-0.060343804785220216,-0.034715069520083366,-0.05584415759770391,-0.024713713640431748,-0.0017641049220486114,-0.020796551499582483,0.0056115848292743785,0.025669480959753403,0.011258083370181641,4.085976312551584
-0.04726999959515396,0.022330662014459223,0.06744570703802213,0.10164720727340722,0.12940506209218386,0.15285862655397062,0.17321563533908116,0.19120195916273477,0.20727819561979743,0.22175795684160127,0.23487100559049665,0.24679885038803592,0.2576957941718124,0.2677008003836323,0.27694199264224906,0.2855349198923201,0.29357743738136277,0.3011461794838132,0.30829856769498326,0.3150793439104641,3.332204510175204
-0.45606128881591934,-0.28062925207121303,-0.1745171201154966,-0.09764149867244414,-0.037288292442951225,0.012268615271233806,0.05411407666651293,0.09010515700878143,0.12144807076636693,0.14897107940795998,0.17326796144725654,0.19478021989352795,0.2138488070506381,0.2307516348959875,0.24573713454549093,0.2590598384640336,0.27101323779796427,0.2819301812096196,0.29211055057726926,0.3017219691411271,3.970291913552122
-0.4291883125892472,-0.2034653176345897,-0.07489309057155429,0.009463313755487248,0.06521846257285634,0.09632806231367814,0.0973687013671637,0.1437055244856932,0.16870502995368292,0.15904165874954512,0.20076343095078134,0.22262253925751588,0.2064108693575986,0.24318144698202993,0.26324145123155873,0.25313854439530764,0.2781238556138855,0.29231597222285205,0.29341833688713814,0.3120900210176993,3.2188758248682006
-0.6250655147183385,-0.4323556384665482,-0.31699787833306275,-0.2339541230323378,-0.1689951201258326,-0.11573538675577084,-0.070745872556668,-0.031968137803941594,0.0019311925438176409,0.03186463699236346,0.058482856926978015,0.08226447737801364,0.10357005762696311,0.12267636931018665,0.13979971751126963,0.1551139769366805,0.16876847533900752,0.18091214662107288,0.191730842726235,0.2014906925076905,4.290459441148391
-0.23563892210581489,-0.09892447091697448,-0.01608653689806217,0.0433665125407278,0.08917539772514603,0.12574505192948027,0.15545554444359758,0.17975087134750176,0.19960770777043232,0.21583302463356768,0.22936657274427022,0.24143102113865816,0.2528942282084721,0.2635892164244715,0.27325274446732123,0.2823111242640438,0.29110411958936977,0.2993052773208789,0.30684139452107445,0.3141728070697208,3.4011973816621555
0.011688267525461545,0.06272541952573747,0.09720776315372182,0.12417340349820162,0.14685236206617425,0.1665097179295921,0.1838078517802826,0.19915735002721563,0.21284807238659173,0.2251109974324741,0.23615123104309863,0.24616304655490598,0.25532841971308606,0.26380243288537814,0.271698622364517,0.27909080094232364,0.28603231670912277,0.29257397364217547,0.29876476763761345,0.3046423915532783,2.9444389791664403
-0.5545466060072256,-0.33582354257853547,-0.20618234219321582,-0.11455573020007506,-0.04478918825150839,0.010328219697386336,0.0545955870839875,0.09018444358230854,0.1183495073959704,0.13980532495447448,0.15554636990109644,0.17004124727132883,0.18680493735684453,0.20033459137181825,0.21106918690698903,0.2248577065620473,0.2369672633853751,0.24534032059915373,0.2567452010642022,0.26790720246440836,3.7376696182833684
-0.43134808290641447,-0.2508395279063335,-0.14228478633587902,-0.06432270158970653,-0.0038198126539619446,0.04513671622083383,0.08572376965837156,0.11984208152581485,0.14871319769366378,0.17316522136671933,0.1937962634959749,0.21110998334040895,0.22570067357333676,0.23847648100018284,0.2504597563603955,0.26190319158479375,0.2724492181611347,0.2822454672861668,0.2917536435067769,0.30083333746681684,3.7612001156935624
-0.4445416095961829,-0.27294408870615405,-0.1689618132593495,-0.09348555004878638,-0.03410901491865709,0.014756407754046314,0.056122624431728795,0.09180395807412074,0.12298009509190466,0.15046236300874147,0.1748336077034527,0.19652796388758856,0.21588010360715293,0.23315898953731365,0.24859488608753297,0.26240497471633867,0.2748184235492314,0.2860916605210523,0.29649147488340855,0.30623645972764724,3.9889840465642745
-0.3999986013952374,-0.24319397016767377,-0.14743061220082865,-0.07736516109624841,-0.02178292163278283,0.024370749273339546,0.06382269233957737,0.0982182222772652,0.1286298922631235,0.15579812601420137,0.18025744138736707,0.20240790417728066,0.22255806402484818,0.24095213902654689,0.25778817167661944,0.2732309216719572,0.2874216844412635,0.30048626853512184,0.3125416276097517,0.32370089483421544,4.085976312551584
-0.609655137492264,-0.38372610340346835,-0.2499788709726262,-0.15541611482214285,-0.08328815274107569,-0.02611994822763145,0.020031294108321468,0.05742737981272382,0.08737942957166736,0.11057364839841562,0.12746896733397808,0.14088575530987663,0.1575063311352038,0.1723630215804687,0.18265052953681596,0.19578255553954826,0.2092213218309386,0.21756472201962554,0.22805349608003145,0.24047553705868172,3.828641396489095
-0.4031167151795254,-0.24527955233598495,-0.14894284502276817,-0.07849974811840502,-0.022652126011894546,0.023692125025506383,0.06327991584144922,0.09776853623529641,0.12823821282473744,0.15543453635959428,0.1798956334049284,0.20202417289058192,0.22213066560247652,0.2404609329334006,0.25721453663160476,0.2725579842994971,0.2866349286636285,0.29957457827873835,0.3114986985925369,0.32252666382329614,4.07753744390572
-0.7049214396383461,-0.4769672566803246,-0.34387444314100757,-0.25114896882715787,-0.18174071701332628,-0.12827272041386095,-0.08729840895451288,-0.05811523655174006,-0.06797206916699278,-0.032563657467438216,-0.007530661891692893,-0.019773267930244767,0.011794168323832377,0.03386390414952605,0.020041816447758817,0.04865717642011948,0.06851902118909632,0.05478308041892803,0.07988835199628141,0.09756562562997588,3.9889840465642745
-0.32142120927950935,-0.1811388281787492,-0.09495741260743701,-0.03166034045131121,0.01867862565192659,0.06054222642160135,0.09635343262814838,0.12757754388667739,0.15517297084042508,0.1798045745087144,0.20195527836567578,0.22198896276101165,0.24018821679550717,0.25677848471388903,0.2719446360887459,0.28584321228295706,0.29861203286638194,0.3103777725516681,0.32126120852003626,0.3313791471295718,3.970291913552122
-0.20934967006108218,-0.09646583816984694,-0.026180049499299453,0.025921367885549138,0.06763525922882563,0.1024977102993272,0.1324302853623055,0.15860509251628463,0.18179816779841873,0.20255484134594867,0.2212750606619822,0.23826152203069284,0.253749425008254,0.2679265091531,0.28094744986696635,0.2929445573859907,0.3040356215747333,0.31432905759286917,0.3239261376327826,0.3329202774898443,3.817712325956905
-0.6954831170207002,-0.4429948229191151,-0.29564429901235956,-0.19343818023940296,-0.11761324576583869,-0.0601105302858342,-0.01730120105964955,0.011143359490495384,0.009224992797661669,0.046191859923146256,0.07031430013381411,0.06374676100839179,0.09681521823598511,0.1179574965960447,0.1081343633822683,0.13823768377376747,0.15724784932716598,0.14664198056561067,0.17281258098888413,0.1896152512618904,3.784189633918261
-0.717670949113895,-0.44576925478060264,-0.289326854300859,-0.18349821210731332,-0.10869644557284966,-0.058542065916071744,-0.08449518118922825,-0.022794158724013632,0.01861781858644577,-0.01124723115968479,0.042818449299757144,0.07877594802296123,0.04707998442046417,0.09434656592679648,0.12637774881821237,0.10186759734228559,0.13791418051615273,0.16325289372569432,0.1494600879132081,0.17879311000399103,3.6635616461296463
-0.00661979958747406,0.04975919590276194,0.08733297987511243,0.1163208154049619,0.14032197065895222,0.1610219196571966,0.17926314514953962,0.1955369789391517,0.21016535399360828,0.22338080621092704,0.23536738853768033,0.2462836423811552,0.25627490157076627,0.26547698958949856,0.27401258978287985,0.28198410187709744,0.28946958064608985,0.2965263607361105,0.3031998563200436,0.30953021703829336,3.1354942159291497
-0.28406127999943054,-0.13903305705511507,-0.05097417283231758,0.012620518743007333,0.06211571713140804,0.10219624741832771,0.13539187450010057,0.16323013357756264,0.1867113037818095,0.20654332644595438,0.22329342322560167,0.23752908215484916,0.2499443087196489,0.2612918634248181,0.2719851523006065,0.2819706298082754,0.2912225774260159,0.29997546314855267,0.30836268836266717,0.3162755735428695,3.56953269648137
-0.5935320714548168,-0.39736664624526463,-0.2797437678429732,-0.19504238720311598,-0.12883281553338657,-0.0746337431146178,-0.028962577544617785,0.010271560524134462,0.04442236560861995,0.0744149621197099,0.10090734191199303,0.12438179177170622,0.14520045622120012,0.16364236203944565,0.17993298307366637,0.19427675173678088,0.2069046072057936,0.21813872336813941,0.22841319554754588,0.23811111393816348,4.1588830833596715
-0.6840547009132605,-0.47694684889971733,-0.35561541495630516,-0.270503968691068,-0.20605259366396164,-0.15541115800713748,-0.11510669934075501,-0.08344190805147751,-0.0603629669955989,-0.06684791167002033,-0.03906677180594734,-0.0189887905374699,-0.027357220782914544,-0.0023963841682529043,0.015444493656618444,0.005895091617753532,0.02867268251687441,0.04479805983128317,0.03482293583237831,0.05536747314374931,4.135166556742356
-0.4227582267075236,-0.261823771568168,-0.16366316030427638,-0.09189425500327644,-0.03497928286202555,0.012279319972289114,0.05268416254167158,0.0879254792043657,0.11910445831272005,0.14698063800603212,0.17210167012523236,0.1948768193616012,0.2156211464263056,0.23458343660291833,0.25196473151012583,0.2679313054144902,0.28262434297639594,0.2961676584153137,0.3086741594915782,0.3202511704730715,4.127134385045092
-0.4431586256487274,-0.27565962594029997,-0.17386217433456458,-0.09970338990469461,-0.041113646072831724,0.0073431621663745,0.04859727262102601,0.08441491696179142,0.11594582427222432,0.14398204434186113,0.16909373727887847,0.19170618265325468,0.21214628351288797,0.2306723552668215,0.2474945549229263,0.26279019741284626,0.2767165050999607,0.2894220266955671,0.3010562539129614,0.31177445910556706,4.07753744390572
-0.2204169210029877,-0.10278031415131528,-0.029859172466421228,0.023959031190370725,0.06685293671906258,0.10253080798915463,0.13300685633566858,0.15950885563643327,0.1828490078213108,0.20359770694368495,0.22217355804248032,0.23889467450169413,0.2540110476549494,0.2677270673377809,0.2802182526397899,0.2916435340544319,0.30215259270009776,0.3118868227711273,0.32097370114500334,0.32951835968844634,3.7612001156935624
-0.10495818630655095,-0.014027623924554134,0.04307046941096889,0.08532120096928487,0.11885757508598382,0.14651371353432985,0.16987666995731515,0.18993872189206623,0.2073612321532955,0.22261182474152266,0.23605024865032306,0.2479848141892656,0.2587033899702721,0.26847337683002437,0.27751198023350426,0.2859576330416193,0.2938831647576462,0.3013417532467151,0.30839329173337976,0.3150912445526631,3.349904087274605
-0.1402541139131268,-0.0438742111373706,0.016710121076774807,0.061824635285974434,0.09799569896153548,0.1282033096799802,0.15408693419623123,0.1766632591970706,0.196613353353664,0.214416041363511,0.2304199452058156,0.2448880292137966,0.25802750797948026,0.27001059159709023,0.28098859408788585,0.29110017123472337,0.3004735548451233,0.3092233712602475,0.3174451315978493,0.3252124900030285,3.6109179126442243
-0.6632552860310842,-0.46419802172976166,-0.348392320056367,-0.26797368602771066,-0.20805815036954844,-0.16238692187827886,-0.12867425963171547,-0.1493350557538058,-0.1106599859741751,-0.0819682780186221,-0.1029030514854937,-0.0689164201779396,-0.04374825407271678,-0.06469696404335662,-0.03436966364106001,-0.011833618478213334,-0.030696417974537076,-0.004917137240955913,0.014810081099593812,0.0003777696053080296,4.119037174812473
-0.08671839394991844,-0.007065890724772126,0.04395235633565302,0.0824592189414218,0.11366812235033968,0.13999273148702174,0.16278796339331256,0.1829015497818592,0.20089419040496054,0.21715038430146177,0.23194388633116522,0.24547814073874064,0.257911612322274,0.26937405440560364,0.2799770925846303,0.2898208030571092,0.29899702008008777,0.3075898498529063,0.3156742536285268,0.32331422421787587,3.5553480614894135
-0.07452208833554548,0.00549361681058232,0.05644149222931206,0.09454431819992115,0.12507858513039732,0.15051843398955222,0.17226441568589027,0.19118424196355113,0.2078431914976092,0.22263135917842744,0.2358396882991044,0.24770586310352988,0.2584410893493539,0.26824080579626763,0.27727988741364773,0.285698629478966,0.2935945841141049,0.30103172970527337,0.308059662841037,0.3147247030923666,3.332204510175204
-0.625286596902574,-0.42976837763824743,-0.312812876523174,-0.22871029436524026,-0.16301645017038344,-0.10924900021002698,-0.06392734026428748,-0.024962999481021934,0.00899561748515335,0.0388719898810532,0.06532281096597128,0.08882908742801791,0.10975093714852292,0.12836278865700165,0.14487868135435675,0.15947556338870272,0.1723246612188448,0.18364458445608903,0.19377299743449128,0.20315675799125896,4.248495242049359
-0.24966364030107915,-0.11342384957675346,-0.030478307000556114,0.029497955626122997,0.07618802146453137,0.11397477112975371,0.14523056197529646,0.17139453750822653,0.19341725704017979,0.21198465574315062,0.2276703661692183,0.2410766128010721,0.2529199763220069,0.2638656620735785,0.27416384516199005,0.2837327889386382,0.29262768005744055,0.3010804597706241,0.3091500130819112,0.31673943674104876,3.5115454388310208
-0.7031398296649639,-0.47467394990423795,-0.3407994580260045,-0.24705447066685196,-0.17633371545682064,-0.12112072739737595,-0.07763650841922241,-0.044103358058640726,-0.020690694449009225,-0.022982133209872913,0.006406536285470645,0.026630492243032555,0.02131053786208865,0.04773976566136106,0.06562772611098508,0.058292944655474674,0.08245406824239968,0.0985851106268702,0.0902811820246723,0.11202368627597561,3.9982007016691985
-0.15238418242143262,-0.04975117606216771,0.014255862244599394,0.061542063873292766,0.09913843349792101,0.1302531045014105,0.15664899796523113,0.17941789497149502,0.19929105308393769,0.2167849534544086,0.23228200991963568,0.24608274381668907,0.25844251307990185,0.26959577730425555,0.279764913033889,0.2891500258860977,0.2979072330704281,0.30613812374172844,0.31390563494088175,0.3212605948947462,3.5263605246161616
-0.6003773271250101,-0.3913242123898479,-0.2666167632416328,-0.1774531357748921,-0.10839220898601794,-0.052504278920350464,-0.0060768670132980915,0.033104053655344426,0.06645311077641482,0.09491378412541475,0.11912982347071856,0.13954935527099596,0.15652756697073095,0.1705497138306867,0.18272926732399689,0.19464054695288105,0.20618852716531408,0.21646123257930627,0.2261738760952168,0.2360562377839647,3.9982007016691985
-0.27804644810505885,-0.11230700037826459,-0.01496036941319054,0.05198117642120341,0.10048897036540992,0.13574123288752082,0.1602806443739289,0.17637507434326286,0.19176791708325647,0.21049305366750806,0.2238003607797713,0.23339235009368584,0.24818580100325813,0.2602239651143699,0.2664572006469559,0.27753914586840345,0.2891758749910536,0.29426272151883975,0.3016955811679241,0.3124344038983213,3.1986731175506815
-0.5963932090895335,-0.4054416993309362,-0.29073218838499404,-0.2079034606324332,-0.14293077621140277,-0.08951586142368384,-0.044273636908186274,-0.005169925965744558,0.0291147506090027,0.05948514126530884,0.08658818616128952,0.11090179506556085,0.13278830349792037,0.15252847703257058,0.1703445010214647,0.18641703499820378,0.20090004359120595,0.21393676672836237,0.22567964257919593,0.23631285103421187,4.255612709818223
-0.6561146963799058,-0.4561146458699167,-0.33719150226277655,-0.2522010901726688,-0.1862573452924066,-0.13268871192485138,-0.08792179372232557,-0.04982186329546409,-0.017018166588833858,0.011412881780196598,0.036111721669666884,0.057526341678360994,0.0759653186677193,0.09163596918707395,0.10470719033675566,0.11553264884188408,0.12523121616142485,0.13514341163344895,0.14451123025642024,0.15269679366279695,4.23410650459726
-0.05967383100648332,0.02022716843137926,0.07071972218866977,0.10801490258722399,0.1374418036689591,0.1615436754531363,0.18175568942819587,0.19895256429303548,0.21372216263363794,0.22652601246105586,0.2377870951864499,0.24790713176616017,0.2572066770619203,0.2658554424144782,0.2739068500006678,0.28141181998740467,0.28846450423045417,0.29514178821376946,0.3014606441518506,0.3074325265061163,3.1135153092103742
-0.1240164849677058,-0.021454182126105368,0.041813180651736497,0.08774172332597872,0.1234108325105678,0.15207935997809946,0.17556395941922703,0.19500755864810665,0.21121638786814412,0.2248735532624872,0.23668471611645614,0.24734972894104126,0.25729065741870544,0.2665324997205496,0.2750402310310985,0.2829818077289678,0.29053658507394875,0.29767235256831426,0.3043389921327324,0.3106689439916655,3.2188758248682006
-0.17119625607981565,-0.050856238555855124,0.02227538865182597,0.07464909175340587,0.11474591801004692,0.14642205292524432,0.17178755904619894,0.1921641170219418,0.20855356339983275,0.22202778960628128,0.23394018771215744,0.24525833076554562,0.25578878657739484,0.26520308838053824,0.2739613363546377,0.28249059967141715,0.2904278658065686,0.2976198798383988,0.30459762519162975,0.3114485102513593,3.2386784521643803
-0.6690785622792675,-0.4044966453270966,-0.25114016048483695,-0.14621976935980674,-0.07031668837100592,-0.015606590727844398,0.019757051884833527,0.013441802877564751,0.059834020302040894,0.08933536617839612,0.07709759799290154,0.1183655816683705,0.1440894337187468,0.12775510261241554,0.1649405119432547,0.18805226775393627,0.17311023738721854,0.20338501817738305,0.2229632998320648,0.21515792934652023,3.624340932976365
-0.0912035787145745,0.00039800523568614204,0.05743971977328325,0.09911076243380225,0.13163975307768724,0.1579363698558517,0.17964343470580485,0.19779158886973275,0.21309880084190638,0.22615929896319592,0.23755650481306131,0.2478449366128852,0.25738490731445807,0.26626039031279314,0.2744699426260153,0.2821219095678663,0.28936330796686166,0.2962200182471523,0.3026597700583021,0.3087482575697458,3.1570004211501135
-0.1457913612648022,-0.046557255232279514,0.01559050400616737,0.061698692018153804,0.09852418941756753,0.1291513363957324,0.15527618867828677,0.17794993336886186,0.19787663849134987,0.21555203323557356,0.23133909673749697,0.2455155148741708,0.2583061885473326,0.26990585580559395,0.28049304902487754,0.29023436993692175,0.29927879250858475,0.3077469723068133,0.3157260055354724,0.32327628945473674,3.56953269648137
-0.5224385071323191,-0.37172391374120545,-0.3689836484068216,-0.27921831049894275,-0.21826905501570784,-0.27921831049894275,-0.21552878968132394,-0.16612735936061518,-0.21552878968132394,-0.16612735936061368,-0.12850371710782904,-0.12576345177344514,-0.09163625414970951,-0.12576345177290082,-0.09163625417563918,-0.06481419629021025,-0.06207393095582635,-0.12576345177344514,-0.09163625414970951,-0.06207393095582635,4.04305126783455
-0.5979122199027742,-0.3577471662074098,-0.21690959245871275,-0.11886729627332505,-0.045846743110954165,0.009913047485352586,0.05220386095271319,0.08259775810513614,0.10086666009194592,0.11463139918514559,0.14115778284280792,0.15627260992402786,0.16375517686192415,0.18771030320671273,0.20072341028390228,0.2037020248108037,0.22579420040901552,0.23747081603913736,0.23762722039311518,0.25739541421052375,3.6506582412937387
-0.6538558488319295,-0.4605637489802679,-0.3480920164032449,-0.26993319337707117,-0.211621558934416,-0.1670621808494266,-0.13399302977923552,-0.1547999165510661,-0.11706856885606474,-0.08890335262717179,-0.10978090743619046,-0.07664109270710043,-0.051928882691481826,-0.07267690174515011,-0.04311766214392754,-0.020990885365321732,-0.039666635459078815,-0.014492788077672196,0.0049038772624559095,-0.0095182000977793,4.151039905898646
-0.6263905826620992,-0.41373511169227856,-0.2871591868224749,-0.19683570586488636,-0.12700900607178978,-0.07061439078488535,-0.023872401293888627,0.015465214019878649,0.0488278484673906,0.07715903352538199,0.10108820017145694,0.1210339738116253,0.13732232775497186,0.15053929594427462,0.16238674041728635,0.1746169842057679,0.18594624563563747,0.19570736951570492,0.20572085763333345,0.21573696294966582,4.02535169073515
-0.28644405187596406,-0.14614193265853942,-0.06045061671450031,0.0019187674849696858,0.05093880815300322,0.09111990251175156,0.12490204387326909,0.15376258176366195,0.17867021022760182,0.20030048112125734,0.2191517374749304,0.23561822796491821,0.2500469171972435,0.262786781418281,0.27421540522661814,0.284701987877255,0.2945052784517331,0.3037271541323806,0.31240652195791935,0.32061741851298203,3.6888794541139363
-0.6806534401760949,-0.4364640397032475,-0.2994899330973775,-0.21233587644480373,-0.2894593144900428,-0.1896480263854785,-0.12225899514008642,-0.19597664211163987,-0.1122283765892558,-0.05530052519305145,-0.11222837656665419,-0.052673916992869704,-0.005519858601609792,-0.042643299314470015,0.004510708879437375,0.02815152114680387,0.0045106833161864075,0.05083977928268757,0.007137308942675878,0.044511408393633795,3.6888794541139363
-0.6725921747865397,-0.3930079220385499,-0.24528770968874633,-0.3930079220385499,-0.21947646650497263,-0.11342366918323062,-0.11342366929056016,-0.023417625750199542,-0.1034385173530386,-0.023417625750199542,0.034296543059243366,-0.013432491559036265,0.06010795527598333,-0.11342366929056016,0.1123023864287459,0.060107955275983026,0.11230121990783803,0.060107786243017075,0.12228637179241118,0.16616058351109433,3.3843902633457743
-0.08483148702612173,0.03221024516242741,0.0969726711134451,0.13565034024261335,0.15607610006800546,0.16706381591469005,0.18980942989842145,0.20751748411041612,0.21165781225768715,0.2233723051992809,0.24167375088549303,0.2454519554663227,0.24693852673008376,0.2642264077910533,0.27145108476738505,0.2738697973205212,0.28112263930301773,0.2867230693698003,0.2966551581085756,0.300872404204554,2.5649493574615367
-0.600020044104682,-0.41335460019334286,-0.3010503660763173,-0.2197804008851559,-0.15585331783820697,-0.10312241484220964,-0.05828431851111078,-0.01935343556188886,0.01495913989724678,0.04553840500095834,0.07301857671193304,0.09786969154675931,0.12044967658320442,0.14103726371914665,0.15985371914093355,0.1770778213546191,0.19285674531438762,0.20731460552893685,0.22055996155173982,0.23269333638596298,4.350277936359301
-0.13214594647747416,-0.03332396404907104,0.028335952951691768,0.07379885314728388,0.10981071320809879,0.13946300910666554,0.16446762707447837,0.1858913160276598,0.2044496983299094,0.22065108504792,0.23488307694833796,0.247471926936203,0.2587206352287096,0.26891854483598593,0.27831539176075654,0.28708178692486214,0.2953067261942443,0.30304405259648504,0.31035327895794135,0.3172938485806245,3.417726683613366
-0.5754161882630863,-0.3605481320485974,-0.23274321088186495,-0.1418608384815243,-0.07203133233179308,-0.016144376424658522,0.029588122252721068,0.06739497827707165,0.09865866949736096,0.12424889632046202,0.1447293121668132,0.16072253339271492,0.17413068592642478,0.18819749910587127,0.20170475078256614,0.2127231720988653,0.2237485670644951,0.23551335942058357,0.24509260682688133,0.253997903279293,3.8501476017100584
0.07062745157422758,0.12179893130123091,0.15260723194190956,0.16909567005003565,0.17880106097083037,0.19520794489100632,0.21125629948416869,0.21557112397733105,0.2148064407621626,0.2299725406978337,0.2416641660249973,0.24041766225218766,0.24176495300625184,0.25385701243326547,0.26078084133851237,0.2618488422136784,0.2595958928389491,0.26597792048916596,0.2782252759287734,0.27726927944663843,1.6094379124341003
-0.6213858267738376,-0.41868831786338767,-0.3041520042081679,-0.2297835838470967,-0.29725561676108814,-0.2141849243349788,-0.1566466768378278,-0.21853606036749834,-0.14975028939140053,-0.10145449509835752,-0.14975028939113955,-0.099648610604999,-0.05948739676807877,-0.0927522231828393,-0.05259101170286491,-0.02963132635120734,-0.052591012893798195,-0.014032638750213752,-0.05078512768037263,-0.018383757929468385,3.871201010907891
-0.5643039910160603,-0.3817290757502078,-0.2714281387698195,-0.19131935738566533,-0.1280962825819599,-0.07578106014346017,-0.031158747577014274,0.007704660313704489,0.04206577826137879,0.07278845120922868,0.10049269778870934,0.1256390005422877,0.1485790182422197,0.16958764174830915,0.18888412200793717,0.2066465448665955,0.22302216605291547,0.23813517807864729,0.252092955235087,0.2649915011510825,4.330733340286331
-0.2597363390074196,-0.1251619211709626,-0.04286081389090995,0.017040589912148536,0.06407467232684344,0.10255691580109991,0.13482486384687928,0.16229719012537597,0.18590767231019212,0.20631184367771982,0.22400099568524715,0.23937920014431963,0.2528272222608379,0.26475034403597986,0.27556994623362047,0.28562230834174235,0.29506081006018076,0.30392153588712395,0.3122663063014181,0.32019482856669756,3.624340932976365
-0.6486179381124696,-0.4157453641226984,-0.2783324190030847,-0.18149077671953145,-0.10789948347469955,-0.049854917976970003,-0.0033293694114216506,0.033928943319699895,0.06310998764034814,0.08458210526063853,0.09854505121836982,0.11331055538954408,0.13235704667184062,0.14388892996070332,0.15416915443119278,0.17146179594005234,0.18133987982814162,0.18848753296150328,0.20447391667132392,0.21320007346931075,3.8607297110405954
-0.45701147500016454,-0.28843022288471937,-0.18594907378368883,-0.11123315573160607,-0.05213232570599028,-0.003176311580977915,0.038582738364500685,0.07492140684899184,0.10699608307263474,0.13560334505006905,0.16131651057676788,0.1845630337881326,0.2056711236594113,0.22489932800726053,0.24245631656933894,0.2585149564484428,0.2732231366385073,0.28671282601112885,0.29910805765698756,0.31053155857843373,4.135166556742356
-0.2963296889558861,-0.16143090201847657,-0.07839871563508632,-0.017350406631064647,0.031224317945343687,0.07162376514303749,0.10617311470977281,0.1362801342640645,0.16286726513234595,0.1865759656879828,0.20787338042812623,0.22711236476788255,0.24456764097716852,0.2604592087532061,0.2749687478490264,0.2882519936834161,0.30044844625987277,0.31168858276587436,0.3220977683375099,0.3317956947480455,3.9219733362813143
-0.48805797762969266,-0.29248714864699954,-0.17546179140826754,-0.09180954996600246,-0.027204965532863095,0.02478912218793197,0.0676198759445645,0.10333680805614469,0.1332411297670439,0.15819654075717873,0.17881705690109095,0.19567503489275617,0.20971220254249448,0.2225987329499902,0.23530915498989702,0.24698374088665948,0.25744564152105254,0.2677874118161521,0.2778653416817737,0.28685782582428176,3.784189633918261
-0.5985599132027101,-0.3427405039646685,-0.1946360715580012,-0.09378936522788156,-0.021535547663489207,0.029541127341965404,0.06091009275901801,0.06118359361783767,0.10451751696256603,0.13046143659174336,0.12332182257959273,0.16204186290027503,0.1846156530466301,0.1722668251371053,0.2072876767970302,0.22765904495342465,0.21617673350432492,0.2442668895995881,0.26140861640585483,0.2570733144210613,3.5115454388310208
-0.48345984054238156,-0.29444473587207703,-0.18090197865026275,-0.099311649029259,-0.03587081898343391,0.015630733270982917,0.0585300529776443,0.094825757711845,0.12580434609253915,0.15233696965129356,0.17503906654429213,0.19437531896373,0.21076505155820655,0.2247418768457468,0.2371275083616426,0.24879380432251608,0.2599170664835552,0.270211943745657,0.2798464095707207,0.28919557228022247,3.8607297110405954
-0.46051083303666346,-0.2874145411712269,-0.18251486298224012,-0.10631870859563883,-0.04630422516526827,0.003167178620939094,0.0451337285592192,0.08142558704921991,0.11323291411480244,0.14137440355182673,0.16643821550554186,0.18886206667497069,0.20898198743535426,0.22706435186046306,0.24332928395739684,0.2579704351322908,0.271173968432332,0.2831361220499334,0.294071847379047,0.3042003149214027,4.04305126783455
-0.67657622311118,-0.4724447612597997,-0.35185360255813153,-0.26631900147139315,-0.20055173340989382,-0.14772214070591935,-0.1041999062937975,-0.06785294532864485,-0.03736445035096716,-0.011928768013748089,0.008870390784567883,0.025043693689577054,0.036095331402991676,0.04472069895453056,0.0593300110493581,0.06895692487264074,0.07489432621700677,0.0882761718862831,0.09682370323726357,0.10104682396971326,4.197201947661808
-0.1321140218033024,-0.024679601799839624,0.041131492686384205,0.08852819329261709,0.12498491733189128,0.15393356366234467,0.17728228821496417,0.19624407232340782,0.21173617540392445,0.22467630519759754,0.23610645236414154,0.2467959619039865,0.25676695112975867,0.2658131245138671,0.27416317032891235,0.2821687367244895,0.2897308101093573,0.2966739747854742,0.3032476308875118,0.30966926105491854,3.1780538303479458
-0.08577064973666583,-0.006704016717795624,0.04399710033989329,0.08230680554152049,0.11339059605353902,0.1396401002174583,0.1623979818122298,0.1825043607443277,0.20051486677992916,0.21681036902091352,0.23166173336156512,0.24526976541307954,0.25779017657316294,0.2693495907907233,0.28005600792090707,0.2900054844483536,0.29928584100922606,0.30797783573949167,0.31615441312382686,0.32387914502199044,3.56953269648137
-0.16622292133456001,-0.06275727901240577,0.0019344354457088212,0.049944177094922125,0.08834980965883128,0.12037282120806318,0.14777487022794572,0.171640851605576,0.19269535564518328,0.21144929959367523,0.22827685262806544,0.24346129023688454,0.2572254158956797,0.2697530617715672,0.2812043953029142,0.29172576060186933,0.30145360330867577,0.3105122671110737,0.3190078615955732,0.32702347876096566,3.6635616461296463
-0.22571764743114467,-0.10580000848990083,-0.0316138036025431,0.023027975734617085,0.06648680378435458,0.10255328209888973,0.13328581107474075,0.15993860260659842,0.1833409482154309,0.20407507658044577,0.22256856944830397,0.23914744122793538,0.2540701773815723,0.2675519790084313,0.2797830266979455,0.2909411775791513,0.3011970119569452,0.3107089004143303,0.3196105182098657,0.3280010188740922,3.7376696182833684
-0.681590805040569,-0.37644648125834657,-0.20859032318054813,-0.10768680795286298,-0.19039799695517648,-0.06653832340345416,0.011342460912709584,-0.0780164037992353,0.029534740059505352,0.09655574927268647,0.02953475889095698,0.10131848995410135,0.15621885264764213,0.11951059759127024,0.17440592428754903,0.1907432695062483,0.17440329637613708,0.23191510366258117,0.1791684439552906,0.22045101670313352,3.332204510175204
0.027177270828027157,0.06682057198731278,0.0955048026429621,0.11966911174877122,0.14090908097245305,0.15995629097307995,0.17722985325952917,0.19300200364617207,0.2074656456692592,0.220767510548439,0.23302672456701612,0.24434619982267114,0.2548198309427191,0.2645365838108277,0.27358176630452885,0.2820357672108382,0.2899712170891928,0.29745034471342496,0.30452430665510377,0.31123493147027104,3.068052935133617
-0.6965365396318075,-0.4692607849530979,-0.33567820062195497,-0.24175645849760016,-0.17048735318656189,-0.11433841650711422,-0.06941352360821683,-0.033615494068552215,-0.00605233289104204,0.01265838312293672,0.016467542177508235,0.0408678941224159,0.057077395262421775,0.05745140289186062,0.07953410574822423,0.09387748416371575,0.09198117684689122,0.11228226181794275,0.12521319170116216,0.1218035706468883,4.007333185232471
-0.6944012878926079,-0.46311531923234023,-0.3271499572797758,-0.2315874730322322,-0.15913781662954005,-0.10214550750927574,-0.056655895670771554,-0.020550075524183007,0.007052822833428302,0.025493901485503855,0.030881806212742925,0.05530316434739513,0.07122327880802239,0.07285022896186319,0.09495317132179858,0.10900574040628147,0.10812294746885391,0.12845228031169934,0.14110473737948034,0.13852535145514316,3.970291913552122
-0.6637281022808841,-0.43140010891645386,-0.2943598207891898,-0.19775286442827786,-0.12427435552645753,-0.06622730517421263,-0.019583857538846866,0.01791447905903804,0.04747080045841172,0.0694489364162652,0.08364454408318606,0.09691587320509698,0.11644438837026891,0.1283652056692863,0.13729640501464618,0.1550345566549197,0.16535666420225603,0.1713112665331319,0.18769978554105046,0.19687603544139454,3.901972669574645
-0.5481419502001703,-0.36165056615416596,-0.24921650105493348,-0.16782078985771454,-0.10384860486521429,-0.051179559283196216,-0.006520957768648866,0.032107758792080124,0.06599255583196412,0.09601620796572696,0.12281091994922086,0.1468448168437561,0.1684741824047316,0.18797693905045199,0.205575707346387,0.22145554333202613,0.23577999845154138,0.24870820114784606,0.2604133796044772,0.27109649829653754,4.174387269895637
0.012430397819954768,0.05803038916955319,0.08980194823580412,0.11535066349696653,0.13739811290717077,0.15701142215809,0.17474733244897836,0.1909447487535413,0.20583145426037094,0.21957209902448793,0.23229308590546202,0.24409691531778294,0.25507110663296667,0.26529393813696434,0.27483797385004793,0.28377176801743104,0.2921599875873992,0.300062372199203,0.30753228813872235,0.3146157929345643,3.2386784521643803
-0.6024067220970258,-0.41516274147076826,-0.30256447672583964,-0.22112172194802635,-0.15709169086536184,-0.1043047822083413,-0.05944548518653974,-0.020521078193696297,0.013761802428651647,0.044291039563834546,0.07170273456948874,0.09646812655881636,0.11894585501315484,0.1394150012324859,0.15809692207833764,0.17517034828367314,0.19078245608517852,0.2050577435601697,0.21810613097833342,0.23003146243285175,4.343805421853684
-0.592176322571827,-0.4049655696602478,-0.2922884211213312,-0.21073992047965437,-0.1466003621509279,-0.09370888079230584,-0.04875384166582238,-0.009744398391643436,0.024611864523298728,0.05520235163250029,0.08266295096548047,0.10746486390010081,0.12996683590860636,0.15044820237876175,0.16913076427589543,0.18619398436889578,0.20178624588022798,0.21603404780946106,0.22905058635050313,0.24094483831825772,4.31748811353631
-0.694241040894538,-0.4760746741279773,-0.3478895761840135,-0.2577045216812395,-0.18916223801381932,-0.13501548927939597,-0.09150708366905036,-0.05659806559526066,-0.02938543778407693,-0.010380269365875106,-0.00930609596723878,0.01480799591346272,0.031362917878972135,0.029594810017672307,0.051416740209966734,0.06612330357946679,0.0625158266417248,0.08256184724409049,0.09584949662550513,0.0910531541974763,4.07753744390572
-0.5247034625124533,-0.34190768719202175,-0.2315009525081744,-0.151457755114654,-0.088471988535218,-0.03655949630155444,0.0075005463091077276,0.045646393722625064,0.07913725481833227,0.10883818971999246,0.13536939640656842,0.15919085290898924,0.18065346293652892,0.2000318489261038,0.21754692226583192,0.23338312492694738,0.24770367348357647,0.26066601267546785,0.27243749514083865,0.28320600115645894,4.151039905898646
-0.39354494586868577,-0.23136933828044037,-0.13284959055756057,-0.06125490811653987,-0.004918727080621378,0.041420138180204374,0.08059978577722017,0.11433140740715163,0.14372906380965159,0.16956059549820826,0.1923796626480978,0.21260165906243467,0.2305520153467014,0.24650179815103263,0.2606990783144308,0.27339861247825886,0.2848809853928111,0.29543701306602016,0.30530510005874345,0.3146168820461352,3.901972669574645
-0.22335254492677664,-0.035272694687770015,0.04990546667316508,-0.035272694687770015,0.09042032824464322,0.1528181937854169,0.1528071555512366,0.21345357197345863,0.16848599619513324,0.2134535718812421,0.23798531691217173,0.22902866437124902,0.2786737871342106,0.1528071555512366,0.30544163576900424,0.27867376602288624,0.3050497121114165,0.27850017848364983,0.3207238860875032,0.3408925282757705,2.6026896854443837
-0.5801281336469909,-0.3934187800323165,-0.2809382415002918,-0.19948028667526838,-0.13538391300947752,-0.0825128838557984,-0.03756793117103118,0.001434841348496705,0.035783626300707874,0.06636311988657398,0.09380742152139793,0.11858655682514298,0.14105854769108947,0.1615023844582491,0.18013989959147872,0.19715104533466307,0.21268534724306018,0.2268714444074031,0.23982617198801232,0.2516641692725167,4.290459441148391
-0.5982322587778428,-0.3937488684047903,-0.27154338749943807,-0.18394028900212073,-0.11585560793127311,-0.06051655919846576,-0.014289250637156572,0.02500078169479656,0.05875231335306741,0.08791033458020904,0.1131341776701081,0.13489415025416737,0.15353833496817168,0.16936724212939283,0.18277944587750064,0.1945309365201902,0.205660919820824,0.21643720010559986,0.22637300075110284,0.23563576572493672,4.051784947803305
-0.5352130237387428,-0.3231753416901432,-0.19714993929869806,-0.10777761493268952,-0.03942976445891117,0.014887766343647005,0.058884550973921784,0.09471811700028118,0.12369328784664216,0.14661086508689264,0.16416662420667327,0.17829936101314028,0.19313555857581927,0.20778720365490366,0.21940630481517823,0.23071906402471573,0.24334386475807301,0.2534672498655887,0.262370503394051,0.27335284832270884,3.7495040759303713
-0.5090847512825178,-0.3590920561084918,-0.27559718257160404,-0.3590920561084918,-0.26867351306433696,-0.20909936093446577,-0.20909936093446577,-0.16081249833006778,-0.2064209199492153,-0.16081249833006778,-0.125604487397578,-0.15813405734482022,-0.11868081788977888,-0.20909936093446577,-0.08800202016234064,-0.11868081788977888,-0.08800202018768531,-0.11868081789031093,-0.08532357920243486,-0.059106665760439714,4.051784947803305
-0.25301347557944204,-0.10808568304751301,-0.020842025184305772,0.04129543995307873,0.08871892046180854,0.12611108814696495,0.15598339473168193,0.1798477591207092,0.19876636084086544,0.21384629288861978,0.22681265143363544,0.23936844235654417,0.25122627078760884,0.2615862641066013,0.2712061764643045,0.28085211419449924,0.2896922221225787,0.29751322448794093,0.3053873485035578,0.31314771684164183,3.367295829986474
0.036280314012638495,0.0674246196164161,0.0934282153409146,0.11634305991529029,0.13700685666121679,0.1558771623450722,0.17324273096938106,0.1893029584625999,0.20420477654834707,0.21806235990524392,0.23096881215985118,0.24300368086645385,0.2542380586207026,0.2647380685642738,0.2745670412890736,0.2837864558375958,0.29245570012734196,0.3006308976028164,0.30836335321927916,0.3156983600666755,3.091042453358316
0.012050162125906674,0.06053228970226557,0.0937547730949217,0.12007908669927049,0.14249548930516415,0.1621756107223978,0.17973111788977628,0.19553629580710466,0.20984658751531057,0.22285284208196796,0.23471021682645263,0.24555495168992938,0.2555135846881741,0.26470585286781556,0.27324202682326726,0.28121715339907544,0.28870684475239505,0.29576854572613304,0.30244760744884186,0.30878322034358097,3.068052935133617
-0.6780404499853117,-0.47019567849242494,-0.34737114677031056,-0.26025329890059684,-0.19328793831753557,-0.13952637527545522,-0.09527546195316337,-0.05836741524224676,-0.02746541254976374,-0.0017548245554867758,0.019180178851531983,0.035347325086574,0.04637693073551687,0.05602627848070711,0.07061325380066649,0.08014489545048524,0.08697103019053289,0.1003243436790755,0.10874621157979912,0.11374559610538114,4.1666652238017265
-0.17322930090688285,-0.041687363874448435,0.036314630834999695,0.09023505830111801,0.12944422673208317,0.15811413852626963,0.17855882539999854,0.19321223802749288,0.20697313783431825,0.22182450735322057,0.23374934953980317,0.24302884503515346,0.2539718789897182,0.2644916633233816,0.27164267277148263,0.2792062676119519,0.28866085158936383,0.29533911249499334,0.300537799199565,0.30822084483310735,3.044522437723423
-0.6053115566738552,-0.39048462707422904,-0.2626467649370188,-0.17155879752748407,-0.10132721407380411,-0.04482706487315895,0.0017474415516835734,0.040650830029893247,0.0733031725287543,0.10062409235887015,0.12320922375444421,0.14147481934824768,0.15601371389854768,0.16864908576368556,0.18182291109456145,0.19420950047832874,0.20459954255191404,0.21517001162186333,0.22604977258415393,0.23507491725524543,3.9415818076696905
-0.5949099699099551,-0.40701080768924985,-0.29397716072970415,-0.21221355080949403,-0.1479402711944616,-0.0949697154735741,-0.04997606988681892,-0.010960157888353392,0.02337564641854862,0.05392212016759639,0.08131735208664428,0.1060339457920094,0.1284314763478443,0.14878969099269193,0.1673305224156536,0.18423346080497346,0.1996471046319377,0.21369888484393276,0.226504575454852,0.238178816816183,4.310799125385514
-0.6517974575721543,-0.4527786986365097,-0.33431797279454883,-0.2495616207988359,-0.18371349664136516,-0.13014044137840497,-0.0852875077604664,-0.04702851588723777,-0.013995172649258397,0.01473833031494461,0.039819184944498855,0.061707362027010104,0.08072971693191609,0.09711667296490227,0.11104430213683206,0.12274134828519215,0.1327962578305637,0.14238128438071831,0.15191383533614902,0.1606002534232681,4.241326752570746
-0.15537301663160308,-0.03417817163065088,0.03867468481834726,0.08995503348090976,0.12823785680637304,0.15741161905134787,0.17962168062521292,0.19641824117999054,0.20978116517394765,0.2224148071938823,0.23485152575009785,0.24550288111498494,0.2546870061487435,0.2641337060092741,0.2731904366612941,0.2806188888824584,0.28773488251668206,0.295481757923154,0.3021693674244276,0.3077554100502937,3.091042453358316
-0.06257768617871112,0.03595516023463994,0.09402459598873517,0.13295319096753289,0.1597324388279511,0.1778563737822841,0.19091408374386418,0.20436725605411027,0.2181442101368391,0.22825501211040555,0.23613975177602287,0.2462480751404377,0.2555543292888923,0.26115916037691467,0.2673788340061003,0.2760518879090903,0.28201217859797784,0.28591500463252717,0.2920442988613295,0.298410617304924,2.6741486494265287
-0.11116103921399309,-0.024072715818250785,0.031211647755265526,0.07268641314168137,0.10614652238930689,0.1342520620772288,0.15847977751296094,0.17975177210309662,0.19868461670564883,0.21570751391664203,0.2311290544829909,0.24517919920636533,0.2580367234409703,0.2698474785701092,0.28073658860519074,0.2908161633577431,0.30018915260698015,0.30894974138408887,0.31718130605207745,0.3249539688878572,3.597312260588446
0.02731582453563137,0.06725026245676156,0.09607946341085087,0.12032419778737666,0.14160004882098687,0.16064769763639988,0.17789155524067735,0.19360757414574942,0.20799179903191117,0.22119412887330528,0.2333373052418102,0.24452856743484908,0.2548668722753184,0.26444663033100185,0.2733581880782347,0.2816855426580782,0.28950278271948887,0.2968716090910793,0.30384173159279,0.3104538125355129,3.044522437723423
-0.06607220728634114,0.007990593953772792,0.055755335267996295,0.09193140100595121,0.12130587169599165,0.146125770512477,0.16766448537464562,0.18671059045327,0.20377482154965923,0.21920297183636442,0.2332416761159744,0.24607685174613853,0.25785696886788867,0.26870760863742554,0.2787403933526569,0.2880575766619871,0.29675294028757226,0.3049100210211865,0.312599628318638,0.31987896361583373,3.4657359027997265
-0.6601917874909111,-0.4529478655162014,-0.32988156667933977,-0.2421296976778991,-0.17426082769993423,-0.11936205164098027,-0.07373660958357296,-0.03518442354661363,-0.0023040840349702737,0.025833088195041643,0.04984902930652956,0.07014767228327146,0.08697150142731803,0.10051071563268171,0.1114453953554634,0.12214343379363302,0.13340966030157056,0.1429213270725581,0.1514784285180946,0.1612236106919413,4.1588830833596715
-0.42110528999660896,-0.25730127819602877,-0.15764986479697413,-0.0850236684649488,-0.027643209852844283,0.01979953010316397,0.06016695577430749,0.09518507285065915,0.12597793318791692,0.15332042128276052,0.17777091374156168,0.19974653662062505,0.21956871696240676,0.23749261883700432,0.2537277730201608,0.2684541256633505,0.2818358773724224,0.2940336683233771,0.3052130072829915,0.3155437851551085,4.034240638152395
-0.6509707607542232,-0.41192444771345826,-0.271265324905104,-0.1725807155219289,-0.09809383006598206,-0.0399429315327287,0.005907161243650746,0.041570071807627895,0.06784377407349972,0.08430707567381093,0.09710775227023681,0.12027820533521828,0.1341098838711562,0.14182391239101175,0.16280313065147742,0.17479207646534528,0.17896944534154402,0.19832369064696373,0.20903258197711827,0.21067684055261315,3.8066624897703196
-0.5024027978746495,-0.2307995076909231,-0.08415473935574903,-0.001020878130269595,-0.06324233644154144,0.04627993032284961,0.11032162068976065,0.03308563679181404,0.131232863772861,0.1874714349061922,0.13123332771815144,0.19293324710063833,0.23850725062667663,0.21384278886183955,0.25937431345446027,0.26286426635246757,0.25935160408931013,0.31031542780870125,0.264839072228545,0.29721074033821904,3.091042453358316
-0.5337601548510473,-0.3482855644081277,-0.23641470742476214,-0.15542522926059044,-0.09179114136149674,-0.039430106370302434,0.004930850758626968,0.043260665262139904,0.07683774784337051,0.10653957946120007,0.13299445408604973,0.15666754540328315,0.17791303462598698,0.19700784447483483,0.21417553444208198,0.2296058402582625,0.24347392096312012,0.25596167745233345,0.2672780734869396,0.2776627384025464,4.135166556742356
-0.2722618229222213,-0.12585770529195103,-0.03737667314244573,0.026074292835479386,0.07498655230916504,0.11409632601212666,0.14595355390302467,0.1720925417064041,0.19352731244216162,0.21104385980546386,0.2254949695088813,0.2380781269461654,0.24994853817990048,0.2611856986810911,0.27135736337858557,0.28075854895512775,0.2899108708164936,0.29855690582668604,0.30644815598223696,0.3140513890116241,3.4657359027997265
0.03674121976758577,0.0682182027147779,0.0944256048042175,0.11746216102324268,0.13818443174360076,0.15706018505884395,0.17438468591831396,0.1903620754716109,0.20514325259954036,0.21884620589056297,0.23156816047863626,0.24339344396963503,0.25439880107925883,0.2646568700872414,0.2742380219326216,0.28321058695724327,0.2916396494848389,0.2995850163106145,0.307099376451555,0.31422762194236625,3.044522437723423
0.04803207895497211,0.0873134383735852,0.11779263374456395,0.1427457929007777,0.16350567962661258,0.1808370477017346,0.19532707890983889,0.2075740859050292,0.2182474234300655,0.2279342398934357,0.23687246374439866,0.24499198768844105,0.2523010089068979,0.25906786814616617,0.2655213290630182,0.27156939535544405,0.2770895938941376,0.28227380678522623,0.2873513159375364,0.29219002955702,2.302585092994046
-0.2991937251716077,-0.16321183087618882,-0.07957622383318588,-0.018130631075311317,0.030722093659226447,0.07131932589745779,0.10600720322634742,0.13620601156116507,0.1628462330265116,0.18657477831517255,0.2078626764245257,0.22706573608949732,0.244461183189694,0.26027152094107764,0.27468141553143405,0.287850589342894,0.29992396720233666,0.3110389427615511,0.3213285002433118,0.33091878763839105,3.912023005428146
-0.5438376770162198,-0.3553815860631839,-0.24188206848089974,-0.15984144179581417,-0.09548921916066166,-0.0426340390715354,0.002054825020755627,0.04058010846736623,0.07424117386529834,0.10392881668260907,0.1302797268192133,0.15376414731698282,0.17473917401872363,0.19348381285015717,0.21022510313344972,0.22516196969117183,0.23849223800796454,0.2504441310327729,0.2612975638425401,0.27135364078418733,4.119037174812473
-0.4434888558693829,-0.2636233325208942,-0.1552693120569088,-0.07722961612668819,-0.016427352270208823,0.03302645789903405,0.07430000989577712,0.10929429483872638,0.13923697813719194,0.1649643654475849,0.1870734305563981,0.20602078025587522,0.2222150691540616,0.23613863638187246,0.2484661989162265,0.2599278921079302,0.27081575164914556,0.2809881859646614,0.2904898981709441,0.2996013791168797,3.828641396489095
-0.4760797124295411,-0.3015310765728808,-0.1957544752555594,-0.11888106149638514,-0.05827571477973302,-0.0082509262088674,0.03425715616571498,0.07109397094761906,0.10345966126783425,0.1321798624811106,0.15784773023252685,0.18090452884698277,0.201688389095903,0.22046569375777592,0.23745287744826013,0.25283327027190255,0.26677190944982015,0.27942972017450624,0.2909758138353985,0.3015920709767628,4.0943445622221
0.012213152947432767,0.059475158294761514,0.09208643790171404,0.11808787219810894,0.14035586238904477,0.1600177531459655,0.17766179828312698,0.193646874069626,0.2082158271999308,0.22154685909393637,0.23378055308651857,0.24503564896842064,0.25541862701175305,0.2650289726569705,0.2739607242760784,0.2823008734489915,0.29012608332565076,0.2975001365831425,0.3044741489886373,0.3110895006249969,3.1354942159291497
-0.5846897058644408,-0.38771291003773306,-0.26960118419896567,-0.184583374311136,-0.11817796524426039,-0.06387913578873498,-0.018191052163416068,0.020984608409453678,0.055005500498915526,0.08479835215132388,0.11102103878050192,0.13415454835798166,0.15455949364484636,0.1725155890505982,0.18825766039227887,0.2020232730010798,0.2141259730359518,0.2250229265567155,0.23521442978396775,0.24492409162962425,4.119037174812473
-0.6114840433792263,-0.4103499650789124,-0.2900772323579385,-0.20372247858683268,-0.1364409089525904,-0.0815678798765769,-0.03552555349483838,0.003830573199389997,0.03788489674842003,0.06757886761375353,0.09357662444840181,0.11635873578035445,0.13628005982760333,0.15361244359477882,0.1685922978597674,0.18150435767611778,0.19282725439053436,0.20327938992392955,0.21333505193771937,0.22283468552250124,4.135166556742356
-0.06298909343313049,0.008901411275924372,0.0555002199938763,0.09096435934480294,0.11990189170060286,0.14447642572382668,0.16591447982273108,0.18497567644959814,0.2021516492941142,0.21777436854981772,0.2320790361656135,0.2452405751290762,0.2573955144648823,0.2686556910147482,0.2791170799872027,0.28886538658188426,0.2979791577830316,0.3065308363844928,0.3145862694267114,0.3222035217467744,3.5263605246161616
-0.5022441624970475,-0.3260842903306125,-0.21930592755431355,-0.14161157022969315,-0.08024080450957527,-0.029453576941645583,0.013840816457475693,0.05150357795588387,0.08474513271302715,0.11439834131011004,0.14106166796859895,0.16518030835299552,0.18709505911255112,0.20707329273971736,0.22532955436914492,0.24204001597383398,0.2573533482981618,0.2713996450488173,0.2842983988013575,0.2961658271450705,4.197201947661808
-0.6732853164403104,-0.46639287093711745,-0.34393584065809374,-0.25691346410152,-0.18986365470321998,-0.13587105492711793,-0.09125007816344892,-0.053823027590271126,-0.022224614902735473,0.004416547352630933,0.026627958458015952,0.044650082588248194,0.058464975034556395,0.0684869124958609,0.07969470067578505,0.09216090134971416,0.10056955477949328,0.1092154229738048,0.12063434347774986,0.12794937394730527,4.174387269895637
0.07660512803937358,0.12977940097324805,0.15787247717434907,0.16824079573082523,0.17953908658916373,0.2036903110200749,0.21498860187841337,0.2063845290126217,0.21510250594182345,0.23841945698391248,0.240856673617662,0.23447760521372266,0.24512848377175836,0.2561442146285373,0.26257068141482365,0.25721729878676797,0.24804652306154576,0.27377748230095195,0.2803663723086907,0.26368265747401876,1.5040773967762742
-0.5083707740075853,-0.2785827248818075,-0.14460656257432106,-0.05253688229597119,0.014471156540894212,0.06354085671277807,0.09764847411924393,0.11703991202707084,0.13147694992987685,0.1608838664013263,0.17660177194898294,0.18326276182487358,0.2098152773150259,0.22328555217091844,0.22422981464532596,0.2487148628160949,0.2609753977980076,0.2593681644334214,0.28027321641974096,0.2913862157006523,3.4657359027997265
-0.12540268447143302,-0.03034676769963126,0.029272901035203816,0.07346748148564182,0.10867812128802337,0.1378585636741649,0.1626460779997565,0.1840616247141076,0.2027886797405878,0.21930738046598713,0.23397254820275395,0.2470650877406396,0.25882682563906406,0.26948093704816634,0.2792356231776397,0.28827089497754854,0.2967204675971872,0.3046696409878441,0.31217496634570563,0.31928585202136617,3.4657359027997265
0.026687028666046646,0.06530030919706545,0.09346844063797823,0.11734245285566924,0.13844723617084104,0.15748222641575665,0.17484796663137994,0.19080399011293386,0.20553296662083367,0.21917192215181602,0.23182947988502364,0.24359632837488354,0.2545519989655456,0.2647693173423986,0.27431708606269395,0.2832611940356614,0.29166431585595975,0.29958460524618175,0.30707413393353905,0.3141779525742139,3.1570004211501135
-0.044459962844229366,0.022776012113988373,0.06663790359518575,0.10009583010773365,0.1274225637057241,0.15066396043900077,0.17097533412121035,0.18905073082347235,0.20532934640673908,0.2201078404518586,0.23359974468784303,0.24596852521480916,0.25734717655704814,0.26785028105562536,0.27758113298557574,0.28663498001164867,0.29509904357670513,0.3030504837324834,0.310554266409731,0.3176628810902677,3.4011973816621555
-0.44261270534509983,-0.2579987666036149,-0.1471772489172767,-0.06775019581417865,-0.006258450927317941,0.04335369482935853,0.08433562454335805,0.11862641745644086,0.14746647966894869,0.17169173720650288,0.19190978970458017,0.20867312955282932,0.22275805052855666,0.2354092502581841,0.24761539463313917,0.2590847839876597,0.26947618911011983,0.2793831267307256,0.28909457451466625,0.2980817178827961,3.7495040759303713
-0.1554296075785472,-0.043708958843789975,0.02486982607037783,0.07455196090444827,0.11312564247786314,0.14414699092335267,0.16957430586844802,0.19062683807556,0.20814989785606938,0.2228330069333489,0.23537885930945854,0.2465497820730281,0.2569238016198519,0.2666207195592477,0.2755582072317437,0.28385762680151927,0.2917462118528985,0.2992344578689722,0.3062331009665334,0.31284848737615706,3.295836866004329
-0.6734562002210045,-0.45578413249665517,-0.32700911654799075,-0.2356738061025184,-0.16553594621468232,-0.10933704879757557,-0.06322090072028505,-0.024928327215856406,0.00692662084684528,0.03317747393479773,0.054237184612921256,0.07015380226734123,0.08140059218595169,0.09406181157061173,0.10834565581790295,0.11769736125142485,0.12727058709881367,0.1403114241983572,0.14838165444230245,0.15584006854602966,4.069026754237811
0.05981151279428684,0.10608801605311598,0.13856665835293813,0.16185327291870247,0.1781500031604631,0.19015838381103678,0.20172750962574407,0.21361865289703202,0.22278442989308725,0.2286982188183586,0.2354369836384951,0.2441674421312782,0.25030077090500963,0.2535248728444526,0.2589591103246825,0.26610529478161354,0.2702929149340626,0.2725689138592807,0.27687887370590053,0.28240202502337414,1.8718021769015913
0.0033324678361887337,0.08344814866951626,0.1283666550490423,0.15557549009269236,0.17154021963509838,0.18340601901829184,0.1995466418642033,0.2133092932422624,0.2197179266324333,0.2264537934230736,0.23927595223470222,0.24673875822496794,0.2482225780878142,0.2560257411484336,0.2657971520321669,0.26976414787783165,0.2722476036500654,0.2772814578347996,0.28417258123663514,0.28970240577186374,2.2512917986064953
-0.0688144336739412,0.007182300376384282,0.05598364420469797,0.09279041169486353,0.1225487936804379,0.14757981415844618,0.16919836900933968,0.18821873492698177,0.20516888294253113,0.22040765276297608,0.23419338363813125,0.2467243895082922,0.25816362408751836,0.26865371160809737,0.2783248261219327,0.2872963171526087,0.29567351319247004,0.3035431742625584,0.31097211860153556,0.3180110086820016,3.417726683613366
-0.18572309966638914,-0.03402289793795008,0.05116914921408878,0.10459291974911385,0.13623545450790095,0.14990206688801153,0.16904742835972542,0.19579127483966327,0.20522055636744363,0.21137896170002232,0.2368056839748724,0.24541340585134877,0.24238871847447638,0.2653743309729403,0.2752787961025817,0.2752524657452135,0.2879873371204824,0.2948299061296271,0.30335105893862524,0.3116838241844429,2.833213344056216
-0.31276945659403793,-0.16700771798070133,-0.07809024786307159,-0.013377099709079698,0.03752448294923231,0.07931104394085114,0.11452098803633193,0.14468884816185212,0.1708181413614099,0.1936056081068059,0.21356032460514074,0.23107547395107403,0.2464799684821088,0.2600829212323728,0.2722100939592424,0.2832094480558122,0.2933941553765543,0.302956547376921,0.3119678701098526,0.32047522875976436,3.7495040759303713
-0.0022047592822615515,0.08861951522021826,0.13423535624602306,0.15490209058665422,0.16291660235797142,0.18760962664013564,0.20696206371895254,0.20707101618333776,0.2130899309133551,0.23658623411585075,0.24098875878535633,0.2356660312939124,0.25196646646284354,0.26208157940905,0.26745282046171337,0.2689818213331402,0.26392729504441526,0.28339713349818385,0.29106529038962237,0.27737334524358764,2.1400661634962708
-0.5351403193126161,-0.34582991931161344,-0.23187755425502618,-0.14959740584069328,-0.0851547694882827,-0.032328219519978205,0.012229056238751677,0.0505287646167766,0.08387505256112188,0.1131607754432182,0.13902282438475627,0.16193054183614095,0.1822402451545851,0.2002329985330514,0.21614684773397483,0.230212972273378,0.24270118446307173,0.2539575279341823,0.26436583973114275,0.27419284148960305,4.069026754237811
-0.2798966085388572,-0.14710475639770962,-0.06540609713304847,-0.005423175544977892,0.042201830698578066,0.08170142425582605,0.11536681255635041,0.1445866996963468,0.17027262574888735,0.19305987135802893,0.2134122277432159,0.23168129186859512,0.24814299224023112,0.26302238066143774,0.2765121615092174,0.2887872133517402,0.300014819064183,0.3103581458140952,0.3199703924058577,0.3289818045081572,3.8394523125933104
-0.3433976696035797,-0.1989519507585939,-0.11031112160982182,-0.04523033076204475,0.0065358604456926175,0.04961120910158178,0.0864933051898228,0.1186913815941304,0.14719137629655676,0.17267604557792973,0.19564027572834386,0.21645614735362456,0.23541191064429978,0.25273667151086004,0.2686169824299481,0.2832087451866527,0.29664631983291795,0.30904980393743764,0.32053074736269843,0.33119595559951803,4.02535169073515
-0.4169410470052595,-0.25073326825522807,-0.1498497817910706,-0.07654667501345451,-0.018843294498770348,0.028660328719200344,0.06887597445974031,0.10355863071408368,0.13385028638323299,0.1605373108215784,0.1841857297442784,0.20521851347205133,0.2239636457174263,0.24068768593002443,0.2556233158591274,0.2689954188248767,0.28104423959427643,0.2920326912158485,0.3022168319545694,0.3117862339510996,3.9512437185814275
-0.6776018921760322,-0.45491110807201934,-0.3233791048635231,-0.2303208563725417,-0.15911304411150268,-0.10233980890415034,-0.05608096727940942,-0.018070327292265945,0.013030667386375493,0.03792744060514568,0.056755115600491596,0.06930237257477193,0.08121522263029193,0.09807032955481876,0.108717973906141,0.11707392521348964,0.13243761262745113,0.14172658340611238,0.14769963646788017,0.16190931148736543,4.02535169073515
-0.20898953329594736,-0.09116614624470819,-0.01834256181937228,0.03516639603961777,0.07757255517423557,0.11260305813967904,0.14228570638251195,0.16786010177772387,0.19014896168350684,0.2097320549099392,0.22703814199899755,0.24240068788399255,0.2560967566046743,0.26837620617848296,0.27948013197118765,0.2896414292468041,0.29906340019339583,0.30789212738324584,0.31621397641187,0.32408459858010025,3.6375861597263857
-0.12343316831612126,-0.02947877242992716,0.029542817526716385,0.07336395075838624,0.10833656742914867,0.1373739946198852,0.1620915130255445,0.18349657442048023,0.2022633683562052,0.21886449152732962,0.23364700665238086,0.2468820555624716,0.2587984453808396,0.2696035999321777,0.2794911256283666,0.2886340952534592,0.29717034087786776,0.3051950201348227,0.3127707962408593,0.31994666987163045,3.481240089335692
-0.0994235407210345,-0.01190762796477904,0.043357190723464625,0.084488549057895,0.11734134829809856,0.1446231184434722,0.1678514083187101,0.1879750332180442,0.2056236719794133,0.22123539422877816,0.23513409930246865,0.24757940289793898,0.25879819440415025,0.2690003995095129,0.27837797821729376,0.2870905231884738,0.29525201722219846,0.30293541715955397,0.3101930996249531,0.3170730095520292,3.4011973816621555
-0.5327670954253543,-0.3269754988554798,-0.20420838032962813,-0.11668007334560973,-0.04925123977027966,0.004871649996585434,0.04931821359380444,0.08623676352569107,0.11697816888774742,0.14242054111791533,0.16316775797067737,0.17981226797341282,0.19359896598284443,0.20686956509205465,0.2201067675011765,0.23169168382323796,0.2422204267863499,0.2532322006593653,0.2634083131980762,0.27222043330166523,3.817712325956905
-0.37854820631742153,-0.22168606796280674,-0.12612738323595246,-0.05648337262486293,-0.0015122417930900833,0.043857043118643954,0.08236139409932836,0.11565241093468372,0.14480680696489592,0.1705680829090553,0.1934734277240866,0.21392597994855414,0.2322393576067115,0.24866795624060317,0.26343040356468017,0.2767299496931684,0.2887716827633161,0.2997706141710789,0.30994010844753456,0.31945951656659893,3.9318256327243257
-0.2383701518752753,-0.11300157210819776,-0.035793522838293956,0.020812495718605037,0.06561408714370927,0.1025978998331458,0.13392717814565,0.16091849591096896,0.18444118169050824,0.2051052351665726,0.2233601185538071,0.2395533406366049,0.25397047397525463,0.2668657862070822,0.27848441042338906,0.289069370716334,0.29884485343478745,0.30798335235584795,0.3165899272366643,0.32472564805559445,3.6888794541139363
-0.363246570712521,-0.20295325794427543,-0.10577918178294927,-0.035447102074465754,0.019579390841765697,0.06450577686901393,0.1021394050949267,0.13417121065434412,0.16170053617444996,0.18548483592514675,0.20607447248471356,0.2238990066272112,0.2393397130210005,0.2528054855328547,0.2647891015496732,0.27580353760522697,0.2861622767299434,0.29590548360035857,0.30504362503959215,0.3137081803425188,3.7612001156935624
-0.26392042012139766,-0.1212612892911522,-0.03481499114385024,0.02736460386561685,0.07547148211509333,0.11411265998398326,0.14577413361391037,0.1719569239765544,0.193652028705244,0.21160001072897186,0.22651325545171885,0.23930370257295602,0.2510174115299733,0.2621383516644362,0.272424453467305,0.2818398482569481,0.2908024091290378,0.2994222345702364,0.3074311672577686,0.3149365231952246,3.481240089335692
0.007916713897752805,0.0760066128423558,0.11774016055550832,0.14697006025730672,0.16861159342724238,0.18480789226556724,0.1974573595489914,0.2088298613362672,0.21993381360142275,0.22967087511748058,0.23752995002549632,0.24490758030404158,0.25268518866557294,0.25946453458853036,0.2647650067699308,0.2703469856970481,0.2765758382081204,0.28162833214273997,0.2855997140942803,0.2902737976873039,2.4423470353692043
-0.2156553422726195,-0.10006547592204346,-0.028279409380788992,0.024799466551699727,0.06718552825182142,0.10251299905269401,0.13275628731016986,0.15911928788027213,0.18239871685395148,0.20315424133714202,0.22179643564519022,0.23863664230703743,0.25391810184262975,0.26783725430455396,0.2805593274194368,0.29222994997483864,0.302983110394983,0.3129448760795,0.32223229566058886,0.3309485033171764,3.784189633918261
-0.4393520288715871,-0.273079385976177,-0.17196152197565645,-0.09824924190435708,-0.03997215081092442,0.008261380092580648,0.049357822569895564,0.08506928856040041,0.11653652278523108,0.1445455940015002,0.16966255873494174,0.19230980841938664,0.2128121208114804,0.23142605754731946,0.24835995109883785,0.2637886272187561,0.27786534104398414,0.29073223717895974,0.30252932695019535,0.3134001085377332,4.085976312551584
-0.3494622064590008,-0.19893086036149843,-0.10703616530658022,-0.03997273311677855,0.013006577895434586,0.0567531459588234,0.09388718725187742,0.1259913075186902,0.1540987058621816,0.17892436003006373,0.20098634858321496,0.22067499323004644,0.23829575050003057,0.25409885139799093,0.2683026056753306,0.28111333047440795,0.2927403318925416,0.30339862282329094,0.31329093765567567,0.32257586779108344,3.8918202981106265
-0.36261250711016685,-0.19721314522556332,-0.09741648183309248,-0.025642873014890186,0.030060701688129247,0.07508314050056664,0.11232346652999843,0.14351958507345244,0.1697939473192163,0.19191977092905413,0.2104870208764326,0.22606432940716847,0.23940321855512262,0.2514903143793345,0.26298162369809946,0.27374487132157965,0.2836327353051596,0.2930022236160417,0.3020606791036689,0.3105602312827039,3.6635616461296463
-0.5491697708697115,-0.3680662291347853,-0.25853502835710473,-0.17892434896222292,-0.11605942278489167,-0.06401972988540687,-0.01962023150559591,0.01905561874470459,0.053253423003403876,0.08382969233036884,0.11139938458611325,0.1364194257829011,0.1592389729880779,0.18013119357075208,0.19931422235660973,0.21696554326643366,0.2332322995631144,0.24823910256343312,0.2620943802130714,0.27489596636401964,4.30406509320417
-0.007682073368480168,0.050520634821930824,0.08901880302704156,0.11850198968689173,0.14273355241329128,0.1634752141913179,0.1816082397261739,0.19764902102420762,0.21194080771196708,0.2247393532546306,0.2362572782103636,0.24668749401856704,0.25621084669534777,0.26498963425777006,0.2731538773470849,0.2807943909781425,0.28797219111939415,0.2947365633518867,0.3011348371424376,0.307208606097509,3.068052935133617
-0.6870811958385385,-0.4620439249646058,-0.32943042763112707,-0.23587533980257105,-0.16455667363650944,-0.10799095916286389,-0.06225315267258918,-0.025125646141325734,0.004601097395223047,0.027320983294373817,0.04234509356605427,0.05092400752831966,0.07117898757115827,0.0841537502689375,0.08909779899384365,0.10751091483444353,0.11895371201764723,0.12150046392358746,0.13849185572116374,0.14877477352158222,4.0163830207523885
-0.48862308641061647,-0.3064462131894849,-0.1965164592200945,-0.11702354781473327,-0.05471381329874775,-0.003621876580632574,0.03946382426500458,0.07647502615180972,0.10866494263537502,0.1368924782086047,0.16177154290148457,0.18375655369958765,0.20319625503842223,0.22037312515540258,0.23554002949664318,0.24896220041798525,0.2609600406056056,0.27191149755793387,0.28215121231140106,0.29183672746213846,3.9982007016691985
-0.35843584532605294,-0.18864928548437784,-0.08672215850899019,-0.01394072571062092,0.04200654267256272,0.08665873417909707,0.12297980050338916,0.15272873298053113,0.17703056290138966,0.19669720881367125,0.21257251602253846,0.22605734069826797,0.23891923082811112,0.25131662541603456,0.26234439000799065,0.2724609082951777,0.28258282222582726,0.29206790177067155,0.3005105547311542,0.30888808564423503,3.56953269648137
0.02794845130530632,0.06921514925474445,0.09870116294636672,0.12330252427162554,0.14472663375841557,0.16375602530666428,0.18083984981647605,0.1962721661226723,0.21026549306174722,0.22298773895153612,0.2345833424851067,0.24518574806752433,0.2549231682735474,0.2639178371222016,0.2722799575501212,0.2801005299223751,0.2874489189698888,0.2943776631960077,0.30093048057902033,0.30714685252435536,2.9444389791664403
-0.28139979528445,-0.14317343376929487,-0.05863337527372691,0.002987522413351505,0.05149647893717012,0.09132999272810521,0.12488898660146339,0.15362806538040266,0.17850180048658837,0.2001761754888212,0.21914134032551566,0.2357808000847985,0.25042250622751194,0.26338203567910096,0.27499158105516697,0.2855883123407289,0.2954458498372889,0.30471114226597606,0.3134401621039579,0.3216884738732238,3.7013019741124933
-0.5821583687135851,-0.39747407164412496,-0.28610799424600264,-0.2053536735823409,-0.14171150453397158,-0.08911883517480407,-0.04431622922365856,-0.005343636430615109,0.029071954343670207,0.05980522736877899,0.08748358318177779,0.11257258934415239,0.13542737771244423,0.15632513302379927,0.17548651753398595,0.19309037474527488,0.20928427739352007,0.22419254609878878,0.23792285540171132,0.2505722400700794,4.343805421853684
-0.17417803296560525,-0.06034420948804708,0.009757449501568125,0.060864613120245555,0.10090989589457391,0.1335055248264875,0.16062972964622216,0.18350344224680015,0.20294782928515429,0.21956339603758043,0.23384637391754823,0.24627718267612037,0.2573567500998694,0.2675283572204932,0.27703118794647996,0.28590963995311314,0.2942006882644859,0.3020198004187253,0.3094563964077643,0.31651011817729136,3.417726683613366
-0.6299363913619602,-0.44470843402404286,-0.33743912106794766,-0.2634734698676953,-0.20912183631143044,-0.16925889829316482,-0.19908767765798402,-0.1544372292802166,-0.12114552257710162,-0.14964971891368417,-0.11111136400549561,-0.08223850441423472,-0.1093444363870458,-0.07578199890095975,-0.050188484277081766,-0.07266348460716546,-0.04540098438194175,-0.023893785478621407,-0.04061347504178614,-0.017437342375961628,4.143134726391533
-0.30765744989054034,-0.16391379942268425,-0.07611856299210977,-0.01213909068672465,0.0382566298619447,0.07969325510961546,0.11467109626442845,0.14470243253150974,0.1707769608456624,0.19358231039399212,0.21362062386232109,0.2312776471063772,0.24687050248997994,0.26068690571932457,0.2730181309369002,0.2841730432796118,0.2944487530432213,0.30406303596513956,0.3131226032011558,0.3216781570845266,3.7612001156935624
-0.34999275139030167,-0.19473234989101554,-0.10035612600164562,-0.03185295597599605,0.0219132407537678,0.06596958130978565,0.10302958236345502,0.1347301642555314,0.16213809199623014,0.18599036096132368,0.2068221064335088,0.2250439135560879,0.24099842438754318,0.2550120331013785,0.26744200858789113,0.27868750778799656,0.2891112802803924,0.2989155070504669,0.308150818389916,0.3168620222282387,3.784189633918261
-0.640195844738495,-0.4312218306511181,-0.3068253824427916,-0.2179570746529831,-0.14911429953189592,-0.09334563574739368,-0.04692877276888359,-0.007643648551641359,0.025929480227314748,0.054739093994076365,0.07943227957070592,0.10045004304056006,0.1180950060794584,0.1326397572816225,0.14467279405773725,0.15573942786684977,0.16702726599722598,0.17738312466676404,0.18653114513687472,0.19593575165583257,4.102643365036796
-0.5689762400625309,-0.33896513448467436,-0.2034906492356305,-0.1086203790766242,-0.037342925668087786,0.017855699272716904,0.06080683720230572,0.09347782755063168,0.11663798117054835,0.131429284466331,0.14930153760969278,0.16962106467116075,0.1812916394231245,0.19367657299432678,0.21207896234849902,0.2217799111072294,0.23012545131860032,0.2471827800038328,0.2556974949595337,0.2609468741076232,3.6635616461296463
-0.5661816984374565,-0.3804864121788823,-0.2685049791427904,-0.1873535123773161,-0.12346854960909864,-0.07075582293815692,-0.02593770139220687,0.01295721707714047,0.04720932391639121,0.07769817217289647,0.10505435659711107,0.1297454920984487,0.15212798165349137,0.17247982906075832,0.19102246287740549,0.2079360780944097,0.22337129235001255,0.23745905226020608,0.2503202146991188,0.26207555871958294,4.2626798770413155
-0.5349495987141658,-0.3550894823149574,-0.24623399839035426,-0.1670866358310978,-0.10458057349863772,-0.05284197845195432,-0.008710049011315595,0.029717633340702508,0.06367773877187598,0.09402079369923115,0.12135758850713484,0.14614208645138815,0.1687213327715861,0.18936702665913213,0.20829637623323727,0.22568647821411936,0.24168474160317555,0.2564169496478547,0.2699940180662565,0.28251811824882783,4.269697449699962
0.012306808890288923,0.0588549056935179,0.09110633560828457,0.11691487788205948,0.13909041719827817,0.15873442972118165,0.1764215977330864,0.19250211074508436,0.20721211606089845,0.22072358710801906,0.23317037609314087,0.24466335420157143,0.25529978248003743,0.2651690097627822,0.27435526895629825,0.2829379211270437,0.29098976342984384,0.29857467652834946,0.30574625442577164,0.3125484342552136,3.1780538303479458
-0.3637877497984768,-0.20800717486276182,-0.11318617905125149,-0.0441962815114955,0.010128726958588475,0.054827923735534766,0.0926214442022146,0.12515076661080066,0.1534860394563218,0.17836645519649394,0.20032680644730014,0.2197705606385091,0.23701704842098062,0.25233712891320376,0.26598480768555227,0.2782247650106662,0.28934275874725357,0.2996159396089921,0.30924878511116977,0.3183435908369991,3.8607297110405954
0.04084088873284838,0.07524163142540931,0.10318814705918998,0.1271968265481907,0.14829188794601417,0.16703300023713075,0.1837777058578014,0.19878270019532643,0.21225383495384167,0.22437517059260137,0.2353258246102053,0.24528492868027793,0.25442301935863415,0.2628839084770822,0.27077110752285255,0.2781529061946575,0.2850824577540444,0.29161267224724835,0.2977932827676004,0.3036607957276674,2.70805020110221
-0.2147833975183644,-0.08035622162672275,0.0007678232950861755,0.05856557557503735,0.10261671437105893,0.13724815801685342,0.1647948337755285,0.18668908705166418,0.20400713332128184,0.21799835777575516,0.23046099089514063,0.24257791265072062,0.2537214063205859,0.2634877770856773,0.2727869692784071,0.281977033661974,0.2902409696360968,0.2977088788603447,0.3052952883520502,0.3125776684348002,3.295836866004329
-0.6695981557090176,-0.4566100223118951,-0.3304409812304616,-0.24077083045819253,-0.17171318628746957,-0.11616082599261013,-0.07032615024677358,-0.03197283716493521,0.00029825026033076336,0.027375783671378915,0.04979253884728944,0.06779478311994674,0.08147195139176984,0.09209195363718856,0.10467536642663107,0.1169332430351426,0.1255636501985023,0.13560276286941952,0.14679261067241434,0.15414503682438335,4.110873864173311
-0.4346016156761802,-0.25787960888481815,-0.15126908348401857,-0.07436698333410784,-0.014346709305668722,0.034569808918445466,0.07549304084694834,0.11029150390942608,0.14017430748884657,0.16596754299255084,0.18826214797474333,0.2075062579972345,0.22408204644426705,0.23839593209941917,0.25097930107846983,0.2624734366258867,0.27332265226128216,0.2835499226128014,0.2931050547428938,0.3021625334307514,3.8394523125933104
-0.04892125455695735,0.022066322557365296,0.06791397847257499,0.10254715658784831,0.13055132169511094,0.1541205267393957,0.17449316688591343,0.19241391930077273,0.20835651991492543,0.2226458510605963,0.23552360720544793,0.24718558209228964,0.2578032242288154,0.2675339469350773,0.2765215272013701,0.2848893080129189,0.2927331019200744,0.3001216713479842,0.30710580116880404,0.31372830737695023,3.295836866004329
-0.4842815204133025,-0.2994603254468998,-0.18814135761245104,-0.10785586195215241,-0.04513705439346514,0.006076328824863774,0.0490457323310975,0.08573029453171983,0.11739791316112146,0.144914271871908,0.1688953551634461,0.18979704999802888,0.20797779064773209,0.2237584772415471,0.23749915568350138,0.2496813044586608,0.26087491465570023,0.27145827210610085,0.28144906995652935,0.2908201009352076,3.9318256327243257
-0.23790547294972772,-0.10697603977847275,-0.026938060775720675,0.031194076847550482,0.07667994517501904,0.11371497409568496,0.1445744938107033,0.1706428554290007,0.1928355951808408,0.21180438746489821,0.22806006809462412,0.24206952734525175,0.2543346853372136,0.26539396834988355,0.27566891589103404,0.28530806700753586,0.2943106379696951,0.30275500204053274,0.31077945422650327,0.318423684139744,3.5409593240373143
-0.5980256343668732,-0.3972403489592588,-0.2770782026897062,-0.19076549209312033,-0.1235058346364424,-0.06865428054286309,-0.02264268528480691,0.016667992376520425,0.050658705613633,0.08026853748540709,0.10615998412259162,0.12881283102576616,0.14858300731596263,0.16574833800900732,0.18056383475440416,0.19335943111941203,0.20468335533895285,0.21525372561221345,0.22540486085337447,0.2349353407162622,4.102643365036796
0.029739265985619226,0.07483999157604586,0.10613388395004408,0.13162247924277568,0.15328242913638065,0.17202143561234454,0.18837066881141942,0.20269990866922022,0.21531275032234543,0.22649555647978625,0.2365319923407371,0.24567966068187477,0.25412518855597627,0.2619676160624141,0.26926001936762783,0.276065692228725,0.2824642833758456,0.28851287974661705,0.29423160329045767,0.2996405849898158,2.70805020110221
-0.06785275350222782,0.00746576683705673,0.05590378996150718,0.09248979541836806,0.12211419592343499,0.14707208952716788,0.1686638379252704,0.18769470875642968,0.20468659451087218,0.21999365746783536,0.2338699247557572,0.24650901217057097,0.258068288901898,0.2686838098295481,0.2784787636973726,0.28756644920422736,0.29604873509206103,0.30401231371385345,0.311526341947865,0.31864405800979095,3.4339872044851463
-0.16248702538804163,-0.06081676677291163,0.0028861854428904503,0.050260536053150125,0.08823942205735968,0.11997890088450065,0.14720525617013647,0.17098193487155008,0.19201938922603132,0.21081847568787176,0.22774545674644806,0.24307643404037316,0.25702653207104437,0.2697702953796196,0.2814562530876303,0.2922169320540059,0.30217455153272327,0.31144223572923446,0.32012133076496924,0.3282972316756907,3.6888794541139363
-0.25746323186491954,-0.06333393061143792,0.0378839419344761,0.08861229294990226,0.05898015974454618,0.13632196186881324,0.1752576304558376,0.12300938137269367,0.19632881885213316,0.23227457788779277,0.19633883774158584,0.2376359052636364,0.2663480621322248,0.2586993741867886,0.2871076197790679,0.27495560493403387,0.2869372473337238,0.32350429191654334,0.29254663598009806,0.3106758209395584,2.772588722239781
0.04522120391236207,0.08264004915325164,0.11222425771371694,0.13694798734850586,0.15801938153477113,0.17610898558984764,0.19167553379775568,0.20510639164039035,0.21679346414555006,0.22715071451654922,0.23654937931511555,0.2452112403727076,0.2531974727732801,0.26053888028268396,0.2673458365482995,0.27375451205746365,0.2798064803291251,0.2854745331645245,0.29079814823000627,0.29588382398488483,2.4423470353692043
-0.0540526749199537,0.021218866560094744,0.069314322254803,0.10525388858226949,0.13398015724417292,0.1578555583557757,0.17821298229178067,0.19585672887579816,0.2113063170314293,0.224932895646478,0.23703506690549936,0.2478802377204324,0.2577176498009162,0.266763958228992,0.2751768933188511,0.2830495380473096,0.290438843070546,0.29739911079979814,0.30398675800432085,0.3102440369464581,3.1986731175506815
-0.3769474752041818,-0.1842784905748109,-0.07118555780229739,0.0069629300504772335,0.06421757199321586,0.10666844982067934,0.13722612074424195,0.15740317682750882,0.17192229516437563,0.19231769140204094,0.20966117718275845,0.21953728445371942,0.23435329615812886,0.2501147531696264,0.2574342135075384,0.26758306336301096,0.2824645041729396,0.2888448926287806,0.2952442434818229,0.30869222960711556,3.349904087274605
-0.7068415512211325,-0.4050224165094545,-0.2382589426496011,-0.13667346767033736,-0.22152384948633352,-0.09882103843655787,-0.020380409331556493,-0.10937970675554874,-0.0036453317590324445,0.06356090701628818,-0.0036453255227325873,0.06794270342156236,0.12313739905645105,0.08467770721476724,0.139870025480102,0.15896924208356839,0.13986879196161925,0.19683375699050232,0.1442516519797452,0.18628233535098124,3.4011973816621555
-0.6291479298161561,-0.39700456103488213,-0.2599657866569459,-0.16341840134531194,-0.09012241368509305,-0.03241077234898556,0.013721186957795659,0.05050534644760894,0.07911277881071845,0.0999350434195228,0.11375797024782845,0.12985384232607594,0.14828152993633734,0.15945116330099854,0.1710034547782118,0.18772345822560144,0.1971524807923373,0.20546015006664806,0.22092804769521715,0.22918470113857922,3.817712325956905
-0.7109047785182647,-0.47124275110943986,-0.3313363750541653,-0.23401420653495938,-0.16139091873091213,-0.10574783781083598,-0.06352414157987041,-0.03413544169786268,-0.04150515854262819,-0.005026267477208387,0.020090355118184577,0.00954609091299359,0.04210465382585193,0.0642056777051861,0.051501259880006,0.08105651594188852,0.1009369237331792,0.08803536251959924,0.11388387155315895,0.13152801698456115,3.912023005428146
0.041337551895399706,0.07608675034474938,0.10423199788914317,0.12834085792669098,0.14945803589471146,0.16815474796294463,0.18479723689529648,0.1996511042541632,0.21293351172526226,0.2248436734846577,0.23557928884429813,0.24533760758082915,0.25429974431219915,0.2626075043880957,0.27035379167806645,0.2775989565539252,0.2843973913686198,0.2908069009555783,0.2968764730210567,0.30263664081453817,2.6741486494265287
-0.5902399882922738,-0.38422915366163224,-0.2611647347797269,-0.17303750090545908,-0.10465415208048619,-0.04919303485095868,-0.0029959555893118058,0.036123055899514554,0.06956612697908184,0.0982754338567555,0.1229026533366988,0.1439091893271668,0.1616481122351173,0.1764950754459331,0.18913708616316294,0.20080474854973832,0.21225248528400636,0.22289953367973867,0.23259501839486574,0.24212646859695067,4.007333185232471
-0.00808571207711412,0.050802663807836795,0.08964580058149602,0.11931075590643093,0.14362271553702313,0.16437213029006997,0.1824550515557679,0.19839787255429045,0.21255310974555905,0.22518747061629535,0.23652750413899687,0.24678226976994116,0.25614699798256646,0.2647905085023612,0.2728386436674911,0.2803726687834901,0.28744799298795076,0.29411527172223734,0.3004243624783605,0.30641487373098214,3.044522437723423
-0.7050138007400879,-0.455759812624805,-0.31028122986250417,-0.20926779388259364,-0.13416815981635877,-0.07700045533605056,-0.03413841245225724,-0.005158126723298787,-0.009147330433858639,0.027871680029792723,0.05252135942073414,0.0444108291930727,0.07749798558142072,0.09913492671842372,0.08816250227035952,0.11825061243753549,0.13770642374009923,0.12616995330557007,0.1523847731049589,0.16960253536936706,3.828641396489095
-0.16535378448494553,-0.04819610712288415,0.023261749867315662,0.07465480978634016,0.11420887935515853,0.14567074285316006,0.17109608811211988,0.19176799588202664,0.20861675684523281,0.22252480737685895,0.23455092384412538,0.24569243333799914,0.2561922592149563,0.26576655876504274,0.27451909923421736,0.28288435034644716,0.2908669134167747,0.29820603322202927,0.3050862301868938,0.31182135484808454,3.258096538021482
0.011850193839023417,0.06177341415095881,0.09571021895838888,0.12240267998330145,0.14497601537645913,0.1646544028142412,0.1820777386408795,0.1976398961369308,0.21161397429112982,0.2242105241692668,0.2356088954363314,0.24597425284942717,0.2554633603603809,0.26422002349114365,0.27236445389444724,0.27998603491832164,0.28714753120802355,0.29389791008355387,0.30028210975146746,0.3063408769276256,2.995732273553991
0.04037629623062394,0.07444979377307187,0.10220772654555807,0.12611876664031596,0.14718802380780432,0.16596449358794538,0.18279792232345782,0.19793741603430406,0.21157958267625976,0.22389626538057272,0.23505126105407023,0.2452075395992788,0.2545236890272132,0.26314090828539116,0.27116917000346197,0.2786849397779617,0.28574368516444737,0.2923952086903552,0.29868766121496676,0.3046609763088021,2.740840023925201
-0.118589792375842,-0.008673755022739957,0.057614993032719095,0.1042327781929935,0.13889519174089568,0.1651521099119013,0.18503189689650598,0.2001663935095175,0.2127497382835121,0.2250121036937728,0.23662702201339622,0.2463991524577787,0.25516416427227767,0.26420984068015474,0.27253384985350365,0.27941178370689634,0.2862822630706847,0.29354774280138235,0.2996750381966847,0.30498331652718824,2.995732273553991
-0.028999886277748653,0.03682181125509745,0.07962179866662826,0.11200739296285316,0.13823113566058823,0.16035793344243685,0.17950831857479776,0.19633126924735442,0.21124453726936077,0.22454731521794796,0.2364785182818026,0.2472484681366328,0.25705230545498714,0.26606695818192394,0.2744372447030293,0.28226561331639843,0.28961893634156605,0.29654795682779267,0.3031007683753889,0.3093209079730347,3.1570004211501135
-0.583119520646779,-0.3956294528804383,-0.2827381399846112,-0.20102687313093945,-0.13676769532428076,-0.08379450422287957,-0.03879217495752767,0.00023252394517857817,0.03457364322142054,0.065119691105083,0.09250727725858597,0.11720805469708484,0.13958104590003065,0.1599057951935741,0.17840440902616297,0.1952570519749949,0.2106137611445981,0.22460462265618167,0.23734992262822707,0.2489712784767452,4.283586561860629
-0.5692602676797818,-0.3798473331985673,-0.2658480776471575,-0.1834324409976471,-0.11873442463993003,-0.06552322970809381,-0.020448168897218108,0.018505268401469304,0.05264437480198154,0.0828659146918379,0.10981143983824285,0.13395525502160263,0.1556575109323719,0.1751982065358343,0.19280061941779866,0.20864946463417006,0.22290778446591436,0.2357358939591073,0.24731339910163955,0.25785664263405766,4.197201947661808
-0.2483488944517384,-0.08710558930733159,0.006749773021144649,0.07018624551888382,0.11474478512464045,0.14523456434519824,0.1641163855977723,0.1781688885926936,0.19893388114538169,0.21495857655411613,0.2233144041340934,0.2380735675554662,0.25291964078548945,0.25854803526076686,0.2677358104805521,0.2821434343080903,0.2876395397770701,0.2927495167413813,0.3049412697345393,0.31139201731305116,3.091042453358316
0.011495075667259089,0.06379719856490675,0.09889114803738853,0.1261534740367296,0.1489338201897568,0.16854413446553895,0.18567337637879638,0.20075359783172783,0.214098572960114,0.2259702891243475,0.23661238890800082,0.2462576173453949,0.25511053458580124,0.2633207996478979,0.2709774455835917,0.27813657494262883,0.28485447639887945,0.29119192032511104,0.2971950671675231,0.30288929276266363,2.8903717578961645
-0.04384201503711667,0.022873773632881792,0.06645947342726358,0.09975279953205868,0.12698312413942928,0.15017568825736974,0.17047424314165308,0.18856585450753854,0.20488512639092002,0.21972526076059154,0.23329671950604783,0.24575979198962353,0.25724385922095616,0.2678593145774833,0.27770483656152,0.28687115059903223,0.2954418679093442,0.3034922117091764,0.31108706987548695,0.3182800837253463,3.417726683613366
-0.24070850351375428,-0.11921158965793827,-0.043966904319673684,0.011583082747420445,0.05590843682418976,0.09284516404709478,0.12447351717258451,0.15205801736579988,0.17643217048588677,0.19817947797432894,0.21772724350542774,0.2353993282481076,0.25144839638066774,0.26607741007643904,0.279455119384859,0.29172777223946306,0.3030278178740397,0.3134793780230035,0.32319974147666697,0.3322966693609381,3.8394523125933104
-0.6687513140990364,-0.4701582815040614,-0.3541727056775526,-0.2731249724376577,-0.21209618506133557,-0.16459997702781845,-0.1275330769614047,-0.10003308557838954,-0.11342013489165596,-0.08137353092466325,-0.05763460424375446,-0.07203341048045625,-0.043521751874260835,-0.022523229093464714,-0.03749890544023815,-0.011719133896594985,0.007199054957137396,-0.007245509616539893,0.015504339094291025,0.03243570072188574,4.1588830833596715
-0.13859896627366958,-0.04307167398596999,0.017045401055087166,0.06186251524243765,0.09783710208762372,0.12791791796310426,0.15372745095629872,0.17627201305062368,0.19622576670030725,0.2140625382870538,0.2301268886168552,0.24467791331894834,0.25791850859727894,0.2700155990260226,0.28111403288386627,0.2913452350100581,0.3008307375961391,0.30968086480151585,0.31799046477029697,0.32583550502714226,3.624340932976365
-0.7002436146226704,-0.47504495976443983,-0.3441424302601451,-0.25354830939399847,-0.18649533759097855,-0.1359996469865201,-0.09971167832708341,-0.11894377536042836,-0.07617108949950614,-0.04540539792383285,-0.06603451104490227,-0.028349634323858047,-0.0013947469077753665,-0.02283575574128903,0.010860771535293266,0.03500284074426806,0.015660831850689862,0.04404029168531259,0.0650212983719637,0.050959391167450206,3.979681653901961
-0.6824760064847347,-0.4542649859421157,-0.31974190920415335,-0.22486109874144722,-0.1525820393930899,-0.0953244396442269,-0.049115243224579774,-0.0117149482667555,0.0180887582501275,0.04067673373972035,0.05543560631614504,0.06555359312866835,0.08567245842957232,0.0983330578151909,0.10455783943509595,0.12284309213002763,0.13395859295560295,0.13758638012704402,0.15446532279766026,0.16442714595089844,3.979681653901961
-0.6050919386130803,-0.4257121730840282,-0.3225602188312547,-0.2524130775729101,-0.20270389992723184,-0.2445539255851007,-0.18956379063412088,-0.149261123318526,-0.1877853086642466,-0.14140197133161134,-0.10700423529264884,-0.1414019713317903,-0.10298513107926693,-0.07303331005437992,-0.09914508336355186,-0.06901420718079136,-0.04610915471861242,-0.0651741596415739,-0.03825000956353551,-0.026364101815928607,4.102643365036796
-0.6998438341130451,-0.4582994561413705,-0.3202909691254457,-0.2279897004009275,-0.1650811416351878,-0.21346916181217032,-0.1408035269926634,-0.08998121143057639,-0.1375176106422912,-0.07546067392761112,-0.03189547517392774,-0.07546067414477062,-0.02446981505557146,0.013555044309032739,-0.017374960210841065,0.020980468975432716,0.04802875169783419,0.028075292564682268,0.0625485864791051,0.0708700193019703,3.7954891891721947
-0.09394541693166931,-0.0004697019601766559,0.05754151260882739,0.09976099423417008,0.13257124348187424,0.15895112337913775,0.1805819764325477,0.1985247439793928,0.21353909177645392,0.22629282857562663,0.2374702649074994,0.2476755386537256,0.2571882985065046,0.26598889940974824,0.27409708731227117,0.28170024141612654,0.2889260244638256,0.2957215160121405,0.3020763466288132,0.30813278663741006,3.1354942159291497
-0.27568449729326994,-0.12011372415234944,-0.02721342202113948,0.03830305765396209,0.08766317746752701,0.12589113339247812,0.15564031815754267,0.17848930648591654,0.19573860889640826,0.20966553855254366,0.22363883874276583,0.2372459676468192,0.24838866307943386,0.2585926053734993,0.2696368710188004,0.2792728624802401,0.28717088739174107,0.2960220162479031,0.30473191281874645,0.31137109070052366,3.332204510175204
-0.02685914536847658,0.05897248195009823,0.1096367624585354,0.14334599321901678,0.16636391804358389,0.18205255368065476,0.1943950209259214,0.20769377059710692,0.22012679398784993,0.22891149936468136,0.23650755381629385,0.24619154989325673,0.25438136610204937,0.25930895230025447,0.2654275046036711,0.27346509482336384,0.2788110229007119,0.2824281589045448,0.288038057892964,0.29399122485669194,2.5257286443082556
-0.6958938733999398,-0.47805492001508143,-0.3504232038058,-0.2609653523829681,-0.19334146167232827,-0.14036421302618227,-0.09840376762031518,-0.06571682267087103,-0.04234990048447028,-0.047016371258056515,-0.018352507286149504,0.0019118431089105313,-0.005156584910938734,0.020607936891643048,0.03857749796021988,0.02995183017546268,0.053481909866803026,0.06970636445854644,0.06041258243529627,0.08161329719365543,4.069026754237811
-0.6128492557957846,-0.42308022288293456,-0.3092028928567043,-0.22701319398237632,-0.16254377637134845,-0.10952516694149085,-0.06458909923175961,-0.025712061215450596,0.008418351712512056,0.038702103230918695,0.06578289254302168,0.09013645060505465,0.11212362413798795,0.13202397833059132,0.15005815686740095,0.16640374232105987,0.18120776553472429,0.19459845549002291,0.20669878238226344,0.21764376501333976,4.31748811353631
-0.6325036141201191,-0.42561093385057175,-0.30229929211487305,-0.21408195682942763,-0.14563151100721194,-0.09007225373776356,-0.0437191967434926,-0.004370672338050484,0.029386173950971185,0.05850166852975093,0.0836329643085791,0.10523949204717405,0.12364605376343753,0.13911433846188312,0.1520145758377278,0.16323354193109305,0.1741345494155563,0.18477787146216312,0.19433767814412603,0.20333009540340438,4.110873864173311
-0.5845139277436845,-0.3715863408351204,-0.24478262915001947,-0.15441475445669578,-0.08475664748981611,-0.028756327863535432,0.017353269177415614,0.05580305421672978,0.08799717015428349,0.11484476418710986,0.1369412404932189,0.15474177650768015,0.169019287554811,0.18188664492652964,0.1952330399910591,0.20739758027492095,0.21781699357680867,0.22864705378545103,0.23936040848772663,0.2482962790091236,3.901972669574645
-0.23415738801387873,-0.0900441272482477,-0.003829263187487167,0.0569403357476881,0.1026066639781854,0.13780634069983527,0.1650052708906347,0.18573104627105338,0.20145660058434306,0.2148260905520403,0.22847875272642013,0.24111380719398695,0.25146638426148,0.26146945474123506,0.27193837634914686,0.28075451711693505,0.28835767030054604,0.2969296524486542,0.304924355308026,0.3111578177597948,3.258096538021482
-0.45052507473379616,-0.2839705285297629,-0.18260835832176353,-0.10862536200501055,-0.05003640840308788,-0.00144521903212974,0.04005646572351762,0.07622164219649492,0.10819161993696888,0.13675286235729167,0.16247167557776665,0.18577053160403456,0.20697399898986887,0.22633781130256767,0.24406817004800094,0.2603352676416995,0.2752833964492862,0.2890390827451125,0.3017180369886771,0.31343107462054853,4.151039905898646
-0.5928336740711879,-0.38183881461395863,-0.25606682569519096,-0.16627408406649888,-0.09687700095419638,-0.040883938561783684,0.005446441375863363,0.04433913148935046,0.07720734971593157,0.10498275724166498,0.12828952997398488,0.1475648675334401,0.16324743805530745,0.17630078965494977,0.18871231159418045,0.201173903747139,0.21226763321643616,0.22229703056424965,0.23271751544378363,0.2425199248995773,3.9512437185814275
-0.5878952998428225,-0.3963433099105831,-0.2812445602683877,-0.19814330076428377,-0.1329808333993428,-0.0794421639302426,-0.03413270004626841,0.004987541429025598,0.03924166181805502,0.06953661557921126,0.09652057107572877,0.12067197658911019,0.14235326966658443,0.16184523769010267,0.1793707011477132,0.1951130258261067,0.20923388862813977,0.22189444024888733,0.23328175912936708,0.24363115054444837,4.219507705176107
-0.4921527857688437,-0.24994472508890536,-0.11168872011256464,-0.02038110235930495,0.04087808486985018,0.0765890021063501,0.07265237033169065,0.12347384186488503,0.15237802074369236,0.13863247144754706,0.18410567618323448,0.20931116105849726,0.1896937821571458,0.2296845902765789,0.25255334726723316,0.23954020150791414,0.26743699197526616,0.2839702835639238,0.2825699637409791,0.3038247535041235,3.295836866004329
0.027045537110335305,0.06641210859345881,0.09495813957497795,0.11904528849542487,0.1402501376239839,0.1592956261023134,0.17659585276405926,0.19241957901989779,0.2069568363221765,0.2203515378946714,0.23271966535087768,0.24416040523580185,0.2547632710766125,0.26461240070102376,0.273788393162179,0.2823678801656064,0.2904214274258881,0.298011044910679,0.30518887348398854,0.3119978979405977,3.091042453358316
-0.10114719920070031,-0.012566541611667462,0.04327082277088909,0.0847528504539419,0.11782117110972098,0.14522285638484747,0.16849720722000178,0.1886066070502638,0.20619041961486376,0.2216952765812494,0.235454818380081,0.24774146720330986,0.2587985079058607,0.26885313747135686,0.27810877749011376,0.286724461076906,0.2948039393170119,0.3024109871445183,0.3095968113689595,0.31641194468390677,3.3843902633457743
-0.5928583840773796,-0.4028282081965586,-0.28860214859557054,-0.2060699278690572,-0.14128578618553886,-0.08798658625224723,-0.04280580632917553,-0.0037200889396863117,0.03058337456749695,0.06100512958476279,0.08818951249042484,0.11261294433616743,0.13463708741522176,0.15454261177661394,0.17255188667207363,0.1888454888131586,0.20357590740587428,0.2168812874255202,0.2289016340922796,0.23979761367591748,4.2626798770413155
-0.11515645816161449,-0.025833850806421237,0.030667897971746818,0.07290896144849661,0.10686577225240833,0.13528108180537343,0.1596769847134828,0.18100357163594985,0.19989617165758763,0.21679764974115306,0.23202780070992965,0.24582732637544166,0.25838690081878524,0.26986660430681664,0.28040842007607364,0.29014270674967496,0.2991889087251711,0.30765183669630214,0.3156171233293667,0.32315030961344293,3.5553480614894135
-0.5442988323933444,-0.3728263097672065,-0.2781833457574077,-0.3728263097672065,-0.268948969905478,-0.20135378714106858,-0.20135378714106864,-0.1461519646062745,-0.19778144291969074,-0.1461519646062745,-0.10671082313126981,-0.14257962038512806,-0.09747644726115368,-0.20135378714106864,-0.06291460100349448,-0.09747644726115368,-0.06291460150235838,-0.09747644727934009,-0.0593422572809805,-0.029881264514930707,3.901972669574645
-0.6577629747095208,-0.40580997969486987,-0.39712194538401985,-0.24465671707923853,-0.1451689503693689,-0.2446567170792386,-0.1364809160468455,-0.0525732460382792,-0.13648091605851886,-0.052573243267298314,0.007296277935412358,0.015984312246262452,0.07394941975771897,0.015984377613052967,0.07394890185769919,0.11547207895613207,0.12416011326698212,0.015984312246262393,0.07394941975771897,0.12416011327865548,3.4339872044851463
0.011772616074326241,0.06223563698970856,0.09643757631620264,0.12326374106863323,0.14589007764415354,0.1655605471257006,0.18292585304490686,0.19838775817331586,0.21222707011435454,0.22466355955507478,0.2358881803048862,0.24607949299822066,0.25540659902465856,0.26402012241312317,0.2720389094137684,0.27954561724132015,0.28659761710439363,0.29324357668620626,0.2995304215848351,0.3054983819150129,2.970414465569701
-0.6386382431669306,-0.42641062671236957,-0.3001716277202644,-0.21010772157829588,-0.1404730794291757,-0.08420924090457134,-0.03754051028100868,0.0017794082821327556,0.03517937802985938,0.06360345170653116,0.08768146364507802,0.10782703469828987,0.12433259529562407,0.1376424700576773,0.14920815391352416,0.16116346728784015,0.1725555722957149,0.18221286584590812,0.19191098498296252,0.20195374712976694,4.060443010546419
-0.5992014835142694,-0.4014632966785215,-0.2829995630657419,-0.19777132744455053,-0.13121758952433532,-0.07679891372059625,-0.031002358449575437,0.00828022753585804,0.04241266814474316,0.07232581200748163,0.09868034342956,0.12195897789191294,0.1425226760004342,0.16064888895003115,0.1765644680589928,0.19048715852651463,0.2026924139265177,0.21359565860540008,0.22371517798085713,0.23336260854385205,4.151039905898646
-0.5958646320262905,-0.3491856946503677,-0.20530538673407758,-0.106048725400472,-0.0332302672163893,0.02088968160547704,0.059637862847569126,0.08301991813668678,0.09167888591246762,0.12510793929688524,0.14454308962990023,0.14630918234192947,0.1763627225391538,0.1932281426407238,0.1900274922629566,0.21756816348338429,0.23278694004486156,0.22769605225160558,0.2513730751402021,0.26487996652784274,3.58351893845611
-0.18529448802608403,-0.057328951387946955,0.01977870298272142,0.07443768038631315,0.11573628223057318,0.14778359808795002,0.17280942445700834,0.19224116812574651,0.2073965637203351,0.22021264440211072,0.23265449434181576,0.24442379519321134,0.25453461469182764,0.26379001044934525,0.2731834085390963,0.2817876946881159,0.2891841066799796,0.2966322940542026,0.30416717368456814,0.3105996343463636,3.1986731175506815
-0.42579130644798163,-0.2638821002682573,-0.1651816205298715,-0.0930579020027715,-0.03589409195148649,0.011542865225996147,0.05207459188045736,0.08740266875518965,0.11863555766792654,0.14653769637979547,0.17166015721123318,0.19441466298693158,0.21511810164238396,0.2340207012229157,0.25132478468414443,0.2671979900411029,0.28178324490782336,0.29520684511895934,0.3075852948832752,0.31903086368891764,4.119037174812473
-0.09780570614080909,-0.011290051537796907,0.04343622403993908,0.08423691548056131,0.11688543442700768,0.1440521103809527,0.16723399582498014,0.1873671403495875,0.20507224271838953,0.2207797413786407,0.23480530168054148,0.24739808454535936,0.2587715636650679,0.26912070151540485,0.27862547728292925,0.28744206275727513,0.2956904177327326,0.30345218928299617,0.31078357793528577,0.31773137629378007,3.417726683613366
-0.6891681990879089,-0.46780705028250597,-0.33739519140444946,-0.2453740397024433,-0.17517958664194558,-0.11944277433076024,-0.07429607740368731,-0.03754966337558137,-0.008000676356625571,0.01475791457591496,0.030011467128618644,0.03712652331778431,0.05743225649852123,0.07067274548049622,0.0744144363458169,0.09287738819457386,0.10459606984838947,0.10613638945284838,0.12316917770255184,0.13372308915784856,4.051784947803305
-0.5550188689421348,-0.37676187748843587,-0.27863019258242183,-0.37676187748843587,-0.2686130700085266,-0.19850488603473687,-0.198504886034737,-0.14111895237499755,-0.19462973404661305,-0.14111895237499755,-0.10037320112872294,-0.137243800387571,-0.09035607851043967,-0.198504886034737,-0.05458822447210579,-0.09035607851043967,-0.05458822553275926,-0.09035607855482763,-0.05071307354463537,-0.020247894581038022,3.8607297110405954
-0.4513732039975638,-0.28122573115825367,-0.1779604478576286,-0.10283745693135618,-0.04357301782397659,0.005364888837867688,0.04695769871596172,0.0830020029098193,0.114666785062109,0.14275684432798638,0.16785101735716043,0.19038063120067567,0.21067702850857456,0.22900230601750582,0.24557091587191862,0.26056665901700526,0.27415777653009366,0.28651095398540083,0.2978018197905847,0.3082150359604744,4.060443010546419
-0.7201624014386246,-0.46921457853618653,-0.32449466864142174,-0.22592419361108398,-0.15525962142487124,-0.10623958416143442,-0.13601692705067434,-0.07781581191981903,-0.03715985046871737,-0.06863471415017904,-0.017917223064451634,0.01736663252731268,-0.014528762930789899,0.029748147921812736,0.061114080992505634,0.03572851437219254,0.07029332888217246,0.095698148687742,0.07947424592542934,0.10807319558980348,3.8066624897703196
-0.23617696017904463,-0.11653571237050916,-0.042322055478605514,0.012553120760120622,0.05641084105430944,0.09301993192336974,0.12442451459136185,0.15186742894838193,0.1761681374824086,0.19790048285055398,0.21748472236146466,0.23523915699496073,0.25141151520330746,0.2661996663911961,0.27976634245752063,0.2922501505509864,0.3037738890005798,0.31445038215940835,0.3243855403244195,0.33367832079425674,3.8607297110405954
-0.6951980792823026,-0.43853560411953724,-0.29490207392707996,-0.20411179591977266,-0.28378274044499047,-0.17896142577109966,-0.10877503067455511,-0.1859769441051278,-0.09765569736645711,-0.038239580228632566,-0.09765569729686052,-0.035327888628052175,0.013823940184778782,-0.024208557462923705,0.024943162583800155,0.04844686409463679,0.024943107041809753,0.07359803844077312,0.027854837998219723,0.06658300259422946,3.6375861597263857
-0.31997004645786165,-0.17611345663109043,-0.08808883744756386,-0.0237545722413893,0.027116444353914047,0.06914456865676268,0.10482734230537481,0.13567507097085021,0.1626756407893182,0.18651453681009333,0.20769017016868738,0.2265796938609106,0.2434801944050338,0.25863764551760027,0.27226988890854614,0.28458555214830356,0.2957958389080228,0.30611139334628096,0.31571977569340787,0.32475794125588137,3.8501476017100584
-0.09832023822478952,0.02938145425546937,0.09729203367776998,0.13394623845530576,0.1466400725385101,0.16390679979363332,0.19475766840981348,0.2034340356538851,0.20136527983260355,0.23254199079309476,0.24239058594020135,0.2323557166380615,0.2558949465777362,0.267907901349768,0.2703374930302412,0.27909656884717193,0.27744928746007397,0.29312316016635237,0.3042668481228165,0.28861732509141874,2.5257286443082556
-0.5179869469317132,-0.33390200731183184,-0.22281903842817408,-0.14240094594143973,-0.07923835127716777,-0.027299375008278493,0.016662560855497676,0.05460071994054399,0.0877832954028393,0.11708062599145797,0.14311577690704394,0.1663500588320692,0.18713506993922838,0.20574692502616682,0.22241158529805252,0.23732732569035492,0.2506886808980906,0.26271222397352945,0.2736525383023508,0.2837794500202861,4.0943445622221
-0.2512552139808552,-0.12543061606260097,-0.04778038824986071,0.009343745630998828,0.05475873433012076,0.09245677933074926,0.12460197843767873,0.1525090034749976,0.1770437004762988,0.19881173901592786,0.21825668890699768,0.23571567180165243,0.25145407106638196,0.2656895091997163,0.2786098716392677,0.29038698078643893,0.30118509321775394,0.31116180994019077,0.3204602633191453,0.32919721449928974,3.7954891891721947
-0.6822667051240299,-0.47070518018623686,-0.34767345674529065,-0.2623712101593781,-0.19901060676846533,-0.15098191989421603,-0.11595886855690753,-0.13611193180035308,-0.09543521794655767,-0.06567963792282916,-0.08659774445093288,-0.05080967964601112,-0.02472252470976466,-0.04600245579782834,-0.014037546180837657,0.009323908941770112,-0.00985263008175966,0.017203640578198412,0.03758659461639311,0.023236086137494893,4.051784947803305
-0.3877349394814537,-0.21815772452777385,-0.11583595349163231,-0.04215529214934356,0.015158081597593744,0.06163648070526061,0.10025717876910874,0.132806493138944,0.16043853596139723,0.18394327782376518,0.20389950405869164,0.22079559849227473,0.2351732610789766,0.24777754005729893,0.2594401812731148,0.27051651700234325,0.28083477401862517,0.29041664286863067,0.29958634635843057,0.30838936219110585,3.7256934272366524
-0.3022568222745421,-0.11339201002991829,-0.006414851074862124,0.06255167307774787,0.10628552360185528,0.12789943139477486,0.13874614260762683,0.1752892640265973,0.19216596268688627,0.19076106895103773,0.22428106252727092,0.23921906010676125,0.22994419557903806,0.2597100776065574,0.27418239692840174,0.2696903873078808,0.2884689798079192,0.29833273693141993,0.3038374798424932,0.3171524460497739,3.044522437723423
-0.07588577104940351,0.005087352505150153,0.05654458386432904,0.09495251673548219,0.12566630695935713,0.15119644488565717,0.1729637690400521,0.19184877860313598,0.20842613445456723,0.2230946871423609,0.23615571880879457,0.24786031904639858,0.25843583139499565,0.2680928712254853,0.27701404337392926,0.28533610525279646,0.2931466297639337,0.3005029824292587,0.3074552037446247,0.3140516008841138,3.3141860046725258
0.06270945174112745,0.11046087969035054,0.14288119592867005,0.16492268647972172,0.17933909903307999,0.19063262387789312,0.20360027794071595,0.2155618850784267,0.2224188176987533,0.22709052698230306,0.2362742891318122,0.2450944306672643,0.24835972243998386,0.25135170588993905,0.25951084322062257,0.26578754602785776,0.26777117730318456,0.27017024564797637,0.2758202538839322,0.2815523337716742,1.791759469228055
-0.11447273964974221,-0.017707879768769207,0.04250052547042941,0.08662436911919964,0.12127163685711405,0.149491029432693,0.17298638844770856,0.1928243913272251,0.20972789382875315,0.22423858698764626,0.23682737972907267,0.24795648824972577,0.25805737863169353,0.26742555813860414,0.2761690300995343,0.28431796593042596,0.2919511443741672,0.2991739847093331,0.30602858264179267,0.31251232846946225,3.2771447329921766
-0.4581863389467411,-0.2399519459286792,-0.11274219346222189,-0.025527221610738983,0.03763584325463344,0.08346343535144841,0.11473001534548302,0.13212528389942946,0.14913682522510105,0.176082332969672,0.18983856268668792,0.1988405328424083,0.2232448348543403,0.2348847789220009,0.23789554320255882,0.2605055820623454,0.27118889399091933,0.2713057630867202,0.2905422244505744,0.30044738888905853,3.4011973816621555
0.0071580945508277405,0.07761087982337596,0.12013075348406774,0.1492790531832188,0.17022327363195827,0.18540243948483542,0.19748323347866684,0.20932340367864563,0.22070549059401615,0.22971754814659973,0.2369665027550204,0.24494805966390087,0.2529493112151498,0.25874727485689375,0.263684580558156,0.27024126103667356,0.2763658250404711,0.28038750853655303,0.284447848910666,0.28984614847788936,2.3978952727983707
-0.3187872652893323,-0.16519919257451826,-0.07216189553804817,-0.005044928847886588,0.04718082578226475,0.08949503149159689,0.12458248993477261,0.15405936030887174,0.1789773619184893,0.20006984235735353,0.21790305608447608,0.2330118946789265,0.2460462871785054,0.25779922481333406,0.2688531628746223,0.27923966067369177,0.2888533603739332,0.2978939046548118,0.30657501174810753,0.3148050374538904,3.624340932976365
-0.35378296199191894,-0.17122670764073908,-0.0634216811034677,0.011695551549635433,0.06742765203716464,0.10963416290720474,0.1412741234946538,0.16396906118647303,0.17975394593279267,0.19548439465959644,0.21332114736607127,0.22635227629229535,0.23691762188220028,0.25146410143388753,0.26305083837387455,0.27039679061081456,0.2820298325716561,0.29295935931179745,0.2986401176376186,0.30733762710076895,3.367295829986474
-0.6348670903115524,-0.43074975719759356,-0.30903441615299254,-0.2218746476062129,-0.15414816476560292,-0.09907086530994455,-0.053005069298294065,-0.013774648825134777,0.020020521655014875,0.049326995424100996,0.07480547890996957,0.09692509766087831,0.11602185375513722,0.13234727292184423,0.1461478250904242,0.15786437530574307,0.16843893384304828,0.17881330171130722,0.18868625450219878,0.1976408925682572,4.151039905898646
-0.6581352569844758,-0.4546115916348146,-0.33366597480851146,-0.24732012597653444,-0.18042309454011704,-0.1261857208354393,-0.08097398232174684,-0.04262030345990041,-0.009737360358978316,0.018603483283422415,0.04303769610567242,0.06399795247538098,0.08176744855773777,0.09653194906518234,0.10854247034512898,0.1187488957694499,0.12912784704791486,0.1393941964817673,0.14812421181746963,0.15657566409004703,4.197201947661808
-0.6604845944569979,-0.4595116876487007,-0.34014118785098246,-0.25493631591144045,-0.1889208716453987,-0.13538531204670837,-0.09073863212734695,-0.05283886411415271,-0.02031473409672594,0.007752217530641019,0.03199122354845659,0.05283127658674988,0.0705518494228461,0.0853247721831287,0.09733405989345402,0.1073210233663226,0.11730276493208809,0.12747592925257925,0.1361220163405045,0.1442172309284137,4.22683374526818
-0.4991837076859858,-0.3208250978532287,-0.21288988113227358,-0.1345197074378174,-0.07277204086983209,-0.0218235770534915,0.02146139611527566,0.05897085897080012,0.09193209297861024,0.12118891213525865,0.14734700281382274,0.17085635657958959,0.1920610891983494,0.2112313847992328,0.228585460348725,0.24430623558229508,0.258555756504411,0.271489185669136,0.2832681145471031,0.2940687845295483,4.127134385045092
-0.013639396977969545,0.05419543693896489,0.09737716581467791,0.1291325191598017,0.15410119327325425,0.17445537515558807,0.19131513217054952,0.20542677546937207,0.21744725941588153,0.2280339534801054,0.23771501632778297,0.2466868672488499,0.25491020160930855,0.2624322357339437,0.26946411540229603,0.27613269179695743,0.2823682178504936,0.28815377826374555,0.293655745682933,0.29896822972781023,2.803360380906535
-0.2831802085646913,-0.14909456571330543,-0.06667544357824573,-0.0062195488814057905,0.04173441589400434,0.08146546279612749,0.11528969531499497,0.1446106331260184,0.17034928704888136,0.19314734500919345,0.21347322874598895,0.23168229088862236,0.24805416736085065,0.26281849013774833,0.2761744519134693,0.28830618492942994,0.29939282477915274,0.3096095838132556,0.31911720400920224,0.3280452861580153,3.828641396489095
-0.14730013693293553,-0.040061546363381245,0.02612644818815891,0.0743666161043706,0.11208543377296225,0.1426791337965781,0.1680223945583886,0.1892820919596914,0.2072521747397419,0.2225335957448027,0.23566121171805515,0.2471842356293024,0.2576333352255646,0.2673532030421217,0.2764262900870948,0.2848596177154222,0.29276031570033834,0.300257957923475,0.30737017017664225,0.3140781629596013,3.332204510175204
-0.5342587436054826,-0.34147139509490176,-0.22563657426210493,-0.14220560323574777,-0.07706695207745068,-0.02387499453806064,0.02078209968007202,0.058952489327856995,0.09196074143769269,0.12071004690132067,0.14584090411796058,0.16782253304764905,0.18701276523576368,0.20370886105624314,0.21821027174578667,0.23090833285451143,0.24235062805890056,0.2530793835621474,0.26327665968478864,0.27285388103016966,4.007333185232471
-0.6187580843731858,-0.39982576730843694,-0.2697879929180416,-0.17733528555804517,-0.10624232065179637,-0.049243212022454505,-0.0024666025051130985,0.036367902548696734,0.0686781398533786,0.09535479163583577,0.11693945756786048,0.13383212651453688,0.1471411126319278,0.16039748110371155,0.17433422974007481,0.18569185634175944,0.19595752943478228,0.20788891940407855,0.2179985631878471,0.22630955624703736,3.9318256327243257
-0.2304410526148374,-0.07852328228109937,0.010741453314438182,0.07193134771615967,0.11595331502952952,0.14753397963481854,0.16911552847464725,0.18373997447881485,0.19963257947990562,0.21679632952360237,0.22835794371740556,0.23818665706267142,0.2522763758636758,0.26260997265306263,0.26867186232235385,0.279681607151913,0.28983791437773676,0.2945445509221499,0.302078315701034,0.3116216061342149,3.1135153092103742
-0.4651868489039284,-0.26647256321840707,-0.1481501342958135,-0.06424516652921028,-0.0001825271249770458,0.050564276273510796,0.09145516033883123,0.12449988055721303,0.1509216363412374,0.1715465284183858,0.1874604612850296,0.2015371335643475,0.21646824639039827,0.2298596276866851,0.2408848439029944,0.25258413458075885,0.2642761026897695,0.27353512300089367,0.28282522088633655,0.2931907156884404,3.6506582412937387
-0.37917671031213823,-0.1937736027129256,-0.08383555525157552,-0.006648599197600609,0.05132239099365615,0.09609334871007578,0.13078221080688754,0.15712481451358123,0.17633682555245328,0.19105462191511596,0.2069982092510364,0.22278631679776353,0.23450846822387172,0.24589163851054197,0.2593115115203764,0.26943338164642605,0.27769336189302,0.28909778246535267,0.2984307290135585,0.3046634070370035,3.449987545831587
-0.6214371004073012,-0.42397810723748236,-0.3058693523177576,-0.22097369987723098,-0.15470849588538277,-0.10052833450373064,-0.0549187778349618,-0.015771558776974306,0.018276911523576137,0.04815723687443775,0.07452987917745253,0.0978771240585038,0.11855857462168749,0.1368474991164413,0.15295910244252142,0.16708192884521117,0.1794289033217143,0.1903225331957466,0.2002527638791359,0.20967827937892472,4.212127597878484
-0.3491039609483089,-0.20264797226451534,-0.11288787021794544,-0.047068710808257516,0.005216701392623103,0.04866483650017377,0.08581229088765066,0.11819160659400273,0.14680369467053192,0.17234144109657937,0.19530687343596276,0.2160773230965221,0.2349451464644256,0.252143019237884,0.2678611258816765,0.28225972560415136,0.2954789949160722,0.30764698514605365,0.3188856090955699,0.32931372136828435,4.007333185232471
-0.16013065042037078,-0.04582962474436146,0.024118537766507752,0.07461810225482911,0.11366515126258289,0.14490681117505871,0.17034823086472672,0.19123879597466364,0.20845987258839085,0.22277684699517375,0.23503735099258022,0.24613525298443079,0.25655944442122813,0.2662243049076694,0.2750626868273581,0.2833519549624963,0.2912902603984364,0.29873609331943135,0.30565421143676613,0.3122912732814556,3.2771447329921766
-0.6942517958815967,-0.4049302022544757,-0.24114734781503921,-0.13427451783092112,-0.06580868390652854,-0.11014918012096038,-0.025472390555897065,0.0295087578544681,-0.020012967531814814,0.05363386154331361,0.10111198027397182,0.05363381473107837,0.11344747267753652,0.15506629843257197,0.12523509296497887,0.1673903403781972,0.19334121415097325,0.17917642048528643,0.21744275505413754,0.21475128842125313,3.481240089335692
-0.5290819565951049,-0.34161677123088613,-0.2286771095417386,-0.1470534388460316,-0.08306119494359872,-0.03054580137422499,0.013804270094240973,0.051980229821236866,0.08527370649371338,0.11456982725315311,0.14050087445047044,0.16353366566263483,0.18402312551244168,0.20224855260865748,0.2184427233180233,0.2328216858778943,0.24562059661069702,0.25712892783033714,0.2676858082589286,0.2775849616042348,4.07753744390572
-0.13410611264212255,-0.04089088579294274,0.017958907938818373,0.061968725760254424,0.09740885017515866,0.12714314081878458,0.1527478739871406,0.17520107450566622,0.19515808533134846,0.2130792407409304,0.22929845042652505,0.24406518477291145,0.2575722363060974,0.26997470435327553,0.2814031399281218,0.2919724596102207,0.3017873310428859,0.3109442731794453,0.3195309065431205,0.3276236212973778,3.6635616461296463
-0.11737156521865665,-0.018839706628063557,0.04230455147959652,0.0869847346797041,0.12195260263594143,0.1503212962847753,0.1738294311815995,0.19356650580211046,0.21027741134255962,0.22453683942963673,0.2368702380376995,0.24780767740957282,0.25781246758604887,0.26713325151726497,0.2758119392979986,0.2838806138983438,0.29146082257351397,0.2986547348022316,0.30546215978445684,0.3118826198193258,3.258096538021482
-0.32768263347872184,-0.13790501468496472,-0.028564292635503034,0.04441696284858158,0.09454928695401263,0.12694332205255968,0.14334016485194692,0.1612293371639055,0.18881000146000548,0.20121679244822735,0.20916442657612985,0.2344205899047954,0.2449802432325458,0.24543273178995095,0.26883356101147493,0.27915565620413424,0.2782848421629842,0.2958849074440814,0.30518229572806493,0.30952120642521513,3.1570004211501135
-0.3832392046562249,-0.2247155343953401,-0.12823078563332008,-0.05797640029513203,-0.0025776777822258206,0.04309595268067109,0.0818131278135086,0.11524417895936381,0.14447761201809836,0.1702646677486877,0.19314781170842216,0.21353407925932294,0.23174063675423257,0.24802641902455497,0.26261751811723033,0.2757299813035196,0.28758840088520965,0.298430468771779,0.3084839387691808,0.3179229894488752,3.9219733362813143
-0.3041746018082804,-0.15658269197024088,-0.06685537383811282,-0.0018709854881758961,0.04892316739851265,0.09029583160789954,0.1248225899947369,0.15405861347883903,0.17901995394856243,0.20041451897453252,0.21877289512410886,0.23454441098716192,0.2481890854133014,0.26024785219151025,0.2712835449267369,0.2816419284941238,0.291361621621008,0.30044345745649326,0.3090288498092438,0.31723461035253786,3.6506582412937387
-0.005471210694710192,0.04891103002758272,0.08546295827513563,0.113891282026844,0.13761603963404603,0.15823936717442103,0.17656186509491453,0.19304912481222014,0.20800344475069701,0.2216386486566084,0.23411773663124885,0.24557404058381763,0.2561238581897608,0.265873662108016,0.27492297568774454,0.28336358533326106,0.2912765100369804,0.29872922333667495,0.30577551776581735,0.31245837978950747,3.2188758248682006
-0.5537503249188896,-0.3686563422977318,-0.25698093284731327,-0.1760392001924057,-0.11232616987338484,-0.05977209980337465,-0.015111768478211642,0.023619105181205767,0.05769641286233287,0.08799663945929838,0.11514816896150278,0.13961697366729098,0.16175824706820074,0.18184920326037562,0.20011103946207615,0.21672465112476597,0.23184302867964834,0.24560241936844865,0.2581336776477582,0.2695739131792732,4.22683374526818
-0.6594308861987399,-0.4374177128979428,-0.30595795097190315,-0.21272100374014605,-0.14117927185987272,-0.08394477752587319,-0.03709380821054983,0.001668855589773955,0.033745598115257146,0.05997243600335963,0.08076490865013265,0.09629470277246822,0.10811242538098813,0.12238618853772071,0.13622431831147275,0.1456890333985232,0.15690908168368672,0.1695004360557348,0.1774620992347079,0.18648142338298698,3.9982007016691985
0.043056222503876584,0.07899944978362795,0.10780785099996948,0.13222745845015127,0.15337447706128515,0.17186160483810653,0.18808927773846498,0.20236271563584005,0.214953600765027,0.22613405345216642,0.23618157745644774,0.24534844940088493,0.2538141645144772,0.26167195648713154,0.2689743391246306,0.2757883626586214,0.2821966874676812,0.28825541093062135,0.293982243495071,0.29939772546059795,2.5649493574615367
-0.2984367976559373,-0.15833303388811074,-0.07256312799433141,-0.009909573711901374,0.039569483014077436,0.0803687455230808,0.1149194546938981,0.14469331075895953,0.17065458130788955,0.19347400603834902,0.21364116497752253,0.2315296218866441,0.2474395787550251,0.26163018426105833,0.2743462809172493,0.2858367440174785,0.2963530551283654,0.3061188643490753,0.3152900697517221,0.3239511863999922,3.784189633918261
0.011921847787939968,0.06133667132409635,0.09502250958625538,0.12158688390072134,0.14410732810762103,0.16378944217129784,0.18126307201442882,0.1969149632293167,0.2110115541860906,0.22375571356049065,0.2353172188612725,0.24584990760072423,0.255499240717231,0.26440109941759166,0.27267410485113736,0.280411816900795,0.28768236129953384,0.29453682214627996,0.3010191296976231,0.3071695075664926,3.0204248861443626
-0.5621287706705844,-0.3716210842944932,-0.25700870079568866,-0.17421893341086023,-0.10930480946198477,-0.055997898064501096,-0.010927114137684046,0.027933965134803843,0.061899728541027495,0.09187100883414388,0.11849138116672996,0.1422357675307965,0.1634641398500357,0.18245649537148773,0.19943828693303736,0.2146027686019872,0.22813585566209327,0.2402468957187335,0.25119707069758374,0.26128878247954446,4.151039905898646
0.03390098176361362,0.08864625014029667,0.12364293720385937,0.14992707465686314,0.17023036388119978,0.18599147262386723,0.19856345944370854,0.2095508390246971,0.21997832986988547,0.2294451201023925,0.23737915033570836,0.24440017915703327,0.25151002278300516,0.25827414245461494,0.2638516312345265,0.2689164641909247,0.2745051304909425,0.2798281553821187,0.2840367937260855,0.288045973623919,2.302585092994046
-0.4739813221440085,-0.3032832806015216,-0.19955993120998217,-0.1239345225785268,-0.0640907654233302,-0.014485794490716563,0.027866365431896693,0.06476479526631175,0.09738025407497651,0.12651898600437134,0.15276101381385593,0.1765385079672065,0.19818296552118544,0.2179550673207184,0.23606446901754208,0.2526835951411977,0.2679578604367189,0.28201382244261475,0.29496616128585357,0.3069238167856113,4.182050142641207
-0.2179742434549443,-0.10138792116748274,-0.02904926258334493,0.02438957579038603,0.06702296867922951,0.10252120550886011,0.1328780906564123,0.15930916249706645,0.182618693733276,0.20337158658013832,0.22198232420331235,0.23876551467977594,0.2539675987325452,0.2677887114151768,0.28039879872658635,0.29194957089119034,0.30258227461751136,0.3124303105892537,0.32161616128694936,0.3302447003531814,3.7727609380946383
-0.6227149570985352,-0.4070130780220324,-0.2787439286632642,-0.18736425142097063,-0.11689076596211906,-0.060160226048541356,-0.013346609433373145,0.025817261243668885,0.05876057983578975,0.08640968792281171,0.10936111542195474,0.12800518116607476,0.1427950404995173,0.1552208773941614,0.16808593194308663,0.1806265744688439,0.19101600396954488,0.20124479923244093,0.21220555188875237,0.22133762830720893,3.979681653901961
-0.6037717309588176,-0.4136436280165516,-0.2994578712793525,-0.21700159949286782,-0.15230079031148808,-0.09908135138696506,-0.05397173140774464,-0.014946012630376973,0.01931001263468953,0.04969768815087959,0.07686179961785414,0.10127897478898172,0.12331086380694517,0.14323785570359304,0.16128161337478447,0.17762124402252968,0.19240636822976345,0.20576981706191647,0.2178425164160324,0.228771824265391,4.290459441148391
-0.005221291928662173,0.0487241935453794,0.0850515014831648,0.11335544918839789,0.13701690077675865,0.15761976588031365,0.17595552913334972,0.19248430227228985,0.2075044255929175,0.22122624979867486,0.23380915666078558,0.24538230537101097,0.25605709681203237,0.2659345763705534,0.27510897892297737,0.2836679840629985,0.2916906160569205,0.29924459390114794,0.30638526249175907,0.3131571143076547,3.2386784521643803
0.03844307944586691,0.07114274255965124,0.09809074041667347,0.12155847732670445,0.14247196583772562,0.16133669602834724,0.1784724529230344,0.1941021825605321,0.20839396512921002,0.22148416144271538,0.23349167523270342,0.2445270907378193,0.25469778080073374,0.26410891682738175,0.2728604454582201,0.2810415785087893,0.28872617310902066,0.2959723150887818,0.30282633310574436,0.30932783000867636,2.8903717578961645
0.03988854528011948,0.11966563584035844,0.13576774252316948,0.11966563584035844,0.18662956842364062,0.20283175695772546,0.19944272640059743,0.2318298615725723,0.2211313817924282,0.23179337012414034,0.21554483308340847,0.24511548663469676,0.27153548504633895,0.19944272640059743,0.27836424838205265,0.27138830568077194,0.2705270955588027,0.2664066589838796,0.29122169763166345,0.2811749955508741,1.7047480922384253
-0.22363948214179533,-0.09916992284458202,-0.022681839660897863,0.03318300703488886,0.07716820405946323,0.11323923907492134,0.14355063591801795,0.16941679782304156,0.19170857597312746,0.21104125013739763,0.22787809750245877,0.2425995423647073,0.25555733278577597,0.2671106423989167,0.277617792725351,0.28736674348334756,0.2965098219030354,0.30510228211068835,0.3131999148388444,0.32088329831016776,3.58351893845611
0.009453981768597856,0.07198053769228549,0.11161965083706658,0.14059235516356028,0.16324461929035147,0.18131972124688756,0.19589603926176932,0.2079882090317727,0.2186700206057024,0.22861677999849903,0.2377354127904094,0.24578663449973137,0.25306902777749407,0.2600761387063819,0.2667095499784013,0.2726224612249066,0.27806939573800793,0.2835309816346787,0.28877529548198194,0.2934088653563694,2.5649493574615367
-0.45581661122248635,-0.28423551526973995,-0.18017563818168827,-0.10453083351977226,-0.044901562819514386,0.004296033831270144,0.04607103041977832,0.08223637104799791,0.11397137104887543,0.14208762693603033,0.16716855579292283,0.18964863960226108,0.20986153456567996,0.22807140034855583,0.2444952985105727,0.2593213916812076,0.27272572836032577,0.2848879197088869,0.29600134528127636,0.30626778787624265,4.051784947803305
0.08899350136325927,0.11865800181767903,0.1483225022720988,0.1875368388435952,0.17798700272651855,0.18302774300902133,0.21720133929801497,0.2284296975180284,0.2076515031809383,0.23991054512937365,0.2126922434634411,0.24686583975243473,0.27376829623797266,0.25809419797244815,0.2627675812552035,0.23731600363535807,0.26957504558379336,0.24235674391786086,0.2731938335496576,0.2765303402068545,1.0986122886681098
-0.21052281207819817,-0.08577243908813237,-0.00941332333795398,0.04601640496669788,0.089302576627677,0.12443201842878283,0.15357325228979915,0.17805242275562366,0.1987543190553648,0.21632339116629903,0.23129663442896883,0.24421411072934937,0.2556735517724006,0.26621634417020057,0.27609653566833614,0.28531072181670664,0.2938956874711932,0.30201272039535615,0.30974941245403004,0.31706624681129586,3.4657359027997265
-0.557061685101535,-0.3858817409387094,-0.3822396144671599,-0.27997525884762536,-0.21105967030433448,-0.27997525884762536,-0.207417543832785,-0.15113740768919678,-0.20741754383278505,-0.15113740768907882,-0.10879531468479992,-0.10515318821325043,-0.06627408411321149,-0.10515318819470874,-0.06627408462182025,-0.03623759966995952,-0.032595473198410045,-0.10515318821325043,-0.06627408411321149,-0.032595473198410024,3.8918202981106265
-0.5891692317936977,-0.40514126136402634,-0.2941820781287376,-0.21370751424373555,-0.15026017806309153,-0.09779776364417618,-0.05307238131976119,-0.014131180962043093,0.02029409621610696,0.05107488991477231,0.07883634215190967,0.10404243123863804,0.12704716204389277,0.14812690521493688,0.16750169046508498,0.18534975621020752,0.2018178709506179,0.21702898818567862,0.23108827137101196,0.2440882247220481,4.382026634673881
-0.6207056291748635,-0.3195528304173931,-0.1650859131105154,-0.3195528304173931,-0.12970097257653376,-0.018400022243005538,-0.018400031659922683,0.07855003497903133,-0.004711263371578531,0.07855003497903133,0.13606688564695502,0.09223827869395201,0.17145446556166205,-0.018400031659922683,0.22476123396160122,0.17145446556134744,0.22474920168563853,0.17145182618093663,0.23843796542393433,0.2827527718060091,3.1570004211501135
-0.4296910887501879,-0.2630339119186689,-0.16179695529073967,-0.08812685663065342,-0.030014446240733843,0.017951201538614136,0.058687407304866594,0.09395271373385873,0.12489177576146164,0.15229309131571242,0.17672429396111972,0.19860901486667926,0.21827364954503117,0.23597804541672726,0.2519377945388889,0.2663426738874898,0.27937354197504716,0.29121687922971046,0.3020709999477577,0.3121341135927828,4.0163830207523885
-0.05179907659251439,0.02159682686412348,0.06871124478160576,0.1040843357613162,0.1325022778320636,0.15625388797592343,0.17663070596799763,0.1944105437595294,0.21009162219334085,0.22402209286009137,0.2364709369526685,0.24766817236325056,0.25782476974441515,0.2671341608398986,0.2757589887352701,0.28381701156199146,0.29138372664700196,0.29851241026347247,0.3052520925521553,0.3116486375614794,3.2386784521643803
-0.14050350183230084,-0.03703043983179418,0.027137629692284,0.07414589988513012,0.11111653739577596,0.14131003465277323,0.16652902509124848,0.18789594793667935,0.2061679547737913,0.221897023566673,0.2355337865110615,0.24750052094176248,0.2582173776793418,0.2680499232461242,0.27721615023111523,0.2857875415359913,0.29380680125604147,0.3013611910497192,0.3085324848937495,0.3153433989421936,3.367295829986474
-0.23275865555355557,-0.1041578661367899,-0.025397998994226595,0.03191971070842343,0.0768689269442543,0.11356240834968541,0.14423224823683664,0.17023795062008695,0.19247920108774927,0.2115941441424626,0.22807397167855334,0.24234732703197295,0.25484975840168,0.2660490140655927,0.2763645723039131,0.28602559167613323,0.2950792834182789,0.30356593075705174,0.31159456747072,0.31924513073605104,3.5553480614894135
-0.673503749640052,-0.42750518248446673,-0.28329793808359266,-0.1826349584989312,-0.10721224408420296,-0.04901358153380258,-0.004069956460537723,0.02935592509232118,0.05077816308973447,0.057507264685654404,0.08674030693696888,0.10493664066793176,0.10660293164469442,0.1329438037122627,0.14886696426249915,0.1470054695769753,0.171181644728389,0.18549217328962442,0.18160366423257476,0.20327797834374547,3.7954891891721947
-0.6963179405824057,-0.47346731581037416,-0.34250860678862305,-0.2504008443798273,-0.1804506831122736,-0.12526348344103866,-0.08100985663844751,-0.045619784866176016,-0.018194064708730695,0.0007010773853028128,0.0030730665844993597,0.027364455032974737,0.04378193298324177,0.04302575781270975,0.06500888893536151,0.07956682233129969,0.0767641215006601,0.0969654160840511,0.11010496487000103,0.10595820113762537,4.04305126783455
-0.0728709843560193,0.01758638093331917,0.07339183948782584,0.1135081812545928,0.1441449430541811,0.1682490151414252,0.18750028036056476,0.2030288790831398,0.21585922953579278,0.22710804871192541,0.2375996412146118,0.24735584207067357,0.25612489804068894,0.26413231891654027,0.2718042393863558,0.2790651325861318,0.28565902578860014,0.2918268983322201,0.29790136242984555,0.3036539817990959,2.970414465569701
-0.1969609442181125,-0.07870964912006054,-0.005896948680115877,0.04729760283641416,0.08913939061842491,0.1233837554657589,0.15207796820904285,0.17647767750518426,0.19742000858935566,0.21550210813585274,0.2311843133471196,0.24486394720383042,0.25693068273994774,0.26778301629681894,0.27777196236810503,0.28710837026665215,0.29586390137102675,0.30408335644489054,0.311850839301377,0.3192410386299075,3.5115454388310208
-0.6829603406122708,-0.464742506419075,-0.33861647561574765,-0.25214543310789655,-0.1893252231997217,-0.1443959869503027,-0.17520057938560413,-0.12353217594827474,-0.08612489589295888,-0.11679300818989354,-0.07200025541085886,-0.03954832737316423,-0.06951302960276062,-0.030459805718243076,-0.0016578297861459263,-0.02607001497437677,0.005081156045798307,0.028893836585782307,0.011820305986764843,0.0379815488065385,3.970291913552122
0.01246791193618165,0.05778031148684249,0.08940596141743633,0.11487518480571615,0.13688276459688237,0.156485400428853,0.17423440144402075,0.190465291166564,0.20540340793354617,0.2192113471719967,0.23201351826577557,0.243910264068874,0.2549866344120881,0.26531807378716593,0.27497403288514083,0.2840199280075849,0.29251766454755757,0.30052501908842566,0.30809443147280813,0.31527196312730205,3.258096538021482
-0.4433720234970892,-0.22194727989545474,-0.09406800161342788,-0.007861511976629083,0.05262778514868999,0.09356017123418489,0.11599937281456622,0.12735985672125694,0.16213785159806882,0.18019420863185404,0.18221743788280592,0.21363402904548434,0.22925328430023845,0.22453583932202564,0.2532378371321809,0.2676797586774782,0.26267461809472203,0.2849643581301039,0.29724506541807594,0.298557564743968,3.3141860046725258
-0.5168777230308408,-0.36222582191713015,-0.2762994713953817,-0.36222582191713015,-0.26889633500567467,-0.2075739208034195,-0.2075739208034195,-0.1577871289071652,-0.20470999670872114,-0.1577871289071652,-0.12164757028167102,-0.1549232048124755,-0.11424443389068399,-0.2075739208034195,-0.08271494712746812,-0.11424443389068399,-0.08271494718058371,-0.114244433891964,-0.07985102308588538,-0.052922019689708825,4.0163830207523885
-0.21345059338061714,-0.09880751361323534,-0.027546438619886895,0.02519041319910108,0.06734135742621412,0.10250631393119482,0.13264123042042517,0.15893890760987503,0.18218885201730362,0.20294573441257804,0.22161641419085512,0.23850917634904165,0.2538643509218989,0.2678751333099797,0.28070271691618315,0.292487578161345,0.30335747188389334,0.3134318648162206,0.32282231525321564,0.331629218669899,3.7954891891721947
-0.6277160748331873,-0.40822249393235055,-0.40195124876375526,-0.2698872915313034,-0.18245766786291856,-0.2698872915313034,-0.17618642269419157,-0.10350638234521425,-0.17618642269432322,-0.10350638225189455,-0.05039371063046673,-0.0441224654618714,0.006085970510150359,-0.044122461319558576,0.006085920860312123,0.04330715820651346,0.04957840337510879,-0.0441224654618714,0.006085970510150359,0.04957840337524045,3.6109179126442243
-0.3587054859973494,-0.20478766385588226,-0.11100492621752356,-0.04269818583709795,0.011150137281599094,0.05551259422386866,0.0930739535390432,0.12545490788796432,0.15371261760757973,0.17857781740688447,0.20057948399721762,0.22011642439967666,0.2375027241910604,0.2530008500002073,0.26684971061203716,0.2792893043421897,0.2905747313927002,0.30096306396353384,0.31066754401789004,0.3198179068851223,3.871201010907891
-0.5838524934332592,-0.39339054139828405,-0.27887124711031447,-0.1961314460995524,-0.13120455497427821,-0.07781656630630548,-0.032594533871786305,0.006488912929742999,0.04074911165740952,0.07108814297869183,0.09815118001449852,0.12241498702626434,0.14424126468665002,0.16391068625928115,0.1816461072562462,0.19763013882741634,0.2120209546175358,0.22496974870916117,0.23664199697894944,0.2472384025210626,4.22683374526818
-0.6051798696865864,-0.40578656673649316,-0.2864399066987358,-0.20066053873045414,-0.1337491997687673,-0.07910537560694371,-0.03318437606401702,0.006139846637681785,0.04024139293988497,0.07005662029022483,0.09624836024769451,0.11929889176082165,0.13956690397885607,0.15732749734012094,0.1728104957314046,0.18625715760533335,0.1980179048641019,0.20864227792485604,0.2186929135619695,0.22829387750143296,4.143134726391533
-0.14580058651901062,0.012573326940219221,0.08011561680968561,0.012573326940219221,0.1210539056907662,0.17099182290326284,0.17094724039944906,0.22220691245333232,0.1868069338710621,0.22220691014159993,0.23848953026891545,0.23776964632484685,0.279820644556969,0.17094724039944906,0.30035665934145034,0.2798204543863374,0.2995877620310436,0.27942781914999604,0.31542976951245344,0.329343499521915,2.4423470353692043
0.030131723863088742,0.0940135444051839,0.1153074845858823,0.16550905594510537,0.17918930512797748,0.16513211057911448,0.20234567381829452,0.22795282946723255,0.20048324530867587,0.2316474457661065,0.22901393112120963,0.25068481666789894,0.2763678841388153,0.25584563384523806,0.27026960716200826,0.264365065850771,0.2857787748455473,0.25030787130190807,0.2763577335813466,0.2875214345410881,1.6094379124341003
-0.006013026798502732,0.04931368128181325,0.08635006746306668,0.11504503461405191,0.13890335880543006,0.1595665869669556,0.17785507801471653,0.19424643591163784,0.2090518864845458,0.22249344496389276,0.2347430298374095,0.24594451664885916,0.2562265292200241,0.2657086630835439,0.27450206277982236,0.28270576686762633,0.2904020850206692,0.2976551423113819,0.30451434010389994,0.3110201699562884,3.1780538303479458
-0.228601001001824,-0.10744174377681434,-0.0325670035594758,0.022522760979546846,0.0662884551355482,0.10256542307996158,0.13343604176650609,0.1601688328303858,0.18360231080610084,0.20432509282868008,0.22276967453008734,0.2392665839058736,0.2540794942337423,0.2674306099694863,0.2795198605421457,0.29053746208087194,0.3006665221122517,0.31007330153559803,0.31889092285060333,0.3272115729575854,3.7256934272366524
-0.3305792411003146,-0.1869551692067952,-0.09891156960356695,-0.03438663662076937,0.016813999345163505,0.05929360713711619,0.09553977119342494,0.127056348109504,0.15482646572379394,0.1795316749458627,0.2016666816986909,0.22160415346904555,0.23963387789053509,0.25598819900389563,0.27085999243621267,0.2844165100366112,0.2968105604136784,0.3081888583185976,0.31869579177536655,0.32847031470022753,3.9415818076696905
-0.5921393013219269,-0.3994434269623575,-0.2837370528692781,-0.20025733627037268,-0.13484893679373824,-0.08115389908685204,-0.03575498558082731,0.00340093276388324,0.037644992110192836,0.06788912125432572,0.09478445730062661,0.11881100124224941,0.14033171133908226,0.1596272343141534,0.1769201980767369,0.19239503260159832,0.20621857944596308,0.21856663738035334,0.22965713619196185,0.23976979103120086,4.212127597878484
0.03752476361164981,0.0695659385193768,0.09611695303837069,0.11935600265612534,0.1401716384774233,0.15904897409664245,0.17629443955210394,0.192120526294821,0.20668544868813288,0.22011465720528917,0.2325138780942484,0.2439776112721547,0.25459466061319774,0.26445114169652734,0.2736309560161384,0.2822139083937729,0.29027242844933043,0.2978687056803792,0.3050539868614929,0.31187035983278427,2.970414465569701
-0.1544731843413684,-0.01248053995039259,0.0032964205374936095,0.09558610860729407,0.1452890649284694,0.09558572314522146,0.16108824244365022,0.21185649607690094,0.16106602541635562,0.21199370845561186,0.23757836753619724,0.25335571348615604,0.28921569232546446,0.25374666109458227,0.2884468500303428,0.3030586698073314,0.31883565200211517,0.25335532802408345,0.28921569224757887,0.3188578473225122,2.3978952727983707
-0.00851887721282985,0.051100396075798034,0.09030956895888693,0.1201653656536338,0.14455897026504258,0.16531150367321734,0.18333494454259355,0.19916681016647692,0.21317049327410115,0.2256261162034746,0.23677739866009692,0.24685245800161196,0.25606123377617207,0.2645753895283762,0.27251137091911637,0.27993910549279977,0.286911228506089,0.29348268795939364,0.29970480327382326,0.305612347632745,3.0204248861443626
-0.026997642959821395,0.06348594093406948,0.08158265771284764,0.14513385088519856,0.1720662416067385,0.14509806192338714,0.1905677423628533,0.22511967858468643,0.19016295838551667,0.22630854286702504,0.235581645817278,0.2537141515578676,0.2810817078120091,0.2558753411361892,0.277987075241899,0.28064654227940755,0.29874963231430257,0.2536783625960562,0.28108151191524294,0.29914804303552234,1.9459101490553132
-0.2918863911484082,-0.14934541597049605,-0.06241331084915132,0.0007615652519206203,0.05033006772130123,0.09088213958064531,0.1248996992596362,0.15388435865773134,0.17881975079565504,0.20039156789034288,0.21910734496836454,0.23537482628478482,0.24956670799737052,0.2620773170840411,0.27334003226708314,0.2837471831004692,0.2935156595355486,0.30269489296522595,0.31132770372843094,0.3195164633185866,3.676300671907076
-0.5080814710049852,-0.32701392583604527,-0.217589398781432,-0.13824979434771426,-0.07583160627821027,-0.024412745774731015,0.01919507036302668,0.05691084857356118,0.08998139290128077,0.1192632664680416,0.14537061439697196,0.16875904890844945,0.18977647893808067,0.2086960108791845,0.22573919468274162,0.24109476937484306,0.25493644407463156,0.2674413962844651,0.2788065681200321,0.289250820042614,4.110873864173311
-0.42039128781752955,-0.18656502745268372,-0.056298747441437445,0.02499214185639433,0.07084374567223338,0.053774577551288,0.1189537019455858,0.15528730425573645,0.1254659392772425,0.18405370402424523,0.21603266326488768,0.18405048571431296,0.23068300456023433,0.2592209252645051,0.24473870628651073,0.27365930593896637,0.2862471398724209,0.2876855323148242,0.3146898392730849,0.29901002475968724,3.1135153092103742
0.03680193946918798,0.09938453903443041,0.13594163701058412,0.1602937924486781,0.17624055254018456,0.188061892479159,0.20116815479754674,0.21395355869237942,0.22210068674748853,0.22762535744732681,0.23676480877178085,0.24578204352692984,0.2497740421092977,0.25337382929258123,0.2616428285782078,0.2680415994447745,0.2705633641108907,0.27369367153943924,0.2794484348605749,0.2849914221347703,2.0794415416798357
-0.2502561082665717,-0.11976499291009197,-0.03972082321961095,0.018723068582868898,0.06477337778918488,0.10260009328073755,0.13446392386919848,0.16173882886727786,0.18533055870865633,0.20587461050080638,0.22384246076803482,0.23960825411746392,0.2534990319330874,0.2658349359297016,0.2769478114655404,0.2871530237057984,0.296679666333887,0.30563769950897685,0.31407731814840123,0.32206135957278736,3.6506582412937387
0.03453424232358497,0.09088338078272533,0.1263340049809509,0.1524678700246588,0.17216887003801506,0.18708837991359364,0.19905240020191192,0.2100989013488222,0.22071690592193918,0.22975936873977354,0.2370375345775808,0.24409531318345,0.25154021015520545,0.2578531559601868,0.2627547433533719,0.268106466018174,0.2740904959073695,0.2788268766634389,0.2824853910270401,0.28689503174111036,2.2512917986064953
-0.6563878896542366,-0.4431074787148983,-0.31650468841233326,-0.22635166757456063,-0.15678113355256487,-0.1006867496657579,-0.05427344613572701,-0.015290596711946557,0.017683931841503377,0.04557586109991349,0.06898068992408893,0.0882540945362819,0.10361846101483163,0.11567719580184793,0.12709392132891184,0.13957915699742157,0.15011631515370522,0.15912918545488636,0.16976215254706692,0.17926642240495155,4.085976312551584
-0.5911669384839269,-0.3923384028931119,-0.27322859388463905,-0.18757924831969777,-0.12075579366298131,-0.0661846985712896,-0.02033484480206798,0.018912073704213803,0.05292529598645679,0.08263790628627153,0.10871049590313507,0.13162406788265263,0.1517375799873339,0.16932987207440975,0.1846427916417432,0.19794717101884496,0.20964628929872192,0.2203251963758642,0.2304749405132555,0.24012385270342754,4.110873864173311
-0.6834239588100877,-0.4672317961194805,-0.3396252868001481,-0.2493262416859284,-0.180163240976136,-0.1249228290384502,-0.07978929887833118,-0.042551618831696336,-0.011895047313946699,0.012887008133916104,0.03193559277354573,0.04468228538888137,0.05404011825319032,0.0711355334331153,0.08216383838550373,0.08830745199425023,0.10390669709495245,0.11364616871180329,0.11769875943123549,0.1321251066429085,4.0943445622221
0.031042373728139287,0.07902786330799688,0.11157593935242469,0.1375537474958613,0.15914817130618572,0.1773725379876418,0.19284953386004275,0.2060710960925858,0.2175178918880447,0.22767835306711567,0.23694781282164976,0.24550452021951877,0.2533615031347986,0.26056493026674155,0.2672721701189288,0.27361190273676567,0.2795705850507372,0.28511989954705974,0.29035922691946775,0.295400703711308,2.5649493574615367
-0.08057135840008568,0.003679326609395562,0.05687313219910201,0.09631287086263751,0.12762302978096957,0.1534381360714495,0.17524812896976508,0.19397772576741307,0.2102362118891279,0.22445886999298956,0.23699467368002208,0.2481578211311298,0.2582441552877186,0.2675089121687098,0.27612774473858914,0.2841921595235749,0.29175573753828626,0.2988787131999293,0.30562454475038214,0.31203360235032535,3.258096538021482
-0.63503233607145,-0.4157006387856643,-0.28550672133180777,-0.1929506770504099,-0.12175322280949119,-0.06462595962212483,-0.01768535308454876,0.021357388126658338,0.053927202148543775,0.08092053329111318,0.10287541725326033,0.12012920382670783,0.13346580486724297,0.14617007622284034,0.1601206324872626,0.17167598997321654,0.18152588500963632,0.19333190445596662,0.2037030470245761,0.21172873318911192,3.970291913552122
-0.5600848938544271,-0.3760348171104406,-0.2649306652719935,-0.1843300515673333,-0.12080875491947342,-0.06833470662580493,-0.023663379712091502,0.015157060206171679,0.04939464280721582,0.07992078654863788,0.10736062543273399,0.13217810894181073,0.15472722944379477,0.1752844548678284,0.19407021287268336,0.21126381913927209,0.22701450523796646,0.2414502957555373,0.25468596964004614,0.26683089316467695,4.276666119016055
-0.7020514362787978,-0.46413526726899534,-0.32470317075929406,-0.22717396032008103,-0.15377339041171395,-0.09670017494725575,-0.0520529029781664,-0.01804145212478954,0.00502384583555074,0.005785737025248739,0.035572389919056015,0.05539490229461525,0.05238547864874247,0.07918943024196393,0.09666488537044078,0.09109393321426912,0.11562839813691496,0.13136609340030772,0.12445650778050324,0.14650388001207562,3.9219733362813143
-0.6062199214813715,-0.40973493472719946,-0.2920205120902724,-0.2072955625390416,-0.1410846418862966,-0.08688785039240125,-0.041213518241342256,-0.0019657529430910843,0.03221218559622861,0.062247409777128386,0.08879924232090793,0.11235075689562928,0.13326416629352789,0.1518171713616273,0.1682308273497695,0.18269845619665184,0.19542750730707711,0.206703059732342,0.21693498173280332,0.22654607452859485,4.189654742026425
-0.18485337691138773,-0.0466751787650364,0.034556655980870786,0.09002485462765283,0.12958239930688234,0.15753244366499627,0.17633359162892115,0.19004829239110504,0.2061278501711173,0.22148573147779266,0.2316056448809556,0.24173848886743732,0.2547982419462506,0.2636092026685511,0.2696733093825129,0.2803151679459088,0.2891448061171549,0.2936026057522962,0.30099869675222024,0.30949814659979774,3.0204248861443626
-0.7242414368425715,-0.4652988325006847,-0.3160720245945718,-0.21464005031867678,-0.14222976814314928,-0.09249641927395015,-0.12141300695873085,-0.06174758903202591,-0.02055307721231498,-0.051815471547645986,0.0002635419996334302,0.03601958038795794,0.0039291701769630805,0.04941370454565678,0.0812174174910808,0.055883212818742874,0.09114622776815505,0.11672964454329278,0.10107802254919594,0.13011289758744812,3.7612001156935624
-0.5377866519278048,-0.3571368095583244,-0.24785556792872238,-0.16843689232882908,-0.10574781239671302,-0.05388489243847933,-0.00967152638395688,0.02880409475024741,0.06278462420049959,0.09312458070415759,0.12043749688472105,0.14517924844550095,0.16769822141649182,0.18826706053493694,0.2071036676156085,0.2243857291367703,0.24026132924618837,0.2548572829544044,0.26828628521635545,0.2806535477896736,4.2626798770413155
-0.5736263461187446,-0.3829976464454304,-0.26834486921909295,-0.18551564774202184,-0.12054244732024468,-0.06714924756582744,-0.02196144333639097,0.017049445569673676,0.05119934533294882,0.08139047903764006,0.10826780180160835,0.13230760155703405,0.15387101383970248,0.17323842405465573,0.19063350302383583,0.20624254938848532,0.22023374605539317,0.23278024014448148,0.24408688488420738,0.25440555781013935,4.189654742026425
-0.5977115517686075,-0.4116062208756892,-0.29958699919924914,-0.21848490046296826,-0.15465827800815457,-0.10198260176058155,-0.0571662626582096,-0.018230589674530062,0.01610897993138691,0.04673461566341538,0.07427866927690044,0.09920996424931085,0.12188568056998188,0.14258414625513482,0.1615264694911336,0.17889141159618038,0.19482611784445453,0.20945439990152953,0.22288378749617255,0.23521230155265652,4.356708826689592
-0.6111814062125022,-0.3989026065650888,-0.272461873063897,-0.1822141450312205,-0.11245532729239287,-0.05614186877530039,-0.009505159635509075,0.029696305745155804,0.06288691756491252,0.09100617419475122,0.11468154533534691,0.13433901094420866,0.15035190761921186,0.16348063983869057,0.17561926154229954,0.1880212570909147,0.1992477096002462,0.20913639926308622,0.2193964994189614,0.2293299971728015,3.9889840465642745
-0.6289232233631336,-0.3848667716320519,-0.24176592530159977,-0.1420475902732129,-0.06761415216689373,-0.010554511797276537,0.0330153133375952,0.06473384529917323,0.08418380274251652,0.09558897338650761,0.12329379312935068,0.1395790662465479,0.14506148527922885,0.17005877217643744,0.18418284716381647,0.18546580133871138,0.20847398108456333,0.22115374573080518,0.21988292284804942,0.24048053795896476,3.7013019741124933
-0.4536987854068268,-0.2861528106372783,-0.18424327549982894,-0.1099017414638294,-0.051062337541673455,-0.0022925758009999194,0.03933518271436815,0.07558548403777339,0.10760702691781741,0.136191236432201,0.1619078638671037,0.18518183447967282,0.20633951287670407,0.22563801944623615,0.2432847595114655,0.2594512006436802,0.274283305532959,0.28791008168727145,0.30045100343992936,0.31202228731330356,4.143134726391533
-0.6149560117426847,-0.40534740643284994,-0.3996823089920436,-0.2737552654915257,-0.19007370368220877,-0.2737552654915257,-0.1844086062413727,-0.11510595323554018,-0.18440860624140243,-0.11510595320519224,-0.06414666018169088,-0.05848156274088453,-0.010606299852948687,-0.05848156107780111,-0.010606322736106611,0.02519999906843239,0.030865096509238736,-0.058481562740884535,-0.010606299852948687,0.03086509650926847,3.6635616461296463
-0.5386608353429496,-0.3517363583192863,-0.23907334061805127,-0.15757237174196925,-0.09358853871868109,-0.04098645365138066,0.0035349827003290477,0.041961191198106616,0.07558083122645365,0.10527793216271752,0.13168496057664786,0.15526966009197757,0.176387736302442,0.19531718840924336,0.21228316007767617,0.22747927392360967,0.24109009363518114,0.2533168729259912,0.2643995624761102,0.2746089648681311,4.127134385045092
-0.33346839813132795,-0.1844856629169893,-0.09360441883403112,-0.027392789449711935,0.024785302320597634,0.06773348990913869,0.10404691708996087,0.13529343058070403,0.16249710631813322,0.18636733555761534,0.20741947363266802,0.22604490152304438,0.2425570687861932,0.25722709417642037,0.2703149064238343,0.282092735229064,0.2928447624478423,0.3028260245442785,0.3122056963705014,0.3210639407559158,3.817712325956905
-0.23838879047285105,-0.1178421267191953,-0.043125458213604494,0.012078938285195582,0.056164831993203296,0.09293384365836228,0.12444773720750768,0.151959944081109,0.17629679135526813,0.19803684541324526,0.21760380761713924,0.23531868610098308,0.25143158887543376,0.26614280247057914,0.2796178690678626,0.29199892533316957,0.30341321812488964,0.313978826355719,0.32380708754182597,0.33300140215112767,3.8501476017100584
0.08521643470176894,0.14028675673907537,0.16159086541451761,0.16159086541451761,0.1897533652091183,0.21666118745182408,0.20893695507814852,0.18289497408995986,0.231583431327698,0.24482368724642475,0.23529097257322765,0.2379652961272663,0.24516330762946473,0.26400727711545496,0.26612779592186697,0.2041990827654021,0.2611327226777687,0.2866537533650045,0.2677895699144996,0.26612779592186697,1.3862943611198906
-0.6414434522868446,-0.43559950759427907,-0.31299265341051496,-0.22530437196157355,-0.15726524098382438,-0.10202732678431958,-0.055921143306627195,-0.016754363341879068,0.016880105335340963,0.045929118913378544,0.07104779613699087,0.09269375117833835,0.11118665632616237,0.1267676891840926,0.13973564334375863,0.15082569549911137,0.16144122394626026,0.17198056088667496,0.18149827572372113,0.19027238901036342,4.143134726391533
-0.1077053635658784,-0.022546369978503702,0.03168649171144272,0.07249844775666289,0.10552744026339342,0.13336194833550022,0.15743935108608306,0.17865741821001274,0.19761646629864968,0.21473407262236252,0.2303097242403302,0.24456529774705862,0.25767133521726293,0.2697644013972542,0.2809587419498086,0.2913540872949656,0.3010405325279773,0.3101009239232662,0.31861112135914615,0.3266388544869741,3.6375861597263857
-0.5512462844456282,-0.2950918259514416,-0.14860973069498143,-0.05133099318924434,0.014749070243523578,0.054654772957367315,0.04589336857670668,0.10063697519015186,0.13310905383217833,0.11549588529517299,0.16422993194678873,0.19250090641524384,0.16971062251195726,0.21250101953910275,0.2379759134926637,0.22216954842699238,0.25267035739485305,0.2714643200800971,0.2675137322831386,0.29112806244919265,3.367295829986474
-0.19925308400923633,-0.05293762696379489,0.03218115506477109,0.08939002858769625,0.12908652461875836,0.15564438754828816,0.17190830515219746,0.18663932168545497,0.20622849603551557,0.21971871670173806,0.22786840221937543,0.24265272296835014,0.2552401690036463,0.2601015270311343,0.26992866055788184,0.28246682554239405,0.28721727668772046,0.29280812980018067,0.3034689388829131,0.3095326237212905,2.995732273553991
-0.13144873125910125,-0.03959882643360979,0.018502660852861456,0.062035462090157846,0.09715916572508876,0.12668736757939655,0.15216893799038692,0.1745650940934764,0.19451999922924043,0.2124860404221497,0.22879102133296927,0.24367918262948904,0.2573382034315835,0.2699175596550397,0.28154120885219036,0.29231634897052616,0.3023391690407563,0.3116979872890409,0.32047403486931864,0.3287404570597593,3.6888794541139363
-0.6861489336533981,-0.4776587625457438,-0.3551949326763722,-0.26898679062396097,-0.20337705259859593,-0.15142609816417285,-0.10952910030787216,-0.07571608999241447,-0.04908457101758456,-0.03003701514877752,-0.03117094489588849,-0.007552244781703936,0.009109133665923122,0.005639920446793151,0.02701247808410886,0.04185854053421856,0.03691487495252317,0.056536440595927946,0.06997481380036624,0.06411275360204982,4.143134726391533
-0.21767147430983536,-0.061071290352661706,0.028840344479234566,0.08797801067825192,0.12730969933654307,0.15105265318024705,0.16396652582967552,0.1855224193959111,0.2057912009712094,0.21375511786211826,0.22623850021280334,0.24528931011877061,0.25150472793538364,0.25624844707880606,0.27443677535454625,0.2814668028391444,0.283655964833917,0.2967191545909799,0.3040580454255578,0.310138753740225,2.970414465569701
-0.6039644640440271,-0.4110409770371797,-0.2952980985540162,-0.2118372903503258,-0.14646480104573356,-0.09280727421111906,-0.04744008903211107,-0.00830614335279495,0.02592802868326207,0.056175809685357264,0.08308926345341108,0.1071489322406291,0.12871792884162353,0.14807649346469834,0.16544581358872362,0.18100683089251318,0.19491898033953642,0.2073441133935868,0.21847880130516933,0.22858287536730038,4.241326752570746
-0.4133780705543996,-0.25213920001488055,-0.15391303128611467,-0.08222544682223949,-0.025503723887832383,0.021467452844671782,0.06150094176436433,0.09629331351134802,0.12694989380593513,0.1542330997233786,0.17869273759982204,0.20073984891441085,0.22069125600308998,0.2387980698551281,0.25526521513468375,0.27026598858801326,0.28395396909547815,0.296473306492227,0.30796690706555585,0.3185801415709631,4.051784947803305
-0.40076878543084266,-0.20632128763233015,-0.09157098710041237,-0.011511624317449046,0.048080293451444225,0.09347317669480498,0.12783295392831934,0.1528175206253361,0.16992017942069987,0.1851850056016006,0.20402211605727655,0.2185154793639891,0.22892168664627685,0.24384462500538304,0.25685828115542464,0.26435367779497476,0.27593127582741506,0.28815467453608734,0.2941697390831397,0.30262673251569716,3.4339872044851463
-0.47096250925976274,-0.3011807109020327,-0.19796109081373886,-0.12266420552084309,-0.06304880372756928,-0.013605662784991828,0.02863318914035795,0.06545610207423999,0.09802696698855808,0.1271474133741206,0.15339425823901068,0.1771973917763295,0.1988866531804828,0.2187214722063679,0.23691047547369762,0.25362508481507146,0.26900949586233985,0.2831885128133751,0.2962741344970568,0.3083712959280008,4.189654742026425
-0.12499616020792587,-0.010916587832057945,0.05740032596613336,0.10500390452460312,0.1399364709628829,0.16587467404232462,0.18495571226242719,0.19923511089274568,0.21193893399696442,0.2249867031616523,0.23642629552163352,0.24561597827142706,0.25486472805283317,0.264437336619842,0.2721156370791991,0.2787102558025248,0.2864811980619866,0.2936536702852117,0.29897308186290494,0.3047560535608763,2.970414465569701
-0.5210673526117394,-0.3081115646918455,-0.18179813136174677,-0.09254221493501946,-0.02464980384291262,0.028885358859604398,0.0717522126874301,0.10605590087651497,0.1330162576387796,0.1533938016819935,0.1686072273134466,0.18362468876199073,0.20001957210333993,0.21285309388960647,0.22390557827057464,0.23762912326202942,0.2490074356090788,0.25750448689956784,0.26904522017023424,0.27949895676238545,3.6888794541139363
-0.7234303990947516,-0.4435677871585595,-0.2845360576316258,-0.17969732447250675,-0.11074215011795012,-0.15902777141140878,-0.07618369781116302,-0.020665523647461315,-0.07150629460749525,0.000003989803778220273,0.04779228164023275,0.000003981881387326062,0.058362070674022465,0.10017050092865204,0.06846133840880267,0.11073708744695566,0.1383818362969403,0.12083592685760729,0.159043915060062,0.16132734638542873,3.597312260588446
-0.6103167894215576,-0.41854512084820944,-0.3035120251523617,-0.22054890954924483,-0.1555384472906564,-0.10214289746684176,-0.056957189328530056,-0.017935962013086174,0.01624687241874284,0.04650002005108313,0.07347267647545523,0.09764379038629463,0.11937576542623926,0.13894857859058324,0.15658282570666715,0.1724568814941819,0.18672214163659462,0.19952030325240308,0.2110065268558517,0.22137743422879624,4.276666119016055
-0.39647147798748456,-0.21780675838543478,-0.11071717474501465,-0.03427841152617221,0.024511692851094218,0.07149892936575529,0.109809363653652,0.1412949258215441,0.16713005779771056,0.18812760206901724,0.20503987914418276,0.21907792084381636,0.23215575428659477,0.24500105870892214,0.2565726692746354,0.2669514136325672,0.27731459472842646,0.28726447734805416,0.29603712789840764,0.3045725197416174,3.624340932976365
0.05344614061853517,0.09612134378017777,0.127911035485554,0.15268999720369936,0.17207219703506713,0.18718326793365803,0.1993265327856177,0.2100805022290336,0.22029980509746838,0.22944600671640245,0.2370042765013484,0.24375192135717957,0.25071901406275376,0.25731460212163015,0.26264171184684626,0.267497549654847,0.27298371073787153,0.2781887263424972,0.28219502453891687,0.28601466013992405,2.0794415416798357
-0.6158567695733068,-0.3343104493148198,-0.1757161889907893,-0.0736194109175847,-0.010550284495738667,-0.0466643493647583,0.03451666767391615,0.08497723117975314,0.040616399870028644,0.11193096962159382,0.15571155035692102,0.1119307048509148,0.1694875515563767,0.20799468471861374,0.18265706666397857,0.22173186576966916,0.24372136714765555,0.23489611595736617,0.2706041237087556,0.26208288244667505,3.349904087274605
-0.4501191432724068,-0.2766651375433897,-0.17165152781500992,-0.09549740229632425,-0.03564741141501315,0.013553676245099153,0.055153137336421146,0.09098605367182709,0.12224503496751528,0.1497497033058054,0.1740883051037789,0.19569863630978193,0.2149184105338909,0.23202062786623215,0.24724332699223506,0.26081941185929375,0.2730055718238568,0.28409344854729524,0.2943712939746193,0.3040423636287187,3.979681653901961
-0.26070857056463664,-0.10345601235912275,-0.010435613750047933,0.05416873978624858,0.10170551396074148,0.13717586863619655,0.16314421675833238,0.181373773624216,0.19550309180572617,0.21154902594621608,0.22655399820084307,0.23719349715109037,0.24820667014073391,0.2610535094527191,0.2700826531049184,0.27750325481335386,0.2883998437142101,0.29695475669943566,0.3023016147542724,0.3108022918675422,3.2188758248682006
-0.47074456841735435,-0.29434333512868377,-0.18761212529874233,-0.11021425572321449,-0.049361311754811094,0.0007044725032067422,0.04308469050568595,0.07964681243606231,0.11160436058902973,0.13979116489496668,0.16480533839278394,0.18709125574055788,0.20698986725069757,0.22477263000595435,0.2406679375603633,0.2548858490888082,0.2676436704393116,0.27918689289055687,0.28978507441265944,0.2996812338765564,4.02535169073515
-0.6649818203913035,-0.3994285115845617,-0.2581195185368962,-0.3994285115845617,-0.23523800702996792,-0.1338752027540333,-0.13387520277782006,-0.048386126336220255,-0.12502342580570197,-0.04838612633622025,0.00743379026984549,-0.03953435502240556,0.030315368375526744,-0.13387520277782006,0.08052162345655964,0.030315368375526713,0.08052109581694017,0.03031530177677378,0.08937287277728154,0.131678106040815,3.449987545831587
-0.6920375252216323,-0.4274022083232126,-0.2739395130626279,-0.1687376285265636,-0.0923256734353113,-0.03681247318035335,-0.0001998802721271221,-0.009304176631081618,0.03775959572192875,0.06840093000297127,0.054108043505711335,0.09589951774599562,0.12264076991172708,0.10479177618657384,0.14239458884349027,0.16639479611425803,0.1501332209871807,0.18093531518502795,0.2013470218023892,0.19208796553974872,3.676300671907076
-0.7040044419351869,-0.4697640907139838,-0.33451553720418414,-0.24206719437092247,-0.17530862119312465,-0.12821188958471919,-0.15886530125970605,-0.10392311569529743,-0.06477841892686331,-0.09607765837826836,-0.04833511389340863,-0.014370178732079445,-0.04543959124077395,-0.003789747515398165,0.026376322148180607,0.001320650936604481,0.034221200805771304,0.05893521288803578,0.042066601499763226,0.06951335923474615,3.8918202981106265
-0.05530277305397536,0.021004642469255024,0.06963959186252075,0.10588795567803695,0.13477875587215063,0.15871499971831252,0.1790524187211325,0.19661032102547588,0.2119211912523845,0.22537148325852502,0.23728042929330329,0.247940728659197,0.2576237439754464,0.2665522419511406,0.2748703403707951,0.28265327331266965,0.2899539011143777,0.29683377517515513,0.3033513157177369,0.30954091444691556,3.1780538303479458
-0.1008279591047964,0.010623468631734094,0.07623612283236181,0.12055269476076308,0.15143345990660878,0.17253653332600816,0.18691901719143453,0.20030251824776255,0.21526486647009177,0.22696118807439244,0.23528375603740162,0.24563068950278968,0.25617938266788604,0.2626280478188282,0.2688494794262963,0.2782255731637149,0.2849570467395527,0.28907018974339316,0.2957029399255711,0.302619849634502,2.803360380906535
-0.5776227763876732,-0.39408437516329053,-0.2833143831332147,-0.2029227300817704,-0.1395095643444262,-0.08705679959283533,-0.042328739125012324,-0.0033793947589469036,0.031055323902235962,0.06184418645806015,0.08961057098994729,0.11481728659886155,0.1378175913208989,0.15888743219416887,0.17824668369156518,0.1960736775832383,0.21251554111195473,0.2276959121382857,0.24172107512693009,0.25468525297368916,4.356708826689592
-0.5881558919123557,-0.39348411265800864,-0.27666118043691107,-0.1924625353794112,-0.1265831573840038,-0.07259701455130181,-0.027050481116174273,0.012130712782865203,0.04629036438930277,0.0763477953274384,0.10295796048253512,0.12660212780207078,0.14764285959757517,0.16636013775138087,0.18297874594612207,0.19769523246532072,0.21071338319223618,0.22229329438488185,0.23278810447547119,0.24257670653833846,4.1666652238017265
0.031847619365873554,0.08167007789008804,0.11495802224465732,0.14114775560704884,0.1625650195612731,0.18030234466351358,0.1950748007076305,0.20752361044191853,0.21833089672370262,0.22811038771244027,0.23714418334532755,0.2453832059034162,0.25281610354342926,0.2596809434884355,0.26620834552197414,0.27233484185746204,0.27794473742180725,0.28320605298794,0.2883387633377703,0.29323475428171264,2.4849066497880004
-0.3587340343589582,-0.20888012473817272,-0.11722727044318718,-0.0501593832051243,0.003003729504977336,0.04708117637782739,0.08467526268339991,0.11735771391993083,0.1461545259906427,0.17177547167679236,0.19473441620626536,0.21541737856393184,0.23412360875681346,0.2510920905784825,0.26652004552525366,0.28057705759958107,0.29341663427445364,0.30518546899826904,0.3160289777440988,0.32609043251656883,3.979681653901961
-0.6893578759010169,-0.4546645064786853,-0.3166677449881104,-0.2197155054447309,-0.1462830818147506,-0.08861308513937637,-0.04270383243412141,-0.006421919375773101,0.021098140965900312,0.03917627322506531,0.046278930027677634,0.07061121709565496,0.08615111484553187,0.08915308065782514,0.1111769707517878,0.12485304479655765,0.12509267753496733,0.14536061828670518,0.15765613125494268,0.15600268546520182,3.9318256327243257
0.06621585748044875,0.11559464682910439,0.14757657084005413,0.16755778518115189,0.17955849485100386,0.19167544327467986,0.20683948938870542,0.21693657452980752,0.21983465178665848,0.22634680107469943,0.23888843365428902,0.24460510412003597,0.2444337536932319,0.2512913076823337,0.26065247284110954,0.26411068799649223,0.26456427576706826,0.26774684643874624,0.2755677541156912,0.280900422551707,1.7047480922384253
-0.13472491339848558,-0.03446548138888729,0.027971060954848224,0.07391421042697274,0.11022623825785126,0.14005099465449178,0.16512859304300326,0.18654309469563335,0.20502266180611345,0.22108775083527477,0.2351420507736323,0.24753571876293629,0.2586030707629017,0.2686610210924433,0.27796388738184125,0.286660357669408,0.29481699723108795,0.30248733573358916,0.3097412145974174,0.31663592173095156,3.4011973816621555
-0.33182818379054346,-0.16641470198603106,-0.06723138720868296,0.0033731903999680455,0.05737751851682573,0.10016585464124071,0.13461095355858038,0.16241070010019173,0.1846642908855616,0.20227946663313479,0.21658416140351178,0.22976869860849103,0.24283239995818123,0.2545430503808286,0.26484529538964413,0.2751625924987212,0.2851645926705062,0.2938162581174675,0.30212786538665104,0.31076759666242615,3.4965075614664802
-0.49301138842695347,-0.3195759624190652,-0.21428763626393493,-0.1375591689420668,-0.07685459819069057,-0.026534423738176625,0.01643830527921315,0.053892799912999605,0.08701905637609487,0.11663625791653548,0.14333342215884437,0.16754908967134793,0.1896192949401824,0.2098079039162913,0.2283266610771803,0.24534904537053112,0.2610203670312752,0.275465622388428,0.28879606382176326,0.30111499940315034,4.219507705176107
-0.4357250818799433,-0.2706203231748496,-0.17014957971510222,-0.09686251096828878,-0.03888327566988553,0.009137361917080648,0.05008320686497484,0.08569288995729815,0.11709856214997728,0.1450805542073619,0.17020096838058307,0.19287939823979416,0.2134385586384883,0.23213333295047514,0.24917038427269464,0.26472239411099174,0.2789393480489878,0.2919582128196427,0.30391128944032886,0.31493211589757586,4.0943445622221
-0.14384199354195526,-0.04561290785099532,0.015984508012243492,0.061743191296739885,0.09833889381141779,0.12881925592227916,0.1548604515193984,0.1775015606351986,0.19743857267928108,0.21516122647663957,0.23102728933543795,0.24530890336051497,0.25822409027088716,0.2699587022437331,0.28068065778188184,0.2905461998103634,0.29969769164057186,0.3082555683158973,0.3163117784313904,0.32393186748866,3.58351893845611
-0.5381556479808746,-0.2764964403857031,-0.262724903143852,-0.10160824586279842,-0.0010656955486804901,-0.10160824586849654,0.012705860640885455,0.10137473665196076,0.01270584169317064,0.10137546304893798,0.1600509617266749,0.1738224989742242,0.2350999413600641,0.1738284729859442,0.23507621009153581,0.2743650492883421,0.28813658653021135,0.17382249896852606,0.2350999413600641,0.2881366054779081,3.044522437723423
-0.3271918904152077,-0.17016093325428266,-0.07522755563759789,-0.006894367072087017,0.04614095635195492,0.0889783955971197,0.12436428316863476,0.1539482092651189,0.17880066493796723,0.19966948852677122,0.21714929962066148,0.23185610421806313,0.24461273716459067,0.25635641105985724,0.2675076604892641,0.27786149422471723,0.2874124477613322,0.2965305127451872,0.30528989137929313,0.3134695306291557,3.6109179126442243
-0.03973430184805415,0.03732072187990917,0.08575648079504368,0.12110275344300162,0.14857881073678217,0.17071063115747798,0.1888878639265288,0.20398663719836463,0.21672112020962855,0.22780274088782293,0.23786490878991762,0.2472121115979831,0.25581961322077096,0.26368654988102047,0.2710131483900224,0.27796852652659254,0.28449918818543907,0.2905561202213661,0.29629322751799775,0.30183512612022256,2.917770732084279
-0.6012882943052971,-0.4061289397612557,-0.2891160304824534,-0.20482497250698603,-0.13889232694762046,-0.08486779185409642,-0.03928562866251479,-0.00006475380238962135,0.03414281547499949,0.06425913948245356,0.09094101273694154,0.11467086052132532,0.13581166888276774,0.15464267434398382,0.1713855962088708,0.1862291620327046,0.19936052354857023,0.2110115144454765,0.22150687756935372,0.23123457954425083,4.197201947661808
-0.14199917395053877,-0.044720003827800205,0.016357062902867446,0.061785000824882176,0.09816284335617521,0.12850350236883268,0.15446431561979926,0.17707287844750597,0.19701752511633214,0.2147823732040208,0.23072042820883762,0.24509896951805488,0.25813019737236015,0.26999255336640887,0.28084496645914864,0.29083434947153125,0.30009597951059713,0.3087480428785651,0.3168852103282757,0.32457760242771694,3.597312260588446
-0.6050847130845628,-0.3751133826810803,-0.23929569821746033,-0.14364186676776783,-0.07110230270495226,-0.01409524165619852,0.031335199103957274,0.06738647681400761,0.09520591347607375,0.11523941745949992,0.12906182993269022,0.14623138986842357,0.16390306676038682,0.17477536727808463,0.18745293790395795,0.20347081403925468,0.21247423345415045,0.2218570695225659,0.2366874035151129,0.24447639276773808,3.7727609380946383
-0.16356365289732758,-0.03759844916759157,0.037645207453820356,0.09017575448377423,0.1289397894786122,0.15796559125281542,0.17947467662256344,0.19528857051469253,0.20840763957083924,0.22198764697512177,0.2345824647163572,0.24454296323129537,0.25401732211984857,0.26430043685750054,0.272841122976531,0.27973740658568746,0.2878378236588809,0.29573851290821157,0.30148558492720784,0.30746441950657977,3.068052935133617
-0.3727056003250535,-0.20334436278031842,-0.10136424742207731,-0.028187465532556008,0.02845286545365452,0.07408328348696139,0.11167249360915933,0.14299519309522918,0.1691927173698369,0.19105068207897644,0.20918757367285212,0.224274705168558,0.23731367289979585,0.24948617977651646,0.2611318447955048,0.2718142231127152,0.28165122476111365,0.29119950450458976,0.3003323555174968,0.30872793205127336,3.6506582412937387
-0.4959684073538171,-0.32166062741361556,-0.21589517542694173,-0.138857338607067,-0.07793926226525065,-0.02746923045272333,0.015606937584315939,0.05312871577691864,0.08629266300992751,0.11592236599749502,0.14260989419349437,0.16679594903169653,0.1888181211562965,0.2089414278485628,0.2273785266836866,0.24430374426477647,0.25986338733590464,0.2741838853138158,0.28737873706109246,0.29955473711453856,4.212127597878484
-0.6074363256155801,-0.4189749189655293,-0.3057591019795958,-0.2239547407970007,-0.15971081984781899,-0.10680956612915245,-0.061909983214077355,-0.023004432011419336,0.011209724496037597,0.04162630918515917,0.06888522784831197,0.09346005680087527,0.11571070528497505,0.13591672612680297,0.1542993854157122,0.17103706757245069,0.18627687866507,0.20014453251777375,0.2127543186778769,0.22422068912589554,4.330733340286331
-0.022835016396061156,0.036259029300147405,0.07555373844480891,0.10593810328481891,0.13108888879602446,0.15279377383883042,0.17202293066330934,0.1893353370944975,0.20508381600378298,0.2195089114873339,0.2327855458209624,0.24504845313806334,0.25640719422719954,0.2669555217158502,0.27677725258177066,0.2859495948870246,0.2945443818049115,0.3026276643493655,0.3102584291302703,0.31748749173522955,3.3843902633457743
-0.008985108589777493,0.05141490672259574,0.0910130593914303,0.12106922771142363,0.1455452045457074,0.1662949346684948,0.1842476377141843,0.19995335331368158,0.21378846767088688,0.22604978143017146,0.237002283428228,0.24689615636939982,0.2559548298413487,0.26434674670605235,0.27217324070688753,0.27949341343494793,0.2863620517727547,0.29284034675802373,0.29897759363854703,0.3048010376694763,2.995732273553991
-0.41176094483208103,-0.2384062665453464,-0.13381202114877927,-0.05842186737672453,0.0003294512116925819,0.04810403611347836,0.08794965376282272,0.12169618066460626,0.15052677329633382,0.17524983822700355,0.1964476009971672,0.21457729830317065,0.23007188605265452,0.24346650908265557,0.255472050665775,0.2667279728779956,0.2773773097534432,0.2872932229016023,0.29660495574274437,0.3055530104073671,3.784189633918261
-0.4031898049998324,-0.23297098424115772,-0.13011664953222027,-0.055860929044808896,0.002112141784999642,0.049354163366002665,0.08885538988819928,0.12241334801393673,0.15119264692895204,0.17599114786130038,0.19738364686078452,0.21581460149339998,0.23167988553781582,0.2454221038678013,0.2576122575216168,0.26886064978229396,0.27948970047227906,0.2894682388410537,0.29880489114413317,0.3076919671121497,3.7954891891721947
-0.608025293972501,-0.41404525357940053,-0.29774963928953435,-0.21395183581998042,-0.14836754497487703,-0.09458325322416113,-0.0491532652913319,-0.010008344133602633,0.024192280447980725,0.05436637750110019,0.08116845387633617,0.1050800843411682,0.12646434002120607,0.14560067717437916,0.1627093667763463,0.1779717641724187,0.19155252789084817,0.2036306959335173,0.21444162917560644,0.22430152712329682,4.23410650459726
-0.4771244635691916,-0.30547213334044193,-0.20122412966679812,-0.12525660672504918,-0.06517515127256038,-0.015401880057373585,0.027067913382034132,0.06404446630780665,0.09670566929830497,0.12586254866238564,0.15209843923901722,0.17584785741928294,0.1974439977456752,0.21714881997296032,0.23517304367531264,0.25169016744573053,0.26684697968529014,0.2807720977328154,0.2935834248162,0.30539473896321895,4.174387269895637
-0.056648075583713105,0.020770180519850696,0.06998172282589757,0.10655783060325899,0.13562024794021166,0.1596154271024284,0.17992361102268334,0.1973806005018201,0.2125340296154505,0.22578943118178188,0.23749230754681847,0.24796611147124864,0.25750435765105756,0.266327426150489,0.274556254432046,0.28224863641145626,0.2894613841356882,0.29626620367854006,0.3027175132801398,0.308838142682221,3.1570004211501135
0.004969106298395058,0.0813162733022342,0.12547474862896119,0.15379549017503205,0.17214672667352554,0.18471467336503983,0.19784658549397474,0.21181470759235413,0.2214809235757831,0.2276956711980047,0.23696784123042156,0.24674553385181422,0.2515868931967273,0.25554490631636884,0.2641496769242064,0.2709183397472425,0.27387600336244766,0.2777772071429954,0.2838835431221434,0.2893751084735783,2.302585092994046
0.009808590326063108,0.07085837616617331,0.10989190624652515,0.1387066226151895,0.16150104284995886,0.17994434048416158,0.19501593469530376,0.20755141424527151,0.21843039793751445,0.22838190875256031,0.23760494421156167,0.24593021498528825,0.2534062412047229,0.26040518575735433,0.2671006564158587,0.2732748810108978,0.2788825359801801,0.28426952090967805,0.28956330162974053,0.29446359999838123,2.6026896854443837
-0.5178460423620265,-0.311848581637292,-0.18911035468991652,-0.1018111046913226,-0.034799287301658634,0.018717953426943445,0.062359284866180656,0.09825158004900252,0.12771298859981775,0.15158549015191303,0.17050135828637794,0.1854891849108746,0.19915229940655918,0.21336265464910023,0.22603225872212634,0.2368472697731909,0.24827572866580996,0.2593911788311946,0.2685056849578402,0.2778420245578746,3.7612001156935624
-0.36995778948072616,-0.21613636882046017,-0.12227250696391125,-0.05374607847007815,0.00044126167170579513,0.04525140546566884,0.08336301710298735,0.1163932056506157,0.1453968624218928,0.17110305496295705,0.1940390512064756,0.21460069753303485,0.2330953061233211,0.24977001270830004,0.2648325750842057,0.2784683835681275,0.29085494553740543,0.3021719952638894,0.3126019247414781,0.3223157367320065,3.9512437185814275
-0.7143012044191197,-0.47493952873699546,-0.3358785570887523,-0.23984344348216538,-0.1690599034160348,-0.11616930462920017,-0.0788314873398497,-0.09651688116463064,-0.051707267268771076,-0.020133724641693634,-0.04002751996334376,-0.00048169419577127973,0.02715840949912106,0.005871585784985675,0.041279216202983755,0.06604047938827387,0.04680991133609978,0.07645209025128252,0.09786790062411999,0.08442422009115258,3.901972669574645
-0.42111005313306876,-0.24433845208732732,-0.13785094217166163,-0.06122942969207365,-0.0016371728575939046,0.046707941551856175,0.08691574553024346,0.1208505229070856,0.14971452567421073,0.17432640930114138,0.19527608840672653,0.21303893625387876,0.22810762266805606,0.2411627177976575,0.2530829552681071,0.26442071474703494,0.27505610094084426,0.28489199961606626,0.2942504287332532,0.3032864488341194,3.7727609380946383
-0.6849021959482358,-0.47503283863214696,-0.35247492545018627,-0.26692582135703663,-0.20264409914900347,-0.15279765828498781,-0.11414514557090974,-0.08587024243876047,-0.09819885699918789,-0.06478680989264363,-0.040431523721047274,-0.05423336048459136,-0.02448551174433335,-0.0029662049400309308,-0.01768027450603834,0.009241125433952108,0.028620921831674567,0.014295854049331515,0.038004479305318146,0.05531490726095004,4.0943445622221
-0.6284565167377143,-0.4349335218349885,-0.3191685991136235,-0.2358923910954167,-0.17080314476210026,-0.1174833815775539,-0.07248741620586233,-0.033747397977570016,0.00007552139504368633,0.029896913617013045,0.05636883029212453,0.07997001472143866,0.10106008920937276,0.11991402842016781,0.1367459042442934,0.1517281598382627,0.165012948140007,0.1767646834353317,0.18721205799674775,0.19669468375945884,4.283586561860629
-0.4033781241326829,-0.21539139636034316,-0.10358524910251393,-0.024643082160123043,0.03517350449447555,0.08200112459150947,0.1190658822300596,0.14820986719874965,0.17057249010375045,0.18734617816143623,0.20164796145006317,0.21713643992264525,0.2311656825693784,0.24224209389297513,0.2539890632521624,0.26616734736273173,0.27545560664251134,0.2844405049146136,0.2951409704916346,0.30345156438906584,3.5263605246161616
-0.6915223224504551,-0.4732599589480363,-0.346359294482128,-0.2584516579368422,-0.19326700721155807,-0.1440104845391093,-0.10834122737579203,-0.12809693096250585,-0.08637725122043384,-0.056102780689729945,-0.07691957021282421,-0.04018928382666964,-0.013655550921006851,-0.03504469423131654,-0.002220760232179452,0.021542206241700144,0.002257837327402357,0.02997471397023781,0.05066905840248847,0.03643047099805094,4.0163830207523885
-0.6552514388944315,-0.44584155532781633,-0.32142384353409115,-0.23269314030770946,-0.1640740716883251,-0.10858780849806776,-0.0625020015425748,-0.023595627510722993,0.009545442236409789,0.0378573884518516,0.06196617101525526,0.08227862455009984,0.09904796752647076,0.112525094406171,0.12362697249498592,0.13479295206595898,0.14615906816222465,0.1556935802866913,0.16464121524943728,0.17455048840193108,4.127134385045092
-0.5612568359099005,-0.3676503889111304,-0.25134173181826414,-0.16749355010442402,-0.10191334197282062,-0.04822201760408887,-0.002989903137465969,0.03584308268146875,0.06961118037917413,0.09922653145465465,0.12533827617643414,0.14842298923030095,0.16884036795951063,0.18687196141316884,0.20275521026453858,0.21672457680767504,0.2290685196594718,0.24017993482655758,0.2504969343360999,0.2602810681952607,4.0943445622221
-0.15331943114262223,-0.005826287100744288,0.07381499764729772,0.11899557263558196,0.13732895024228636,0.14831161334333998,0.18560311120274442,0.1993569580510932,0.1921748499112119,0.22827793146290268,0.24189345740075494,0.22819529341600123,0.2559195181777923,0.2701976871063171,0.27013730666033414,0.2826817822896293,0.2831702885863833,0.2966502607419152,0.31036296125023244,0.2937330320974618,2.6741486494265287
-0.024031451748305392,0.03637398519850743,0.07635645598126978,0.10713923166743103,0.13251134965112862,0.1543146861339284,0.17354870412507403,0.19078943852444946,0.20640104218930674,0.22063283575856368,0.2336677585178178,0.24564896648744686,0.2566955967165116,0.26691240216878714,0.2763952041238714,0.2852329498656001,0.29350702977897897,0.30128909555282385,0.3086392550327498,0.31560622969905583,3.332204510175204
-0.1846893064948898,-0.016692810738260448,0.06920252038243997,0.10902597626352256,0.09036009108634765,0.15685341631144167,0.18738069398910495,0.14349502843599465,0.2084687955879019,0.23778384317283283,0.20849664221969882,0.24296071582322543,0.26632986376244056,0.26404477955911315,0.28684156075823425,0.26921381543777767,0.28651136695648344,0.31851699955752866,0.2922162409400002,0.30598454307144,2.6390573296152584
-0.3087230181920061,-0.169132633147598,-0.08348604571464055,-0.02071655137183442,0.029061971293765004,0.07031679653919998,0.10546365469596083,0.13596430683899283,0.16277578226908343,0.1865629139768693,0.20780947224391227,0.22688105102875525,0.2440635135930561,0.25958869994906486,0.27365342656748093,0.28643462366573325,0.298100963657408,0.30881885283987687,0.318749293229389,0.32803521454064,3.8815637979434374
-0.5090635958315824,-0.33089010008304115,-0.22301058795522397,-0.14460290583930777,-0.08274089820517241,-0.031610311956758924,0.011919169963148075,0.049732271335113466,0.08305437974553952,0.1127283102797993,0.13935933417077304,0.16339737144674588,0.18518653501373739,0.20499660710412113,0.22304411280357078,0.23950735951292892,0.2545381440579709,0.2682718900254991,0.2808372029891534,0.2923646565226724,4.182050142641207
-0.127501829658297,-0.03127255504326242,0.028983570964595983,0.07357477888014977,0.10903721417541588,0.13836760810848345,0.1632265740187195,0.18464940461669427,0.2033295120496496,0.2197553624409061,0.23429082303973164,0.24722871535500948,0.25882695574191383,0.2693274992656655,0.2789538331720992,0.28788951694842957,0.2962589510463377,0.3041356520279297,0.3115725299918008,0.3186217814723038,3.449987545831587
-0.6330526337244886,-0.40979725374161075,-0.2774646274878599,-0.18361161296956455,-0.11166359423957882,-0.054209246702142666,-0.007313976583314205,0.03131975922644733,0.06308964854409961,0.08882384632234826,0.10895922154052576,0.12396265554285259,0.1367586006217531,0.15198244567194125,0.16517053815179497,0.17505529486130794,0.18746375918177857,0.19938606499166717,0.207450845517111,0.21771430225698615,3.9219733362813143
-0.1575358027909449,-0.05824142501528782,0.0041531503295980194,0.05068617477443942,0.08809896297422228,0.11946076114360146,0.14645083330845188,0.17010404767269027,0.19111199322267597,0.20996217948601895,0.22701063238049257,0.24252465699053194,0.2567106579041227,0.26973334345359545,0.2817293544911888,0.29281693656951374,0.30310243078434895,0.31268381777363724,0.3216514331234809,0.330086450580851,3.7256934272366524
-0.5415781073905607,-0.350307892892764,-0.2352807898914393,-0.15230498536861772,-0.08738634730729813,-0.034232548263330234,0.010540554992569257,0.04896624781885149,0.08236172620826214,0.11162773832345094,0.13740567708252985,0.16016711676949247,0.1802694796666357,0.1979958717008748,0.21359195499346634,0.22731170474151863,0.23947601567457458,0.2505041932000258,0.26080879976439003,0.27058210998866505,4.060443010546419
-0.6689373261922038,-0.46619164754847986,-0.34606525431229723,-0.2605630408895092,-0.1945389942890176,-0.14121463536994464,-0.09697052307666953,-0.059658371987529574,-0.02791710197544255,-0.0008554370067922254,0.022105944975877277,0.04131066862285063,0.056900005827415924,0.06891809607366295,0.0784346876341037,0.0895410433754914,0.10036446632166658,0.10818418935006724,0.11716354771747682,0.12707537127696916,4.212127597878484
-0.3122585637423405,-0.17132778604555046,-0.08493406087776346,-0.02167281297406231,0.028449282864207306,0.06994765338568149,0.1052637881695103,0.135874759941756,0.1627473581173688,0.1865529708579406,0.2077800193254263,0.2267977224611204,0.24389531857538185,0.25930863995784525,0.2732401550711967,0.28587516710105554,0.2973938440584786,0.3079756378069827,0.3177917112606226,0.3269871724167195,3.871201010907891
-0.6937807382585739,-0.4677133385375313,-0.33711438655557885,-0.2477050054136915,-0.182937208467508,-0.1369156393091283,-0.16771112799118434,-0.1144248736449935,-0.07613925176864719,-0.10716018707372887,-0.060913178332035585,-0.027696610153204914,-0.058231999717074774,-0.01789938281900819,0.011591029016417419,-0.013167281292820753,0.01885539141995792,0.04313225545666025,0.026120046254818566,0.05292812375497431,3.9318256327243257
-0.7193048574855546,-0.466682113076965,-0.3200095714228248,-0.21897444243447092,-0.1448770332371295,-0.09003154345094634,-0.05216400708660201,-0.06738682560258626,-0.02091045321709059,0.011005281193117864,-0.007452353186762916,0.03364857001689269,0.06155969567345312,0.040969131722723665,0.07782907837567302,0.10284272195090463,0.08420151468429904,0.11483488223677427,0.13634227004433264,0.12401995756784384,3.817712325956905
-0.2767106411826683,-0.14041425572142888,-0.05694526174212518,0.00397839661290618,0.05201010289506242,0.09151752378630731,0.12486509493438262,0.15348607614893633,0.17832169349309962,0.20002889156239043,0.2190903954087978,0.23588087243118558,0.25071381493242295,0.26387987541741253,0.27567532391624916,0.2864044294910001,0.29633786688686103,0.30565343086667207,0.3144331830284316,0.32272799057006346,3.713572066704308
-0.15005054867700193,-0.04862047400676566,0.014728921052347358,0.061598976756601725,0.09892371877549061,0.12986752459961012,0.1561697184041685,0.17890777835043395,0.19880335923771883,0.2163654905359916,0.2319693292593491,0.24590646608063446,0.2584200095062758,0.26972848424659107,0.2800375015664463,0.28953632588416117,0.29838215256539813,0.3066868048987545,0.3145219721264452,0.3219395551357643,3.5409593240373143
-0.51930108467416,-0.34108514134058565,-0.23314493341310805,-0.15463458451222045,-0.09262513540784763,-0.041302792275729486,0.0024618651476152388,0.0405528457528356,0.07419511778732095,0.10423133773082469,0.13126680423568365,0.15575157122447075,0.17802989333000274,0.19837152834930594,0.2169924676943927,0.23406933216529002,0.24974997121116355,0.26416188443539124,0.27741952004719495,0.2896310112593788,4.23410650459726
-0.025418803800613832,0.036506352728556776,0.0772837680169488,0.10852420434708226,0.13414670238098297,0.1560558155013473,0.17528491349462735,0.19242996928661538,0.20786879024453017,0.2218619443441212,0.23460351666209173,0.24624922213410075,0.25693294905619724,0.26677608066424746,0.2758911160510342,0.28438052987187457,0.2923329156443432,0.2998199196466413,0.30689700005595216,0.3136078669728679,3.2771447329921766
0.03982028150712184,0.11256559038495002,0.14737156435572016,0.1619206261312858,0.17172337320187983,0.19629380416535694,0.21103632223454452,0.2074772962803533,0.21557030106647135,0.23735913227955968,0.2403618830415481,0.23540249687366327,0.2487011918594102,0.25909591846807056,0.2650806109287573,0.26312987559939327,0.25620374710808214,0.2780538374745491,0.2849732693828993,0.27120684095203434,1.8718021769015913
-0.5026279425682997,-0.31592928059835734,-0.20349889364668236,-0.12237265735058178,-0.05893300832428551,-0.007052604915110019,0.036565432902312456,0.07390215707371856,0.10624058374838673,0.13445765627627798,0.1591777707866563,0.18086138699127166,0.19986293312165654,0.2164784300687696,0.23099938075098697,0.24378166105865892,0.25529203752032875,0.2660056636585748,0.2761549397549958,0.28572424725031154,3.979681653901961
-0.5407313041800726,-0.3592617721979108,-0.24953872219863124,-0.16983865502467024,-0.1069599534385564,-0.054968470222788966,-0.010671211944221727,0.027853357927263785,0.06185408056109419,0.0921895929357029,0.11947624452572443,0.14417186252061936,0.1666261876097579,0.18711280805332636,0.20585031363581527,0.22301699158402702,0.23876166529471968,0.2532123613421234,0.2664839464260681,0.2786853982636894,4.255612709818223
-0.5862320631345749,-0.39792991152003393,-0.28461158376559187,-0.20263731501469354,-0.1382095081026067,-0.08513101421163452,-0.040070242496969034,-0.0010242867433748405,0.033306953932407866,0.06381590066858256,0.09114171151930388,0.11575765767477422,0.1380237155970025,0.15821991050874432,0.1765685439529946,0.19324995485149693,0.20841479772415422,0.2221950640045052,0.23471566494774043,0.2461075344294132,4.276666119016055
0.006201957633085796,0.07937363852796739,0.12271041038689978,0.15159712789031884,0.17150642220075005,0.1854291985687896,0.19743329873551518,0.21029622135070178,0.22142405101755736,0.22912210797809776,0.23645590136218492,0.2456499407099334,0.2529023396089601,0.2572498181498918,0.26318189509366824,0.2707160231042371,0.27557389595745163,0.27881666876870104,0.28392033393945304,0.2895837371164111,2.3513752571634776
-0.5673095806743207,-0.37531465627355,-0.2598964748053672,-0.1765921400826527,-0.11133177126997151,-0.05779224742928459,-0.012573625305951786,0.026367288839832564,0.06035514472319932,0.09029713346675776,0.11684063463363634,0.1404625999308068,0.16152383577263413,0.18030469502919688,0.1970318820808218,0.21190377514982012,0.22512116164640994,0.23692618761449663,0.24763046766473845,0.2575714439169989,4.143134726391533
-0.5066921836114763,-0.32254387036284876,-0.21146724669887942,-0.13113030459381436,-0.06812011612771264,-0.016401707063628212,0.027273328106806074,0.06485890242944707,0.09762288799816304,0.12643454654423186,0.15191534788491942,0.17452490874528254,0.19461403757250806,0.21246135002042715,0.22830376366947774,0.2423686051979034,0.2549105821747218,0.2662397791275243,0.27669430197372386,0.2865301945051154,4.04305126783455
-0.371492654517242,-0.19639991589873593,-0.09157989633183004,-0.016978445332267098,0.040133998342003104,0.08547511970474439,0.12209281204114987,0.1517819847035578,0.17568100151669047,0.19464712166907366,0.20979602927913762,0.22324651326637004,0.23671576410037795,0.24911861699908114,0.25982351777726925,0.2703404739643583,0.2808618931753206,0.2899939589276926,0.2984678573371076,0.30745674261448264,3.5553480614894135
-0.1088045212390037,-0.023032276666702135,0.03153480861952139,0.07255750754180643,0.1057236985278048,0.1336446456989622,0.15777026196601923,0.1790060685041952,0.19795755560951506,0.21504598378392062,0.23057368926131142,0.24476502377699957,0.25779298254460753,0.2697968353213329,0.28089396473210804,0.2911876966207842,0.300771970537309,0.3097332423790149,0.31815009758256413,0.3260915973722435,3.624340932976365
-0.27084541756373065,-0.13149183629189556,-0.04655452223529641,0.015042649521039357,0.06321284321699108,0.10244101062298347,0.13515347462790733,0.16281981962113318,0.18640526903355972,0.20658881865101583,0.22389003813760294,0.23876613941601388,0.25170074878937565,0.2632445425400396,0.27390098453707734,0.28390940647208396,0.29327426263523604,0.30203725411932697,0.31034703615765036,0.318279050755298,3.597312260588446
-0.014608943197344139,0.05469237442882504,0.0985517861311232,0.13059131824635464,0.1555853064258808,0.17577088707463762,0.1923177379940418,0.20604576226696733,0.21773018498522506,0.22813876124627094,0.23776614782327568,0.24664972400794982,0.25469979129242026,0.2620801881262672,0.26906866360294107,0.2756761385026294,0.2817592686607569,0.28742375431600825,0.292913070644792,0.29817948489301993,2.772588722239781
-0.5134681450856861,-0.33692438747648823,-0.22989289711741917,-0.15196728972198642,-0.09035743299405657,-0.03931170222772882,0.004266101294736245,0.04224022149379641,0.07582300930739841,0.10584867729205061,0.1329166967724114,0.15747302526977813,0.1798590048300889,0.20034228646172034,0.21913724911827268,0.23641907266517923,0.25233392955399286,0.2670068398959145,0.2805481899512488,0.29305951338608666,4.248495242049359
-0.7108521200727904,-0.4592493609234126,-0.31566089343037573,-0.2199199070983545,-0.15514633700656694,-0.2040568900866928,-0.12862416571768884,-0.07633143480131525,-0.1250344540520598,-0.06046842045854169,-0.015604909284285066,-0.06046842099232424,-0.007492741250210789,0.03168356429561361,0.00025805714002325846,0.03979527929309939,0.0672596969615088,0.04754601745169957,0.08312144308699676,0.09036086318289482,3.7495040759303713
-0.14223854894645319,-0.028774071581228463,0.0401488209457086,0.08929610738070953,0.1266282685769472,0.1557846341632374,0.17878136884655788,0.19693865490190593,0.2114322140278722,0.223748773019238,0.23533568300610766,0.2463031688257808,0.25603520545492264,0.2648233419169452,0.2734194543645539,0.281574573130464,0.28880364835015276,0.2956399544834809,0.30254163880070545,0.30889848423013694,3.1354942159291497
-0.49113967505982165,-0.31522829863635365,-0.20863862482433285,-0.13114486304257245,-0.07000431328961892,-0.019483088887656073,0.023506851078322906,0.0608252607956838,0.09368155855827323,0.1229077765247002,0.14910165291811756,0.17270776118936645,0.19406645867680244,0.213445090000254,0.23105908871081343,0.24708738908701422,0.26168490708892145,0.2749938139764406,0.2871541814048782,0.2983125716853687,4.143134726391533
-0.5830572056370451,-0.38980343853773336,-0.27374095651214425,-0.1900213636386631,-0.12445798709151894,-0.0706773431341849,-0.025253423959839184,0.013872108432235186,0.04803344000025142,0.07814410389928457,0.1048558115385578,0.1286484106203259,0.1498843378385868,0.16884404851327842,0.1857519061294977,0.2007995713805029,0.21417374948650766,0.22609350715241422,0.23684712286463006,0.24677547396226449,4.174387269895637
-0.6319952121104189,-0.4376258971928185,-0.3214385487981201,-0.237922665885297,-0.17270095763064344,-0.11932267874340494,-0.07432492542345581,-0.035630196856686655,-0.0018941452534706848,0.027801718713526824,0.05411055250710804,0.07751077651296802,0.09836046355173288,0.11693202321407672,0.13343653539625291,0.1480449462898829,0.16091507278181016,0.17223807031043656,0.1823114368540236,0.19156852377688932,4.276666119016055
-0.04215320373920353,0.02314190309014873,0.06597268380519483,0.09881510512962936,0.1257798966783522,0.1488358939631419,0.1690951995377618,0.1872258218671131,0.20364996276973146,0.21865172588382825,0.23243383610263216,0.245148953766451,0.2569180840264566,0.2678420157832289,0.27800862874892196,0.2874973986457367,0.2963817110608157,0.30472937618105467,0.3126018887358987,0.32005328530227234,3.4657359027997265
-0.3090366346672972,-0.09006457481491716,0.01323570423117853,-0.09006457481491716,0.05366673504019993,0.1289102393851261,0.1289074850374629,0.19943608115814668,0.1445497236713471,0.1994360811544554,0.2322077640835586,0.21504160452102528,0.2727159588893123,0.1289074850374629,0.3060988060913271,0.2727159565384757,0.30589781563136975,0.27263879489257997,0.3215388347624904,0.347880922273812,2.740840023925201
-0.37959363015617253,-0.22618085659589163,-0.1324199265517404,-0.06381192486123166,-0.009403467154315413,0.03574495797711472,0.0742993264135825,0.10786896391627132,0.13750359885908797,0.1639285649075993,0.18766815736053793,0.20911542842580436,0.22857416869185174,0.2462856532573605,0.26244680174039864,0.27722346948662707,0.2907609620598796,0.3031927459096408,0.3146472639611692,0.32525163297064846,4.034240638152395
-0.3980536405035739,-0.2383238699053677,-0.14104692596872656,-0.07012027253949622,-0.014082643498613193,0.03223334472051951,0.07161554350281352,0.10574575124030078,0.135719872580619,0.16229407766309034,0.18601400167687812,0.2072880811715953,0.22643212997477166,0.2436985509665914,0.2592974393756082,0.2734136991432194,0.28622206117663185,0.29789913936649076,0.3086278540680746,0.31858758943013693,3.9889840465642745
-0.5195824073629917,-0.33139191968503695,-0.2180868523040996,-0.13629836600755543,-0.07228657316121195,-0.01987090101608921,0.024273885552118773,0.06214628529217023,0.09504133740100915,0.12384500429485604,0.1491886794304538,0.17153755765167883,0.1912462562881948,0.20859998041142158,0.2238545910456535,0.2372866198155332,0.2492494876512048,0.2601772162693345,0.27043867491972456,0.2801615772747207,4.02535169073515
0.010597001425042099,0.06798420657718546,0.10543673279267306,0.13372015788119146,0.1566726469124614,0.17580295271962845,0.19193161560115998,0.20563694452301695,0.2174389973251303,0.22785778093309275,0.23733493079765802,0.24609382436235844,0.2541589065551588,0.2615585911582942,0.268437628913777,0.27493537592861433,0.2810522668331092,0.28675487582314524,0.29213065673122735,0.29729568071797163,2.70805020110221
-0.6612247599762281,-0.4343346000121687,-0.3002157502639106,-0.20534940848312247,-0.13283938710506613,-0.07514711084150594,-0.028290599343124164,0.010025728691847159,0.0411476616834999,0.06577262166687159,0.08407212307057726,0.09663034898149131,0.11094142201321161,0.12725837816318972,0.13757552816021995,0.14814343462331842,0.16299173287245441,0.17180803745572384,0.17976577586990497,0.19349981766088778,3.9512437185814275
-0.6808168988250474,-0.4435357798460637,-0.3039863615347561,-0.2059850150294029,-0.1318358524278758,-0.07370789863411609,-0.02756767533140201,0.008723514072512362,0.036011537959770086,0.05363116454347426,0.06256721081348182,0.08667665324993792,0.10173964432370383,0.10623008838998887,0.12805423450112396,0.1412611784819726,0.14272818027115858,0.1628257027634324,0.17467920464962136,0.1740454322184252,3.8918202981106265
-0.28665668240365244,-0.15120055755768697,-0.0680182616262647,-0.007061490811449493,0.041240591931738936,0.08121620983434577,0.1152077838444233,0.1446344691130951,0.17042724620307295,0.19323453099249144,0.21352961675510462,0.2316718770577516,0.24794508994012826,0.2625842799848008,0.2757965563011156,0.28777742510704757,0.2987201708038273,0.308813078655005,0.31822270044566614,0.3270742687138532,3.817712325956905
-0.29034418112081894,-0.15343373896027196,-0.06944162465607287,-0.00795355502653395,0.040717475610875214,0.0809518514485145,0.11511985874863749,0.1446571765161391,0.17050529121196936,0.19331968856350862,0.21357879522077494,0.23164631640102765,0.24781072151428113,0.26231349216768657,0.27537153341258064,0.28719442818101765,0.297992206937483,0.3079666018163026,0.3172866860250169,0.32606871835165124,3.8066624897703196
0.012391162052988666,0.058292314191838994,0.09021650940943512,0.11584815418728461,0.13793687867181337,0.15756072206866986,0.17528211759578918,0.19144352962028474,0.20627534339814624,0.21994443678346756,0.2325794224452948,0.24428523692314874,0.25515221422589157,0.26526185534757146,0.27469020891452584,0.28350922336136153,0.29178636959968607,0.299583144336509,0.306953469478305,0.31394303924642875,3.2188758248682006
-0.26586068226105003,-0.1385894319929056,-0.05996409133965533,-0.0019994701356422263,0.04421988871536168,0.08272743236949753,0.11570758664987281,0.14448527379246479,0.16993103419705988,0.1926522505408051,0.21309259781207726,0.2315878643803223,0.2483996460844265,0.2637373158373063,0.2777735125629747,0.2906557846559974,0.30251555419893317,0.3134745768067429,0.3236483618384196,0.33314587155776426,3.8918202981106265
-0.019971378019578247,0.056988963764591165,0.10420754622721323,0.13740727378735293,0.16206453682195807,0.1807915127274302,0.19523791135882432,0.20717996634861782,0.21835580990303347,0.22895297283479585,0.2380951015331503,0.24594697177669553,0.25366166749227054,0.2612315166853132,0.2676697254561847,0.27332393010315736,0.2793719180249771,0.28528891804729883,0.2901094391553517,0.2946226899892839,2.6390573296152584
0.0444396954714075,0.08132975449344212,0.11064204568393637,0.13526793823745983,0.15638208807705148,0.17463317812366946,0.19045620637458457,0.20420326763652058,0.21621452988581003,0.22684707748644178,0.23644584888252565,0.24526453738266982,0.25341861952994615,0.2609473951361446,0.2679201200712884,0.27445224337967633,0.2806229438277332,0.286436314572646,0.29189919851956153,0.2970813087983641,2.4849066497880004
-0.04510905327647759,0.02267336266749279,0.06682521248754086,0.10045569237186916,0.127883146983299,0.1511750682757281,0.17149890304826407,0.18955603501695734,0.2057905212677721,0.22050274345868381,0.23390962510527197,0.24617823668059252,0.2574457409438913,0.26783155468065384,0.2774441947680829,0.2863837803892685,0.2947410285382948,0.3025944530615517,0.3100083489382926,0.3170335647759345,3.3843902633457743
-0.4953897429825322,-0.31102759431025695,-0.19988886277091486,-0.1196057030292499,-0.05674855615249305,-0.005273705063317606,0.038071737473096876,0.07524346448200457,0.10750925250414906,0.13573692747302427,0.16054571005486165,0.1823931671768586,0.20163079796278593,0.21854678017515256,0.2334094668313526,0.24652051821207224,0.2582630422414486,0.26907014499464427,0.2792527031330486,0.28888567183620534,3.9889840465642745
-0.2316591674763877,-0.1091825435414426,-0.03357737175283263,0.02198738716575739,0.0660780741308536,0.10257744892705833,0.13359326755851078,0.16040916889818133,0.18387338876385625,0.20458128156182664,0.2229705913308093,0.23937684571576318,0.25406976961107813,0.2672800678101998,0.27921963832611496,0.2900934755278403,0.30009834048001394,0.30940664629566134,0.3181471094558462,0.326402425771031,3.713572066704308
-0.561144317872466,-0.37399147171354713,-0.2612078899634867,-0.17956271570403504,-0.1153788070891204,-0.06250956840103358,-0.017648944971206577,0.02119139743345511,0.05530244928572323,0.08557051886044414,0.11263045480087548,0.13695242360668577,0.15889423243750622,0.17873466917517988,0.1966960649608118,0.21296092377670264,0.22768591261642904,0.2410157405509443,0.2530984566519001,0.26410058685612736,4.212127597878484
-0.46409807286651517,-0.2933006616771502,-0.18959576181960636,-0.11407847399381256,-0.05441839263192209,-0.005064457142604002,0.03697436785576379,0.0735003450288647,0.10568623257489046,0.13433953509772872,0.16004108966528863,0.18322364129688165,0.20421923229492583,0.2232893955005734,0.24064555713984234,0.25646389283729387,0.27089722554877704,0.2840854876025786,0.296165153960587,0.30727635798281117,4.119037174812473
-0.016931792677918778,0.05577619606226602,0.10116830309806932,0.13379394189393967,0.15874047953830028,0.17840184758102948,0.19409888399577463,0.2069237528367333,0.21804983098671818,0.2283807452449231,0.2379670711685185,0.24648601999069214,0.25412913652301183,0.26143980793011645,0.26842007958578246,0.2746835538829621,0.2804034816760419,0.2860984453642832,0.2916078850962363,0.2965052364813035,2.70805020110221
-0.5433059664958517,-0.32240969904961647,-0.19181483056574639,-0.09991375555144781,-0.030394832712765673,0.02399421558028442,0.06702823898997444,0.10079069824991758,0.12637775712782384,0.1445145537054666,0.1588488861200136,0.17708303690613963,0.19288410540228737,0.2034996478996274,0.21770306011439583,0.2319620688313913,0.24031275910415115,0.25136340912417804,0.26458750253191204,0.27154907849067217,3.676300671907076
-0.647967954868251,-0.42486830015342153,-0.29269941596918464,-0.19896096861586673,-0.12706625488686538,-0.06959976091246466,-0.02262387936275863,0.01616278336567944,0.04816334581244716,0.0742111933523027,0.09472872804444654,0.11000691195579979,0.12226925328524849,0.13711597933326794,0.15065260830386393,0.1602863908696938,0.17217501799502352,0.18445893456772364,0.19244107613154413,0.2021374386396333,3.960813169597578
-0.5062747939056141,-0.2922907165844082,-0.16570453302874077,-0.07666672046929361,-0.009413118139940477,0.04306442666893848,0.08440892493616341,0.11662626338201625,0.14079637304837161,0.15792169978438247,0.1727230453874077,0.19087067957641266,0.2056171447299526,0.2163086654542971,0.23080344499110916,0.24404857283272027,0.2522250187990358,0.26376661371190335,0.2760567925823167,0.2827071189775558,3.624340932976365
-0.049822007043031344,0.021920739158478787,0.06816639552892989,0.10303298756968975,0.13116890703229733,0.15479795065754698,0.17517518857209782,0.19305560951915415,0.2089203615465082,0.22310103832076372,0.23584686048615416,0.24736291726458312,0.257831692759232,0.2674216662865841,0.2762843343554354,0.2845444005252734,0.29229328453114156,0.29959423333426816,0.3064956650272693,0.3130409025287243,3.2771447329921766
-0.32418723204919114,-0.17872960201932273,-0.08981261629467323,-0.024891556381398592,0.02638849410876993,0.06870521006187873,0.10458670148492806,0.1355613436221768,0.162628437535025,0.18648104971186996,0.20762296099850208,0.22643570282824285,0.24322103426982583,0.25823156471612646,0.2716958177433133,0.2838387745156526,0.2948921943727281,0.305083730538836,0.31460343226246706,0.3235752731390393,3.8394523125933104
-0.20561387362292766,-0.08321308604279314,-0.008134041303509585,0.04649137512745097,0.08926094194935526,0.12407807466591655,0.15306785686323682,0.17753136656489266,0.19833621490374817,0.21610826211331746,0.23135114375382693,0.24454069404939252,0.2561862479563634,0.26678950793101563,0.27667936870327403,0.2859386421937378,0.2945809173454825,0.3027099821297901,0.3104421187885371,0.31779137013957925,3.481240089335692
-0.05077937045947126,0.021764698453996298,0.06843191230928268,0.10354481255706795,0.1318185721797592,0.15550852053231165,0.17588741018307982,0.19372124408522196,0.2094992836830127,0.2235607923452674,0.23616394676354902,0.24752507442894928,0.2578397378369231,0.2672885657595934,0.27602974550011583,0.2841864460590051,0.2918431849904715,0.2990576180405056,0.3058774093304165,0.3123471687988599,3.258096538021482
-0.48040115181425275,-0.30775364599632804,-0.2029584989608426,-0.12663425777408033,-0.06630507111493036,-0.01635656149343753,0.026235489153069266,0.06329292957541303,0.09600106258541956,0.12517587388528345,0.15140412142571372,0.17512273448186136,0.196666644116869,0.21629911657340145,0.23423197443914523,0.2506398780143318,0.2656711854618562,0.2794569667543581,0.29211904101903136,0.30377706962386736,4.1666652238017265
-0.4322640516796626,-0.2682731882728997,-0.16841958411904473,-0.09553805514123648,-0.03784299203847776,0.009974373758676335,0.05077619843314967,0.08628822444551218,0.11763437348343318,0.1455894673071975,0.17071179701067188,0.19341824702038038,0.21402953058383484,0.23279892011280198,0.2499315345443306,0.26559817829743204,0.2799461010460395,0.29310803467441515,0.3052099756844653,0.3163770925414721,4.102643365036796
-0.7090163764893359,-0.47506917256876247,-0.338487665604843,-0.24340203851140949,-0.17233288907120312,-0.11772672345552403,-0.07607577014699746,-0.04673158632501181,-0.05544489735144158,-0.01945607279307339,0.0056715304170396165,-0.005802346918426241,0.026299743313283636,0.04843288688001631,0.03510405769736089,0.064223424753643,0.08413746278058791,0.07076262744879279,0.09627181345910495,0.11397122337042684,3.9512437185814275
-0.5792196860060365,-0.38510493425299436,-0.27888043131603435,-0.38510493425299436,-0.26693330383702457,-0.19099018249994926,-0.19099018249995228,-0.12849919027214463,-0.1863684026963069,-0.12849919027214463,-0.08476567956299223,-0.12387741047491828,-0.07281855181597252,-0.19099018249995228,-0.0342706725088218,-0.07281855181597253,-0.03427067736848103,-0.07281855208398247,-0.02964889756483717,0.003124569253091344,3.7727609380946383
-0.6748585305689984,-0.4441522731310311,-0.30811531324756813,-0.21219019487341056,-0.13917057130263696,-0.08140281321412791,-0.03487845821398858,0.0026562547591838757,0.03241172334871068,0.054757706044289735,0.06923146353339327,0.08093046395004456,0.10081219971250119,0.11311684552999052,0.12068115753174842,0.13874610843459154,0.1494854680292292,0.15425628724324736,0.17093856579115765,0.18052994609511974,3.9415818076696905
-0.40237102141959435,-0.24116146817500136,-0.1430606441757362,-0.07159085092498167,-0.015172064532942568,0.03141632305347474,0.07099056918934338,0.10524929898345303,0.13529906841471054,0.161903087702529,0.18561179909449071,0.20683707861043144,0.2258975106158508,0.24304837115254457,0.2585037811931743,0.2724552711238608,0.28508839113849044,0.29659525432141554,0.30717581908506203,0.31702002597105,3.979681653901961
-0.04579182251729583,0.022565320013030583,0.06702191568884464,0.10083344295600037,0.12836616256903588,0.15171030209610165,0.17204605597782313,0.19008253373795214,0.20626895395067446,0.2209097269892669,0.23422555405382245,0.24638763037615083,0.25753795856685,0.2678015470719078,0.2772927880967666,0.28611693428050405,0.29436785882419936,0.3021246030925496,0.30944995707543016,0.31639276520673265,3.367295829986474
-0.06370726736127573,0.008688835892097254,0.05555909873150002,0.09118917333282504,0.12022882515441145,0.14486110805231991,0.16632347382236096,0.185382294148539,0.2025336333669358,0.21811262107506502,0.23235699801553406,0.24544403441069867,0.2575127175950288,0.26867765793186776,0.27903800087989755,0.28868292082826225,0.29769440930037494,0.30614781737724334,0.31411085058369453,0.32164215617893255,3.5115454388310208
-0.261142543700172,-0.135722513682893,-0.05812711034335837,-0.0008388745476219503,0.04490896258292812,0.08308286844294181,0.11583126459868295,0.14445749276477904,0.16981814978233106,0.1925110784129916,0.21297307738423285,0.2315346519452104,0.24845292870584187,0.2639329469579155,0.2781424791508802,0.2912230111015246,0.3032981667630976,0.3144800457839861,0.32487337290266516,0.3345770593668299,3.912023005428146
-0.02247163483215717,0.03622438534669789,0.07531012261278823,0.10557307914829961,0.13065591262651519,0.15232982541004292,0.17155608776625225,0.1888885158854685,0.2046765524408979,0.2191582022104004,0.23250617201756665,0.24485297610507947,0.256305729942378,0.26695539425466747,0.2768826605233883,0.2861614705715283,0.2948606299659249,0.3030438729007147,0.31076893552319457,0.318086465329382,3.4011973816621555
-0.6167533591953336,-0.4205068472042638,-0.30302852548593195,-0.21851300200412258,-0.15248167296564047,-0.09843504470912785,-0.052882513573221275,-0.01372923185155604,0.020380685265362346,0.05037369804602338,0.07690862725612405,0.10046807747275854,0.12141356959600652,0.14002128932073318,0.15650854922244117,0.17105963984227132,0.18386219595218087,0.19516633482142398,0.20534837303687198,0.21485236726033935,4.219507705176107
-0.5807353803929711,-0.3775887534690302,-0.25607748795031954,-0.1689365622138522,-0.10120581646055091,-0.04616578299547732,-0.00021029318467159986,0.03881877692898319,0.07230964657704503,0.10120009393128337,0.12614475341263526,0.14761262002377704,0.16595838198331145,0.18151051473528643,0.19474251499060188,0.2065109494703917,0.21776960971421816,0.22855897467039551,0.2384696543419491,0.2478198694341739,4.0163830207523885
-0.08875357824371724,-0.00784196314703038,0.04385769937734077,0.08278783077961706,0.1142647691198848,0.14074946464729024,0.16362310330292062,0.18374973247514928,0.20170095404055602,0.21786916317793098,0.23253456078376755,0.24590670714748675,0.2581506990525032,0.269404011940531,0.27978723024134844,0.28941008987116845,0.2983734251108723,0.3067678255620202,0.31467084302553333,0.32214536113451153,3.5263605246161616
-0.7098519187871084,-0.4649892706925838,-0.3220597519376107,-0.2227214656873227,-0.14872437207711842,-0.09220378313720305,-0.0495578366638262,-0.020276953339574636,-0.026078861544623407,0.01075945769589011,0.035728407785520895,0.02629799186935703,0.059199144339701484,0.08114501954274007,0.06921864640801155,0.0991096204094419,0.11884627734934018,0.10655065318559184,0.13264558430662912,0.1501365657619365,3.871201010907891
-0.6479947341881573,-0.43318858257420884,-0.30560986345896607,-0.21474960162436998,-0.14464668664559602,-0.08815123873772296,-0.041444763608994815,-0.0022633070207856223,0.03082259375490996,0.05874199194079203,0.08209174912731444,0.10123446214588337,0.1164446037540805,0.12858001828425353,0.14053101337717788,0.15312812776149012,0.16359739612143992,0.17301761892214212,0.1838566109707812,0.19323473046574463,4.051784947803305
-0.4941627796399627,-0.3014929084607125,-0.1859325568942872,-0.10303430648743611,-0.03870375620404806,0.01339763041642148,0.05667270650436836,0.09315584971745978,0.12415225023958563,0.1505409311776687,0.17293963862713507,0.1918216871092063,0.207658125211175,0.22115902612374913,0.2334292590328878,0.245255980370736,0.25635767159167705,0.26650949331467566,0.2762401868831839,0.2857319360866692,3.8501476017100584
-0.7183649622647169,-0.47212602060979675,-0.32911276926407645,-0.23046775313648518,-0.1579336440891653,-0.1039779027115139,-0.06628448887769031,-0.08287382702444218,-0.037156898654759345,-0.005331996854004113,-0.02461441628939281,0.01577132903548518,0.043618067020816546,0.022593877542157356,0.05878140918582227,0.08373183313408146,0.06472050738681939,0.09491078993905687,0.11643001259186882,0.10347146502732527,3.8607297110405954
-0.170308491429561,-0.05845730308763308,0.010569969496633767,0.061008868228484975,0.1006325795834198,0.13298230177326825,0.15999883843899396,0.18288086310918872,0.2024333248547535,0.21923862395825833,0.23376297978504135,0.24643543914559912,0.2576927915034678,0.26794931467115557,0.2774899082234455,0.28642038665444464,0.2947744071915965,0.3026301121942987,0.3100841253161915,0.31717271119006046,3.4339872044851463
-0.6677966585395219,-0.44764388465047694,-0.31734569467788964,-0.22493127156947404,-0.15399165598445172,-0.09719292072727205,-0.050639392137703056,-0.01205045219369871,0.019970256116178323,0.04625873541137005,0.06722807094131736,0.08297299722621201,0.09445231674396827,0.10798542771479577,0.12207288655293944,0.13144737362889808,0.14188368730263792,0.15472679117601282,0.16272182290645854,0.17098506638469604,4.034240638152395
-0.28161008490064027,-0.13101950003800106,-0.0402710005660546,0.02458799955215992,0.07438055291055358,0.11398565095528991,0.14602213794890465,0.1720584423942358,0.19313464045421644,0.21010972813025586,0.22408242716455823,0.2366557261885125,0.24883718148926318,0.2600755976041142,0.2700784470265117,0.2796551596911146,0.2890382384995286,0.29754350681376435,0.3053832421616264,0.31327751935339043,3.449987545831587
-0.41182321732263216,-0.24316890844693617,-0.14104188677469523,-0.06707593961750746,-0.009087421135831249,0.03841575611296898,0.07839393414805995,0.11262959055545887,0.1422806615534095,0.1681427529962829,0.19078777377831113,0.2106454300686705,0.22805914249750964,0.24333473397980665,0.25679184706562347,0.2688077487114944,0.27979896835702783,0.29009070596108083,0.2998048752108024,0.30896023667308603,3.871201010907891
-0.46547850742760455,-0.2907781630473931,-0.18498948978023647,-0.10820990045402613,-0.047788129694639345,0.0019722899352507973,0.04414037774890886,0.08056444756076407,0.11244605061993956,0.14061128925020283,0.1656532254906208,0.18801287942542066,0.2080287137709197,0.22596951263148587,0.24205908973858478,0.256498168069646,0.2694862316807186,0.28124100847373207,0.29200304614154626,0.302006707520782,4.034240638152395
-0.6187037743582403,-0.42752345439217065,-0.31293432560754514,-0.23033244843021486,-0.1656248350278762,-0.11248628661069458,-0.06751925861939123,-0.028683324398925257,0.005344183597462057,0.03546950746369803,0.062340007527938536,0.08643320619351544,0.10811031196277432,0.12765014202107938,0.145271868072154,0.16115162992050047,0.17543675716934953,0.18826130570501473,0.19976699580802743,0.21013105728129428,4.30406509320417
-0.6399141469172905,-0.4098674221321489,-0.40289630925987185,-0.2642497622282672,-0.17284958447473014,-0.2642497622282672,-0.16587847160186772,-0.0895757706710782,-0.16587847160245314,-0.08957577038292784,-0.034203037443125486,-0.02723192457084847,0.025479154419269602,-0.027231914210517676,0.025479046245717105,0.06416825318268855,0.07113936605496557,-0.027231924570848467,0.025479154419269602,0.07113936605555096,3.5553480614894135
-0.6082416436907303,-0.4137600334081098,-0.3037068640268432,-0.23196737227815115,-0.2973623894505122,-0.2176170621398505,-0.16210625534507841,-0.22161997992083543,-0.15576178076896355,-0.109225253662709,-0.15576178076887712,-0.10756389272801631,-0.0688363165728522,-0.10121941816187453,-0.06249184311450464,-0.03982731879087678,-0.06249184367349644,-0.025476994117031325,-0.060830482408361745,-0.029479903176706956,3.912023005428146
-0.2635273557797464,-0.11365444328703879,-0.023775400882897556,0.03994585777653823,0.08829121357745513,0.12610514900770345,0.15596995643366146,0.17943172658556616,0.19763340440760324,0.21205940865122547,0.22519949899404323,0.2383513569191093,0.2500743127955484,0.2601485650733612,0.27026422941182554,0.28020567142196695,0.2886173683899818,0.29653628245240765,0.30501396221485433,0.31250731523025427,3.349904087274605
-0.18300549522632492,-0.0646608697588117,0.00787716507652896,0.060490155880549325,0.10147309950972837,0.13459878419990193,0.16192914320164734,0.1847345922359331,0.20387477474865037,0.22000224674602933,0.23371308561831802,0.2456566034654155,0.2564910585088619,0.26661642001859537,0.2760627232860418,0.2848087426127678,0.2930147174208913,0.3008345182950213,0.30823501839599415,0.3151887412339973,3.3843902633457743
-0.11663184222543305,-0.026483634668901253,0.03046773653508512,0.07299141471485103,0.10713082634231183,0.13565920322933817,0.16011533258185803,0.18145959470405654,0.2003342400937892,0.2171872642101535,0.23234284932676527,0.24604617295413544,0.25849316060349975,0.2698503572769871,0.28026731359583607,0.28988203298549897,0.2988197628353417,0.30718744069850806,0.31506902658168406,0.32252670200864675,3.5409593240373143
-0.6376684495742303,-0.4391684411505128,-0.3252442300434027,-0.2481589990824073,-0.19415825964714295,-0.23847758251319703,-0.17797141505802017,-0.13423478795269944,-0.1757805648444507,-0.1245533713960435,-0.08717752906646903,-0.12455337139855437,-0.08222653450053982,-0.04965897688867746,-0.07749611304183829,-0.044707991471631646,-0.020310497024307254,-0.039977571220724074,-0.010629118475844513,0.0005981927782477613,3.9982007016691985
0.03522473440321977,0.0933826071443742,0.12927083317397295,0.15510188150030366,0.17395494264092065,0.18785370552869723,0.19942821118910029,0.21094094048198636,0.22157039706726747,0.22971843598336203,0.23645782816428995,0.24416578023764865,0.25167635728156795,0.25690956031361883,0.2615147429072646,0.2678439132337317,0.2736420766864967,0.2772945057324515,0.28098765510555823,0.28611357513236685,2.1972245773362196
-0.5763989799283837,-0.35016101646840886,-0.21648181403556102,-0.12237019877397191,-0.05108498514687811,0.004817794390490612,0.0492176108608957,0.08426232894562746,0.1110729017349608,0.13019849946947856,0.1441915751767648,0.16209342431355048,0.17888191636824158,0.18956008214970385,0.20314302886935756,0.2183352334273608,0.2269689140498394,0.23728473210616022,0.25136282646451286,0.25871137974805786,3.7256934272366524
-0.2460165516850541,-0.11735239270052572,-0.03831919017223697,0.01947031256346122,0.06507697915030378,0.10260551091192902,0.13428198395319754,0.16146004233723632,0.1850325955235142,0.20562610527307235,0.22370393853627898,0.239629697545853,0.25371309366962286,0.26624639514324494,0.2775263089921691,0.2878440764117297,0.2974373810020989,0.30644732849428036,0.3149400722777956,0.32296929635658783,3.6635616461296463
-0.43435493626630506,-0.266146821279806,-0.1640479549685404,-0.08981057841904598,-0.03130077883166743,0.016948218777484324,0.057883498778768895,0.09328119473035762,0.12429705217219277,0.15172684449261473,0.17614310077647474,0.19797286001676376,0.21754515547242828,0.23512251593106287,0.2509244324550001,0.2651475510615128,0.27798472652749207,0.28964064532272976,0.3003344633222067,0.31027713370574644,4.007333185232471
0.02761534359365386,0.06817976519774445,0.09732099522059504,0.1217368485760667,0.1430862559480269,0.16212963766959837,0.17930298725528113,0.19489056202217625,0.20909570797973934,0.22207602762274953,0.23396334766252788,0.2448758881921853,0.2549252152610376,0.2642185642966751,0.27285682976836284,0.2809297419491173,0.2885115216748066,0.29566039946916606,0.30242249783946706,0.3088369149398409,2.995732273553991
-0.21603566893415066,-0.07168130100328167,0.013803444343256517,0.07304873103275324,0.1164088975507496,0.1484597746471741,0.17161071686070462,0.18788005881356237,0.2017164037890079,0.217362917112786,0.2307987814293821,0.24062480262718,0.25170790587196185,0.26342091188622013,0.2714134945946793,0.2789303204135582,0.2891568261257271,0.29670156634158584,0.30197364550816946,0.31011657794325925,3.1354942159291497
-0.3900962362814022,-0.23309170673519186,-0.13733189368645596,-0.06740563070708597,-0.01207056643739985,0.03374250929063313,0.07276898932352924,0.10665952940461322,0.13649024675185842,0.1630041548136374,0.18673783528230165,0.20809322096881813,0.2273809882927849,0.24484857090177725,0.2606997460633925,0.2751097173129185,0.2882377706523988,0.30023788311716904,0.3112655183200167,0.32147683579533887,4.007333185232471
-0.48424731921320874,-0.27843531839529767,-0.15626145039481493,-0.06995082928356401,-0.0043731734237926765,0.047227095053823887,0.08840469660533999,0.12118583679787603,0.14675534232495255,0.16595747143140932,0.18073939371865205,0.19614831260094276,0.2119258436191729,0.22409308903443903,0.23546175195966978,0.2488703089073649,0.2595121392847977,0.26817794133075823,0.2796327726836947,0.2893567629765533,3.6375861597263857
-0.14834356480440286,-0.031273729472875544,0.0394903208092172,0.08964819413671933,0.12744850955346254,0.15664964813339816,0.1793292697177983,0.19689497467199038,0.2108025123633047,0.22306766607377695,0.23504290743749842,0.24601013004425212,0.255440656526527,0.26434899539366613,0.27326321917931823,0.2812203514815962,0.28820844741541934,0.29537234863682205,0.3024055314650337,0.30838601773623975,3.1135153092103742
-0.6296824864349512,-0.4199475055192407,-0.29501647738854725,-0.2057436538109379,-0.13659080002076548,-0.08058870967708247,-0.03400499430454736,0.005386357528944659,0.03900847046984382,0.06781147786624804,0.09244323114910931,0.1133468516819146,0.13083690972086393,0.1452387042688451,0.15730253659810955,0.16868116112210996,0.18013562595287472,0.1904749629246897,0.19980855131680664,0.2094412013413827,4.069026754237811
-0.13254215085648535,-0.013616543450114892,0.057022163379557435,0.1056975692365693,0.14082171703374657,0.16620320189764243,0.1841493457196459,0.19763009074558024,0.2113262778762422,0.22507958779269416,0.23564844781563443,0.24459161167155766,0.25516701473436776,0.26451744342394556,0.271014870720839,0.27853207660591367,0.28718482493739306,0.2931390165677135,0.29822852955656626,0.3054033110840395,2.9444389791664403
-0.639895797254651,-0.44891093353777795,-0.3383452939387222,-0.26218197088739986,-0.2063245727475589,-0.16553062695592727,-0.19562974193450355,-0.14973306506380593,-0.11568132463425802,-0.14463033396788022,-0.10498649399217025,-0.0754530057792126,-0.10310322779481591,-0.06857138964850491,-0.04238686429223219,-0.06524754534170736,-0.037284151645690156,-0.01533955332722966,-0.03218142235797602,-0.008458040965815665,4.110873864173311
-0.423326177274209,-0.22731011036129525,-0.11118241994206783,-0.02959365771492786,0.03181531894016999,0.0794268593794421,0.11655070410171063,0.14501272540175555,0.1659340747116801,0.18127524812359072,0.1970017285034876,0.21385384720364792,0.2265002432149471,0.237639606997195,0.25170850906022724,0.2628390068059676,0.27099538330134665,0.28270393911447145,0.29301182151778227,0.2993054699681174,3.5115454388310208
0.030681866353455853,0.07785929103031775,0.11006672643431054,0.13592551734638408,0.1575628134881643,0.17596065151533083,0.19171135821490237,0.2052624204797856,0.21702966716906333,0.22743625656016822,0.2368644772555229,0.2455531256767708,0.2535750731581255,0.26095834794040895,0.26780242279563254,0.27423923996589183,0.28031739496122426,0.28601558519686404,0.2913686611953884,0.29647673044187806,2.6026896854443837
-0.6924298148012312,-0.4766258720611209,-0.350609982056263,-0.26269904790800447,-0.1967205103230167,-0.14566192489861052,-0.10621198921642021,-0.07758535549691185,-0.0892271442109655,-0.055128910869107206,-0.030501371974890307,-0.04388813504007371,-0.013517013561679135,0.008228590359320285,-0.006268571901981267,0.021230686527064894,0.04081003308809233,0.026614577714697038,0.05080412914082891,0.06827340717703778,4.060443010546419
0.028522771938851964,0.07100653830841072,0.10108118180709824,0.12598895246350164,0.14752175861346475,0.16650087072796882,0.18339914723818362,0.19852960223752883,0.21212435283225176,0.22437516906186838,0.23545648019137094,0.24553640493564552,0.2547760269754075,0.26331838073417135,0.271275309139262,0.2787246329228677,0.28572192506734656,0.29231601267205815,0.29855400451528513,0.30447550499185855,2.8622008809294686
-0.0074062452326047285,0.09174906657040967,0.13587964050867574,0.1457308583455627,0.15968631619231546,0.19782242618207233,0.20522379457750134,0.18209610662613238,0.2275528451873662,0.24159391969524674,0.22817849051147046,0.24396161057054136,0.25574889408082596,0.26691684707779384,0.275425521972949,0.23607789840128546,0.27315882587834883,0.2964309018568174,0.28037645692718777,0.28433181798976814,2.0794415416798357
0.012261268704427692,0.05915733653004986,0.09158434449470763,0.11748723453544027,0.1397083067148353,0.15936164391234706,0.17702853457922726,0.19306337791811892,0.2077055360862082,0.2211299289941111,0.23347355086880847,0.24485091807200746,0.25536356580545017,0.26510559447282117,0.27416595096465163,0.28262785584848726,0.2905663250008703,0.2980455719349372,0.305118210391647,0.31182692740150536,3.1570004211501135
0.03229886389299958,0.08317195230901811,0.11685984399643527,0.14313106230459516,0.16439309253095527,0.18179120707306148,0.19611530264592905,0.20813399038623942,0.2186727597380665,0.22835121860826227,0.23727033329195613,0.2452693910209732,0.2524608128623388,0.2592314839318055,0.2657041139929235,0.27163921395179125,0.27702942958186133,0.2822420291892019,0.2873691955766052,0.2920875866090148,2.4423470353692043
-0.4645597662617544,-0.28201301626489583,-0.17205034157295812,-0.09279133118021736,-0.03094920531767496,0.0194579706846228,0.06164884255368116,0.0975559417715105,0.12842877400787742,0.15511945700674112,0.1782345037986994,0.19822715825756795,0.21546982442143486,0.23033682439264547,0.24331142132340264,0.25503261934517474,0.2660530867705231,0.27648689957081374,0.2862385155560078,0.2954377464336373,3.8815637979434374
-0.04798371953918972,0.03718135659044832,0.08945241471278029,0.1265223746065776,0.15430600541245731,0.1756621348691648,0.19226611901736787,0.20551933725154414,0.21702857610500897,0.22795408005301407,0.2380567361101349,0.24682519020608515,0.25475656691343035,0.26257762127115986,0.26990377593008263,0.2762502611353378,0.2822522006223952,0.2884378042670517,0.29410866177451617,0.2990026410370771,2.803360380906535
-0.5055808471205493,-0.32843587068107605,-0.2211187909107944,-0.1430754019632863,-0.08146418944857817,-0.030508786783955247,0.012900902479412894,0.050637601708964176,0.08391907152394024,0.11358306014243606,0.14023138209256822,0.1643115668231536,0.18616605693517926,0.20606342451249232,0.2242191919564861,0.24081055352733177,0.25598762069073056,0.2698828832753711,0.28261988913319014,0.294321257986366,4.189654742026425
-0.5841770458016654,-0.3611309308197197,-0.22901289269530614,-0.13561804894463833,-0.06443998222295398,-0.008111492268145509,0.03725116786778323,0.073871903477571,0.10303656551961278,0.12543818772286097,0.14175588493087035,0.15568983590978505,0.17253457547372666,0.18674994805432926,0.19721790149272123,0.21080680427412593,0.22361136233222553,0.2319298298086169,0.24297793573408588,0.25480233319785595,3.784189633918261
-0.08486510024692757,-0.006357893940587524,0.04404039219735826,0.08216175001259726,0.11312588330877178,0.1393033568797984,0.1620251160324324,0.18212400003874288,0.20015079731021698,0.21648293201917101,0.23138856634705554,0.24506609026198958,0.2576687543293696,0.2693204339649795,0.2801259607769621,0.2901778413291717,0.299560238766879,0.30835065536747236,0.31661977082490217,0.3244302457442393,3.58351893845611
0.041098353001448144,0.11912381116071441,0.14988081208008266,0.1531591857780614,0.1762615812979148,0.207103978244553,0.20733025941398778,0.18719456039540838,0.23010636819604033,0.2421415872466679,0.2318158183660554,0.2411393528619,0.25093250801504025,0.26572624954281837,0.27054456285191747,0.22122993501275534,0.26675352353514953,0.2899863221216186,0.27478086652568934,0.27617696186401486,1.791759469228055
-0.06138489764128527,0.019910126753861102,0.07111706882084479,0.108807442207921,0.1384268073674773,0.16257254510370778,0.18271082687532358,0.19973995525051116,0.2142757030156745,0.2268218350030527,0.23785772459281304,0.24782841438907668,0.2570424882555714,0.2656136688258611,0.2735675613345277,0.2809812742413956,0.2879720180820915,0.2945929059093541,0.30083531761571786,0.30673169433938197,3.091042453358316
-0.1848866533957563,-0.07798810247161847,-0.011202450152994212,0.038402255497575054,0.07816065796316511,0.11140458416931903,0.1399494276670389,0.16490733025687287,0.18701802894478253,0.2068027030809373,0.22464343904085685,0.24082880816103192,0.2555828243051153,0.2690848809713252,0.2814841467903719,0.2929100599984374,0.30347955656528536,0.313301035626096,0.3224749373545022,0.3310914918311967,3.7612001156935624
-0.6609824589890009,-0.4572435540565254,-0.33938325971005884,-0.2583730293798841,-0.19921940049726122,-0.15642947766265292,-0.1869854452534423,-0.1383584424438888,-0.10268231166131463,-0.13252136237132142,-0.09044835716878533,-0.05950249581745704,-0.0882940647005012,-0.05163052956282461,-0.024180854179463154,-0.04782834201217799,-0.018343831775259983,0.004519939266543353,-0.012506757353270835,0.012391616863769538,4.04305126783455
-0.6285745557394007,-0.4261203564289811,-0.30526961111504974,-0.21862849759409528,-0.15121609710027045,-0.09630999460227323,-0.05030369466312377,-0.011037559556751746,0.022880509049805164,0.05239483982404096,0.07816867015683585,0.10067808276570281,0.12026965797094091,0.13720374032332344,0.15170836183180486,0.16409224147418736,0.17496045528985066,0.18520891046012952,0.19516336057083206,0.20441272225022764,4.1588830833596715
0.010371216099638477,0.06886982153488373,0.10681349855047931,0.13527807146979973,0.15821026431730853,0.17716499795852872,0.19300198589971768,0.2063567173041187,0.2178350382697686,0.22803840851197035,0.2374035625658617,0.24605391596888365,0.2539532485616959,0.26118690265952,0.2679687266130228,0.27439226215402573,0.2803788790756984,0.28593696706181515,0.2912409748532352,0.29636117526918804,2.6741486494265287
-0.44716007576408345,-0.2783712904246341,-0.17585904040672512,-0.10123067304936002,-0.04231225832138278,0.006379041806511293,0.0477984202595635,0.08372691696877062,0.11532366402055122,0.14338694978205976,0.16849119287319617,0.191064651761586,0.2114364177925369,0.22986664649657257,0.24656751565977203,0.2617192817548207,0.2754840577612718,0.2880184026474895,0.2994835053215912,0.3100483744889977,4.069026754237811
-0.2011099467027998,-0.08086781073320126,-0.006966888262638943,0.04691577426642335,0.08920507959490122,0.1237275253832171,0.1525678775073931,0.17700375303360658,0.1978869422436077,0.2158278498728959,0.2313055774879335,0.24475045593017072,0.25660368316781196,0.26731480533115975,0.2772389811012389,0.28653507797403244,0.295235940678332,0.30340327125410044,0.31114410418078947,0.31851428510254276,3.4965075614664802
-0.24379891864182865,-0.10322032553155829,-0.01830513260430703,0.04241921819210706,0.08900049857158247,0.12597550735237714,0.15578793609242478,0.17991532740818864,0.1993700149722522,0.21506635707984012,0.22823805944932024,0.2404106408969281,0.2521085547972236,0.262715495360493,0.2722667817226678,0.2815335600038276,0.2904552730720717,0.29849020069521415,0.3060447091795238,0.3136215892863826,3.3843902633457743
-0.647994291276301,-0.4202843772835786,-0.2856206170927166,-0.1903813489626863,-0.11763234612571512,-0.059817501011092476,-0.012947311513644455,0.025274602722783188,0.05618921979195868,0.08048849677571837,0.09839588723354224,0.11111076892042039,0.1264227546001111,0.1423404999446843,0.15256347438881915,0.16413744603359262,0.17860351179517547,0.18721178249536943,0.19611296543356918,0.20949300241131108,3.912023005428146
-0.10298781782775314,-0.01327142181079684,0.04317578612410885,0.08503027072203316,0.11832616043523358,0.14585263804597934,0.1691721291474138,0.1892614717687128,0.20677053878466403,0.22215569955974088,0.23576232017855187,0.24787872120793325,0.2587682626597564,0.26867755193959947,0.2778192981581952,0.286346092677726,0.29434743057044654,0.30187954596300726,0.30899616205309627,0.31575048414263296,3.367295829986474
-0.5667202042119388,-0.38351343928976045,-0.2728789259879476,-0.192563106874013,-0.12920535765828772,-0.0768036013612475,-0.03212997661548073,0.006757188357462465,0.04111938553665991,0.07182370764228241,0.09949239720625164,0.12458747902205762,0.147461679986313,0.1683906219825156,0.18759405364800405,0.2052504225452348,0.22150732627289038,0.2364894428941073,0.2503050203483628,0.26305167968740545,4.324132656254979
-0.4995437619843386,-0.26428997762991424,-0.12829723749582822,-0.03626819368663445,0.028830134952171627,0.07364409712753524,0.09929157533504382,0.10695791110005365,0.145009901426022,0.16591382589753548,0.16480427530191438,0.1990248806130591,0.2171565229266285,0.20978029681108568,0.24091090863053025,0.25746912568006736,0.2502407500040875,0.27471963575955255,0.2886722704086464,0.2881580744538784,3.3843902633457743
-0.3182676409345916,-0.1703356145619557,-0.08021193713681338,-0.01471112560549254,0.03673235028233002,0.07889220959068556,0.1143476506285804,0.14465692302910713,0.17083815792648824,0.19359767445948287,0.21345202116429401,0.23080317217298113,0.2459954066707501,0.25936684207125393,0.27128858310393866,0.28215214298706465,0.2922719925905427,0.30179430098608584,0.3107578163663703,0.31922388480934993,3.7376696182833684
-0.2608339379110234,-0.1310714093870813,-0.05123208253000659,0.007323354509093337,0.05372679595703431,0.09211203352011839,0.1247189406236256,0.15290728045322144,0.17757177083065614,0.19933778129108093,0.21866354975523775,0.23589898919253693,0.2513235438047085,0.26517371700619874,0.27766458746980116,0.2890047073215637,0.2993993391315219,0.3090371560137688,0.3180670528776015,0.3265869360507639,3.7612001156935624
-0.6000911685089428,-0.40817622570939366,-0.2929615975468191,-0.2098235982736726,-0.14465491084709867,-0.09112055771338833,-0.0458161090832195,-0.006696145822007553,0.02756569766733946,0.05787845463838891,0.0848916515747475,0.10908458748269478,0.13082010180327994,0.1503788398851739,0.16798260885724559,0.18381216612791018,0.1980236420021688,0.21076772218642542,0.2222147603207332,0.23258113156993213,4.248495242049359
-0.6816164664541142,-0.4619637147792502,-0.33227198914569306,-0.24050621427333677,-0.1702523643152969,-0.1141883726170706,-0.06844231041017883,-0.030773127409006465,0.00014746177187319678,0.025026357303559912,0.043998729334163815,0.05663285738787413,0.06726466903037065,0.08427254522395929,0.09511257830794928,0.1023471012670247,0.11785899689184244,0.12738136330078212,0.13237537234286895,0.1467214552493026,4.060443010546419
-0.6748806709841395,-0.45226984813304205,-0.32482148118329046,-0.2391318262543312,-0.17998950988459048,-0.22688840860912368,-0.159519127564048,-0.11168345897906115,-0.15674851089200864,-0.09944004151469721,-0.05849343070308228,-0.09944004155086598,-0.05223225449871979,-0.016520905560641175,-0.046250018243402385,-0.010259793178971662,0.015765363746148318,-0.004277565374037246,0.028008564204233987,0.03789324099363462,3.8815637979434374
-0.5602958114986752,-0.3503673171455167,-0.22524604212112773,-0.13605910937829724,-0.06733097563917871,-0.012119740961724157,0.033283140500848477,0.07107327551335145,0.10263173905259891,0.12885364283778783,0.15033637416211032,0.16759196156268305,0.18161367209505483,0.19470557412407913,0.20807360773584554,0.21996456178443066,0.23043517049752638,0.241417787727524,0.25189137029413805,0.2607572317033243,3.8607297110405954
0.026920183987311774,0.06602343608317432,0.0944376320384245,0.11845076196869612,0.1396213367942526,0.15866407810463795,0.17598833342097028,0.191859603917776,0.20646527837656456,0.21994674287752625,0.2324172222347164,0.24397267709687648,0.2546988224531915,0.2646755351061571,0.2739790874824114,0.28268237470959034,0.29085350470738497,0.29855364262110146,0.3058353950539535,0.3127427321614302,3.1135153092103742
-0.03551607224660374,0.037216139201666346,0.08352312060419917,0.11779987191002451,0.14489289106755165,0.16715094873729033,0.18585397464880885,0.2017657265561266,0.21542636438530338,0.22729941910550489,0.23783029799637134,0.2474097971836976,0.25627941187975095,0.264516624069186,0.27215486922242715,0.27928489125566747,0.2860135718282766,0.29237706445111533,0.2983701002153595,0.3040368612254968,2.995732273553991
-0.5782196586234647,-0.3863121648480033,-0.27097238652067557,-0.1877089216974846,-0.1224474699760003,-0.0688645016178361,-0.023560328126130743,0.015508131007671996,0.049665766927251984,0.07982040019186538,0.10662038724495138,0.1305438852017889,0.15195281814529873,0.17112774634938702,0.18829269095404333,0.20363613214963946,0.2173336850383475,0.2295770513451365,0.2406061492178378,0.2507156244217708,4.182050142641207
-0.5977484641896803,-0.4091349110359111,-0.29573164359592075,-0.21374539078602744,-0.14933417202831237,-0.09628264386997959,-0.051250302887863475,-0.012229361081076121,0.022083173054452288,0.0525815259477087,0.07990600899670959,0.10453060778186525,0.12681567202657215,0.14704127896919544,0.16542939924532207,0.18215948025613155,0.1973803708422223,0.2112207479578212,0.22379988129930353,0.23524006740784537,4.30406509320417
-0.08848397827287188,0.01391249524329358,0.0754316262826746,0.1181997191219759,0.1493971321257054,0.17239507152903963,0.18929707148993072,0.20241428336409598,0.2148085655817693,0.22711686786749857,0.23746332707564946,0.24605720765435743,0.2550180854989263,0.2638315125800637,0.2707644498049778,0.27709788556195286,0.2844763734864422,0.2909934739984128,0.29594235839161576,0.3014794512149796,2.8622008809294686
-0.559060424512726,-0.3542287779367272,-0.23182888221139744,-0.14425684469825245,-0.07643712469745126,-0.021599389628273388,0.023884915458505938,0.0621797356110239,0.09466707022153183,0.12226851564109989,0.14561654216177597,0.16517041324040715,0.18136350453164946,0.19492555362173294,0.2072597650042896,0.21942185302780942,0.23076502421557837,0.24095636864922915,0.2509412899302566,0.26076930902462336,3.9219733362813143
0.029464697562406793,0.07396919698949292,0.10499150897283943,0.13035817928348492,0.15200334079760694,0.1708144797099955,0.1873081943854021,0.20183850890665783,0.21468767005733716,0.2261136249800368,0.23636998402021872,0.2456969134907431,0.2542884874882173,0.2622670943902076,0.26969881333662943,0.2766383176969935,0.28315339342394413,0.28930695201531337,0.29513342541310056,0.3006514502988883,2.740840023925201
-0.6100914548758879,-0.42098830591221215,-0.3074476048860001,-0.22545373082513062,-0.1610985848327198,-0.10813901447005572,-0.06322062491756424,-0.024327965671504317,0.009846421510216495,0.04019940756459603,0.06737280222757758,0.09184129088604452,0.11396530515788829,0.1340244764484261,0.15223984214828537,0.16878945331357684,0.18382036600840357,0.19745930825115543,0.20982413266717853,0.22103781782800733,4.324132656254979
-0.19312511637779925,-0.07671615572501109,-0.004911865490277035,0.0476433849715966,0.08906729642014521,0.12304918920511619,0.1516013945037886,0.17595897311957273,0.19694539404772962,0.2151461584683522,0.23100673839977212,0.24489989892394778,0.25717645010227685,0.26819022837147694,0.2782724941842001,0.28766160554654896,0.29646989586616174,0.30474664454627626,0.31255585912928685,0.31997289667952405,3.5263605246161616
-0.034490922662118444,0.06018493889665388,0.11369479069020395,0.14671657264599056,0.16622857751572204,0.17835607413916077,0.19437536155313836,0.21053977552809625,0.2188822113284447,0.2252932163609701,0.23892639307727306,0.24798626081701658,0.24995299911204683,0.25798242287290846,0.2686503480478286,0.27285341716855643,0.27605286164894677,0.28227141379700654,0.2889466661036653,0.294803125554731,2.4423470353692043
-0.22299407638173896,-0.10424874226469331,-0.030712690534913732,0.023505897292664966,0.0666745586299995,0.10254160159230524,0.13314273878552552,0.1597186182191936,0.18308977140580432,0.20383236066008098,0.22236934831867905,0.23902263281339736,0.2540461855780847,0.26764935482674007,0.28001430876666283,0.2913085921998504,0.30169163465808074,0.31131328610294395,0.32030501324851146,0.32877019944298863,3.7495040759303713
-0.6540917178292085,-0.4081504710835481,-0.26396146679017046,-0.16339370860397062,-0.08817708125249141,-0.03031726613677557,0.014128017156432781,0.046853196755617825,0.06737068943212589,0.07640043416266436,0.10500387862719204,0.12232604037977096,0.12585029129291891,0.15163955332721277,0.16674022368200045,0.16639633235647217,0.1900963839955672,0.20365979843057166,0.20102957363124185,0.2222607925344603,3.7495040759303713
-0.3186497011218094,-0.17937727636323333,-0.09375845192780818,-0.030832307165461238,0.01924625387315696,0.06092347801841274,0.09660275196136196,0.12773766809054377,0.15527911080425608,0.17988683933110738,0.20204016244228598,0.22210026989497225,0.24034758985984925,0.2570056003909028,0.27225706142557643,0.2862558911269816,0.29913639131613656,0.31102054397215806,0.3220233189807847,0.33225531335164304,3.979681653901961
-0.671265726536947,-0.37939637577547214,-0.22645613416503607,-0.37939637577547214,-0.19743800621011642,-0.08752702453133895,-0.08752702501399727,0.00643397428509391,-0.07630128051261138,0.006433974285093912,0.06541321659643881,0.017659663292712388,0.09443177212528561,-0.08752702501399727,0.14812027263339456,0.0944317721252824,0.1481177024724169,0.09443134455135846,0.15934344673685816,0.20434232598880678,3.3141860046725258
-0.22181161974700983,-0.09167144565277154,-0.012385226467562498,0.044872472947487564,0.08931830234648078,0.12512899106260317,0.1545706259418481,0.17902470085090263,0.1994157832057948,0.21644233587933825,0.2307589051061089,0.2431322251398698,0.2543867852253456,0.26497638371095783,0.27483245827886776,0.2839097686362732,0.29246427125639474,0.3006580185426781,0.308365495837474,0.31558287717486544,3.4339872044851463
-0.6314660684804596,-0.43142471933221815,-0.31198090048183197,-0.22628820772802272,-0.1595418934413864,-0.10509894915966582,-0.059394725101289826,-0.020293238877469793,0.013584290677335522,0.0431756318095765,0.0691424870555744,0.09196343104805353,0.1119901061081021,0.12948555832102238,0.14466037370446874,0.15773122248171173,0.16904367163527154,0.17922935957339492,0.18897644747157682,0.19832857256074354,4.197201947661808
0.027461675565776566,0.06770275190350879,0.09668412977457799,0.12101267447785452,0.14232505513845195,0.16137155143490325,0.17858219020010113,0.19423691711020646,0.20853523671656654,0.22163064005799182,0.23365005853397233,0.24470578424703082,0.2549026262571303,0.2643410870957705,0.27311677246751764,0.2813168996303743,0.28901616760425813,0.2962749344720071,0.30314114801245323,0.30965449364378184,3.0204248861443626
0.03003241994270775,0.07577383552386681,0.1073551037042874,0.13296722920473011,0.15463287579817606,0.17328194540899505,0.18946249969929588,0.20356396321423728,0.21591755186643077,0.2268456018454956,0.2366655432904461,0.24564575213821926,0.25395154327923153,0.2616528261021084,0.26879893710468156,0.2754723629262414,0.28176053645126253,0.28770276991915705,0.2933061165989544,0.29860529206403164,2.6741486494265287
0.04607334440897959,0.08406350273311142,0.11393313284901024,0.13874724226917481,0.15975097456766624,0.17764043499982496,0.1929049942437899,0.20598012958977957,0.21732672035273753,0.22742342931040424,0.2366473431554632,0.24515409934934063,0.25294879601752635,0.2600888591362017,0.26674530571777955,0.27304444493972446,0.27896005014468944,0.28446202895683154,0.2896606830256355,0.2946714287638089,2.3978952727983707
-0.11818939369033576,-0.027169466517672717,0.030256459365509854,0.07307813705762052,0.10740969606835452,0.13605651480835781,0.16057496740117763,0.1819362680616666,0.2007899737694525,0.21758956114628164,0.232664029204454,0.24626365446721465,0.25859052688766837,0.26981885528014016,0.2801070037747461,0.2896013636237867,0.29843261838962487,0.3067083546730314,0.3145092471441093,0.3218935221947168,3.5263605246161616
-0.6308919484735245,-0.4034495240223039,-0.2688782620439039,-0.1737180204969722,-0.10107951230878164,-0.04342607071184116,0.0032196563897386446,0.04114328511670381,0.0716743657916088,0.09550021305071367,0.11293452058627637,0.12593568008377334,0.1420345915860332,0.15746362134846417,0.16767096087477087,0.18011683401597636,0.194112370787684,0.2025568155975117,0.21231623064522598,0.2252587977887275,3.871201010907891
-0.3367653596501071,-0.11556893232722722,0.0014572141784532067,0.06335202210309882,0.02259612406494704,0.11116350694814175,0.15873803095350833,0.09782575198467207,0.1798679002118079,0.22277046285717747,0.17987151733029788,0.2282329570923291,0.26265951137764904,0.24935724782402008,0.28362410461494847,0.2767467064149981,0.2835363872491055,0.32503493220762936,0.28911567735812754,0.3119770547479058,2.8903717578961645
-0.6876086603880933,-0.45578301419542533,-0.32318724468344556,-0.23426073005576267,-0.17324984516840455,-0.22094382778657512,-0.15098465023238694,-0.10166495974715019,-0.14797111001856617,-0.08834805792053631,-0.04610269096789975,-0.08834805800905128,-0.03929254903234867,-0.00243489467075079,-0.03278579975346994,0.004375124779946644,0.030931629019670667,0.010881857821561652,0.04424814079951992,0.05343826948384497,3.8394523125933104
-0.20300703525888647,-0.08789859108505907,-0.016574558698077953,0.03596674189671925,0.07771959123306285,0.11231330570605051,0.14172334119701988,0.16715808878395472,0.18942005380658047,0.20907457446584987,0.2265381901185147,0.24213101090729053,0.25611198543366365,0.2687048521046169,0.28011656277229646,0.29054571578622823,0.30017717241280056,0.30916521437276695,0.31761981906848236,0.3256117908018606,3.6635616461296463
-0.46820175732332225,-0.22335293959830813,-0.20895006796742494,-0.05729755139198084,0.035898749757589124,-0.05729755144561495,0.050301700653730505,0.13376202383915203,0.05030162138847231,0.13376413404140394,0.1875512662793991,0.20195413796391645,0.25965836837622774,0.2019681930147166,0.2596097537852835,0.2951504391134864,0.30955331074467196,0.2019541379102823,0.25965836837622774,0.3095533900096278,2.9444389791664403
-0.5322132204794694,-0.35311480578524634,-0.24467006654485932,-0.16578458542405458,-0.10345535284163644,-0.051837100108115236,-0.0077842831111379915,0.030596443257464957,0.06453595979549602,0.09488092085059033,0.12223944729850998,0.14706362991927754,0.16969919002448206,0.1904168832793456,0.20943322152121752,0.22692472089543486,0.2430381645932064,0.25789844167315595,0.2716149889670282,0.2842874964576383,4.276666119016055
-0.1511736376280185,-0.04179639107052812,0.02553427618076435,0.07446589793036729,0.11259763240514337,0.14340226191551658,0.16879468851010623,0.1899668226727158,0.20773575448971665,0.22273934208519058,0.23558117099843262,0.24690521599389836,0.25728651159533844,0.26699134012434966,0.27600789078722954,0.2843664419700986,0.29224116973742365,0.2997356739219229,0.3068030951433471,0.31345405894256745,3.3141860046725258
-0.3660138736754985,-0.2135873777970329,-0.12050095942726075,-0.05248734023626206,0.0013400357565049054,0.04589290934245709,0.08382314345490025,0.11673193820835343,0.1456640773713461,0.17134190080513942,0.1942880198502031,0.21489486567064098,0.23346690491137298,0.25024827478482287,0.265442653246247,0.27922908905288163,0.291775345201756,0.3032479348820381,0.31381528706107054,0.32363972056791973,3.960813169597578
-0.5744760182485412,-0.38924248463547506,-0.2775391388482245,-0.19656128678943527,-0.13277449721552984,-0.0800990324624444,-0.03526566350210281,0.0036917773581258673,0.03805030896136718,0.06868730167550835,0.0962319670250066,0.12115108585491516,0.1438005939063228,0.164458220755085,0.1833450759537593,0.2006405860908564,0.2164934304415677,0.23103021294458187,0.24436311624495397,0.25659742117202017,4.30406509320417
-0.02705003794699004,0.03665629254930325,0.07836147385291165,0.11013108608938586,0.13603654099300141,0.1580557359151754,0.1772618054366915,0.19427450338307453,0.20948875332509564,0.22318053056490947,0.23556074018372758,0.24680523183823466,0.25707151782869386,0.26650552712074604,0.27523971986468143,0.2833859580956213,0.29103004723495823,0.2982341160506362,0.3050457520678853,0.31150621757133795,3.2188758248682006
-0.10406904115851479,-0.0037542172210694846,0.05775097285525655,0.10189309776940934,0.13561435458824206,0.16214080385429397,0.1832936298791099,0.20027364816192939,0.2141095040193258,0.22596141472454742,0.23690645260840437,0.2472040972112744,0.2565233793195815,0.264948630244781,0.2729792777052411,0.28066405901495345,0.2876718389154669,0.2941540759608707,0.3005294914237146,0.3066325209562325,3.068052935133617
-0.548428140723685,-0.3550741679232311,-0.23890552388351724,-0.1551921702085659,-0.08977048956849569,-0.03627288352789249,0.00872430548565938,0.047277064610263875,0.08071614640052963,0.1099502782615819,0.13562511828862128,0.15821401557460285,0.1780751005395968,0.19549407809197972,0.21072824219305386,0.22406708535772174,0.23590723497246213,0.24675444295053436,0.2570040317270714,0.26672189320015444,4.051784947803305
-0.5361045961279204,-0.35306866470032783,-0.24251035623671616,-0.16231768604006036,-0.09916195937752831,-0.0470505696963836,-0.0027587413969711217,0.035654059506944356,0.06944866425429605,0.09949148869540296,0.12640396291410616,0.15064719565881332,0.17257302306598948,0.1924564915577448,0.21051771163610156,0.22693766833064677,0.24187093066122733,0.25545730850435244,0.26783364085900696,0.27914509836019774,4.197201947661808
-0.6013967198892468,-0.3666140248921687,-0.22837867537291254,-0.13150860350090002,-0.05860436827027688,-0.0019770992546450784,0.04230310235247875,0.07626715412250788,0.10067716302579778,0.11592521417237601,0.13235200761120328,0.15381729692951657,0.16619049762115448,0.17713917786055478,0.19657928372551003,0.20706349536057628,0.21407545069978942,0.2320596624487141,0.24133851750383947,0.24541453756568068,3.713572066704308
-0.13329050116033905,0.0007185887597485676,0.07550531558693283,0.12144560660525551,0.14730529177107154,0.15871169028943316,0.1805034646682256,0.20259596573982752,0.20900568093371585,0.21830332741854472,0.23999862483730003,0.24595493910320432,0.2454773382337407,0.2654315265475106,0.27372970314010886,0.2752186976232897,0.28513369434089625,0.2911381037674035,0.30054617315502363,0.3066893390250459,2.70805020110221
0.0010774540595987567,0.08580617938531188,0.1312923354750507,0.1563476951028749,0.1686960412370338,0.1830796036122366,0.2029242042434428,0.21309723803878836,0.215038986432003,0.2289397907045041,0.24201767275297764,0.24290115779634697,0.24602649391040596,0.2594889131612347,0.2660075086135033,0.2685477004014078,0.2708763250982116,0.27654983696109264,0.287064147847999,0.2883729599152927,2.1972245773362196
-0.09696926398962016,-0.0014374006982663069,0.05763165876478587,0.1004424752421739,0.13354619551352517,0.1599969676414191,0.18151823054056693,0.19920706036268776,0.21388067691863186,0.22631314838436692,0.23731636609347642,0.24750201211559922,0.25699384396044367,0.2656895981569667,0.27370695789428756,0.28130579986246146,0.2885151424038843,0.2952153633179342,0.3015009151400768,0.3075692133104737,3.1135153092103742
-0.05288767203095665,0.021415514550174413,0.06900512991407579,0.10465337844969705,0.1332220856259258,0.15703569817889737,0.17740575907053574,0.1951227979572245,0.21069503402834974,0.22448108210363119,0.23676314230168405,0.24778800713546995,0.25778456879576706,0.26695881306544333,0.27547392613389915,0.28343763985117504,0.29091551754541645,0.29795924552135256,0.3046211966937338,0.3109470327753371,3.2188758248682006
-0.687551275927734,-0.44306683697625,-0.2997610748225981,-0.1996528235656111,-0.12452397795838055,-0.06638956201446596,-0.021281567184911376,0.012566790063778763,0.03471178021559667,0.03927555897462446,0.06889341755885912,0.08779240039166088,0.08773895055943928,0.11441285705180049,0.1310000658348607,0.12775536326296486,0.15221134442496992,0.167128365131962,0.16210287837614407,0.18404552837740826,3.8394523125933104
-0.606974193965754,-0.41604160339379365,-0.3014408486925978,-0.21873605275075989,-0.153883050561157,-0.10057658023422836,-0.055428658754867494,-0.016403818372920133,0.017818005626861096,0.048141813026555284,0.07521461310357325,0.09951425005781316,0.1214028403686964,0.14116068298864873,0.15900902578100237,0.17512665986876505,0.1896638892201849,0.20275709627742602,0.21454702512459667,0.22520146776551822,4.283586561860629
-0.4252815719420902,-0.26009008808559264,-0.15966765879418574,-0.08653378749783996,-0.028797262938240045,0.01890000346880509,0.059447147251182136,0.09458602428197059,0.1254507367145451,0.15282282455115528,0.17726520459939257,0.19919820284876136,0.21894568206799694,0.2367650521307022,0.2528686395942809,0.2674407833646341,0.2806530241256932,0.2926774376104855,0.30369448761758006,0.31388812344050837,4.02535169073515
-0.5291143344197453,-0.3450140429155129,-0.2338942483377535,-0.15339005798915106,-0.09008826116621946,-0.037956863067618425,0.006250386535045401,0.044486717238907125,0.07802072954744221,0.10772358113911212,0.13421947087187114,0.1579709741111115,0.17933066010720114,0.1985743209990176,0.21592412836166427,0.231566859309885,0.2456708325013242,0.2584038794340304,0.2699513215306202,0.28052473013419743,4.143134726391533
-0.5008232372815535,-0.3185160026382787,-0.20845525898253411,-0.1287811869329149,-0.06622985803462948,-0.014832750791619392,0.02862336176655212,0.06607184743409764,0.09876790250800238,0.12757280250511116,0.15310303718130475,0.1758151884074202,0.1960580089223786,0.21410761483700314,0.2301952852774162,0.24453459201977568,0.25735157165652767,0.26891184095640724,0.2795165650047378,0.28943402205837043,4.051784947803305
-0.422425403430254,-0.2543351433099099,-0.1524039113357477,-0.07841116770717303,-0.02022553793233808,0.02762033929639655,0.06807404380091224,0.10291158601562603,0.13328805665484342,0.15999826510580573,0.18361380797301446,0.20456160989544386,0.22317329331731112,0.2397206633146325,0.2544463798122107,0.2675942610661197,0.27943459286262595,0.290262801613241,0.3003461909476923,0.3098511041836661,3.9415818076696905
-0.6383587627567445,-0.33676897138729645,-0.17172375211682517,-0.07406542246548044,-0.15228062667362835,-0.0300878106621887,0.045249423246734866,-0.04235505911655629,0.06469240892586255,0.12987024399915137,0.06469246483167278,0.13495898339550091,0.18818759400076943,0.15440158322198508,0.20761971736803211,0.22034848980525967,0.20761421380323017,0.2643704429038705,0.21270833299983305,0.25212974369579066,3.258096538021482
-0.4392964759667474,-0.2694444301202871,-0.16643201692296336,-0.09159358052647931,-0.032663063841776065,0.015885439158942975,0.0570304917864801,0.09256679513990874,0.12366175963780648,0.15111876507288471,0.1755154134883956,0.1972822484968421,0.21675105693084648,0.23418736842926136,0.2498154459102327,0.26384079530739823,0.27647192285673694,0.2879364976607101,0.2984770405469939,0.3083127869809713,3.9982007016691985
-0.4624043436980508,-0.2848609055870812,-0.1775766744210003,-0.09993192875913513,-0.03904320199228808,0.010891182871219656,0.05299605503514219,0.08915178019486752,0.1205788890042494,0.14811461383870675,0.17235835590907325,0.19375533646870438,0.21265001377389664,0.22932652159591926,0.24404764811610152,0.2570982843468325,0.2688208848460363,0.2795921932219369,0.2897025787882682,0.2992620237702846,3.960813169597578
-0.22835544107835173,-0.09509999116649495,-0.014128099978528947,0.0441747907521271,0.08927389372625485,0.12545461079278958,0.1550378315392257,0.17943543823472755,0.19959585732859814,0.21626072684521216,0.23019355362639915,0.2423541145827974,0.2536532268188392,0.26431574648437745,0.2741015228360473,0.28312450661709854,0.29176381703139875,0.30000083482750134,0.30763026135852795,0.314845312101629,3.417726683613366
-0.0481348696239106,0.0607872668481879,0.11743112893248196,0.14584221530057284,0.15469470570415422,0.17692476576273403,0.20173689038402884,0.20582820717132944,0.2082967819842274,0.23516188950602537,0.24188603387997434,0.23474415855299305,0.25446570320581946,0.26507463721153024,0.26931319845541896,0.27441519210324034,0.27099253544140484,0.2885806056036984,0.2976737702493733,0.2831142658977159,2.3513752571634776
-0.6968329645652149,-0.4551410244277412,-0.31348462984016295,-0.21446127478256624,-0.1400367804953419,-0.08230103370733191,-0.037310157068776384,-0.0032802987084933153,0.019407410416724846,0.02197670981870389,0.05176713759173381,0.07120315067425344,0.06958880863349996,0.09640635032387769,0.11350622684725567,0.10902456404108041,0.13359029180403953,0.14897896477874162,0.1429465267678519,0.16500510835373577,3.8815637979434374
-0.6846728146884272,-0.4759606824350796,-0.35308746129721674,-0.2663384587202786,-0.20005490407988336,-0.14726959931342914,-0.10431982269048862,-0.06912009568481062,-0.04050362273737415,-0.018031210028001773,-0.002351160748744385,0.0009680774152419549,0.02105708136621095,0.03480602096615583,0.03548229878951565,0.05375745463499428,0.0660162397999687,0.06502129572488008,0.08187130628842205,0.09296477378692408,4.151039905898646
0.028320356275432383,0.07037410467623997,0.10024216014159829,0.125044012258714,0.14654162669298815,0.1655425148082467,0.18251099848611824,0.19775304711519895,0.21149320342341926,0.2239137695455126,0.23517723402967144,0.2454382614504501,0.2548461240365017,0.2635380360734129,0.27162799820408984,0.27920048259027325,0.28631566747021375,0.2930220059311384,0.2993646105019707,0.3053839710733027,2.8903717578961645
-0.276789703553367,-0.14522133362308873,-0.06420394826244945,-0.004668360587882567,0.042645336538040805,0.08192561617149055,0.11544009723412989,0.1445634257351321,0.1701981353167723,0.1929733997437535,0.21334860241012343,0.23167181478495405,0.24821560856786476,0.26320108523713104,0.27681555744894015,0.2892263127995533,0.30059073576149054,0.3110612394915628,0.320782822091517,0.32988367879365466,3.8501476017100584
-0.2069027060623436,-0.07643991670918812,0.002583181547511619,0.05913153403806702,0.10246969387122172,0.1367915373457257,0.1643696338647426,0.1865983443161075,0.20447690867798235,0.2189946333117911,0.23148388156092145,0.2432474074525455,0.2543845067270961,0.2643747899341886,0.27351497860014956,0.2824321124599657,0.29086381560434416,0.2984595752294372,0.30572870203275054,0.3129527240062554,3.3141860046725258
-0.5116291170293008,-0.31773240087347415,-0.20139865888515796,-0.11785045351162686,-0.052894328538410904,-0.00014746066726014208,0.043818688974495534,0.08105697409731775,0.11288828616160596,0.14020590908400102,0.16363755449667575,0.18364744166050903,0.2006303707909553,0.2150536575710328,0.22766081417348918,0.23940361105537797,0.25067180452407267,0.2611571923289237,0.2708889241563449,0.28031051329070333,3.901972669574645
-0.004337169257615288,0.04806076997857314,0.08358980503699492,0.11144856092652855,0.13487906639400582,0.155400597025922,0.1737723889923355,0.19043540611559462,0.205674599948579,0.21968921014186063,0.23262774911134,0.24460740416763874,0.2557257223839153,0.26606799330941483,0.27571183964686313,0.2847296577358456,0.29318924413608705,0.3011530444293926,0.3086767896365069,0.31580850021104007,3.3141860046725258
-0.5894749862158282,-0.4003269974764306,-0.2865641948083112,-0.20431652764283673,-0.1397138711967097,-0.08652676293456348,-0.041406494761838115,-0.0023401255641827875,0.031978695759822956,0.062446403600967273,0.0897047351627016,0.11422855706151154,0.13637873407972073,0.15643567653581886,0.17462178196929412,0.19111752513752336,0.20607434516810855,0.2196268101485596,0.2319061453915102,0.2430558660804875,4.269697449699962
-0.5557271500574575,-0.3601551045092833,-0.24277287478659404,-0.15827715349595947,-0.09232392508054582,-0.03846560560780662,0.006763300406700065,0.045442634414965814,0.07891716309143462,0.10810355780842619,0.13365131262142824,0.15603485642274642,0.1756124995756695,0.1926736798276285,0.20749444958765972,0.22042143113693033,0.23196201992609888,0.24270182739095517,0.25293015563840915,0.26256562291814,4.04305126783455
-0.35636051628189486,-0.19868159945030117,-0.10296035857418138,-0.03357728553962731,0.02079612797244538,0.06527280357885971,0.10261147805720708,0.13447519748202716,0.16194658946666252,0.1857726897395239,0.20649600291120254,0.22453564079108623,0.24025041796956864,0.2540005899937177,0.26620116461594634,0.27730918754179884,0.28768409426630254,0.2974586341116048,0.3066460034022306,0.3153224104790381,3.7727609380946383
-0.03327947447531842,0.03711145508123326,0.08224354345320542,0.11590265575153146,0.1427336726192598,0.1649892561514142,0.18389406234206906,0.20016775777742402,0.21429620549056705,0.22666451388896655,0.23762361313633074,0.24750357364908396,0.25657525341560183,0.26500247773475294,0.2728558309340474,0.2801857080347399,0.28706721427496856,0.29357281726427986,0.2997349336092214,0.3055674830996041,3.044522437723423
-0.06756425913585093,0.01870272616256684,0.07242684994822261,0.11147248072293761,0.1417003863108994,0.16589924707656367,0.18564795480806437,0.20194713752823196,0.21556702831955166,0.2272601015050534,0.2377610450993133,0.2475171829630438,0.2565526046323229,0.26481250684494095,0.27246862072693334,0.27973735939530675,0.2865960661775697,0.29295956300498105,0.2989595156843289,0.3047561884435166,3.0204248861443626
-0.5635160469091932,-0.36558019336805364,-0.24690663649708836,-0.1615806365470063,-0.09506592560921755,-0.04082984857063673,0.0046373897804023595,0.0434406450158257,0.07693906314526736,0.1060570349558142,0.13144717107176845,0.1535839342875385,0.172825146966233,0.18946632104917568,0.2038154301145099,0.21631345824139686,0.2276209546883704,0.2383422737307408,0.24854144606866654,0.25805590370199616,4.034240638152395
-0.19079884142801437,-0.08122547215801088,-0.012961098139365239,0.03760130137660157,0.07801164809685168,0.11169898306615703,0.14053113088588362,0.1656518764515925,0.1878216601562438,0.20757616681116406,0.22530848148006755,0.24131652491071146,0.25583355842271216,0.2690495487486506,0.28112679148065955,0.2922110122870335,0.3024378126017861,0.3119337639129099,0.3208124659525385,0.3291686133942063,3.7256934272366524
-0.21580265287273245,-0.0948874943093891,-0.020357896621300567,0.03424956212633655,0.07739420692817524,0.11291426243377656,0.14289674813664668,0.1686163694624433,0.19091848615443274,0.21039930269493087,0.22750257006281502,0.24258036113556414,0.25593773350343035,0.26786603195357594,0.2786564812856584,0.28857930877983656,0.2978362282215762,0.30653785970501957,0.3147417453270755,0.32250462073805386,3.6109179126442243
-0.7158969741290501,-0.4336981469150853,-0.27665185043448776,-0.1789521399087582,-0.2629254403190327,-0.1479049287076278,-0.07241449582890505,-0.15656532926501077,-0.058688087370750264,0.005547092617251841,-0.05868808670783012,0.009141411206443023,0.06211425911926474,0.02286780684215106,0.07584014246849233,0.09818067774131636,0.0758398790770815,0.12923102626544733,0.07943440176111888,0.12057250771740406,3.5263605246161616
-0.5727914400064216,-0.3853128843575626,-0.27238131711919544,-0.19063427342747646,-0.126357419661751,-0.07338915562528195,-0.028416078092750728,0.010554292095307272,0.04481558745374334,0.07525599054328394,0.10251179279232331,0.1270543213155202,0.14924229466248662,0.16935506652815868,0.18761487801088186,0.20420279696898516,0.21927138322705683,0.23295634854161945,0.24538892912353844,0.2567093407757088,4.248495242049359
-0.6223470033926161,-0.39719742206856545,-0.2754059611479189,-0.39719742206856545,-0.25923920490414837,-0.1720478407442523,-0.1720478407445149,-0.09956586477804527,-0.16579368570760442,-0.09956586477804527,-0.050256379823868304,-0.09331170992739686,-0.03408961944907341,-0.1720478407445149,0.009727880965466687,-0.03408961944907341,0.009727831451201253,-0.034089623580097775,0.015981986487980944,0.05310174057966697,3.624340932976365
-0.13687457487301108,-0.026596497771181768,0.04068714802170829,0.08891875443249171,0.12580247038422476,0.15486912117551094,0.17807857908217273,0.19669024615731448,0.21171982764481864,0.22430596738682038,0.23571584903520498,0.24654208174501122,0.25645596565732887,0.2653481324627172,0.2737399130484422,0.281853205883206,0.2893113198607263,0.29613358067343704,0.3028123947080972,0.3092851265241514,3.1570004211501135
-0.6616639905715919,-0.3736483405256831,-0.2109795840727447,-0.10549583849191829,-0.039032943034303685,-0.07982309192827285,0.003890412691914585,0.0571739264204224,0.009699995005393897,0.08284611274947253,0.12895524352491028,0.0828460006678972,0.142079894382421,0.1825561570188224,0.15462335014635922,0.19565955163600532,0.21992956688756796,0.20820013769398213,0.24556052899987757,0.23999037282469968,3.417726683613366
-0.3534811489012663,-0.19167106385120683,-0.09385610790598456,-0.023360387382427236,0.03148446222344216,0.07594193941951317,0.11284685458857473,0.1439022502704135,0.1702116074171246,0.192536039485059,0.21144600293722787,0.22744960921170262,0.2411429220600391,0.2533130405151922,0.2646893156216737,0.2754446433892467,0.28541753884714127,0.29473411168038455,0.3036776346148593,0.31220820770999197,3.676300671907076
-0.5783257589964934,-0.3938376074005163,-0.38954718527037735,-0.27911879870097533,-0.20505903367440026,-0.27911879870097533,-0.20076861154426093,-0.13999548494905925,-0.2007686115442613,-0.13999548494798691,-0.09463064710499827,-0.09034022497485927,-0.048357298565808546,-0.09034022486428371,-0.04835730086746717,-0.016280459948284223,-0.011990037818145222,-0.09034022497485927,-0.048357298565808546,-0.011990037818144868,3.8066624897703196
-0.6819546669880114,-0.473464992616151,-0.35047772020608986,-0.26343229056596335,-0.1967056519622524,-0.1433296280856562,-0.09961615313901766,-0.06342377142045037,-0.03347164517560754,-0.009058483595605883,0.009976046970392212,0.02295292799844676,0.02989918425056183,0.0470125401115464,0.05836743231323205,0.06249012097203446,0.07811797319779339,0.08822162999506612,0.09055034912131552,0.10500267979144526,4.1588830833596715
-0.5544329628073935,-0.37190841217403425,-0.2616183433332041,-0.18152970666468185,-0.11834742371243197,-0.06609715749553649,-0.0215651514988002,0.01718219396504244,0.05140133870351909,0.08195603188229697,0.10946619572354219,0.13439220876794733,0.15708563341217174,0.17782130678085936,0.19681854192530537,0.21425574968735353,0.23028104690928472,0.24502049043195354,0.2585850532938468,0.2710770896257193,4.290459441148391
-0.4561871685649963,-0.276510369619944,-0.16813933117337862,-0.08992047860978136,-0.028796175960867393,0.021113800990126073,0.06297491100199293,0.09868944458357079,0.12948924481523683,0.15621638909352384,0.179471842634252,0.19970407333014834,0.21727365498678264,0.2325184196656438,0.2458342599440801,0.2577383411185182,0.2687720575646276,0.2792116863846371,0.2890343983754467,0.29826289196855366,3.8918202981106265
-0.21957876855970157,-0.09695058555041867,-0.021476695094508263,0.033737544866948896,0.07728849100645019,0.11307576235105682,0.14321899311311861,0.16901211500103594,0.1913128483557182,0.2107265509889757,0.2277060017709922,0.24261579374209571,0.25578115411860153,0.2675231582208422,0.27816490241650826,0.287990556802385,0.2971848648920771,0.3058310508641839,0.31397971591038515,0.3216978115158431,3.597312260588446
-0.0754275682236015,0.034023547374120826,0.09625229532574163,0.1355188429587539,0.15948024849976475,0.17303205289089266,0.18809161090721144,0.20666247929024734,0.21739775411157003,0.22345709759716384,0.23773344911233454,0.24880985076911052,0.2513299600274553,0.2592569966286071,0.271264644731787,0.27579615284329945,0.2793852626471112,0.28697377342752145,0.29353611236719857,0.299733991352783,2.6026896854443837
-0.5613455015129537,-0.3271454139058492,-0.18978573692138573,-0.09427231141082985,-0.02331175357774204,0.030638082244631812,0.07124268447972874,0.1000028955183517,0.11706350046317375,0.13304851863707776,0.15812354006235366,0.17198820675877213,0.18143337552509303,0.20410195295437783,0.21590760599990805,0.22059462251170786,0.24155268835307633,0.2521383930249517,0.2537434150718144,0.2724945205492945,3.597312260588446
-0.015850639293195776,0.0890173968510764,0.12276283566784985,0.0890173968510764,0.1678738369126253,0.19466135368092782,0.19388543299534858,0.2298978616477885,0.21175438379024997,0.2298963857232591,0.22763087181212202,0.24512501984594692,0.27486095096038643,0.19388543299534858,0.2849801767755884,0.27484506722278057,0.28169593992097897,0.2727418730568975,0.29931130661801986,0.29915653380141694,2.0149030205422647
-0.27715266390990634,-0.13508926679050948,-0.048660089401631086,0.01389321930863432,0.06269953242890138,0.10233944785810314,0.13528898186599822,0.1630457714094173,0.18659211731096745,0.2066205800218118,0.2236708956750533,0.23824448009439927,0.25091121291474205,0.26232056572220785,0.2729713135365032,0.28297683080341157,0.2922886674572933,0.3010241463524713,0.30936088749699775,0.31729631801114505,3.58351893845611
-0.6805176980200065,-0.40424295204510063,-0.24560278914813274,-0.13892841663075373,-0.06447641476815143,-0.016119872329035997,-0.03693405239653036,0.02456184145484441,0.06431815074383106,0.037702831057492794,0.09185774649603332,0.12639732813560656,0.09670729668631836,0.14411324431890213,0.17495688172351742,0.15267142184976382,0.18806530869725546,0.2119302882391919,0.20120315527939894,0.22956354157341372,3.5553480614894135
-0.6589532087320525,-0.40498054601893263,-0.2568005399195953,-0.1542687605631884,-0.07857891741817745,-0.021686361042434203,0.019956359632017483,0.046477476932478466,0.049460041578264016,0.08540450208044509,0.10772249714577613,0.10492899560102421,0.13715015261178762,0.1566353393904029,0.14973777186281026,0.17914923330830287,0.19668050883447305,0.18849035399959035,0.2139299320692622,0.2294117530243125,3.6888794541139363
-0.02973816257373718,0.03687954144778012,0.0800892157475052,0.11270260045000277,0.1390404703674995,0.16120045666752256,0.18032101518897145,0.19706252979401365,0.21185236442285607,0.22500043492257116,0.23675931068797634,0.24735589302046476,0.25700149350052176,0.26588231129839474,0.27414086281912,0.2818695239666118,0.2891275528848938,0.2959658859147644,0.30243562197491247,0.30857906509555266,3.1354942159291497
-0.6647955714729604,-0.46289516766784833,-0.3431157323416611,-0.25773408755196237,-0.191686443828719,-0.13822710413827335,-0.09374931022889002,-0.056106134228189,-0.023928917459354247,0.0036910213035275235,0.027364355564171276,0.047488889018135014,0.0642951376056922,0.07790021372447826,0.08861977561234083,0.09836030219081827,0.10923954871063128,0.11875683128165393,0.12659671335464065,0.13582509683558763,4.219507705176107
0.03142998082710893,0.08029391178772372,0.11320199286009872,0.13929170733932472,0.16081576341349146,0.1788237078035239,0.19397755996861143,0.2068308807822165,0.21795126930110467,0.22789629101426775,0.23703723206362143,0.24545256860198109,0.2531139540513013,0.26013575250834675,0.2667348812633359,0.27298116767943537,0.2787874798614429,0.28417959065125536,0.2893407254488226,0.2943248162569797,2.5257286443082556
-0.5547226203409831,-0.3153455680358865,-0.17574970924363587,-0.07962176014420595,-0.009361148531606852,0.04250031957704678,0.07912729392626731,0.10056997163066453,0.11216703577075778,0.14375679429260874,0.16140351024176194,0.16561674514531036,0.19407167881817364,0.20931022387104484,0.2081573611847508,0.23430426271351215,0.24810015506563174,0.24473230252503295,0.26713511631742687,0.27947140964817446,3.5263605246161616
-0.5058474165158234,-0.3091955204262849,-0.1914417889884625,-0.10712714515362258,-0.041839774425834024,0.010897991504564244,0.05455959108149501,0.0912167034013806,0.12219248851834795,0.14837134988451242,0.17037075508605232,0.18867867284642473,0.20386596118392722,0.21695919480322065,0.2293609443059826,0.24137027077793907,0.2522910663173889,0.26238214928001186,0.27239071633055445,0.2818906200710711,3.8394523125933104
-0.4069418282816341,-0.24416488919399157,-0.14519139645416185,-0.07314643954195392,-0.01632428411703143,0.03055199124634933,0.07032866993021464,0.10472213251037878,0.13485014020460956,0.16148327339948487,0.18517697478894476,0.20634668870419248,0.22531393039096703,0.24233720717749588,0.25763551178923383,0.27140875681981624,0.28385630118198135,0.2951894142826453,0.30562692232778615,0.31536616472254475,3.970291913552122
-0.48049724773841296,-0.30456437501589373,-0.19802326280931518,-0.12064962178031816,-0.059696013195535066,-0.009424673906614583,0.03325502433292931,0.07020435153322886,0.10263344209171266,0.13137449061116965,0.1570250491974555,0.1800293660707109,0.20072767622762416,0.21938810008006518,0.2362291219301422,0.25143748608626904,0.2651846005526401,0.27764262863886635,0.2889975711722302,0.29945023599781995,4.085976312551584
-0.5772495078076619,-0.3912916730166175,-0.2792067844432004,-0.19799310261821051,-0.13405407774742628,-0.08128223729892378,-0.03639359988137401,0.002586715668676093,0.03694122744584593,0.06755091962423511,0.09504742449567291,0.11989914112747671,0.14246305877454252,0.16301755828615322,0.18178413547868086,0.19894249526201152,0.21464171879441882,0.22900931586372678,0.24215949903433645,0.2542016153085387,4.297285406218791
-0.2996410636931877,-0.12340481576589586,-0.020775763216861313,0.04890849857530207,0.09834261689503751,0.13281483107960199,0.1546831073027019,0.16857640748703534,0.18969184610818357,0.208425985519996,0.2174985625824835,0.23160518604384292,0.24883340195662854,0.2555808157315454,0.26370963139894804,0.2801265508302502,0.28661843527140746,0.29090159047795167,0.3047750859645251,0.31180271358911366,3.1780538303479458
-0.5933102838443333,-0.4082743245795283,-0.2968001965911802,-0.21602016621291864,-0.15238748299236557,-0.09981994771355956,-0.05504844229324784,-0.016107561615247203,0.018278899197390445,0.04898762963310995,0.0766473222226334,0.1017243679103806,0.12457438389797229,0.1454747717912238,0.16464617168775597,0.18226715811052835,0.198484735176844,0.21342224387500988,0.22718578558940014,0.23986997929574808,4.3694478524670215
0.0491665472654928,0.08918100820253257,0.11998195861125568,0.14496921833343904,0.1655285523704241,0.18247377796395783,0.19647430872718225,0.20826661771249247,0.21866036787503554,0.22822490820633315,0.23700510020299823,0.24483730428744196,0.25187763485081144,0.2585419497291693,0.264924036168834,0.27074852040269787,0.2760245159494309,0.28115479390596054,0.28621753430329405,0.290851557812456,2.2512917986064953
-0.034350400726273815,0.03716575784131123,0.08286432152528418,0.11682343989919719,0.14378485078626296,0.16604741676349552,0.1848621211698558,0.20096885741727538,0.2148772237166586,0.22700607293955516,0.23774860305944587,0.2474673900556401,0.2564294558189658,0.26476235245613744,0.27251166285495815,0.2797389686151998,0.2865381919792491,0.29297294995778644,0.2990549140700694,0.3048031376704979,3.0204248861443626
-0.5927617446114997,-0.3893677283014182,-0.27844915310701696,-0.3893677283014182,-0.26530500548120123,-0.18597371199132334,-0.1859737119913367,-0.12049546378953059,-0.180888861583578,-0.12049546378953059,-0.07505513679693548,-0.11541061340139103,-0.06191098850767874,-0.1859737119913367,-0.021762530847805033,-0.06191098850767874,-0.02176254132705897,-0.06191098917111978,-0.016677690919306917,0.017420304318751443,3.7256934272366524
-0.5898956083004258,-0.38785455104866945,-0.2669673644264065,-0.18019751942891335,-0.11266135090419549,-0.0576740789036297,-0.01164692099289197,0.027570006073200214,0.06136253827428469,0.0906704460593845,0.11615371108720023,0.13828768746575865,0.15742578889529993,0.1738579595372722,0.18790304425412155,0.20007831370593537,0.21120770056215418,0.22191725422522954,0.23204758963912475,0.24141790401923052,4.060443010546419
-0.3993538337691029,-0.15039154922997838,-0.029420189934266656,-0.15039154922997838,0.010802194624467657,0.09857142037379146,0.0985707353091461,0.17873135165825127,0.11413122062777732,0.17873135165810425,0.21954209460485782,0.19427883205347427,0.25979862970380363,0.0985707353091461,0.29977697909531453,0.2597986294434538,0.2996744969605091,0.25976447916359213,0.31523466868895267,0.3475333623936598,2.8622008809294686
-0.5954235452962041,-0.4214823455160924,-0.32140128400611306,-0.25324413589270567,-0.20478651973810802,-0.2458731280441477,-0.19246256304650458,-0.15316307438205498,-0.19079454535467194,-0.14579206653386997,-0.11226252556786183,-0.14579206653394458,-0.1084930541366267,-0.07930293506302037,-0.10489151774739862,-0.07553346434120144,-0.05308200473176837,-0.07193192804537482,-0.045711000759864846,-0.03369659438692677,4.135166556742356
-0.5912091081392317,-0.40668437633347637,-0.2954712774050458,-0.21484594432675766,-0.15130695880209902,-0.09879235597623462,-0.0540437814073262,-0.015102192066959397,0.019304594351989477,0.05005061409752717,0.07776277015927475,0.10290624303923719,0.12583584748438678,0.1468284794805665,0.16610448806842076,0.18384229503371266,0.20018879722250035,0.21526713611918039,0.22918290091050889,0.24202953669062835,4.375757021660286
-0.08237040907259356,0.0031329921554699705,0.05698734777456169,0.09681581807178072,0.12834585155962927,0.1542592002558559,0.17607206625730723,0.19472635692012175,0.2108460462534127,0.22488404690326833,0.23721437923480673,0.2481837020393686,0.25811686697010927,0.26727507798176,0.2758120729922432,0.28379531109848594,0.29127731731008427,0.29833052163550894,0.30501801229782777,0.31136719004617497,3.2386784521643803
-0.16824373967614994,-0.06380624400546274,0.0014206310495242906,0.04977405460530807,0.08841016240286989,0.12058580298648343,0.1480817269941903,0.1719943841398365,0.1930559754712737,0.21178286199743454,0.2285535797406357,0.24365553887895136,0.2573162126198092,0.26972531790799914,0.28105049115617053,0.2914467236338347,0.30105865177264357,0.3100157993459061,0.31842467413021497,0.32636496542771753,3.6506582412937387
0.02896508184804715,0.0723933634352134,0.10291593480963052,0.1280465475529568,0.14964325258598973,0.16855790142037785,0.18528292024960397,0.2001485744790428,0.21340691407459053,0.22527558045383675,0.23596116307615975,0.2456649944650046,0.2545710083620883,0.2628241792285014,0.2705201676870351,0.2777201013321495,0.2844770629690186,0.29084717035699914,0.29687900172175397,0.3026036954174376,2.803360380906535
-0.42895653169189657,-0.26602962970647603,-0.1667654342500071,-0.0942712442100956,-0.03684768265149617,0.010775335286076037,0.051439260631776035,0.08685749855353034,0.1181460817966287,0.1460745386855006,0.1711974858311921,0.19392918497996378,0.2145884076331622,0.23342687613768237,0.25064826829010495,0.26642172149777427,0.2808921626297792,0.2941888197829194,0.30643250020524393,0.3177413566506875,4.110873864173311
-0.39701348242464907,-0.24119682347233798,-0.1459819928992055,-0.07627783746796812,-0.020949543083099174,0.025021662619753665,0.06434339405978576,0.09864948610769927,0.1290051272176365,0.15614577301288382,0.18060246296413057,0.20277274723146002,0.22296327975549823,0.24141674154439047,0.25832975402817243,0.27386550470735044,0.28816324745766053,0.30134591647571035,0.31352642673232256,0.3248126098320227,4.0943445622221
-0.1297443276734939,-0.032262502656762525,0.0286722625271782,0.07368543365940793,0.10941453926928557,0.13890212526176987,0.16383363033054135,0.18525958068681211,0.20388406549992033,0.2202048554242876,0.23459655344252137,0.24736676529543505,0.25879343947478023,0.26914061941248635,0.27864644411643963,0.2874922770842712,0.29578738422802436,0.3035936713553605,0.3109646861490173,0.31795681879548604,3.4339872044851463
-0.28993880599364885,-0.127713840711722,-0.03130610742335135,0.036265548489508706,0.08674301409329177,0.12534856385866794,0.15479945756014296,0.17670415076273166,0.19273960967390982,0.2068659231424446,0.22230694833671358,0.23560126741129453,0.24597116456301052,0.2574908417874859,0.26906809094075335,0.2774870757503477,0.2859434258409496,0.2961710347125831,0.3037603873517588,0.3099738632973714,3.3141860046725258
-0.05810043184398776,0.020512299596684595,0.07034150724873288,0.10726594356991023,0.13650709416465673,0.1605580383595803,0.18082541272408853,0.19816333082992804,0.21313751256341773,0.2261778011017351,0.23766348419819283,0.24795461228951085,0.2573632703635861,0.2660938768691614,0.27423543417340135,0.2818349118612792,0.2889634053769263,0.29570062848462025,0.3020872604972075,0.30813541049976406,3.1354942159291497
-0.5084333045629101,-0.3656781213731401,-0.3632585419970424,-0.27833674984491225,-0.22050335880727237,-0.27833674984491225,-0.21808377943117457,-0.17134794469261957,-0.21808377943117457,-0.1713479446926194,-0.13558156665514226,-0.13316198727904446,-0.1008762203091174,-0.13316198727894954,-0.1008762203150772,-0.07532859624140459,-0.07290901686530679,-0.13316198727904446,-0.1008762203091174,-0.07290901686530679,4.110873864173311
0.0437204112403335,0.08011986851240599,0.10917367255928755,0.13369743803430145,0.15483531352928398,0.17321690529289796,0.1892582374634029,0.20328491382713093,0.21559817566714606,0.22650802155308802,0.236325781751527,0.24531210858417002,0.25362277682444007,0.2613224533075694,0.26846284236315854,0.27513203471523734,0.2814191105870955,0.2873599901946628,0.2929594797127948,0.29825485434228377,2.5257286443082556
-0.647957539709091,-0.44685949181069173,-0.3270936539659894,-0.2413805606700522,-0.17478572131672146,-0.12061250382074543,-0.07527137972562495,-0.03661534405864956,-0.0032628015626743508,0.02572079799984698,0.050988408051025426,0.07300381369306475,0.09209695005656252,0.10850356314482487,0.12241688223792731,0.13412247982923145,0.14433156359032456,0.1542036394783153,0.1638843619452491,0.1726536085949207,4.212127597878484
-0.15910790902070643,-0.05905966721312397,0.003750018515282064,0.05055001737157232,0.08814255007750552,0.11962443687158539,0.14668988660762486,0.17038285921576699,0.19140094781405945,0.21023590273523152,0.22724697654779652,0.24270419553267797,0.2568165846316727,0.269751721002205,0.2816496464807242,0.2926326847496073,0.3028118067372957,0.3122896518990318,0.3211603600547427,0.32950717517919625,3.713572066704308
-0.3452462669109962,-0.19625862166199612,-0.10522468106371854,-0.038728411131844005,0.013853939771212999,0.05731841428739657,0.09425569735677312,0.1262309136942384,0.15426620323792478,0.1790692131315098,0.20115292455691933,0.2209037642331165,0.2386235246988438,0.25455780352467944,0.26891770835453715,0.2818980168862845,0.29369151090937623,0.3044948773165072,0.3144992329437664,0.3238660636899489,3.901972669574645
-0.5798550812758629,-0.39575252958738333,-0.2846889575712921,-0.20411856243910645,-0.14059238865488374,-0.0880704086284122,-0.043305234074509494,-0.004343947498130483,0.030081941408317832,0.06084412391845769,0.0885679700132825,0.11371766034001118,0.13664739094885484,0.15763373544980647,0.17689697407422608,0.19461570643116796,0.2109372870394036,0.22598567809647765,0.23986779542349562,0.25267911719422725,4.350277936359301
-0.06524618004891106,0.008234243327202934,0.055686521171297375,0.09167201523685167,0.12092984994194197,0.1456847181474856,0.16719746887722478,0.18624892540366136,0.20334468285477186,0.2188267589013837,0.23293857740680232,0.2458628564252227,0.2577444853297646,0.2687048644454977,0.2788508883500025,0.2882799782248487,0.29708180236877585,0.30533740520322544,0.31311713620251574,0.32047928520250846,3.481240089335692
-0.08984843001518546,-0.0082590520665907,0.043807279814276505,0.08296492453358602,0.11458557235144717,0.14115558686173382,0.1640702580774246,0.18420239264022575,0.20212946881564967,0.21824819806232335,0.23284241120464133,0.2461252587636516,0.2582658805577356,0.2694065519396481,0.27967338802488806,0.28918184614382964,0.298037595597127,0.3063339715822884,0.3141486754997868,0.32154290110945877,3.5115454388310208
-0.3412693497142874,-0.19373718843537485,-0.10351481114150839,-0.037553435271105294,0.014654279119542002,0.05785214239491482,0.09460293692771522,0.12645524086387827,0.15442069464164168,0.1791999561237738,0.2013011310680821,0.22110695018762166,0.2389158577321158,0.25496948053553514,0.26947307628369555,0.2826122574470351,0.2945664966507191,0.3055166445909271,0.31564119261940643,0.3250994258885818,3.912023005428146
-0.7239460248209678,-0.4578170237211576,-0.30456609542294033,-0.20063477117759998,-0.12678732677146787,-0.07663432234792648,-0.10430467044025062,-0.04342483463376767,-0.0019437522161449632,-0.032697885619325795,0.020538603658969517,0.05654911051417651,0.024497557401027038,0.07101472102800804,0.10306647021484876,0.07800185350287417,0.11378751711830346,0.1393700244858802,0.12451389118503368,0.1538174133652721,3.713572066704308
-0.47633650096023433,-0.2981287986191672,-0.19039677194319757,-0.11234279317559456,-0.05103286035503677,-0.0006441833812851276,0.0419593360496985,0.07866540481254294,0.11070012783522538,0.13890538404132308,0.16388446824240252,0.18608513455010695,0.20585087387032713,0.22345618473851017,0.23913533603373532,0.2531110258808511,0.26562474182238216,0.27695751712981137,0.28740895727973104,0.29721755645757064,4.0163830207523885
-0.5677769147022117,-0.3722455122217481,-0.2548890687650639,-0.17036914292811042,-0.10433553642661478,-0.05033919017178999,-0.00491375288162994,0.03402187665993438,0.06781443300375639,0.09738333362233483,0.12338147759372316,0.14628673302456266,0.16645873102211436,0.18417983749535535,0.19969486359019117,0.21326524935633884,0.225245731578396,0.23612545714522554,0.24636293161937167,0.25609666141969634,4.085976312551584
-0.3854730053181739,-0.17942132790905374,-0.060550327130313344,0.019221777730882385,0.07466041666045681,0.11140385480456468,0.130668782998227,0.1455084237945367,0.1767545809607555,0.1919253283249332,0.19700962654988985,0.22540024491656374,0.23845687929440854,0.23638277148813017,0.26247186017888485,0.27479844779891466,0.27194683365134703,0.2919126552153758,0.30260858531910845,0.305566568560003,3.2386784521643803
-0.41714319034601294,-0.254654795206885,-0.155734404358941,-0.08358961117582875,-0.026546946846436863,0.020654083695023282,0.06085049368486542,0.09575321287401449,0.12647671157858348,0.15378950532414137,0.1782456025496399,0.20025903491414807,0.22014888442384678,0.2381682243628628,0.25452414523303074,0.2693929761856484,0.28293305189169693,0.29529587760604936,0.3066345737945051,0.31710605218819415,4.04305126783455
-0.6709520121533031,-0.4457935970003558,-0.31275334614624967,-0.21863854512620537,-0.14666102136754838,-0.08933090254719439,-0.042690346032192954,-0.004454421102549286,0.026721564220289463,0.051539778062328755,0.07014534904885734,0.08265730839627307,0.09581477629173661,0.11244233872253974,0.12290891708899707,0.1323886183811866,0.14753394209871487,0.15658296253261741,0.16355302478974548,0.1775614088531461,3.9889840465642745
-0.3829236293118314,-0.22837273684490889,-0.13397852034119567,-0.06495285873685888,-0.010250744948483263,0.03510846873817864,0.07381278800489305,0.10748466846740867,0.13718223622739226,0.1636364660451224,0.1873755867965279,0.20879550056854465,0.22820219661243515,0.24583886910851813,0.2619044748479047,0.27656750714880346,0.2899770871716223,0.30227223074320597,0.313588843027081,0.3240625985787983,4.02535169073515
-0.17263723033836637,-0.06608569754650676,0.0003049584378329391,0.04940508142159387,0.08854092576621249,0.12104612482842136,0.14874282041814835,0.17275245782094284,0.19382368968214103,0.2124847335448565,0.22912391077758476,0.2440384213159254,0.25746749980925776,0.26961627772804214,0.28067196110322534,0.29081101974782453,0.300195588946548,0.30896179129522994,0.31721030667156547,0.32500969739081814,3.624340932976365
-0.192978792598503,-0.0824179794498815,-0.01360766290568101,0.03730816647585942,0.07795880281517954,0.11180910106835662,0.1407461732662026,0.16592541881881462,0.18811486143704154,0.20785550877718267,0.22554454216251552,0.24148350480998282,0.25590947414627074,0.26901706351858323,0.28097455963090634,0.29193511982027015,0.3020424381541977,0.3114299505473024,0.32021461765259496,0.32849013789143466,3.713572066704308
-0.6168524934990255,-0.4175184781036181,-0.29830168129431367,-0.21265315607460783,-0.1458565065161357,-0.09130545161110526,-0.04545306072062656,-0.0061723108488338126,0.027911408536848852,0.05773479769623998,0.08396092800647978,0.10707206944101692,0.12742609843721706,0.1452949361053245,0.16089891163138084,0.17445504707885698,0.18626508368119218,0.1968285769855724,0.20675104416563087,0.21626776001779827,4.174387269895637
-0.569417662918786,-0.3828492908370244,-0.27040257450242144,-0.1889593183251321,-0.1248821856871936,-0.07204393077059797,-0.027149393261111758,0.011783166722284409,0.04604064557523146,0.07650684776273409,0.10381518858325903,0.12843513754737948,0.15072427380876652,0.17096130698651002,0.18936810134954962,0.20612528612617875,0.22138435235475953,0.23527831323621304,0.24793248519092378,0.2594760333039302,4.255612709818223
-0.04144944714519346,0.0373281504223065,0.08659640057203616,0.12234098287404216,0.14992964688527913,0.1719589140819748,0.18986704155822423,0.20459457414680207,0.21696883949760473,0.22783953761535017,0.2378579825853187,0.24716440892684613,0.25563031213723375,0.26335691070100686,0.2706492104135028,0.2775778935334016,0.2839811672647202,0.2899168944942552,0.29564783029157143,0.30116964108287664,2.8903717578961645
-0.5704754789263664,-0.36639336614516016,-0.24437356591410636,-0.15696094859245527,-0.0891310306778251,-0.03413558214004205,0.011645063345945856,0.050374005359088626,0.08343855694057078,0.11177088092222817,0.13601664196213184,0.15663772158138828,0.1740046594511961,0.1885557182617449,0.20110730893704928,0.21289960793430096,0.22438126614887535,0.23494374488896225,0.24468028894193447,0.25430270433185065,3.970291913552122
-0.5727828747923664,-0.3792175364696465,-0.26294920436821145,-0.1791028377404675,-0.11347879926511949,-0.059696294084283404,-0.01432501608512242,0.024695793514846968,0.05870143483925012,0.08860557832472327,0.11505932483048877,0.138541408875017,0.15941312627811274,0.17795493577606225,0.19439520763633827,0.20893998690423915,0.2218125168102938,0.23330267552773826,0.24378515784551355,0.25361451821714154,4.135166556742356
-0.6662406314042212,-0.45755482494402105,-0.33380195650296696,-0.2456997869964494,-0.17768851535674632,-0.12280216819916907,-0.07732093224079342,-0.03903781724073504,-0.006556295801248953,0.02103549351716676,0.04432689965803183,0.0636659743235841,0.07921688180018695,0.09122229120727131,0.10159154831064635,0.11356449270880682,0.12425414015398102,0.13256081701803152,0.14251278624187239,0.1522471425469075,4.151039905898646
-0.19395655475460322,-0.06133955613424333,0.018169917849610855,0.07417799244810766,0.11613897094137278,0.14830755333457932,0.17297717586970573,0.19166253710728667,0.20607519182882564,0.21904443835538565,0.23217977780965476,0.2438042642836898,0.25350663500149095,0.2632692394942083,0.27305761755156915,0.28113231121765936,0.28848491075563937,0.2966787676562281,0.30399227660881395,0.30988073045604486,3.1780538303479458
-0.4264717893332304,-0.2213387533471885,-0.10095923388149954,-0.017617069209412205,0.043704111824506,0.08952395352769403,0.12296260847947492,0.14542564225659385,0.16000486389660462,0.1802433431359091,0.19968608765016047,0.2102070084925469,0.22426832437962,0.24191886795629303,0.2501562395038935,0.2593039548546818,0.2758412470156924,0.2831333290591367,0.28860929229561855,0.3034768350417903,3.417726683613366
-0.6903690520107182,-0.4779281961183551,-0.3534660855314436,-0.26619295548877697,-0.2001605747859129,-0.1483507763874414,-0.10721203183157386,-0.07502308305436327,-0.05177752854721735,-0.05741486818031409,-0.02918048525200954,-0.008987818628217764,-0.016755268786705798,0.008617764742985014,0.026543101033007232,0.017415971520350355,0.04057866705761936,0.0567721114387494,0.0471047079311261,0.0679859117467619,4.102643365036796
-0.30289148572717356,-0.1610293134584921,-0.07428080633634052,-0.010986319652844209,0.03893621452379848,0.08004432608732352,0.1148026797976791,0.1447026468874352,0.1707208561345099,0.1935362764915381,0.2136445719003103,0.2314250302347724,0.24718544477018453,0.26119739841209555,0.2737258951827622,0.28504681026222667,0.29543501119533133,0.30511691010137665,0.31422859514766405,0.32283560555062274,3.7727609380946383
-0.7130625457964053,-0.4704572158083054,-0.330459835313299,-0.23492808083576536,-0.16618083012577242,-0.11806569090823014,-0.14839876534809696,-0.09179943354298414,-0.051848626368509516,-0.08331523277919682,-0.03406659316961072,0.0006012834834378955,-0.030935331778744413,0.012043071843605214,0.042846472109520584,0.017569521790482694,0.05132963856367479,0.07643038409289792,0.05981373818670715,0.08786832799382703,3.8501476017100584
-0.330615929353613,-0.17781194705703526,-0.08498349220371855,-0.017720303215687593,0.034930681003319065,0.07791589471489385,0.11390539125911987,0.14450974054634483,0.17077880628557462,0.19343949590286727,0.21302548602239368,0.22996312391034943,0.24464630368532464,0.2575097658440506,0.2690584139884882,0.2797548587000413,0.28982061006747334,0.2992668388175194,0.3081393677029982,0.3165743777810856,3.713572066704308
-0.1370266977607336,-0.042308947643937146,0.017364420626670096,0.06189898242242113,0.09768668135185514,0.12764657853753628,0.15338500979130978,0.175898408020507,0.19585436181806598,0.21372196535505297,0.22984199630165317,0.24447005001608646,0.25780524242890135,0.2700099754367642,0.281223586137294,0.29157120378608004,0.3011681661415722,0.3101201708466831,0.3185202996965469,0.32644563983506564,3.6375861597263857
-0.47362353925521655,-0.2879727743000546,-0.17629074562507122,-0.09591055724318685,-0.03329769442993645,0.017639501310657644,0.0601767693635188,0.09627874842823136,0.12721323845942137,0.1538421897869954,0.17677708247226956,0.1964763781266485,0.2133302899112811,0.227772246117727,0.2404202155381726,0.25204999287701657,0.26311662944850317,0.27351223631007837,0.2831833580978164,0.2924166469486675,3.871201010907891
-0.5127038851614559,-0.33345502719928855,-0.2249874975641984,-0.14619906556180534,-0.08407511711580877,-0.03276181760068292,0.010892261327036887,0.04878435769869604,0.08214779662487756,0.11183064865447172,0.13844175078646162,0.16243346827338956,0.1841516036968408,0.20386715571072708,0.22179768143224513,0.23812272002451618,0.25299607934840285,0.2665568346047177,0.27893997468122916,0.2902860063085075,4.174387269895637
-0.5640598693677558,-0.39576626802584935,-0.3000783098650712,-0.23690057952332444,-0.2953643534453805,-0.22623827237918945,-0.1773338747384942,-0.22921244774141156,-0.1726199183188061,-0.13178470852080165,-0.17261991831880505,-0.13055031421752522,-0.09648418209216961,-0.12583635779812982,-0.09177022572876489,-0.07034675923888668,-0.09177022575690795,-0.0596844510135373,-0.09053583143808301,-0.0626586257270309,4.060443010546419
-0.565405384217577,-0.3486204900806898,-0.21987389155107223,-0.128569612654238,-0.05869593596025345,-0.0030889872216166856,0.04205180207759581,0.07893905704857705,0.10891143100640019,0.13277347835352732,0.15110826432550897,0.1653746686154713,0.17984487875188185,0.1949302064478205,0.20692580846135936,0.21789111068059808,0.23074923608542294,0.2413441962428962,0.2499978651945383,0.26105633055465033,3.7954891891721947
-0.39530495977471974,-0.22797317459281463,-0.12672250431764825,-0.05351456361342679,0.0037369816072202852,0.05048172023356239,0.08965654420480046,0.12302863039953385,0.15174477515214335,0.1765923074362527,0.1981387952795467,0.216818932099229,0.23300424850716225,0.24707740312721593,0.2595051505545675,0.27082560038364456,0.28144425645685595,0.29145786545742913,0.30084706285651636,0.3097211561231445,3.8066624897703196
-0.5551112620158809,-0.36332092449445647,-0.24800199908225024,-0.16478968775053793,-0.09964027195261312,-0.04624077239542613,-0.0011962784634716415,0.03753323916612589,0.07126994125402564,0.10091872260627648,0.12712468661957105,0.15036259662278437,0.17099164784889392,0.1892926091260923,0.20549818393709873,0.21982588336391862,0.23252112547149867,0.24390328784342621,0.2543583009181365,0.26420221696550705,4.102643365036796
-0.5198909087990785,-0.2936643231729732,-0.16095933125116574,-0.06879965745258737,-0.000522744563111479,0.051128571472559406,0.08966177277688167,0.11651245527170392,0.13246071978291313,0.15037372701514204,0.17375108265673314,0.18636538543165945,0.1976365155101041,0.21879716625071985,0.22935525216162833,0.2356934502625846,0.25532119715259166,0.2647741197835263,0.2677916175926303,0.2853608215671654,3.5409593240373143
-0.5747011538761433,-0.3771280962682969,-0.2586620141905874,-0.1734325272948799,-0.10692216472540159,-0.052607778848689314,-0.006984330125057866,0.03205127606127635,0.0658586198427797,0.09536429604700261,0.12122448665968617,0.14391757659803567,0.16380234040104946,0.1811622524008671,0.19625435145590756,0.20938468516269362,0.2210104494195143,0.23173063866686996,0.24194182733751068,0.25160190429584445,4.07753744390572
-0.1191621267379245,0.024316189083990213,0.09567925966095515,0.12497861087147487,0.11716263662085655,0.1734584621559845,0.19592492484369636,0.15986538523101435,0.21721443158851889,0.2404696484845717,0.21729247341531624,0.24528553315599874,0.26391626945096486,0.26660296411706813,0.28417170294491323,0.260527807018499,0.28353311130874087,0.3116121925321801,0.2894740146051954,0.29940291078109676,2.4849066497880004
-0.6157173212125214,-0.42525651263990544,-0.3110299890657344,-0.22863775386531093,-0.16405088260723766,-0.1109725759076644,-0.06602019370291023,-0.027161901646740663,0.00691977579961308,0.037127930569194556,0.06410811982158886,0.0883370314120059,0.11017578605291141,0.12990369608295663,0.14774080246503554,0.16386405936930795,0.17842055374172847,0.1915407944636885,0.20335525705429644,0.21401620200694085,4.310799125385514
-0.40570802887291596,-0.20056046479343048,-0.08101180342075262,0.0007283520857382723,0.059587228913354946,0.10182773547811078,0.13002959325785376,0.14569789652239082,0.16481745924932706,0.18910416373564973,0.20099989961411419,0.2121123721637016,0.234194834354943,0.24403688967641504,0.24899498352169705,0.26958558010797173,0.2787298641099403,0.280454462237879,0.2979163992519421,0.3066998904410339,3.332204510175204
-0.5223898955075292,-0.3432882687107633,-0.23486684584740078,-0.1560470176391479,-0.09382632286990251,-0.04235806540666051,0.0015047439789715642,0.03965655311830615,0.07332897967752476,0.10336911448875997,0.13038529937049786,0.15482970925638795,0.17704808895417223,0.19731126094341822,0.21583603314443855,0.23279979144085206,0.24835136351516768,0.26261982336305534,0.27572232422776416,0.28777146889380545,4.22683374526818
-0.5718007400642289,-0.3872660871446712,-0.2759311025911353,-0.19518118088415357,-0.1315418274845103,-0.07896007633720861,-0.03418094945090588,0.0047532919227441205,0.039114334418164864,0.06977603043432813,0.09736521904297277,0.12234707675483551,0.14507647354605013,0.16583045670312177,0.18482971042247412,0.20225335625605895,0.2182496983602688,0.23294459408619483,0.2464486259199394,0.2588639090408108,4.310799125385514
-0.2723395270139412,-0.13784231876435607,-0.055372304577478125,0.004900330088499665,0.05248548208652832,0.09168654733407325,0.12483381595343393,0.15334049067491515,0.1781351851011416,0.19986629617007076,0.21900973832859993,0.23593270485083215,0.2509373861599495,0.26429553075969686,0.27627527454653206,0.28715081671302545,0.29718000280436685,0.3065570650720112,0.31538998277693003,0.32373615873773376,3.7256934272366524
-0.3704801401202,-0.22017855139646902,-0.12814821945370733,-0.06068152835202845,-0.007075841726416207,0.03749571638177037,0.07563874579785158,0.10892652963138676,0.13838568257136818,0.16472594947015665,0.18846069908998905,0.20997503601019685,0.22956665234575607,0.24747166289335704,0.26388186425591703,0.27895699773772104,0.2928340589178366,0.3056347672311429,0.3174716193285862,0.3284523147547929,4.060443010546419
-0.547468278059361,-0.3820885015256327,-0.37871340404535253,-0.2799981309332345,-0.21333362751162424,-0.2799981309332345,-0.20995853003134404,-0.15563159493705747,-0.2099585300313441,-0.15563159493701814,-0.1146183543995062,-0.11124325691922604,-0.07371345163445449,-0.11124325691158948,-0.07371345187492348,-0.04457875349761578,-0.041203656017335624,-0.11124325691922604,-0.07371345163445449,-0.04120365601733562,3.9318256327243257
-0.6368661274674233,-0.42121093477955324,-0.2930518661617894,-0.2017649843543151,-0.13134740636426118,-0.07462889048756671,-0.027779881790143904,0.011469529065302691,0.044551424272821515,0.07239519498337359,0.09559796245282141,0.11453315354118035,0.12954997317377054,0.14180694060476762,0.15425309460566689,0.16686692161187391,0.17728442590953858,0.18711945495376403,0.19806785204474828,0.2073197154684494,4.0163830207523885
-0.5954764285123632,-0.40991391609954553,-0.29817123138093693,-0.21723235809427188,-0.1535038310376828,-0.10088260796851084,-0.05608849185323218,-0.017149537890751108,0.01721458429641389,0.047883275069051816,0.07548704382783847,0.10049349715894144,0.12325904263106846,0.14406156169961915,0.16312195034494506,0.1806188988202114,0.1966994948507913,0.2114872986425577,0.22508904291040926,0.23760083417297537,4.363098624788363
-0.12053903508175261,-0.02008242829181427,0.04207776635995084,0.08735776623436065,0.12266585685584916,0.1511850056028906,0.17469133165376743,0.1942995411705558,0.21078150149323369,0.2247568342986022,0.23682633331317016,0.24760167226593763,0.2575526611371972,0.26683753375502994,0.27543871115663043,0.2834320336560927,0.29098461460449776,0.2981558043110033,0.3049011326209155,0.3112630358810743,3.2386784521643803
-0.10032340548319471,-0.0025241548825781475,0.05770412392994357,0.10115393189225849,0.13456206662086045,0.1610648011909415,0.18243188235156457,0.199805258476725,0.2140856825662981,0.2262034224271315,0.23711527109665728,0.24734292021063728,0.25678436087194734,0.2653440721421715,0.2733193359269579,0.2809594870831961,0.28811080335639816,0.2946875118738097,0.30096628423497734,0.3070751049367223,3.091042453358316
-0.3553658598882283,-0.20670111320881748,-0.11571077092317428,-0.04907997444547551,0.003775986221404672,0.047633338015886414,0.08507142250622231,0.11764828404773506,0.1463811731221808,0.171973988148528,0.1949364867335701,0.21565167513689185,0.23441639475161954,0.251467370918263,0.2669992042683391,0.2811778745033231,0.2941516226917378,0.3060597535955808,0.317038546627907,0.32722231616441405,3.9889840465642745
-0.006951587668261859,0.04999978886457737,0.08786470550526225,0.11700976972900382,0.1410856993986859,0.16180187921212444,0.18001289318080183,0.19621773764504338,0.21074460072834358,0.22383252402814074,0.23567336706921274,0.24643515419946105,0.2562735976136762,0.2653335109187629,0.2737421869261737,0.28160090810365335,0.28898312761406053,0.2959424073731114,0.3025234577680986,0.30876714194023513,3.1135153092103742
-0.6514394368123692,-0.3817233209373548,-0.37093467630235427,-0.20684991013022072,-0.10121856042733983,-0.20684991013022683,-0.09042991556040679,-0.00012755263451430166,-0.09042991579233926,-0.00012752608396156994,0.06286620574478755,0.07365485037979425,0.13603945372718587,0.07365526130516181,0.1360369832702253,0.17928620008267512,0.19007484471767574,0.07365485037978813,0.13603945372718587,0.19007484494960816,3.295836866004329
0.03812002058221991,0.07058840886628563,0.09739753710647342,0.120785997315923,0.14166662202173708,0.16053772159882776,0.17771433965616998,0.19341564276080092,0.20780604685954415,0.22101775391883177,0.2331645648726201,0.24435082510575634,0.2546768134612634,0.2642407027333368,0.27313703517664106,0.28145254429715144,0.28926165421415667,0.29662460103453525,0.3035894591876673,0.3101963120458249,2.917770732084279
-0.08431257309356208,0.0025392877694213507,0.05710256157662333,0.09734573965638045,0.1291071096449208,0.15511912581331838,0.17692616538752062,0.19548891387747946,0.2114484351601002,0.22527983819299138,0.2373897296259919,0.248165192802092,0.2579602229833422,0.26702899947499353,0.27549002404942513,0.28339002570819694,0.29079310625311017,0.2977852729195062,0.3044184868720571,0.31070475278418364,3.2188758248682006
-0.6036641886762466,-0.33692515227115466,-0.18415170456857957,-0.08221158086202988,-0.012237510977877047,0.03125582153725176,0.01798172433137709,0.07588391272296933,0.11142314264481816,0.09030184545989345,0.1416307516848579,0.1725408220492728,0.1469503338006557,0.1919637087765802,0.21969747336268658,0.20134962937136447,0.23401833724311868,0.2548522895741377,0.24842701542867013,0.274061093861726,3.4339872044851463
-0.7195496102668751,-0.45784587059720855,-0.308684301053635,-0.20956283552581043,-0.14305425475241554,-0.19221682646579866,-0.11405259541465758,-0.0604012541628069,-0.11012729101888814,-0.04305525166913549,0.0030178457894475264,-0.043055252982425234,0.011888351442383748,0.05214228868815467,0.02036374642950679,0.06101192275879028,0.08876512771601926,0.06948720166692492,0.1061088398628369,0.11200925413833404,3.7013019741124933
-0.023215236902207143,0.03629547488330018,0.07580884428384506,0.10632008357385025,0.13154164469843668,0.1532784403042613,0.1725099548051684,0.18980057563144279,0.20550669045307526,0.2198715582381759,0.23307252005996165,0.24524678853750326,0.2565066988265081,0.2669491867307886,0.27666160131363643,0.2857247461315074,0.29421361765872633,0.30219645021332103,0.3097331198708087,0.3168741925653585,3.367295829986474
-0.31114967686026535,-0.16069406920401533,-0.06938475018928975,-0.003379648605954217,0.048101552310589685,0.08992853007795333,0.1247293259280459,0.15408863293804212,0.17903996477901585,0.20030346938613416,0.2184251883238065,0.23388866942550735,0.2472297602121399,0.25910186907049904,0.2701111227745354,0.2804863961715309,0.29016387268248167,0.2992051907819467,0.3078179534752175,0.31604758289234147,3.6375861597263857
-0.09221425957968898,-0.009159848235832255,0.043698611643279546,0.08334703747015287,0.11527668185475703,0.1420287522080223,0.16502894029503395,0.18516893450203392,0.20303895103131073,0.21904523550924018,0.23347994784961787,0.24656488887980965,0.25847932493786013,0.26937770925131294,0.27939988091208456,0.2886745074927547,0.2973166825751601,0.30542273371995926,0.3130673056847996,0.32030615560876685,3.481240089335692
-0.3451748723202816,-0.18663360029689732,-0.09062628645107161,-0.021299673348149712,0.032755142452792804,0.07668694685646119,0.11327129755455523,0.14417841529060443,0.17049320913469812,0.19296499999345865,0.212149549150546,0.2285168918561635,0.2425655798906171,0.2549249856025407,0.26627611898715303,0.2769878582296616,0.28701900398534824,0.29636187344336,0.3052297166243569,0.31373155434836725,3.6888794541139363
-0.5718383436037578,-0.3713811178165616,-0.25133276504245977,-0.16512566056533756,-0.09801845027823773,-0.04338795183489011,0.0023225063070445163,0.04124391607949523,0.07475000389979089,0.10377235667471231,0.12896553485472162,0.15080246102309072,0.16963970771371864,0.18578381844723507,0.19960005391440586,0.21168720030975896,0.22288542567591402,0.2336534590453767,0.2437571269715574,0.2531436166305684,4.02535169073515
-0.4951459100243988,-0.35337047357655843,-0.2741823055694165,-0.35337047357655843,-0.2680742357903991,-0.21159503712871813,-0.21159503712871813,-0.16595354097124027,-0.2092321131879208,-0.16595354097124027,-0.13240686912157615,-0.16359061703044325,-0.12629879934246604,-0.21159503712871813,-0.09713194067404869,-0.12629879934246604,-0.09713194067986895,-0.12629879934255878,-0.09476901673907161,-0.06981960068087781,4.119037174812473
-0.630781896508854,-0.3792467229658167,-0.23251013531302162,-0.13112151705075947,-0.05649394508302747,-0.0006956036090601546,0.03972876268222905,0.06482491711901876,0.07057945938665693,0.10546385458543846,0.12647080848834735,0.1258788484241321,0.15719113131964788,0.17548360920978878,0.1703513939625407,0.19898356990958235,0.21545866284687692,0.20874483387423134,0.2334382779324541,0.24800665332571661,3.6375861597263857
-0.16344294962962427,-0.05511671551964044,0.011995404390877536,0.06123711030104866,0.10009796300738066,0.1319923029630895,0.15879359551288508,0.18166025600400434,0.20136889716147283,0.21847410551114765,0.23340192822564515,0.24651539774990638,0.2581598962518944,0.2686750436530624,0.27835605103884437,0.2873933342908108,0.29587096712971706,0.3038388789263109,0.3113659090106615,0.3185189617808124,3.4657359027997265
-0.08771152955283247,-0.007444750006699658,0.043905966415055835,0.08261941404126548,0.11395924013326357,0.14036219077506065,0.1631960096616254,0.1833163955399756,0.20128936527594324,0.21750325230758658,0.23223491230820928,0.24569069110914846,0.25803215769417337,0.26939265151609115,0.27988796204972144,0.28962270916379773,0.29869308153970686,0.30718651658654017,0.3151795781361454,0.3227360645605042,3.5409593240373143
-0.3375110641971734,-0.19135363676634248,-0.1018977570164306,-0.03644167018718217,0.015411940117332181,0.05835749606782363,0.0949313736918935,0.12666646715681706,0.15456443870135522,0.1793192794563886,0.20143443131647476,0.22128910959769899,0.23917866828682247,0.25534127091479814,0.26997733740150825,0.2832651046284173,0.2953732885376436,0.3064693107024582,0.31671929093749857,0.32627711364234613,3.9219733362813143
-0.44748057684406106,-0.2818767121339854,-0.18103937465359185,-0.10740018913814087,-0.04905147961684768,-0.0006317119129830795,0.04074877050167818,0.07683186875445878,0.10875178538833163,0.1372902025085411,0.16301009683102133,0.1863315606189231,0.20757741416911643,0.2270020430924067,0.24481049762903873,0.2611717959654272,0.27622876242447403,0.29010581852628076,0.30291553797617865,0.3147642347456117,4.1588830833596715
-0.03679026916225482,0.037260654321177915,0.08422280653674585,0.11883595223706088,0.14606027008612565,0.1682986236645283,0.1868630858341049,0.20254634023598436,0.21592907191976385,0.22753467178497497,0.23787049750523173,0.24734053318375251,0.2561297004016727,0.26426106853807957,0.27178337994135493,0.2788305721912163,0.2854996198757375,0.29178180499874573,0.29767781622156636,0.30327697375354706,2.970414465569701
-0.06445879077829458,0.008466703869681059,0.05562115317833973,0.09142483865414926,0.12057116539838178,0.14526352695246342,0.1667508067027146,0.1858064355805298,0.20293112542090416,0.21846334786254668,0.23264357434098046,0.24565165880136744,0.25762935498525846,0.2686944362326275,0.2789496641721539,0.28848810717814316,0.29739547720776116,0.30575003337078194,0.3136210330072635,0.32106722840554025,3.4965075614664802
-0.6122850611021414,-0.41719794295971563,-0.3003240385025566,-0.21617465723228793,-0.1503706106646488,-0.09645636060814225,-0.05096422194326285,-0.01181237032919654,0.022347450842362827,0.05243739145733465,0.0791142420171559,0.10286030795332984,0.12403818561976929,0.14292603951940375,0.15974286682829164,0.17467094976289527,0.187883485558752,0.19958666033169403,0.21007329831812607,0.21972610829889413,4.22683374526818
-0.6174632509842161,-0.4239001738954428,-0.3079459833709772,-0.22443477896621852,-0.1590930112397946,-0.10551371194194573,-0.060255524286398535,-0.021252232512142533,0.012834767654454099,0.04292166076188094,0.06966176233008761,0.09353569171071195,0.11490562061249103,0.1340498671890347,0.15118673715255554,0.1664935795181637,0.18012667502021493,0.19224877678924537,0.20306947260449693,0.21288175914939148,4.2626798770413155
-0.5344161780826975,-0.36908834801700946,-0.2776185353225765,-0.36908834801700946,-0.26907121050166843,-0.20376051795132138,-0.20376051795132138,-0.15053684458633573,-0.20045396135000762,-0.15053684458633573,-0.11229070525688846,-0.14723028798509907,-0.10374338042849891,-0.20376051795132138,-0.07028228012351385,-0.10374338042849891,-0.07028228035909942,-0.1037433804359804,-0.06697572375778565,-0.03843268788563334,3.9415818076696905
-0.030223245108686046,0.059619556565309914,0.11165595355143695,0.14522619486429125,0.16692852373462538,0.18088790271085012,0.1938030791931554,0.2089341495324236,0.22039061414493247,0.2273416400672769,0.23665475421035756,0.2475139794904616,0.25338378021020985,0.25751674515292333,0.2665839824507355,0.2739712628127518,0.2772748033336091,0.2818730226965765,0.2884918766398902,0.29401366071726404,2.4849066497880004
-0.3068281350921673,-0.1367641964367402,-0.036257908527486254,0.03366892221604073,0.08535355279839234,0.12422920309083232,0.15304979148345607,0.17345983204710616,0.18823123574313358,0.20427504721779371,0.22079009590752485,0.23251262370964493,0.2433176323485084,0.2571423014726728,0.26738308214504053,0.27472327751427955,0.28611200590386676,0.2958052072923809,0.3012737277907882,0.30997512385214754,3.295836866004329
-0.2634471959156453,-0.13712323236956994,-0.059024973742113136,-0.0014065106072258665,0.04457155299332006,0.08290840508598339,0.11577006006414649,0.14447040879096953,0.16987286809601643,0.19257994983507706,0.21303181847571145,0.23156155996677436,0.24842846933492257,0.26383966120324387,0.2779652005406765,0.29094939005759635,0.30291945227499684,0.313991952785719,0.3242766753110965,0.333877403800768,3.901972669574645
-0.6129890254276297,-0.4079529324588649,-0.2855148403164795,-0.19777810662362552,-0.1295944772844327,-0.07416442141520256,-0.027840519698829218,0.011559563965791476,0.04543974839905874,0.07474867151267303,0.1001481482532633,0.12210902238985441,0.1409744707501242,0.15702381727292025,0.17059321418632886,0.18232898484825177,0.19329091142185323,0.20399145512115116,0.21393182346852632,0.2230938125441151,4.085976312551584
-0.374128894159358,-0.2188314082142821,-0.12414482918830516,-0.0550758236100774,-0.0005078300909420767,0.044574054824561796,0.08287680094736828,0.11603429332395025,0.1451120537585832,0.1708461974996379,0.19376884933167568,0.21427942163152106,0.23268826473246393,0.24924589565161417,0.2641649630967602,0.2776387470156658,0.2898569516297197,0.30101533851706264,0.3113115656575836,0.3209230156057251,3.9415818076696905
-0.5604366200785418,-0.35947560976123616,-0.23915933147892596,-0.1528373445731904,-0.0857374826520259,-0.031222274394717815,0.01427139617854704,0.05287617528032024,0.08596390717508416,0.11446137566228586,0.1390162763269352,0.16009580109874844,0.17806383467336884,0.1932851640655827,0.2063192275768824,0.21809927850362995,0.22943129879495736,0.24017265681435723,0.2500404858897682,0.25945378837534067,3.979681653901961
-0.26442728253121933,-0.1331863837114955,-0.05252541913142528,0.006566737001149113,0.05334007681339063,0.09198142285313354,0.12475896415085248,0.15304924625692876,0.17775767319108354,0.19951688494572342,0.21879061978468528,0.23593389879734944,0.2512324074050301,0.26493182997095066,0.27726097171312364,0.2884463340345828,0.29871046125567563,0.3082496175100452,0.31720589788339315,0.32566415846142416,3.7495040759303713
-0.32419846982752476,-0.17392596741768102,-0.08250236978654414,-0.01615385318105854,0.035871334338658585,0.07842997824289062,0.11414505410369523,0.14460011504460574,0.1708287346868967,0.1935472880136853,0.21328045894406458,0.2304409562632778,0.24539376710339925,0.2585171380658708,0.2702412404184197,0.28100007516296666,0.2910822000793134,0.3005687942559582,0.30948420546871874,0.3179231367673852,3.7256934272366524
-0.6768045000578756,-0.46209137278520174,-0.3351172490325395,-0.24505814042890955,-0.17587590459679214,-0.12040412174884206,-0.07483493123700645,-0.036935961998945874,-0.005335173998521695,0.020796340997150747,0.041872414300291344,0.05791530727885647,0.06902270719320193,0.0807208359927093,0.09515042521397588,0.10453126157044909,0.11319621431263727,0.12638456792190353,0.1345587804634242,0.14119077122646073,4.102643365036796
-0.1867608705328149,-0.0790149515890803,-0.011760892394242552,0.03814722344807395,0.0781122845363957,0.11149694729956262,0.14013324430679783,0.16514336984195013,0.18727364463751747,0.20704985760203742,0.22485756795979112,0.24098824686805065,0.25566868973834816,0.2690813640644404,0.2813791654385725,0.2926961335277277,0.30315458252844313,0.3128684470112611,0.3219427148215764,0.33046997972703995,3.7495040759303713
-0.4082476678321957,-0.23091566206506595,-0.12431010435193836,-0.04786199850615627,0.011317295394418293,0.05903035137694076,0.09839218613146794,0.13126288259643137,0.15883466684322478,0.1819177159799011,0.201121260923395,0.21704979344950645,0.23059656562688022,0.2430208817346309,0.25499263582336573,0.26608786888987307,0.2762027792720589,0.2859567743408894,0.29540764460962915,0.3041030458148368,3.7013019741124933
-0.3243258954867416,-0.18298433246827303,-0.09621278961388087,-0.03252661561911311,0.018085470101369093,0.06014444731186984,0.09609379765044457,0.12741107198759308,0.15506254678465758,0.179718405583582,0.20186533664813253,0.22187002456722527,0.24001732960377573,0.2565348098051036,0.2716096842470459,0.2854015184680166,0.29805227686168057,0.3096941872646543,0.3204547816215699,0.33045773773487086,3.960813169597578
-0.17839321277775208,-0.06240329225408272,0.00886433680922507,0.06069384369011046,0.10119112277126333,0.13404534145160749,0.16127500868501543,0.18412491815425688,0.20343427687951512,0.21982619734177053,0.23383813137835227,0.2460213198318354,0.2569530175031034,0.2670806425526705,0.27655757904519185,0.285374968355362,0.2936110200212904,0.3014175125203252,0.3088416634027961,0.3158498478156759,3.4011973816621555
-0.2910001224742074,-0.15811481723471812,-0.07620406444468934,-0.01589405737874476,0.0321638822696265,0.07219533368008382,0.10648643226025722,0.13642159305020163,0.16290822658605292,0.18657757277349885,0.20788948481261096,0.2271912995133754,0.2447531538019904,0.2607906528339907,0.2754805108396082,0.28897212024800456,0.3013965281505716,0.3128733447988798,0.32351537899508975,0.333430334537378,3.9415818076696905
-0.5502909558344371,-0.3661601340899359,-0.2550033572491827,-0.17439117744671803,-0.11089920242628758,-0.058493687874391354,-0.013928566031109932,0.02474913165169934,0.05880816253305287,0.08912033192655963,0.11631089990509308,0.14084376004597957,0.16307275236752175,0.1832742240735158,0.20166875288646133,0.21843653471255828,0.23372924904749082,0.24768034295982475,0.26041507433805944,0.27206072462505887,4.23410650459726
-0.5289550133510271,-0.34797043688205725,-0.23852615945571412,-0.15904890530330557,-0.09638002114013612,-0.044602926134859354,-0.0005333476485416767,0.03774528016718909,0.07147862657942922,0.10152311239022058,0.12849343734576626,0.15284615915410635,0.17493005398248115,0.19501807599789453,0.21332867972129807,0.23004091134568572,0.2453059902562436,0.2592571941483404,0.2720192059120793,0.2837171608196749,4.212127597878484
-0.4447592262402614,-0.2473327863235636,-0.13003144542786388,-0.04718478815724562,0.015680859059160696,0.06502904852444973,0.10425894020769262,0.13530780626110156,0.15933095081646031,0.17731071925996905,0.1917887251187763,0.20737356997592996,0.222340643901847,0.23391174633406622,0.24553211306616876,0.2584095704093249,0.26834389263457314,0.2771865573398318,0.28835066422358785,0.297351074955248,3.58351893845611
-0.7080204880817694,-0.47574144637448984,-0.34075779969345,-0.2474348168440361,-0.17850017747196945,-0.12678045134244276,-0.08992541165524734,-0.10847875788600836,-0.06466537846236775,-0.03345722404812119,-0.05378838923325585,-0.015155736579897463,0.012176256737280552,-0.009239111470035926,0.02532679794886586,0.04980901371879342,0.03047743082121847,0.059505980420125,0.0807340175856484,0.0669303595055079,3.9415818076696905
-0.29166703188497745,-0.14337908964154975,-0.05353158458304594,0.011202159309380547,0.061445872338619825,0.1019984025214539,0.1354477551301592,0.16335323418356903,0.1867339472605649,0.20631593102640514,0.22270630323560547,0.23657530316327144,0.2487923001691876,0.2601778047573229,0.27093289177251506,0.2808582490981945,0.29007481169923816,0.2989118704876409,0.30733743011951004,0.3151922113459553,3.5553480614894135
-0.38641982153662363,-0.23067329824490443,-0.13561369010206675,-0.06614919926915701,-0.011138624411561344,0.03444185845615793,0.07330336456287562,0.10708210960517711,0.13684500641662797,0.1633289177081935,0.18706616508876317,0.20845560919367623,0.22780553180847932,0.24536117226321474,0.26132375376068884,0.27586484405334727,0.28913814991120435,0.3012894193988206,0.31246347479147085,0.32280569776590456,4.0163830207523885
-0.3889344031513127,-0.16668736207497298,-0.15187089266988366,-0.013197628252362403,0.07037614840645603,-0.013197628748930927,0.08519294397554457,0.16151002210828214,0.08519261781154534,0.16151605156262877,0.20904941232740876,0.22386588222906662,0.2766849307791366,0.22389840010029138,0.2765870375269072,0.30743965888788505,0.32225612829795125,0.22386588173249808,0.276684930779136,0.3222564544569736,2.833213344056216
-0.6653553253742025,-0.43288593710411827,-0.3022107119306168,-0.21857377950615323,-0.29313209659452716,-0.19803922709657049,-0.13335808245486258,-0.2037671956333546,-0.12427946713718378,-0.06974132067112793,-0.12427946712981944,-0.06736400080205719,-0.022137651552077798,-0.058285385839643156,-0.013059059825220732,0.010544961964610453,-0.013059071629862288,0.031079722133400267,-0.010681743990090887,0.02535187824961672,3.7376696182833684
-0.30220534757828227,-0.1650837781053443,-0.0808131286494883,-0.018949436437499002,0.030195774337988417,0.07100094832979408,0.10583424117132396,0.1361290769149351,0.16282436321087768,0.18657271256684477,0.20784921192580613,0.2270127679786406,0.2443432783948544,0.2600660113360453,0.27436906649386933,0.28741688579612107,0.29936088008592565,0.31034659936657977,0.32051558332495234,0.3300003806825611,3.901972669574645
-0.3521599790823024,-0.20462638831481317,-0.11426613527712264,-0.04805103799149516,0.004512731552616233,0.04816057263531783,0.08544995090570173,0.11792586489830378,0.14659721244146218,0.17216226820464417,0.19512684689808368,0.21587106119287244,0.23468945823996493,0.25181666917381307,0.26744496802728757,0.2817372638010775,0.2948374165550237,0.3068785987269567,0.31798931845974726,0.32829572313461247,3.9982007016691985
-0.5636581224165712,-0.2707910583970579,-0.12268397393952547,-0.2707910583970579,-0.08483145504230598,0.022076045916860163,0.022076005622455375,0.11635968633327881,0.036719378970643035,0.11635968633327859,0.1701830900799878,0.13100149479848835,0.20804196118361107,0.022076005622455375,0.2585741138743913,0.20804196118058255,0.25854890578197043,0.2080356089772073,0.27319225990500906,0.3149430897892191,3.068052935133617
-0.5302005482882342,-0.37500316847171206,-0.3720749160223437,-0.2795773507439745,-0.21687753620582162,-0.2795773507439745,-0.21394928375645328,-0.1630442002082355,-0.21394928375645328,-0.1630442002082311,-0.1243799709274524,-0.12145171847808404,-0.08628577618880724,-0.1214517184767753,-0.08628577624311591,-0.058751903939931155,-0.055823651490562815,-0.12145171847808404,-0.08628577618880724,-0.055823651490562815,4.007333185232471
-0.44123355149442167,-0.266686952361696,-0.16116491193363125,-0.08481261185893152,-0.024982280770350678,0.024023922320134596,0.0652755528627323,0.10061972387942904,0.13125523222710497,0.15800436980651597,0.18145629446815684,0.20205050203785305,0.22013252884162032,0.23600056033367608,0.24995519431069718,0.26235081509362806,0.2736060011600528,0.2840978559609641,0.2940058930165334,0.3033507389122801,3.912023005428146
-0.030528725765283,0.036937968412000664,0.080583094196601,0.1134368111732607,0.13989272185614393,0.16208335254183098,0.1811663519399696,0.19781459917350536,0.2124665313271227,0.22544507873947717,0.2370197291176382,0.2474373811228599,0.25692683340072714,0.26568057829745345,0.27383309022423413,0.2814635982914402,0.28862603633002454,0.2953751152783841,0.3017646121641208,0.3078325097253597,3.1135153092103742
-0.30946503239110557,-0.1535680767138512,-0.05955917931753316,0.007807925792969188,0.05976034863084901,0.10136028624536245,0.13532740626070677,0.16328954027104114,0.1863054234224397,0.20515421193067698,0.22060931906211861,0.23377812697508998,0.2460099396409959,0.25773714702178224,0.26843742804928045,0.2781907896136048,0.28765681105143903,0.29673424908723917,0.3049996672609632,0.3128555551015066,3.5263605246161616
-0.17778560228602494,-0.05387251617420274,0.021128177133785557,0.07458403700001519,0.11526156042666869,0.14713728456721875,0.17237944693566648,0.1923558883393059,0.2081827571841007,0.22125100899912148,0.2332709227517941,0.24485123667579536,0.25527217496445603,0.2645168191733639,0.2734790052183279,0.28216265508462945,0.2898855859030783,0.2970291545556396,0.30428727279202517,0.3110964253494911,3.2188758248682006
-0.10707308567077645,-0.014841380066527722,0.04295292139146218,0.08562594887662063,0.11941665619822954,0.1472072255354485,0.17061098904821495,0.19063676598448367,0.20795860066540617,0.223057374672869,0.23631083821160004,0.24805272184483496,0.25860049444033684,0.2682418995665885,0.27719011805976546,0.28556076033805167,0.2934111723400339,0.3007987890858736,0.3077912723991673,0.3144367444085953,3.332204510175204
-0.4468202404500999,-0.24139403948275973,-0.12023526112946498,-0.035610589128432846,0.027556427813947886,0.0759141262813713,0.11282650187186728,0.1400200825158596,0.1586317929732211,0.17345663291013702,0.19285194089837138,0.20887924282177872,0.21929500067474722,0.23418727623419608,0.24865034833551836,0.2564699601059147,0.2676683407845347,0.28119687630048606,0.2876803443947367,0.2956496699067199,3.4965075614664802
-0.6496744472964475,-0.4437313971210206,-0.325624571986942,-0.24586454499168894,-0.19024184428925175,-0.2354262104429122,-0.17278947067264114,-0.12775771980279022,-0.17042733417004588,-0.11731938528446909,-0.07881748814172894,-0.1173193852905602,-0.07347941262896841,-0.03992146842235542,-0.06837915474377808,-0.03458341034957374,-0.009650752418324264,-0.02948315476874495,0.0007875143665033491,0.011666016313870568,3.960813169597578
0.02920711118271101,0.0731554132908254,0.10392093730476178,0.12916809583910804,0.15079160006856585,0.16966039819826523,0.18627829980170807,0.20098640022303568,0.2140501665336677,0.22570508688306748,0.23617913575446775,0.2456928812817102,0.2544382278691997,0.262552753554376,0.27011816251364706,0.27718951683831305,0.2838249209024089,0.2900854062025949,0.29601522878472347,0.3016385021499428,2.772588722239781
-0.24314481661322154,-0.12064919988216725,-0.044849484022960934,0.011063765620626536,0.055640747435031154,0.09275357086355002,0.12450188982450862,0.15216185111510394,0.1765744762519741,0.19832842787272284,0.21785478272364786,0.23548041750187318,0.25146075882104874,0.2660017578420836,0.2792758630720984,0.2914341510361172,0.3026151805786233,0.3129499993329376,0.32256229614762033,0.3315638235346665,3.828641396489095
-0.2738450173273206,-0.14343554570863273,-0.06306341061250392,-0.0039515590080618215,0.04306710895872443,0.08213931710059148,0.11551030061706144,0.14454134800742377,0.17012641854343355,0.1928888602989991,0.2132838551922938,0.23165615161347566,0.24827525222834632,0.2633588038517335,0.2770895786320163,0.28962858054127527,0.30112492411831077,0.31172160092015766,0.3215554339906718,0.3307508104493668,3.8607297110405954
-0.18872903956220383,-0.08009267964297173,-0.01234635248322832,0.037880588866323,0.07806269994938675,0.11159500091600372,0.14032698002197022,0.16539136708628244,0.18754137640779667,0.20730762628917254,0.22507933558548368,0.24115108117520312,0.2557527217616143,0.26907021707982026,0.2812607916465931,0.292463861257236,0.30280792837117676,0.3124130088150123,0.32138857317279607,0.32982882051594914,3.7376696182833684
-0.07203724323530082,0.006230680872879553,0.056246595052871176,0.09378860811616284,0.12398959850255892,0.14925722482607678,0.17095488607961454,0.18992702784601648,0.2067223684184265,0.2217165070275762,0.23518441992964204,0.24734379564125272,0.25838126461483785,0.2684665247117357,0.27775557622152974,0.2863848062449534,0.29446223994389403,0.3020653796374907,0.30924947603772435,0.316059359012342,3.367295829986474
-0.18807733526523873,-0.06714902065081071,0.006779284633388088,0.06024524780612523,0.10175115339778681,0.13516098424407438,0.16258354706545555,0.18531681248134793,0.20424419044530423,0.22005853618266877,0.23344222448590174,0.2451786606217426,0.25598867848185203,0.26613966399601413,0.27553043799969806,0.28420824932316574,0.2924307715969585,0.30027493395238963,0.30762235080485545,0.31453375322975674,3.367295829986474
-0.11307977191570442,-0.00678016543492378,0.0577236522008241,0.10344063627026848,0.13779766131602825,0.1642269107995078,0.18467489377448615,0.2005535633521961,0.21344801083567036,0.22525690456342945,0.23666385678478227,0.24683563573050518,0.2556859277045998,0.2642477612471513,0.27263660511919896,0.27999574990078685,0.2866244324751383,0.29347382599048355,0.30001854081052765,0.305596729107254,3.0204248861443626
-0.16696837600060868,-0.026581527376144005,0.053826429514557635,0.10617003174891528,0.14019759970397397,0.15992348405669454,0.17274850222940363,0.19439892436319278,0.21120137856991122,0.2178407836767068,0.23167051114680492,0.2478122378244666,0.25237949345441946,0.258684923875122,0.27451872166680086,0.28039087407572316,0.28350388993945497,0.29452311243361173,0.30135033690073976,0.30775928020382237,2.8622008809294686
-0.34408644345493267,-0.19106977442904266,-0.09794214705322,-0.03025684275443924,0.02294360218625059,0.066606552432368,0.10340337398397466,0.13494649557057783,0.1622876584894259,0.18615423123426994,0.20707439631936994,0.22545150512570963,0.24161606814575545,0.25587029809769923,0.26852896568110873,0.2799400835478229,0.290446863174998,0.3002913055153175,0.30957165570334105,0.3183286777681599,3.7954891891721947
0.05526946965069235,0.09902323201258362,0.1311144982652998,0.1556242638107825,0.1742889350921495,0.18848285697939135,0.20002989505894353,0.21086063972068217,0.22117034334935412,0.22973766071808868,0.2365602407754482,0.24338710732389554,0.2506938927047794,0.25673994139605916,0.26131586391648365,0.2664897132377415,0.27238070842091355,0.2769170339639559,0.2802947331417932,0.2845249087275541,2.0149030205422647
-0.5373608509245944,-0.3394776366291596,-0.2208836445833857,-0.1357565934823113,-0.06957954194447945,-0.015827073990732125,0.029004802120131092,0.06701368623744738,0.09954898971532963,0.12752263603875733,0.15157325199238447,0.17216620669808524,0.18967830588012907,0.2045203748833382,0.2173445190281399,0.22912046962868202,0.2404580371364046,0.25109542940031465,0.2609039081258271,0.270344427165615,3.9415818076696905
0.010794432940537727,0.06716114470011607,0.104154484856906,0.1322573438591465,0.1552087953479606,0.17447651273896783,0.19084957369422154,0.20486462792107438,0.2169791103793975,0.22764236979167693,0.23726926065534126,0.24613692177318058,0.2543395425016589,0.26189987704412215,0.26890434656890705,0.27548538502552,0.28170296334861206,0.28753894536733476,0.2930200474386312,0.29824299564879253,2.740840023925201
-0.5423783408664176,-0.34705153797831,-0.22982178237056405,-0.1454880627300566,-0.07973359019660739,-0.026121821974668124,0.018806489831321677,0.0571263527482234,0.09017785760899051,0.11887266873454348,0.14385499795872533,0.16559491459669,0.1844517076736027,0.20073400019776097,0.2147855290320206,0.22710847210211083,0.23838817218299363,0.24912045869750735,0.259270441379999,0.2687411510802347,3.9982007016691985
-0.16430676254473964,-0.06176221829270771,0.0024222344388281584,0.050106061266506276,0.08829289788431542,0.12017068162036554,0.14748293921074893,0.17130357822617132,0.19234994822645182,0.21112780640127554,0.22800724260975275,0.24326778428130627,0.25712815662000404,0.26976719324396703,0.2813387649123774,0.29198178086784066,0.3018251923854927,0.3109877484426273,0.31957367239887907,0.3276678989308031,3.676300671907076
-0.563073742135091,-0.37821708678842875,-0.2666827546555111,-0.18581191420022708,-0.12211207494079292,-0.0695206657134486,-0.02477691879145954,0.014080606997855597,0.0483260179172059,0.07883473952460572,0.10623460542831285,0.13099138827104662,0.15346029192339436,0.1739185687652818,0.19258716509671556,0.20964583910823736,0.22524446888611752,0.23951238034890138,0.25256701395252357,0.2645227198439965,4.269697449699962
-0.5439354027557168,-0.3586517635452757,-0.2468731809182084,-0.16589763582473882,-0.10221026702364115,-0.049735307212565,-0.005203753635791849,0.03335101714318253,0.06720624911933297,0.09723907466976377,0.12407802230409176,0.14818886919171562,0.16992645834774037,0.18956780898724562,0.20733469635825688,0.2234105784038327,0.23795520325144484,0.25111933074844395,0.2630604866697872,0.2739564547915741,4.182050142641207
-0.2564299793669518,-0.11714075965049021,-0.032530252227675194,0.02849633217695559,0.07586494006479792,0.11406530300948707,0.14552432674589383,0.17171122496276855,0.19359599067338498,0.2118879306432554,0.22721478071512616,0.24030084663899703,0.25202008530856246,0.2630223567476755,0.2733395373956842,0.28283510092004616,0.29172019625990436,0.3002475553759956,0.3083181108173178,0.3158506470673243,3.4965075614664802
-0.1830994429475475,-0.07700835504011158,-0.010668990067021085,0.03864661170660802,0.07820801926060279,0.11131765269486693,0.13977502496207764,0.16468267502542783,0.18677404514826024,0.20656590934858576,0.22443705103034114,0.24067332155755553,0.2554961897820629,0.2690823182312596,0.28157763978932193,0.2931076335745576,0.30378456454439096,0.3137118551081312,0.32298552118484986,0.33169296357098593,3.7727609380946383
-0.271427077508951,-0.09827205759837768,0.0013357295628907142,0.0673858369600757,0.1121113052572599,0.14012902837439223,0.15429607150563668,0.17452694698395646,0.1984174616981814,0.20835922209548555,0.2188281220031047,0.240942334965388,0.24918537366097945,0.25194517562467483,0.27268272079203487,0.2812121561520712,0.2820509206194907,0.29732669911881404,0.3054900744336886,0.31088155006335544,3.068052935133617
-0.5464852025151888,-0.34108770764705176,-0.2184391760824712,-0.13082684829019062,-0.06313718275449962,-0.008584680371379654,0.036462838305460474,0.07416495250800463,0.10589235432344271,0.13254934238324187,0.15475189481748686,0.17298030247214635,0.18787408493965777,0.20083087102415448,0.2136044787710702,0.22585304956455657,0.23663461263452557,0.24691408721835634,0.25735743243002324,0.26679091204729233,3.871201010907891
0.03953194557210051,0.07300769285978757,0.1004166276571478,0.12414103363232608,0.14515140762949802,0.16397759769904177,0.1809558562271559,0.19632296475892558,0.21026140972289575,0.2229249104611075,0.23445423350019018,0.24498624416135825,0.2546561091708876,0.26359228586175265,0.27190680854520183,0.27968753825445963,0.28699900759740193,0.29389136126400595,0.3004092190017491,0.3065934620058367,2.803360380906535
-0.6623621820091186,-0.4511604871327954,-0.32585582808831925,-0.2366384295523839,-0.16777766886369366,-0.11222980445583323,-0.06623335047616327,-0.027557077784188987,0.005209912831959087,0.032987462124362446,0.056368544738603824,0.07570432570843602,0.09118198030559656,0.10320084437061028,0.11408005288917422,0.1263565944174351,0.13696964939118406,0.145605854714947,0.1559405153801667,0.16556503332325695,4.119037174812473
-0.21589743154344543,-0.08857857766380856,-0.010822919333820158,0.04548094549707359,0.08932426033314197,0.12478461926943918,0.1540774303281046,0.17855561609901668,0.19912279621692894,0.21644670986258513,0.23111168313404815,0.24375019142154183,0.25506882590667773,0.26560839711824225,0.2754865478995673,0.2846384909167677,0.2931844583290749,0.3013252927664013,0.3090627343170075,0.31633051659887484,3.449987545831587
-0.24570737590372213,-0.12216060671892151,-0.04577663178583225,0.01051898431470036,0.055360725611771605,0.09265866265953207,0.12453283571357184,0.1522715943887491,0.17672383732594538,0.19848363050046836,0.21798600848358995,0.23556104598036529,0.25146717581866546,0.26591372229675425,0.2790774432622815,0.2911151328151493,0.3021725471140389,0.3123886185201269,0.32189371618974866,0.33080280656448113,3.817712325956905
-0.3271388109266379,-0.1477175684476087,-0.042370629360752976,0.030263492032458122,0.0832116163273941,0.12211180906330121,0.1496743849536195,0.16767533674968524,0.18252354304137844,0.20238067210492708,0.21764777186683415,0.22722245722005652,0.2422805284139454,0.25614914701241664,0.2627935949550386,0.27359462472695595,0.2868235604587692,0.2924636454031739,0.2995214351401364,0.3115761916732455,3.2771447329921766
-0.2942631614484231,-0.15580653336697045,-0.07095354218493881,-0.008900933703230064,0.040161730735596035,0.08067022421309245,0.11502438709144232,0.14467738583425016,0.17058178858559808,0.193400514835044,0.2136174105862811,0.231600883730208,0.2476448033109258,0.2619985251938445,0.27489124857824954,0.2865500597806747,0.297204472874613,0.3070687526396686,0.31630917695582317,0.32502812439061046,3.7954891891721947
-0.4659982744985272,-0.2603731874663949,-0.13864786853607278,-0.053074732634310486,0.01145455676184387,0.0616559175635935,0.10101593831879686,0.1314529583546802,0.15405000707806363,0.17021631482988706,0.18552132405698646,0.20318804875162497,0.21686304843575843,0.22774678409222557,0.24219015238961875,0.25437762333092395,0.2624943274707568,0.2742560699531716,0.2855623058483987,0.2919901218942821,3.56953269648137
-0.006307535526517554,0.049530740821137814,0.08682871682049612,0.11566665270898191,0.13959524827709016,0.16027740166510215,0.17854420980627156,0.1948798980260158,0.20960078245454297,0.2229337832371806,0.23505639113644744,0.24611919018652031,0.2562585318696135,0.2656017639685901,0.2742659887606632,0.2823526605763806,0.289942776075088,0.29709737644284034,0.30386360103931215,0.3102814319693599,3.1570004211501135
-0.38632122075483116,-0.20522159117455968,-0.09713947584069328,-0.020501535256378968,0.03789325231215055,0.08396080525649002,0.12083737739317181,0.15034836214589076,0.17363846426008353,0.1916584191048127,0.20612778040776902,0.22019146886192828,0.23428056960039734,0.24619941920252236,0.25686262354075584,0.2683112035460072,0.2786935563721074,0.2872915470571543,0.2966048887867787,0.3059149461471005,3.5409593240373143
-0.621817062873783,-0.4298876319186868,-0.3149216607086722,-0.23210268694893346,-0.16727100107626763,-0.11407186405018037,-0.0690922686285862,-0.030282919776284778,0.0036841550211585525,0.03371834988327276,0.06046874144088767,0.08441351868802348,0.105913730818453,0.12524738243991,0.1426324335920707,0.15824400074950387,0.17223003817206786,0.18473025222265504,0.19590357891347662,0.20596359970909459,4.297285406218791
-0.15277299634667707,-0.02112037250355885,0.05541479874533367,0.10649235812808933,0.14140130294277015,0.16417026430732778,0.17842451115361072,0.19397066135078023,0.2117789969773429,0.223016934296203,0.2313678596984116,0.24561113337361576,0.25612775248406733,0.2605559479279586,0.2706078542282898,0.2814730591250808,0.28570190687015,0.29143431307282214,0.3007572998705946,0.3065827233904727,2.8903717578961645
0.03332043402854202,0.08663473927046406,0.12118022984961616,0.14751651079891248,0.16825009019640988,0.18468571583047247,0.19789616632859838,0.20911008130096545,0.21942554293150926,0.22903022673225856,0.23746375013693186,0.24477688081130447,0.2517138779631592,0.2585329737094863,0.2646315224150198,0.269914346936707,0.27517894567473716,0.28058136119296906,0.2853369996526126,0.28943925220952604,2.3513752571634776
-0.023613577430201795,0.036333777569149794,0.07607616017882604,0.10672008131318718,0.1320153748912165,0.15378499935896428,0.17301819164761217,0.19028501720118893,0.20594563267480306,0.22024621241206857,0.23336675514053445,0.24544726023714963,0.2566032293685256,0.26693523956129295,0.2765346264007174,0.28548611546440467,0.2938679274166831,0.3017502173647797,0.3091932727455879,0.3162469586204975,3.349904087274605
-0.25745299446645825,-0.12908098946986135,-0.050014601198975314,0.008035657987686655,0.05409053693158115,0.09223388627852071,0.12467887986274319,0.1527694212801783,0.1773900986819134,0.19915937952917093,0.21853032946524698,0.2358482298072069,0.25138719001766163,0.26537623587869874,0.2780194527098523,0.28951066593317115,0.3000395370180957,0.3097848267072743,0.3188968521217072,0.32748336751955354,3.7727609380946383
-0.47529986571904065,-0.2842134450614506,-0.16965675311226608,-0.08759393082351453,-0.02405562284274845,0.027240020664020148,0.06966247548382802,0.10522178052455748,0.13520236067185876,0.1604653385097993,0.18162178901676643,0.19918613647230454,0.21382445141533196,0.22669466449947376,0.2390411585166114,0.2508222963084787,0.261485239322785,0.27150063469920865,0.28140089974203925,0.29066065586262885,3.7954891891721947
-0.11375668397055268,-0.025217152933010654,0.03085800435657071,0.07283071113922691,0.10661382468015967,0.13492115398898094,0.15925892859691265,0.18056745355831333,0.19947548928616393,0.21642107998855672,0.2317199935547104,0.24560896110996805,0.25827413649984576,0.2698701105438847,0.28053237634273254,0.2903844461263734,0.2995399755711111,0.3081006840749164,0.3161524718677073,0.32376336016324475,3.56953269648137
-0.17037841017393499,-0.06491391824943975,0.0008783892011988757,0.04959473014990283,0.0884739066960149,0.1208100918429304,0.14840416806200216,0.17236475215122032,0.1934320551623868,0.2121281938173307,0.2288364028272994,0.24384869721339417,0.25739796101181706,0.26968091144441764,0.28087409171492683,0.2911425011480333,0.3006394711111794,0.30949871730533934,0.31782510747906856,0.3256933790861443,3.6375861597263857
-0.024134015811089815,0.058304027331954694,0.1077136938405763,0.14135083118440395,0.16518397610216148,0.1822037599680815,0.19506398372955663,0.20718811079250335,0.21938769605809122,0.2294278711404764,0.2372519738542747,0.24552255150814278,0.2541651220480489,0.26065335799259587,0.2659164413820653,0.27275581732669035,0.27934886761200545,0.2837664071887629,0.2881657147615248,0.2939236614937625,2.5649493574615367
0.04700618657827066,0.08561519972882631,0.11578343780555261,0.14067605825489027,0.161579420977244,0.17922028809485682,0.19412897881384464,0.2068081348967037,0.21780986149931927,0.22767731526165427,0.23675208497083272,0.2450870664063859,0.25265592699607897,0.2595946911401202,0.26613134801548904,0.2723214846879851,0.2780633063123863,0.2833911968010907,0.28850332411186436,0.293446501652179,2.3513752571634776
0.039147332295463376,0.0723495852372684,0.09959703008830992,0.12323272622203921,0.144211442582719,0.16305438894822596,0.18009190106651224,0.1955556509255631,0.20962262175815977,0.2224397345784617,0.2341391250488983,0.24484741323747025,0.25468937642248735,0.2637856226270938,0.2722454029871418,0.28015892209908105,0.28759499402126265,0.2946061449476057,0.3012366268426436,0.30752662610728293,2.833213344056216
-0.5651048442731309,-0.37684909521482496,-0.2634721599780583,-0.18145076419900058,-0.11701558797617954,-0.06397892329307056,-0.019012908669122454,0.019883595866087886,0.05400957461835901,0.08425648507136835,0.11126250352615856,0.1354998834231784,0.157327651958302,0.1770252622894901,0.19481554521516725,0.21088199707586067,0.22538399005822005,0.2384727752654236,0.2503097125374718,0.2610830477567891,4.204692619390966
-0.07007152082676435,0.01818435731006683,0.07290109775813078,0.11246344779686143,0.1428979374005983,0.16706875885741954,0.18660169113959857,0.20255165976265732,0.2157897673921217,0.22722385290019645,0.23767025227897656,0.24743161396453336,0.2563655201222439,0.26448530181245206,0.27210827361509643,0.2793856819370241,0.286147716196946,0.2923883995932372,0.2983849301369531,0.30419075752238295,2.995732273553991
-0.43350026726371366,-0.24665436160557977,-0.1348159467518728,-0.05501437612784653,0.006391274363531484,0.05553041966653981,0.0956795503435956,0.12877810894997394,0.15605011652411752,0.17831927098303357,0.19627270408580116,0.2109277445894144,0.224176166896143,0.2373386833880379,0.24943803603686962,0.26009341047620316,0.27060448628748224,0.2809653270818772,0.2900870399222216,0.2987309261649563,3.676300671907076
-0.6529937053319097,-0.45068591838023336,-0.33032662123137135,-0.24428986319942683,-0.1775336135600102,-0.1233150183127659,-0.0780219970395981,-0.03949665337167117,-0.00635355879643404,0.022340370586216445,0.047231655020562036,0.06877213517808026,0.08727370487495884,0.10295164203942427,0.11600654832622351,0.12690118566110978,0.1368986688823813,0.14706908890471582,0.15649493296452965,0.1648566709749929,4.204692619390966
-0.5165143939503071,-0.3361395482777942,-0.22705635546127922,-0.14786940282965094,-0.08547149491985886,-0.03396738659793212,0.009816421033826524,0.04779023162131273,0.08119563862932602,0.11088616603840797,0.13747432740039023,0.1614149840165672,0.18305564053590936,0.2026685127803475,0.2204722254181558,0.23664770767803314,0.25135121876183447,0.26472645609861783,0.27691655795219045,0.28807447210045667,4.1666652238017265
0.00852993685329459,0.07454200959903165,0.11553050011085393,0.14473228786679057,0.1668469424835845,0.18383581393351703,0.1971734569083272,0.20855943464835752,0.2193406055576587,0.2293282884891482,0.2378073540076345,0.24520828007154746,0.2525947115528499,0.2597120105279477,0.26567299431605346,0.27101175221295887,0.27680378090955216,0.2823789958469348,0.28686785988663027,0.29112119380134416,2.4849066497880004
-0.49529618309312967,-0.3147227808959993,-0.2056191053287313,-0.1265700578057929,-0.06445209172881705,-0.01335934652377216,0.029888177340033403,0.06720437802796372,0.09983236448675961,0.128625706546497,0.15419598334211704,0.17699668098373328,0.19737444178335925,0.2156031567122043,0.23190982491617546,0.2464981841016034,0.259573795282903,0.2713683729123018,0.282146945456597,0.2921700355140635,4.060443010546419
-0.14785715982062622,-0.047557932386796044,0.015172824619871524,0.06165087534227275,0.09871904103590122,0.12950050863612794,0.1557123508137238,0.17841853522648285,0.19833167039528898,0.21595389494064857,0.23165394329488329,0.24571590405875082,0.25837290935130286,0.2698304325431265,0.2802794986836967,0.2898978838300802,0.2988398925721067,0.3072235624583618,0.3151290533655416,0.3226118478853569,3.5553480614894135
-0.5035168908176192,-0.32383926568597254,-0.21517885667796643,-0.13633654412264956,-0.07426216908413852,-0.023084301995974856,0.020358393629375755,0.057969035270706945,0.09098444520651638,0.12025468639082115,0.1463896120629223,0.16984200428342605,0.19095787767644376,0.21000886770371918,0.22721476649400627,0.2427610919020257,0.2568149497795946,0.26954099367158185,0.281116282984489,0.29173669902531213,4.119037174812473
-0.4916243419093049,-0.2381370432202797,-0.09630346012623697,-0.006692099375782113,0.04577936278359509,0.021797244100215534,0.09340753674337686,0.1351542107206195,0.09985413412118292,0.16363648574305809,0.20014334771889847,0.16363506939943717,0.21467774745604928,0.24702051720303314,0.22859401235334775,0.26143233848865144,0.27741121692179405,0.2753317479233465,0.30569443238803345,0.29191038157792765,3.1986731175506815
-0.5399280388744061,-0.3557947587570279,-0.2446406479238789,-0.16406563211170888,-0.10065010872621696,-0.048360852282004124,-0.003951474189457408,0.03453132056597681,0.06835640406648985,0.09839545715659619,0.12527341454921995,0.1494537094891687,0.17128969544691322,0.19105742689443772,0.2089778446436839,0.22523307805400458,0.2399799728179193,0.25336306222452903,0.2655281027825191,0.2766345906680147,4.189654742026425
-0.6632800888587396,-0.45856927270410536,-0.33706675552281806,-0.25044383103539475,-0.18344185111329098,-0.12922662927942694,-0.08414380775774132,-0.04601832764205803,-0.013464139984414036,0.014438136673899673,0.038305274788986585,0.05853823992551735,0.07537233922444771,0.08895459033639141,0.09976388424355828,0.10997887451410228,0.1210830858022779,0.13059097840637496,0.13877378727149034,0.14829091828449123,4.189654742026425
-0.6211244711170292,-0.4137911413132591,-0.29013051469411905,-0.20163660179507895,-0.13297067788967465,-0.0772500724758924,-0.030785389390711668,0.008627761309375858,0.042403747090504026,0.07149352871885993,0.09655447471225118,0.1180471401383306,0.13630300509730334,0.15161158524823762,0.1644319938172358,0.175796889174065,0.18694283210107346,0.19763636795944592,0.20723977705203142,0.21644146541371417,4.07753744390572
-0.6891974358243138,-0.471862740333369,-0.3438552213688793,-0.2535130493614595,-0.184558167585564,-0.12974841160130537,-0.08528058438166043,-0.04899696678599644,-0.019704512201639258,0.003016002024406785,0.018455795627118757,0.024201490206665358,0.04448763861068087,0.05794403931853686,0.06057204358156196,0.07902055187263973,0.09096476455710305,0.0915791597576464,0.10859483216259562,0.11937159669760788,4.085976312551584
-0.1952783639233694,-0.08367538380746564,-0.014288886166592607,0.03699982149195353,0.07790375275992853,0.11192551999492287,0.14097255140972556,0.16621246403795362,0.18842124903508126,0.20814551475683207,0.22578679706881094,0.24165059172141223,0.25597830238382824,0.2689699915078857,0.28080108278861615,0.2916335034161559,0.3016200710984987,0.31090108568407,0.31959554270500407,0.32779430069296117,3.7013019741124933
-0.5739254440045488,-0.3999443500177908,-0.3011270605818284,-0.23606689986150384,-0.29607523866659285,-0.22464038843413536,-0.17428303579559262,-0.22782773319020183,-0.1692312138803651,-0.1271459665893722,-0.1692312138803619,-0.12582309899603622,-0.09073301234925873,-0.1207712770815129,-0.08568119055225099,-0.06395028303391492,-0.08568119061136488,-0.052523769546619976,-0.08435832298491057,-0.055711113066731016,4.02535169073515
-0.07090168722311051,0.006566407636612317,0.05615500591922023,0.09343886344221451,0.12348512729872994,0.14867097830874823,0.17034276369760917,0.1893343012298976,0.20618692141369896,0.22127009834047778,0.23485250461282287,0.2471442764988567,0.2583227405992763,0.268547161869044,0.2779642167976524,0.2867052708404548,0.29487931020858393,0.302568669579205,0.30983282147231,0.3167177629189474,3.3843902633457743
-0.7076458281599617,-0.43809495069564774,-0.28764383696250334,-0.19325007270830116,-0.2752908372214016,-0.16530932280608326,-0.09235403144040376,-0.17310319788991385,-0.08000103223623396,-0.018092913165845707,-0.0800010320214612,-0.014858191699596637,0.036280557138840645,-0.0025051977500423436,0.048633315005068914,0.0717416800974327,0.048633194065686246,0.09968401825610493,0.05186800495947557,0.091891096017034,3.58351893845611
-0.635682876850707,-0.440434837692236,-0.32381076417307514,-0.24004910342856883,-0.17469400552248757,-0.12126021558492285,-0.07626706731563672,-0.03762722338015365,-0.003990880701866188,0.02556313724841678,0.051688680209570334,0.07486322710731075,0.09544244908929092,0.11369512654725744,0.12982834986828867,0.14401186049164302,0.15641482115132652,0.1672760001392254,0.1770019825964532,0.18611851239923574,4.269697449699962
0.0376953777598887,0.10302797655993896,0.13963416538421086,0.1623745774212649,0.17594853302943245,0.18803446488775175,0.20365827919634136,0.2153272541563555,0.22005579647985907,0.22684298697552893,0.23911147344747521,0.245435014058357,0.24628478645551652,0.25366577185777495,0.2629957059824469,0.26673870437580033,0.26826868405676707,0.2722536182272491,0.2794864823605189,0.2848283265033279,2.0149030205422647
-0.09100039415251035,-0.0086977141255552,0.04375438021022588,0.08315116541659105,0.1149225580638465,0.14158163918847178,0.16453851545890594,0.18467519537623853,0.20257535172762575,0.2186402995037756,0.2331578345873483,0.24634515347824532,0.25837607012529684,0.26939846293088987,0.27954482688007576,0.28893694787534185,0.29768534226576987,0.3058853826194554,0.3136138596335027,0.3209295362301384,3.4965075614664802
-0.516329754237662,-0.33896568483312417,-0.23148838209703898,-0.15327584967742766,-0.09146984352793767,-0.04028823338440501,0.0033814847597332743,0.041413259602594114,0.0750256415675352,0.10505699672431064,0.13210966783419512,0.15663163627107343,0.17896568830663537,0.19938052355805533,0.21809132335681675,0.23527397502954867,0.25107545032541856,0.26562191595770457,0.27902560167193097,0.2913910133372382,4.241326752570746
-0.02766006432108865,0.036709928591571496,0.07875948054307247,0.11072391843849105,0.13673145387083752,0.1587872905510227,0.1779794052644491,0.1949365802363591,0.21006054789488884,0.22363387658697972,0.2358751486325825,0.24696963906385908,0.25708560094348964,0.2663789591429996,0.2749881827315299,0.28302502291300496,0.2905706398170961,0.2976825543306529,0.304406946928668,0.3107857534132112,3.1986731175506815
-0.30008737541679825,-0.1481960886053869,-0.056375432486036416,0.009609965919910604,0.06066981640625674,0.1017282149734702,0.13543634303572952,0.1633870502682931,0.18661900330087672,0.2058807827182167,0.22184161707847552,0.23533714071423795,0.24746799445413417,0.2589967056524681,0.2697761702379042,0.2796033809407333,0.2888700400287928,0.2978444504994189,0.3062393331750732,0.31403766607503036,3.5409593240373143
-0.1862574268797278,-0.07315047749906303,-0.003156559191109491,0.04824726633431978,0.08891384172695499,0.12241378044821137,0.15069627097212523,0.17495891710823275,0.19600046891670467,0.2143865768643672,0.23054037945723624,0.2448012322747128,0.25746780043380313,0.26882680894985733,0.2791574509392792,0.288702744794199,0.2976291969008809,0.3060244148041454,0.3139424026869349,0.32144164643004025,3.5553480614894135
-0.24351721972932416,-0.11005162158454695,-0.028623760824411676,0.030391443033653452,0.07645590889108676,0.11385479098221361,0.14491005232789145,0.1710325622103586,0.1931547780512774,0.21194398692446142,0.22793719628020057,0.24165598518148948,0.2536935767920386,0.2646617456207358,0.2749353675580323,0.2845495666097888,0.2934946633176493,0.3019217475203707,0.30996476188080735,0.3175930838838919,3.5263605246161616
-0.6793341227298981,-0.4748954880354674,-0.3543302062337689,-0.26899225624235823,-0.2035498338588767,-0.15116496248516442,-0.10821755628414656,-0.0726036898676277,-0.04306165112273887,-0.01889468365209904,0.00006817895787423796,0.013141478907779386,0.018982853563345177,0.036044355855644826,0.04752842371676667,0.050738768529335926,0.06632443275452345,0.07657129048902217,0.07812820069810604,0.09254153394941632,4.189654742026425
-0.39922307357152276,-0.23503484240099357,-0.13539400087427297,-0.06306165803561521,-0.006210531222563935,0.04049240753629098,0.07992337267404634,0.11381587696494316,0.14329782779111444,0.16914594269268393,0.19191978901822548,0.21203925969771636,0.22983477049601142,0.24558587809567956,0.25955731566156015,0.272033293783315,0.28333314111906954,0.29377287408827796,0.3035757672632169,0.31283510268143305,3.8918202981106265
-0.6557214165675047,-0.3556927140936153,-0.20000110077955444,-0.3556927140936153,-0.16768597806988925,-0.055664009469737145,-0.05566401161972584,0.04092382789574319,-0.043162814608319396,0.04092382789574319,0.10002760169433503,0.05342485291563272,0.13234379573330543,-0.05566401161972584,0.1865768570326735,0.1323437957332735,0.18657124837608557,0.1323427244040002,0.1990724443390772,0.24436469192915813,3.2386784521643803
-0.33649227205080134,-0.1756568434754502,-0.07863220649563453,-0.008962423884712016,0.04495637063490902,0.08835632332116912,0.12405055562962272,0.15372394798328937,0.17846598460574245,0.19904098642229806,0.21608683574852805,0.2303543158077033,0.24292255727174342,0.2548007254976686,0.2660418310197278,0.27629537261540843,0.28585140028725586,0.2951385328271758,0.3039134003264333,0.3120086784378641,3.597312260588446
-0.6807822287159804,-0.4771155333140686,-0.3575008035467355,-0.2732769563146503,-0.2091376924714774,-0.1582978443525434,-0.11722968366114951,-0.08399934755373308,-0.05770764408656874,-0.03870676493905254,-0.04077129601072543,-0.017445501873091573,-0.000795682068027617,-0.004972974587984565,0.01613413877890038,0.030988920649064916,0.025496430962380245,0.04486942865502975,0.05832654739518581,0.052032658590310595,4.174387269895637
-0.471885599341709,-0.29865063086565813,-0.19359956067444256,-0.11720098864803828,-0.05692644713354877,-0.007136167637515854,0.03520824304470299,0.0719371474817618,0.10424114801515029,0.13293958701821215,0.15862136998201176,0.1817248460050932,0.20258607524119793,0.22146976828277448,0.2385905337145513,0.25412890336963384,0.26824492345104783,0.2810908060979102,0.29282224222562614,0.3036047228165663,4.102643365036796
-0.36090914789019646,-0.1831962761977705,-0.07737825790950704,-0.002689278600018441,0.053811648509246725,0.09790686402842946,0.13263667869084447,0.15974684595750324,0.18038574024175164,0.19604047079913797,0.21025315017075213,0.2253567616580798,0.23839115240427203,0.24908710371356735,0.2607897591908394,0.27215677362458546,0.28088521963635144,0.28993687853672556,0.3000428323340678,0.3077210079396213,3.4657359027997265
-0.04651108986394276,0.022451306874610392,0.06722855643348752,0.10123021150646343,0.12887298125676563,0.152271015552883,0.17261792003978735,0.19063095322927942,0.2067648323250661,0.22132835569311568,0.23454646946436697,0.2465951316100046,0.25762199974364003,0.26775855475198196,0.27712573543668423,0.2858340273731784,0.29397981400317225,0.3016415838711105,0.30887978947757205,0.3157411331329107,3.349904087274605
-0.06530359296707959,0.019155965462144105,0.07197079530514774,0.11053395024395958,0.14055534307105977,0.16475448147084942,0.18466873306677176,0.20125722408517804,0.21522120031069575,0.22720160985901072,0.2378367636655012,0.24761912547883852,0.2567169831254724,0.26510289897842987,0.272845017847469,0.28012944690481506,0.28703769847996136,0.29351253045481634,0.2995782548045706,0.30537574791853755,3.044522437723423
-0.011275387279033456,0.052865626491077566,0.09429593615868234,0.12525748452471655,0.150051995784092,0.17069191264833705,0.18819420785261906,0.20318360060653096,0.2161298540756228,0.22745809619543675,0.2375776334596949,0.24682727605209417,0.25539574485526567,0.26333987538597015,0.27070355485210684,0.2775859056945469,0.2840829385081459,0.29021885072704384,0.2959932357976137,0.30145896864857563,2.8903717578961645
-0.0962839472351981,-0.010709789263939775,0.04350903097164005,0.08399746025393565,0.1164521914738102,0.14350849228593765,0.16664407018860558,0.18678293890404588,0.2045374286910554,0.2203310985196951,0.23447254312778526,0.24720227263572467,0.2587227288988445,0.26921609899852,0.2788508111984404,0.28777723048648746,0.2961175772274211,0.3039604457401081,0.3113671778335034,0.31838519300244333,3.4339872044851463
-0.1775751554335998,-0.06864671284691035,-0.000948407822274205,0.04898934797033218,0.08868388436840714,0.12155495586054253,0.14947100682597372,0.17358134543055345,0.1946529498518684,0.2132274411477085,0.22970478997508303,0.24439494559452776,0.25755382450254544,0.26940930205807884,0.2801766820634838,0.29005949350353943,0.29923457020566163,0.3078332853853134,0.3159395828218254,0.3236095389387899,3.597312260588446
-0.652474939557001,-0.401155428007118,-0.26659081309794525,-0.401155428007118,-0.2462892033149451,-0.14983591645195882,-0.149835916457235,-0.06892910309243964,-0.14198218171866306,-0.06892910309243964,-0.015271301548062267,-0.061075370160024886,0.005030334497069556,-0.149835916457235,0.05306860592289867,0.005030334497069552,0.05306836706476698,0.005030308234937877,0.06092210180071984,0.10148359509528607,3.5115454388310208
-0.5517558833677937,-0.3699540620566254,-0.2600498867930527,-0.18020421168641068,-0.1171831472534148,-0.06503972364194922,-0.020574784108782662,0.0181366052807507,0.052345391110403504,0.08291165176421898,0.11045279679499093,0.13542746279048395,0.15818600448514056,0.17900242643843634,0.1980954581349901,0.2156430491770159,0.23179281686198042,0.2466700470903858,0.260384323374354,0.27303550680906846,4.297285406218791
-0.05794767071278846,0.036470088980424274,0.0928319875972599,0.13133906125169084,0.15866853290365865,0.1780863677983625,0.19215244051116276,0.20453246195576769,0.21746535451915142,0.2286850906591497,0.23721401549616236,0.24573100894165142,0.255074548513061,0.26238421579043353,0.2679882565625359,0.2751139302933228,0.2822988717463336,0.2871523448712895,0.29184276969372297,0.29802726610407193,2.70805020110221
-0.018342084431210985,0.05636649034670876,0.10263041482271411,0.13554914996489748,0.1603935175199776,0.17965573416054822,0.19478401424771682,0.20713142342998775,0.2181615433203925,0.2286149918626414,0.2380808810972102,0.2462760789404777,0.2538285348194658,0.2612720108209627,0.26811573402950867,0.27404656271733413,0.2797688761684495,0.2856427297361396,0.2909470269219802,0.2955461120648082,2.6741486494265287
-0.6482620260663814,-0.44064491372892595,-0.3171312967414071,-0.22891449474252584,-0.16057339298201675,-0.10519477759119407,-0.059077307161229005,-0.02001336595315556,0.013409237052462558,0.0421345583445814,0.06680722329496075,0.08786588436963656,0.10560463783183902,0.12025723654101012,0.1322745436429438,0.1430304208753798,0.15407668290271698,0.16442969545706637,0.1734114705522275,0.1825334171422908,4.135166556742356
0.03698922022257834,0.0686449787192188,0.09496156188795625,0.11806285751427353,0.13881555816636656,0.15769292192804402,0.17499373154914635,0.19092472726765974,0.20563903639746586,0.2192568614008964,0.23187789385243043,0.24358937807512065,0.25447152260769274,0.26460090622378346,0.2740520118538852,0.282896913892962,0.29120344814272797,0.29903277058939864,0.30643760401185444,0.31346213564142583,3.0204248861443626
-0.004983860226753576,0.04854625605067521,0.08465963879491337,0.11284473799609224,0.13644516256382191,0.15702748423419366,0.17537452653354915,0.19194122540237346,0.2070222392767219,0.2208247697890407,0.23350500752133435,0.24518849970073064,0.2559824224554143,0.2659830638865575,0.2752798233858267,0.2839562733958828,0.2920889202335745,0.2997449350095341,0.30698061191427045,0.31384182148791123,3.258096538021482
-0.16075630173237235,-0.05991707188893756,0.0033282086541754083,0.050408315799899635,0.08818933364608714,0.11979698512634307,0.1469411343172322,0.17067525699308936,0.19170322727989872,0.21052123893238564,0.2274919500078434,0.24288830835287054,0.2569222277378439,0.26976453613691,0.2815592002227085,0.2924332641937486,0.3025029697109776,0.3118760258498472,0.3206503153812339,0.3289105758022663,3.7013019741124933
-0.6621369023634531,-0.4481606947679721,-0.32554708743094496,-0.24291820993149013,-0.18557861055359626,-0.23163003701963628,-0.16670534967417022,-0.12030460246107576,-0.16415089952157483,-0.1090164296233259,-0.06932220751635157,-0.10901642963814673,-0.0635495329676462,-0.02894195159339619,-0.0580340370437574,-0.023169310369143246,0.0023092591318007918,-0.017653818852743818,0.01359731090721038,0.024035651108388775,3.9219733362813143
-0.6502654107284321,-0.4531164842680891,-0.3390238631571114,-0.26051410244478956,-0.20305652923067133,-0.16128601066629922,-0.19163132809995154,-0.14440960327866237,-0.10956216562860621,-0.13895839698122284,-0.09813696485586326,-0.06791171595365518,-0.09612508685802904,-0.06056014232855985,-0.03375626441979772,-0.05700930668998295,-0.028305090702613105,-0.005907342871610819,-0.0228538875979926,0.0014440578608204695,4.07753744390572
-0.6992297734110315,-0.47736704175498484,-0.34782165869864956,-0.2575058602968826,-0.1898084947929012,-0.13753443433079202,-0.09730338554264968,-0.06836755472963608,-0.07919264115106714,-0.044422730812113446,-0.01956359180947329,-0.03243682661701566,-0.0014537042293871463,0.020480468060409974,0.00627520832434326,0.03434399018886796,0.054088577251984786,0.040084698367163524,0.06474421536351091,0.08233980640513075,4.02535169073515
-0.6481880855343428,-0.4439035851477671,-0.322299345823377,-0.23535113847516848,-0.16788699283517186,-0.113104298288082,-0.06735842865731341,-0.028471979711819164,0.004952786731951968,0.03385684128542438,0.05889167737073565,0.0805123680783781,0.09903441720741733,0.11468401458218896,0.12770421894849318,0.13868618424248158,0.14899451197016772,0.1593755295781549,0.1688498922440756,0.17741022723943034,4.174387269895637
-0.46892646847057096,-0.2747506709102825,-0.15866834092340423,-0.07586343855656486,-0.012119721700817,0.038947511568222036,0.08075040263477151,0.11530812269985555,0.14389185503303265,0.1673418835622764,0.18630235557816974,0.20161731992946413,0.21502486349097594,0.22835878840336926,0.24093459180240642,0.2518869593160082,0.2624613125449756,0.2731509379819316,0.28263275987455605,0.2913483542710461,3.7256934272366524
-0.6144042991285589,-0.3920722407833722,-0.260209326589396,-0.1666911378622468,-0.09503728799274823,-0.037877266364595444,0.008701004586036518,0.046979714396266574,0.07834422659722534,0.1036153048233107,0.12325659940370488,0.13798239126925294,0.15136353717266954,0.16675235275086805,0.17955549862500184,0.18976397364195413,0.2025164314484637,0.21402870307795707,0.22223987663636452,0.23293232710935602,3.8815637979434374
-0.33444676936042295,-0.16039392991519633,-0.05708035671751179,0.015398217737588345,0.06969804185247815,0.11144515350409463,0.1435573644443368,0.16769326318260544,0.18524547954922996,0.19956966281095395,0.21543173533211088,0.2300016864486599,0.24095565404795768,0.25248880785326333,0.26505275913924103,0.2742591822596101,0.2826369754838165,0.2935291761228029,0.301946299131348,0.30816366793846484,3.3843902633457743
-0.18028219581202348,-0.07005067454662878,-0.0016359888897597588,0.04875992799420424,0.08875908447047094,0.12182835495873538,0.14986145708857063,0.1740228585004387,0.19508950609098422,0.2136104309591773,0.22999238869134,0.24455336586085571,0.25756046641246877,0.2692570546719054,0.27987664556447844,0.28963747701366577,0.29871946910518066,0.3072446326700585,0.31528551105260977,0.32289473933671914,3.58351893845611
-0.6368167585613138,-0.43540773286175455,-0.3152622390261701,-0.22915623027235227,-0.1621669610357037,-0.10759984660297336,-0.061864033661644634,-0.02280949058739591,0.010949705456240614,0.04035385129798562,0.06606354006844234,0.08855293647991987,0.1081662796734392,0.1251581003975852,0.1397385470570061,0.15216648910735392,0.16295512602274395,0.17299458763099093,0.18280341060496919,0.19198816752416004,4.189654742026425
-0.3070234158753484,-0.11082544204881159,-0.09573329021600106,0.027863514619648963,0.1004646836105358,0.027863510067378118,0.11555816434399098,0.18357706306893878,0.11555683544334633,0.18359411890484875,0.22406148389391498,0.23915364027899633,0.2863380265089086,0.23922809268703307,0.28614311192636327,0.3117548092698832,0.32684696118380585,0.2391536357267255,0.28633802650887674,0.32684829000333837,2.70805020110221
-0.4201856110147745,-0.2383510001967126,-0.12926555851961566,-0.051224215474412575,0.009018013899055717,0.057419136865163166,0.09717180752494643,0.13017551476388292,0.15764005670234751,0.18038368128515037,0.1990429432524359,0.21435917626124978,0.22760715569462864,0.24028368316866394,0.2524357377517692,0.26334400737001784,0.2734817341703634,0.2835597104254207,0.29298813417885733,0.30153089907291303,3.6888794541139363
-0.2788368412994695,-0.08868175794316115,0.01600868373201943,0.07910337027486493,0.1108587171739779,0.10801697041439906,0.15910228427962667,0.1839393223194019,0.16563709539679145,0.21277230244651682,0.23521840741886466,0.2127559813719771,0.24974310911234768,0.27050415383845716,0.2638415237342057,0.2844283598724421,0.2904009434129283,0.29843962558235326,0.31843259784625777,0.30101944247530665,2.917770732084279
-0.32867733362176665,-0.18151450904172545,-0.09164724512764343,-0.026101625745033646,0.025613311066322732,0.06823621145313336,0.10432765898593196,0.1354351781383708,0.1625701185139245,0.18643350935798594,0.20753477334096074,0.22626016024851403,0.24291680385982592,0.2577654962119312,0.271048415962921,0.2830113193329802,0.29391036203253196,0.3039890775905764,0.31343248483126157,0.32234502267064513,3.828641396489095
-0.48437231348833426,-0.2846069102972896,-0.1654636517030438,-0.08071021265165135,-0.015688956329019278,0.036173992786594014,0.07838062183460191,0.11298852602108142,0.14127435973265132,0.16406872899812697,0.18207089290250597,0.19658557517712413,0.21035743517892397,0.22434653108831604,0.23651416497671934,0.24727319081109803,0.25869370168585454,0.2693562328072002,0.27828164464724703,0.28770159236591153,3.713572066704308
0.03278810662027096,0.08481897205356288,0.11892659578848819,0.14525132748209726,0.16629321113265955,0.18326515654639608,0.19706779953749812,0.2086570164808577,0.21901592547019832,0.22865250850660118,0.2373954303735802,0.24507573563372578,0.25206964198581455,0.25883666752828144,0.26520382236420165,0.2708435095553624,0.2760719863618262,0.2813549710594969,0.2864024499103433,0.29082641807975995,2.3978952727983707
-0.0770122901040867,0.053676346820726,0.10424299902696131,0.053676346820726,0.14646397016644097,0.18454839308399765,0.18436498374553867,0.2272161404792599,0.20079294644457332,0.2272160821063345,0.234931635951774,0.24277346760372567,0.2780545711469036,0.18436498374553867,0.2929666860362789,0.27805284271882547,0.2914223011131548,0.27715260709125367,0.30778348436580155,0.31514622018200783,2.2512917986064953
-0.009488541885914888,0.051747364981426396,0.09175955753140698,0.12202608165238739,0.14658445533868067,0.1673238477705052,0.1851922542630291,0.20075401696290637,0.21440135287080955,0.22645210807210467,0.23719763760484833,0.24691277978674112,0.25583054454263804,0.264107353187353,0.27182465220334867,0.2790349389228052,0.28580142215482657,0.29219058040868945,0.2982437528579153,0.3039802885959293,2.970414465569701
-0.3539400290910273,-0.20176841696989695,-0.10895917509033945,-0.041293353644377744,0.012107217788339595,0.0561526455632312,0.09349445261831434,0.12573373872956123,0.1539153623418273,0.17876199140511853,0.20079703349682612,0.22041492718815428,0.23792518873527813,0.2535835657798307,0.26761740429778147,0.28024773321623603,0.29170436679335027,0.3022228173435556,0.31201428466610687,0.3212273051338212,3.8815637979434374
-0.4105676463807774,-0.22640540759328442,-0.1163101116036131,-0.03796868045594078,0.022054136185941122,0.06978947819238998,0.108450957039869,0.13992784509625128,0.16540392577952334,0.18571155490006286,0.20178711178674247,0.21553145455252493,0.2292449606433803,0.24229061439714308,0.25344942878158894,0.2640888408967943,0.2750398852151385,0.2846823059715434,0.29330068992820096,0.3025457163440805,3.6109179126442243
-0.5151972324004038,-0.36861769583056203,-0.3660461250135473,-0.27879832025120194,-0.21946658844370545,-0.27879832025120194,-0.21689501762669072,-0.1688790857752996,-0.21689501762669072,-0.1688790857752991,-0.13221878368136017,-0.12964721286434538,-0.09647713693515482,-0.12964721286411837,-0.09647713694756982,-0.07031548105684894,-0.06774391023983418,-0.12964721286434538,-0.09647713693515482,-0.06774391023983418,4.07753744390572
-0.5712601104443722,-0.3625403728958767,-0.23802112177320714,-0.1490987084985433,-0.08038507539168596,-0.024974005139727636,0.020830681829829622,0.05922684742140958,0.09160989127930838,0.11889970540133954,0.14171634212686388,0.16051418380993296,0.17581947771552753,0.18881567199195295,0.20144954244385652,0.21385762840799602,0.22479961254342015,0.23496631075649016,0.24544933609211558,0.2550815365016444,3.912023005428146
-0.08870467658961044,0.0011809299309062178,0.057330686541338764,0.09849198159869643,0.13075245132496635,0.15695802594945618,0.17871610337322344,0.19703115763060491,0.2125895450189817,0.22593324227077066,0.23756915454051822,0.24799116001803273,0.2575847279050249,0.26652010636693946,0.2748231146620454,0.2825508707354618,0.28982691379558495,0.29672675847709484,0.3032424572844959,0.3093913399187822,3.1780538303479458
-0.10828592772322071,-0.005159020702370311,0.057762025270749376,0.10265692052487407,0.13669645031149233,0.16320502099798015,0.1840618575520801,0.20055078650730973,0.21390702794057465,0.22561786749553794,0.23674326515386165,0.24706020042365473,0.25616449647301764,0.2645448883434445,0.27274563026417054,0.2803766567183884,0.28716207796976845,0.29369971669206457,0.3002326048140996,0.3061682763722959,3.044522437723423
-0.13750245450250412,-0.035697046522941,0.02757332182351485,0.07403038606804048,0.11066146253997061,0.14066659597118042,0.1658160829708863,0.1872125028475747,0.20559776677265396,0.221506618945453,0.23536314809363415,0.24754862207816475,0.2584361687695921,0.26836995088912363,0.2775960820324729,0.2862291853024393,0.2943173405487907,0.30192511605168515,0.30913264532203927,0.31598548814186006,3.3843902633457743
-0.6212864966410115,-0.4267669492456785,-0.3103222861968316,-0.22652072338948664,-0.16100526547224367,-0.1073320476234823,-0.06204046240462709,-0.023053332361649515,0.010974402187863094,0.04096262591190709,0.06756647857928168,0.09126699241018033,0.11242561754906824,0.1313190967652142,0.14816391081787333,0.1631369940642667,0.17639998931080336,0.1881365729029533,0.19860687860672863,0.2081764347524776,4.255612709818223
-0.6592129015590249,-0.3972516237000617,-0.38754935414972974,-0.22863636610240742,-0.1255880762907665,-0.22863636610240806,-0.11588580668829009,-0.028429678472617483,-0.11588580674043453,-0.02842966987688774,0.0333249117565552,0.04302718130688778,0.10344422896612003,0.04302734555109903,0.10344309540478538,0.1460754711185287,0.1557777406688607,0.043027181306887166,0.10344422896612003,0.15577774072100511,3.367295829986474
-0.6683355817834284,-0.46249867894718866,-0.340489726008132,-0.2536386252333685,-0.18658272775516588,-0.13244550058860133,-0.08755502291085407,-0.04973227584080995,-0.01759754318164239,0.009751386041084012,0.0328992585961692,0.052191750870270774,0.067778616840262,0.07978669597295608,0.08969685024964416,0.1012767619587482,0.11203789732313298,0.12007148800686662,0.12956729872381495,0.13939800657178433,4.182050142641207
-0.5692173787064868,-0.3853578197223801,-0.27437885702609693,-0.19384946217463628,-0.13035303415628843,-0.07786247547908211,-0.03313658811465133,0.005774206317923069,0.04013642136013896,0.07082048452104242,0.09845091176049495,0.12349129324203965,0.14629542760154482,0.16713965731673405,0.18624421064524008,0.20378788152500174,0.2199186156886451,0.2347616388509324,0.24842624894083298,0.26101206365027696,4.31748811353631
-0.46047392926436903,-0.2908101263925931,-0.18773121969839707,-0.11262383730111565,-0.05324975862420813,-0.004099231765244717,0.03779670407139161,0.07422719084050755,0.10635663010907136,0.1349869556728505,0.1606951787715326,0.18391135976107456,0.2049656003674974,0.22411791843473505,0.24157831928516357,0.25752122524579596,0.27209677955151673,0.28544053074555514,0.297682083970738,0.3089520395377604,4.127134385045092
0.038784978312744085,0.0717289179746492,0.09882287378638323,0.12237301268849586,0.14331930230852283,0.16217485073034177,0.1792645243651581,0.19481541399678526,0.20899975077000252,0.22195874434895116,0.23381733577032696,0.24469346309921197,0.2547026406172529,0.2639575872007274,0.27256331098711206,0.28061032931594443,0.2881706387438057,0.2952996185563922,0.30204219280562966,0.3084380156994255,2.8622008809294686
-0.33758315256569754,-0.18203244614693717,-0.08768118332641572,-0.01942839053172863,0.033897296309156055,0.07733933743420685,0.11361851655563487,0.14437425645337496,0.17067355056850678,0.19325429983097472,0.2126603523967817,0.22933621777206895,0.2437176367009814,0.2563197573769906,0.267735684261636,0.2784185364328792,0.2884745308049108,0.29787043285780507,0.30671987376866766,0.3151790501229259,3.7013019741124933
-0.5525642785366586,-0.3648030359657525,-0.25167996263156023,-0.16984290239601366,-0.10557196648021691,-0.052699903995018046,-0.007909166204120575,0.030795390295162775,0.0647088194382141,0.09471973004764261,0.12146407406164238,0.1454123063639472,0.16692207411571658,0.18627211810634595,0.20368592974831246,0.21935056611403983,0.23343470395056445,0.24610893795910374,0.257567619627294,0.2680405559080732,4.1666652238017265
-0.22377219052375352,-0.08484115487895515,-0.0013426386994509817,0.057851145627333955,0.1026759231201735,0.137605727773689,0.16504073011506937,0.1864561481869583,0.20306110801396113,0.21658728051113504,0.22940188081754243,0.24191960177144034,0.2528041790484686,0.262437215215694,0.2722360105130159,0.28151330420834214,0.28938148559938254,0.29707930788988807,0.3051052797291232,0.31204295538458043,3.2771447329921766
-0.06982917752578792,0.0068830291121551165,0.056067363951346004,0.09310645853259372,0.1230053280714925,0.1481123185353112,0.16975763306456407,0.18876505014980646,0.20566900411600447,0.2208334140931304,0.23452146046459413,0.24693690202832977,0.2582492681016632,0.2686088588968042,0.2781536896237688,0.28700925526524357,0.295283435111741,0.30306162233646095,0.3104073199179499,0.3173686274452918,3.4011973816621555
-0.3764171603975756,-0.22408938978727158,-0.13093209184352167,-0.06272218905073186,-0.008593695407244098,0.03635365038633288,0.07476479400839431,0.108236516187313,0.1378105100956263,0.16420670004698817,0.187945598743092,0.20941751215403542,0.22892411906409246,0.24670488378759575,0.26295487432334136,0.2778376517202727,0.29149530823030706,0.3040566983075526,0.3156440119245553,0.32637691831397053,4.04305126783455
-0.4764640207286672,-0.29424227171090334,-0.18436332148524787,-0.10501897593867507,-0.04295072275898048,0.00781014268037331,0.0504764964125304,0.08697964394849925,0.11857095971328878,0.1461064645892067,0.17019678686113976,0.19129441151415486,0.20975221115584877,0.2258740985097932,0.23997372051394517,0.2524419894862799,0.26376371645161456,0.2743644139800012,0.28439634107876627,0.2938385331122964,3.9415818076696905
-0.09349536643871934,-0.009647585857062444,0.043639512678120856,0.0835530375314069,0.11564894892767491,0.14249810570542257,0.1655426147913595,0.18568436185668347,0.20352049114670448,0.219462555242997,0.23380755887555696,0.2467825983787207,0.25857335828543127,0.269342039950637,0.2792368928045462,0.2883938723224821,0.2969319619981529,0.30494693740841616,0.3125100033650746,0.319673668787222,3.4657359027997265
-0.11983645416581644,-0.027894676912815275,0.030032849945200918,0.07316915702710994,0.10770311056726384,0.1364740444243713,0.16105688782764105,0.18243427767339399,0.20126349961504042,0.21800391253120127,0.23298985032642322,0.24647746723408662,0.2586761669331025,0.26976929588509285,0.27992543863420394,0.28929993635598106,0.2980279649954188,0.3062157020879246,0.3139389016742763,0.32125175927388055,3.5115454388310208
-0.5205091162506603,-0.3389534901516438,-0.22922472275655478,-0.14962003846934185,-0.08693520100293738,-0.03523157842986442,0.008687433019313271,0.04674579457767718,0.08019372025044835,0.10989039446898942,0.13645211840762203,0.16033629409301103,0.18189213097477006,0.2013930557497108,0.2190588059500837,0.2350719167590535,0.24959170360231897,0.2627678154545968,0.27475390678890216,0.28571849630243634,4.1588830833596715
-0.5463539402956871,-0.38807741767282844,-0.2979137240303504,-0.23808223559214775,-0.29377305375926144,-0.2287166211735412,-0.182395601985533,-0.2313290932473,-0.17825493171444434,-0.13963720140708172,-0.17825493171444423,-0.1385529275309093,-0.1063057601696578,-0.13441225725987163,-0.10216508991143872,-0.08133391116661925,-0.10216508991787365,-0.07196829644751442,-0.10108081603822751,-0.07458076834097427,4.127134385045092
-0.31600158406307527,-0.17769352190847174,-0.09261178263626545,-0.03003972558128149,0.019790219611711,0.06128942397257478,0.09684255031362332,0.1278919897057899,0.15538141711672823,0.17996569691292774,0.20212066444029678,0.22220492511118192,0.24049684570824603,0.257218064506283,0.272549429159733,0.28664255816930256,0.2996287403572325,0.3116259693927989,0.32274422524005475,0.3330885670884125,3.9889840465642745
-0.1813929451344328,-0.07607229236035423,-0.010158679748888443,0.038881112487633304,0.07825452144219709,0.11123588168620602,0.13960953089043804,0.1644688242180501,0.1865411789923249,0.20633915396817812,0.22423838486057326,0.24052216159786696,0.2554096086779511,0.2690749415641993,0.28166126079654497,0.29329061951160745,0.30407122197149444,0.31410205137263075,0.32347493642529934,0.33227421063721385,3.784189633918261
-0.21228146383528892,-0.09296410602120846,-0.019315909323790043,0.03472435932560322,0.077488150226909,0.11275632503849238,0.14258535443425482,0.16823186436428902,0.19052956507901037,0.21006616041925136,0.2272774784742717,0.24250542922286425,0.2560394343081287,0.2681476120589006,0.2790938572396587,0.2891301429119887,0.2984630528638659,0.30722472180681987,0.3154862760541968,0.32330080895258556,3.624340932976365
-0.5016342282064792,-0.29564808802740145,-0.17311368993201387,-0.0862193564726903,-0.01981753014014829,0.0328725046370589,0.07544621046041018,0.10999302419475711,0.13777850757461332,0.15960840124553408,0.17634255836822688,0.19041803529045007,0.20541964229365162,0.2194922140837289,0.23078323219339653,0.24235578485423165,0.2545812235759687,0.26425269217298203,0.2733802034712768,0.2841243679092522,3.7013019741124933
-0.5899926599023093,-0.397872029203636,-0.3931861601622049,-0.27806173791605593,-0.20106552946353162,-0.27806173791605593,-0.19637966042209903,-0.13302211889931861,-0.1963796604221006,-0.13302211889606536,-0.08594110721738261,-0.08125523817595155,-0.037486959236948066,-0.08125523790422517,-0.037486964163998736,-0.004259029723427274,0.0004268393180037818,-0.08125523817595155,-0.037486959236948066,0.00042683931800531927,3.7612001156935624
-0.043366737221927666,0.03731301843943635,0.08748953174804369,0.12365427837420144,0.1513386854108174,0.17321717494360245,0.1907870662727532,0.20508151038088857,0.21709537036513968,0.22783998837822214,0.23788291168665449,0.24711309701528292,0.2553882478657934,0.26301934656023346,0.2703399364473132,0.2771976789163742,0.28341782051749626,0.289295533961419,0.2950810979920678,0.3005111245084926,2.8622008809294686
-0.5017943178425674,-0.3111573282436013,-0.19662215024103677,-0.114241148095275,-0.05008180329496578,0.002123519906350136,0.04574384262527485,0.08279907046785132,0.11459204594592477,0.1420074478438171,0.16567026002551505,0.1860422740402247,0.20350031455523532,0.21843545259576438,0.2313991000433374,0.24316770646180547,0.2543499281029154,0.26492460687483227,0.274743742164576,0.28405987772489794,3.912023005428146
-0.2135170923108626,-0.04513991948296053,0.046788133950931364,0.10079190503782605,0.12562883603699235,0.12980551889263697,0.17386693360786823,0.19304449936470988,0.1804099941275054,0.22187885662732218,0.23974240314889408,0.2218421650343235,0.2540748570289169,0.2713308110549445,0.26819525944747924,0.28468507846507324,0.28772557314847463,0.2986575122592434,0.315354162650247,0.29807562752444794,2.803360380906535
-0.3651278629031208,-0.1574797638110509,-0.03950221679287398,0.03729451834650002,0.0871290140686897,0.11345813166175503,0.11947671730433101,0.16098778796143173,0.18192218075034142,0.17641413466182423,0.21409082371976942,0.23247875879551994,0.2197597207467033,0.2530663964799896,0.2702752033575386,0.26305803540880573,0.28496285188131726,0.2968840650222307,0.300322847626394,0.3163110412279346,3.1354942159291497
-0.629467251170719,-0.43290830412732284,-0.315422214474629,-0.23100885483836472,-0.16513308186643663,-0.1112724962364055,-0.06592577942279364,-0.026992883292078367,0.006884334345851245,0.036632745604250616,0.0629101935729676,0.08619703843607052,0.10685121266485005,0.12514381178033998,0.1412856724289959,0.155454894612924,0.1678403427980189,0.17872047870095006,0.18854777828246344,0.1978260311385641,4.241326752570746
-0.48739692559494013,-0.312623540169121,-0.20665956040083377,-0.12957349248428116,-0.06871563399301948,-0.018393734499079214,0.02445802473588653,0.06168621380444282,0.09449187843420163,0.1237014963307257,0.14990902300142847,0.17355641675159522,0.19498219282651957,0.214452310864128,0.23218094125511943,0.24834542640458976,0.26309809705617077,0.27657661307516973,0.2889135684141046,0.3002446537796079,4.151039905898646
-0.3042034160973654,-0.14354224373015287,-0.04737161066099329,0.020814020295719986,0.07263120941266321,0.11329292750987764,0.1455687118847673,0.17109118503937273,0.19097668942346216,0.20648176323441136,0.2199683497320658,0.23359461595128903,0.2461724348818817,0.2567749530542513,0.26712283628425054,0.27767684932202397,0.2867011518172264,0.29482874513288754,0.3036883827055659,0.31177683656249466,3.417726683613366
-0.5338652112042805,-0.3326213545929209,-0.21224744414372498,-0.12609235217838058,-0.05937469980463866,-0.00545362197712104,0.03923088303619344,0.07680194247333214,0.10861538777576878,0.1355759956654241,0.1583087976343858,0.17728421754159523,0.19299574141105907,0.20632045631996532,0.21871043119925718,0.23084906955327006,0.24200142624920623,0.2521477323140897,0.2621825086464688,0.27187611617092705,3.8815637979434374
-0.05080625468313525,0.03703837386443125,0.09052778592268221,0.12807768607604764,0.15582880977527835,0.17675182871389725,0.1926749239755083,0.20538647716552522,0.21696535086436608,0.22818674730484534,0.2380935343145191,0.24647579855235177,0.2545321461341843,0.2626023778538778,0.269598786067792,0.2756072870652965,0.28193424023920904,0.2882599930234818,0.29346029357151127,0.29823725158332015,2.772588722239781
-0.411789709749371,-0.2473496922537014,-0.14745028945977576,-0.07479528034502024,-0.017545625480941723,0.029635279704592614,0.06962550716430993,0.1041601977389827,0.13436891041972987,0.16102994106968774,0.18470392777824646,0.20581001318943243,0.2246728321240092,0.24155459654546066,0.2566803314957758,0.27026074877165424,0.28251300170150595,0.29367182664460995,0.3039755869697791,0.3136228191509194,3.960813169597578
-0.29777692622810387,-0.15281388084718403,-0.06454064808828715,-0.0004966595613045717,0.04966169084991913,0.09061020564399448,0.12487588663722436,0.1539862467107239,0.178940702196925,0.20043570846938136,0.21898935207948556,0.2350269849171844,0.24895716747986366,0.26123626441393444,0.2723621669954713,0.28272679941727524,0.29247192994566434,0.30160418780636483,0.3102011488685214,0.3183885157922546,3.6635616461296463
-0.021876039613804084,0.057638286906577345,0.10590280266474343,0.13935261628596265,0.16369536636148335,0.18169886535569943,0.1953607437775007,0.20713405117440284,0.2187466234438704,0.2293057059662577,0.23785708715855616,0.245590508771018,0.25377756088457276,0.26115359754620415,0.26691640029776587,0.27274781030724676,0.27931596934251945,0.2847729050379767,0.28906225676077996,0.29402695517801775,2.6026896854443837
-0.3461865762975472,-0.2007586631513052,-0.1115710231553126,-0.04612951878879938,0.005890344711105373,0.04914786593529981,0.08615970498969378,0.11844649478551694,0.14700150069162143,0.17251244044404904,0.19547770155440644,0.21627194008203193,0.2351854160101729,0.25244896852644144,0.26825088606375125,0.28274911376903755,0.29608069833944856,0.30836938490892235,0.31973148702025805,0.33027943137714955,4.0163830207523885
-0.23406511990887907,-0.11528773551129311,-0.04155390900385949,0.013007232507804022,0.05664726200863685,0.09310368790501251,0.12440377459868149,0.15178023409460797,0.17604595758759958,0.19777026165365286,0.21737010657111108,0.23516121805419302,0.2513890978552941,0.2662494138637901,0.27990241280700706,0.29248364679123007,0.3041120913122028,0.3148960062377119,0.3249364154657725,0.3343279395962409,3.871201010907891
-0.20590454995213783,-0.08948123615833999,-0.017430811892500148,0.03557944993311228,0.07764921765564159,0.11245521853028154,0.14199829838106778,0.16750200637768822,0.1897786735235863,0.20940063149546154,0.22679025334973718,0.24227383923685486,0.2561185003112825,0.26855960345140484,0.2798194754229131,0.29011294816503896,0.299635263661193,0.3085393932648353,0.3169252178062542,0.3248550848318529,3.6506582412937387
-0.7002912452609792,-0.47707250618417546,-0.3462810308231816,-0.2546501002812171,-0.18545121254897148,-0.13132965241551436,-0.08857907132809453,-0.055436961971323646,-0.03200849879120478,-0.03556502445993544,-0.006510147382719049,0.013769834328196466,0.007512381901223279,0.03363455429751966,0.051596333789800435,0.043563688250776285,0.06743161385744587,0.08363944828107005,0.07479617754101142,0.09628853637465545,4.034240638152395
-0.010034041137632429,0.052099042909245837,0.09255273357084405,0.12304003260368572,0.14767988412712044,0.16839937272394614,0.18616709335679235,0.2015640127860695,0.21500205367599798,0.2268259888320805,0.23735967118870915,0.24690371941599695,0.2556925946659618,0.2638595754498485,0.271464856635786,0.2785632297032511,0.28523174031246673,0.2915361411524271,0.2975031707209384,0.30314916895275806,2.9444389791664403
-0.46372104375856954,-0.2767126290787321,-0.16440610489695753,-0.08379809071383162,-0.021243383697711,0.029397704934249994,0.0714224966778036,0.10680286042764199,0.13680464881129914,0.1622825095408855,0.18384374419870628,0.201973369673224,0.21719800556848867,0.2303324289733305,0.2424783468880874,0.2541561754648739,0.26500050649157963,0.27498169127405,0.28462899590994195,0.29394222485469035,3.8066624897703196
-0.5186588750499724,-0.3176510282181376,-0.1975041226903387,-0.11165105856124824,-0.04533307219088569,0.00807872975609839,0.052133378742254384,0.08894089100592462,0.11984042217930764,0.14571727208911592,0.1671847569469746,0.18476121438159612,0.19922603848797957,0.21215229094095675,0.22495668499900306,0.23695407585246805,0.24757445152506774,0.2579192748316972,0.26822406589633313,0.2774411111238527,3.828641396489095
-0.02647513943610817,0.03660442125001523,0.07798369031204207,0.10956809095843544,0.1353754090436939,0.15735774406924152,0.17657422931138225,0.19363618447196124,0.20893233850366172,0.2227329046838643,0.23524230140972655,0.2466284999464397,0.25703984604292773,0.26661312493404943,0.27547412876145516,0.2837327691888757,0.2914774854821559,0.2987745867845244,0.3056740570795986,0.31221725606979317,3.2386784521643803
-0.04269061061137474,0.023056352528814543,0.06612731636977948,0.09911333651389466,0.12616289845980921,0.1492627954149232,0.16953520791400137,0.1876542061078061,0.2040459178421269,0.21899729271302013,0.23271342591745628,0.2453492568531114,0.2570282417261791,0.2678539548464899,0.27791742787892315,0.28730150521259984,0.2960827998988203,0.3043317115132382,0.3121112535395693,0.31947580103415446,3.449987545831587
-0.6772163914453816,-0.47531790380260575,-0.35704400324495933,-0.2740467508354492,-0.21114662617014618,-0.16165837004112316,-0.12218671776594606,-0.0910594801507873,-0.06818053660121418,-0.0754046890642703,-0.048089273633805704,-0.028158301735290055,-0.03704246274586651,-0.012504472152081536,0.0052213821387295505,-0.004682262722248038,0.017701538036738854,0.03373051372028103,0.023503760652700465,0.04370270426430844,4.1666652238017265
-0.04552705575459997,0.03726761103185679,0.08844010345727009,0.12504697052633656,0.15280098905492565,0.17446331393639886,0.19160659934687502,0.20540491266916475,0.2171027752943734,0.22785509181489608,0.23795598175830743,0.24701979553755132,0.2550840227434022,0.2627312371143764,0.27010431532749496,0.2767775208734594,0.28281234454636744,0.2887731642078302,0.2945954088316594,0.2997996923207855,2.833213344056216
-0.5773261328562727,-0.2871160130175539,-0.1292674982781337,-0.03763846096335191,-0.10890119670766216,0.008427225352745558,0.07906863452178403,-0.004422489118723118,0.0994345294333112,0.160952529971161,0.09943469209843202,0.16627944752662674,0.21634008623813977,0.1866445104218179,0.23668381996602308,0.2450550629354789,0.23667252595629615,0.2912032456651903,0.2420112832529688,0.27840284380752073,3.1780538303479458
-0.004757934752091023,0.048376694173916296,0.08428614488086804,0.11235761844020459,0.13589924839898762,0.15646109284386953,0.17481773387263613,0.19141920676734583,0.20655672950233472,0.22043462791308505,0.23320625455246247,0.24499400746625524,0.2559014032404858,0.26602056691113835,0.27543652931273377,0.28422889670676965,0.29247135818883924,0.3002299133040763,0.3075611953230563,0.3145121707889845,3.2771447329921766
0.009033847121390517,0.07320404177251642,0.11349404782586454,0.14260118321668838,0.16503709365635072,0.18263831326971108,0.19663413040053845,0.2083125705159558,0.21894423347572936,0.22893807580268263,0.2378346985401078,0.24554317899488962,0.25275867355125214,0.2598535322763714,0.26627818539143033,0.2718517397346228,0.27732270699558065,0.2829265253690118,0.2879211558484608,0.29225382928345495,2.5257286443082556
-0.6287621431675451,-0.3910008694623236,-0.25105698285723327,-0.15292904699240673,-0.07896483895408712,-0.02136059498707913,0.02388108210893841,0.05884008750269331,0.08429188996458793,0.1001247029379623,0.1148189103682563,0.13723674586586257,0.15034920596680829,0.15971207136650162,0.180012635495178,0.1912728871517175,0.19687491143749375,0.21562616093608186,0.22564658231984233,0.22850507475701845,3.7612001156935624
0.03867405370362568,0.10728089801979507,0.14347149636005962,0.16336468607686422,0.17405692546217388,0.1898627955341681,0.2074232906051571,0.21456179603959014,0.21567973513323355,0.22990024233559633,0.24159468417237345,0.24147201271520305,0.24414551933876266,0.2566073353411747,0.2632663153076203,0.26519768883751993,0.26517036552372353,0.2710764517487912,0.282157996411458,0.2824275746531963,1.9459101490553132
-0.6114048046525865,-0.4135287019800524,-0.29507967366402993,-0.20990204317719588,-0.14340276714991135,-0.08902996598936554,-0.043264900447515145,-0.003996346449048362,0.03014134319511361,0.060080207290504895,0.08648172724802826,0.10982901669446134,0.13048269987204172,0.14871813072210618,0.16475574828630501,0.17879713129724736,0.19108403765348078,0.2019856088887346,0.21201543715526147,0.2215662920800978,4.182050142641207
0.01096833091343444,0.06639465459462031,0.1029582289716661,0.13088325470584578,0.15381797663075697,0.17319308580406081,0.1897715544067644,0.2040586642607719,0.2164657061898986,0.22738464072156192,0.23719179537104393,0.2461825792223172,0.25450798421910803,0.2622145141491249,0.2693562309789504,0.2760375857116518,0.28234546652983966,0.288295804933516,0.29389272177044024,0.299195555253324,2.772588722239781
-0.24631408099732016,-0.09616354392210086,-0.006806045973099965,0.055756356013133015,0.10233303478218658,0.1377383024588647,0.16449805457768918,0.18421679695622484,0.19897143282278587,0.2129969132396137,0.22769888813117195,0.23975119152068627,0.24971399995214666,0.2610163588088703,0.27155144982306556,0.2793288217243023,0.28777924248606607,0.2972500381250681,0.30411771787913394,0.3103052129879935,3.2386784521643803
-0.4264108438169686,-0.2525884273669142,-0.14758796842931704,-0.07173861643888334,-0.012444750243135442,0.03596912801614351,0.07655983447571481,0.1111653707526044,0.14097698341071735,0.16681043961663908,0.18925038360525942,0.2087380187011165,0.22563809462489534,0.24030915408188003,0.2531839281953458,0.2648005483766323,0.27564383901270323,0.28589206836095826,0.2955117970244221,0.3045742082882779,3.8501476017100584
-0.4838215595462996,-0.31013485609047337,-0.20476835159830753,-0.1280716721328241,-0.06748396256584276,-0.017352763841020243,0.025366491728470483,0.06250775200558605,0.09526403145706777,0.12445646267083466,0.15067534236178934,0.1743600804310466,0.1958473822336569,0.21540184757430003,0.23323644675690577,0.24952711136534309,0.2644240214945125,0.2780612087166926,0.29056530060421265,0.30206315300483694,4.1588830833596715
-0.10995510623732951,-0.023540481287433492,0.03137671288288779,0.07262010964258465,0.10592986204283113,0.13394107715316067,0.1581167760140344,0.1793705826173161,0.1983133992862796,0.2153703557563788,0.23084681507843516,0.24496981190438824,0.25791506789342344,0.26982492336374253,0.28082035779570136,0.2910087990401409,0.3004884672213038,0.3093496268585929,0.31767342605100424,0.32552977729135435,3.6109179126442243
-0.012770276241910494,0.0537262684531361,0.0962805833591438,0.12776080699056544,0.15268396136574075,0.1731638317858114,0.19028025049015676,0.20472704046512044,0.2170775889081482,0.22789329374847542,0.23767914936388593,0.24672722965747998,0.25508540052232087,0.2627606148495172,0.2698815467931152,0.27660350041522297,0.28294538964921445,0.28886483271103147,0.2944340975511585,0.2997772278031733,2.833213344056216
-0.6262133862872469,-0.43459563046030375,-0.32454441431340114,-0.24994579302706774,-0.19746974103450027,-0.24093988914915881,-0.1824123199002937,-0.1398945768708224,-0.18037433441610146,-0.13088867299810386,-0.0945710867278368,-0.13088867299914192,-0.0899655434166891,-0.0583280299949336,-0.08556518310838807,-0.053722491494804354,-0.02984331580264825,-0.049322131821133375,-0.020837433320219652,-0.009334916078705617,4.034240638152395
-0.5469746381512184,-0.36376708630968474,-0.2531075884046973,-0.17281158919240194,-0.10953196378780501,-0.057269499581718133,-0.012796517615172549,0.025829073823920665,0.05986915487868983,0.09019100002168623,0.11741682184626033,0.14200845986528685,0.1643183881044528,0.1846220536249808,0.20313938909526297,0.22004993009704482,0.23550426209823053,0.2496336298405017,0.2625589729815199,0.27439995000636225,4.241326752570746
-0.36922007426509035,-0.21144814936753387,-0.115517536218762,-0.045798051852769105,0.009035315502998484,0.0540926643670495,0.09213182262475994,0.12481634933506172,0.15323011153561247,0.1781211604966363,0.20003035555070914,0.21936617399846398,0.23645411622940485,0.2515758174046115,0.2650053949231683,0.2770398103478428,0.2880007253272134,0.29817905068787093,0.30775491986996506,0.3167980731599938,3.8501476017100584
-0.6577793080418339,-0.44030698395343965,-0.3113592481975086,-0.21970262276159858,-0.14915302406353215,-0.09246757037042629,-0.04578665184730252,-0.0068333610104925595,0.0258134972866151,0.0530520457746315,0.07541772642739755,0.0931809527013746,0.1066714339139868,0.11823121786496088,0.13177214361394013,0.14371512109479972,0.15283079874805475,0.1639789868150819,0.17481596425978446,0.18239686881356187,4.04305126783455
-0.19770812338924587,-0.08500347997313397,-0.015007960838973189,0.036674707205942875,0.07784598382263329,0.11204834944582152,0.14121066308892197,0.1665134103824583,0.18874096338896107,0.20844583329881947,0.2260342033041203,0.24181591820854192,0.2560373455156248,0.26890501341543216,0.2806029145247699,0.2913033215247162,0.3011691513470208,0.31034705121364853,0.31895603213847645,0.32708205480083263,3.6888794541139363
-0.45316047117512953,-0.26987785597565794,-0.15963130186253635,-0.08035989840306255,-0.018714804145799388,0.03131314004177508,0.07295428963094867,0.10814410209738386,0.138129284644168,0.16375586901665604,0.1856263772172132,0.20420875174620434,0.21995469299132603,0.2334709671898216,0.24562938202380058,0.2571633181174707,0.2680719146827772,0.2781474852933176,0.2876593276820652,0.29687942612393275,3.817712325956905
-0.49506354463330077,-0.31795864522941875,-0.21071274207319607,-0.1327914901490001,-0.0713547028403212,-0.02062486344738606,0.02250933878214832,0.05992144619361622,0.0928296141414128,0.12207164984268364,0.14824920122848653,0.171809521075235,0.19309483597808016,0.2123738992629397,0.22986348595978268,0.24574436165662447,0.2601746104470885,0.27330209798419336,0.2852763549133561,0.29625730500932135,4.135166556742356
-0.5385286651064616,-0.37845871901441985,-0.3753200926204583,-0.2798491979199157,-0.21525014652841656,-0.2798491979199157,-0.21211152013445497,-0.15957009532474994,-0.21211152013445497,-0.15957009532473676,-0.11977925182787398,-0.11664062543391238,-0.08034427570179264,-0.11664062543075616,-0.08034427581588494,-0.05204157404241326,-0.048902947648451656,-0.11664062543391238,-0.08034427570179264,-0.048902947648451656,3.970291913552122
-0.6383661468016028,-0.4396069265373232,-0.32100731419567274,-0.23595031275893424,-0.16970786558297632,-0.11567301001646019,-0.07030114201898795,-0.031468564540498706,0.002195530795089989,0.03162357738224399,0.05747365216778935,0.08022176658964206,0.10021730939203778,0.11771982558670323,0.1329310992262242,0.14604355379818412,0.15734622593171105,0.1674012147266963,0.1769519101628376,0.18618585917486175,4.22683374526818
-0.06693993445758584,0.007734794296409102,0.0558277202080638,0.09220373408880495,0.1217002822903326,0.14658782764068354,0.1681529132014888,0.1871922508043239,0.20422199911131866,0.21959198699803462,0.23355236449826283,0.24629265241740014,0.2579654414178144,0.26870115496124747,0.27861682001911414,0.28781999830562166,0.2964086080083177,0.3044681611514778,0.3120691193910464,0.3192669701603377,3.449987545831587
-0.6782179727643148,-0.4668163578752805,-0.34184676747214804,-0.2532084040211605,-0.18509518150080717,-0.13044515257845463,-0.08550545376804221,-0.04807455676926034,-0.016797030524747958,0.00914961494160583,0.030180316751438275,0.04630553376823888,0.057347445241096,0.06803021390792237,0.08255911699519194,0.09200479238922865,0.09974606346532945,0.11303673220915494,0.1213315528457259,0.12713806265230976,4.135166556742356
-0.08371156755717515,0.015094391772633015,0.07493054246107748,0.11696766353177637,0.14809978461698936,0.17157568812295232,0.18933098016525376,0.20309545081739147,0.21511563210861914,0.2269079382328227,0.23765554316187643,0.24667126400087494,0.2550725128445856,0.2636482012017189,0.2712772492152193,0.2776880323839133,0.28429418493127445,0.2910767339767991,0.29671009344150095,0.3017513406298702,2.8903717578961645
-0.13274692380575165,-0.040230268283212585,0.01823663597400869,0.06200239677569143,0.09728067785860568,0.12690963387200102,0.1524515296753177,0.17487579990502847,0.19483207377272807,0.21277661865412487,0.22904020646522646,0.2438695970695007,0.25745490088368295,0.26994823373823473,0.2814766241154466,0.2921508637648989,0.30207112636767053,0.31132967329079086,0.3200109557056625,0.32818996066770545,3.676300671907076
-0.5276921000678623,-0.33291632805689786,-0.2160309299910096,-0.1320086141089843,-0.06658225694415147,-0.01333662994859819,0.031175391530587487,0.0690199941331403,0.10152948449292944,0.12960788123613992,0.15389208823032804,0.17484783885310565,0.1928425698610141,0.2082323866257318,0.22150097455309556,0.23338782340133318,0.2446247800750653,0.2553249786802106,0.2652682812781723,0.2746333755081381,3.9512437185814275
-0.5931082739519877,-0.32192366954830004,-0.3090101169576482,-0.14282334859137402,-0.03782551255396043,-0.14282334859196769,-0.02491195552149516,0.06654721847888988,-0.02491195996330864,0.06654746369269965,0.12836125581172006,0.14127480840296552,0.20446744262923325,0.14127729831182254,0.20445608558309628,0.24627264444037913,0.25918619703103196,0.14127480840237183,0.20446744262923325,0.2591862014728444,3.1354942159291497
-0.6769370408742851,-0.47281724393682173,-0.3536101570443103,-0.2703541868019983,-0.20772680336022398,-0.15907173546030212,-0.12121726947214664,-0.09332169573472877,-0.10622648938975068,-0.07350153271362837,-0.04944584675089923,-0.0635804490339871,-0.034455224077537996,-0.013188004505091687,-0.02805775427739227,-0.0017119853466739314,0.01744466990810227,0.0030398865766550773,0.026266313822285878,0.04339494434142252,4.127134385045092
-0.7142011898343594,-0.4279702329890782,-0.2656096256678417,-0.15908660684712517,-0.08987271917643341,-0.13666550715918124,-0.05238578308579546,0.0032741744819390814,-0.04731201593282941,0.02569517749981379,0.07367588665105948,0.025695158163962204,0.08514089896710801,0.12715440202871078,0.09609593122372805,0.1386133283722097,0.16566275102887013,0.14956754452500487,0.1880704572258882,0.18802692150095607,3.5409593240373143
-0.518721590823192,-0.3268336000651225,-0.21153893056291886,-0.12854836499310138,-0.0638269658488749,-0.011062202681931803,0.03313969752538399,0.07081499674161754,0.10327907928338975,0.13142721567063945,0.1558929762668346,0.1771411579962814,0.1955335114815745,0.21139569199879518,0.22511354376194623,0.23724783189356574,0.24847636542351056,0.2591658826811901,0.2692212476332847,0.27862535116601517,3.960813169597578
-0.5256047310589714,-0.3455811361873424,-0.23665884891556183,-0.15751703017823743,-0.09507672818448225,-0.0434570170065827,0.0005073599929502039,0.03872169374394422,0.07242449716739582,0.10246744670296669,0.1294620171633028,0.15386255203299495,0.17601630481910033,0.19619516518613547,0.21461676257782944,0.2314592875279209,0.24687267691267076,0.26098789602528355,0.27392544082989606,0.2858034728189602,4.219507705176107
-0.12785415577436154,-0.022977293148168213,0.04150170967571833,0.0881335121615416,0.12418534416317613,0.1529987550273296,0.17643429228117555,0.19566709709393593,0.21154934842139633,0.22485727601681363,0.236441262298288,0.24707228240903636,0.25703248903682574,0.2662003045284854,0.27461126340262576,0.2825509990909424,0.29012362792383156,0.29718646973405555,0.3037782413052922,0.3101283644223075,3.1986731175506815
-0.2885150845150096,-0.15656764735279105,-0.0751790901079849,-0.01521284162234704,0.03260442506463777,0.07246436767080476,0.10663489794844508,0.13648951833043066,0.162928602681682,0.18657859614919559,0.20789592560276923,0.22722534311704196,0.24483487210456484,0.2609381638118711,0.2757098332120355,0.28929671180154276,0.30182652391119585,0.3134146114955699,0.32416869036032486,0.3341911808589794,3.9512437185814275
-0.6378926198778039,-0.37616930569814105,-0.22455301441485356,-0.12105432286390284,-0.046517573100423766,0.006724948620052994,0.040340252683222305,0.03717040921057622,0.08232888239005509,0.11026367678902994,0.10042242289825466,0.1406753892236716,0.1650091356860482,0.15051542069123192,0.18684805867737894,0.20874785853938127,0.1954069703205572,0.22478247642785049,0.24326475225372324,0.23711486592382455,3.56953269648137
-0.5319062915924073,-0.3084627254529516,-0.17680377519544657,-0.08467606497803623,-0.01559128200933433,0.03772985761015114,0.07898953505870178,0.11007936645441618,0.1318142980401964,0.14635806050015648,0.1652627543346164,0.1842654243623244,0.19533658391779424,0.2089133078826126,0.226117975487563,0.23507875987297217,0.24461172668924577,0.2605978250595221,0.2683643785185486,0.2746890920949189,3.6109179126442243
-0.6501111214325122,-0.42846994392654386,-0.3036436539977087,-0.22332721725079052,-0.29539442858259435,-0.2046686283190594,-0.14254545583948405,-0.2098733100773763,-0.13429623043039207,-0.0820024752844943,-0.1342962304279831,-0.0798423379375104,-0.03643276356058513,-0.0715931126733018,-0.028183549090584174,-0.004730583401623031,-0.028183554563146862,0.013928111718912941,-0.026023413725352367,0.008723493673154335,3.784189633918261
-0.6541501703818684,-0.4483823186242075,-0.3260382359899212,-0.23867598991022165,-0.1709941133738936,-0.11613456708392186,-0.0704260206540937,-0.03167870047764826,0.0015085576136017707,0.030073053614165464,0.05465546356822626,0.07569168317962749,0.09346959835456731,0.10819490286085426,0.1202065030582702,0.13067143097756675,0.14141041911416985,0.15173531282162814,0.16057692638196455,0.16937590580615727,4.1666652238017265
-0.6164764671713164,-0.4066816097787696,-0.28162689319751066,-0.19224130592552074,-0.1230046418115779,-0.06695382581781675,-0.020359153391576856,0.019003727086361943,0.052556452768472844,0.08124761455411973,0.10572397368331465,0.12643084672224308,0.14369967468113365,0.1579256517734074,0.17003852243303128,0.18170715798034728,0.1932484093430385,0.20355809050827625,0.213085128128387,0.2228796227018538,4.034240638152395
-0.3750405857890053,-0.21513492311515997,-0.11801580405385738,-0.04751553898350664,0.007860950277927863,0.05329974855737002,0.09159893176901407,0.12444554650527241,0.15293795152753936,0.1778334608353505,0.19967925174810647,0.2188892466864097,0.23579642352790775,0.25069667021949577,0.26389142298616,0.2757197961436023,0.2865426906319666,0.2966504702670841,0.3061802700578867,0.3151727349796471,3.8394523125933104
-0.27104955599932673,-0.1417395488387123,-0.06197949359610247,-0.0032696260262406428,0.043469047907875605,0.0823436034898655,0.11557800401863895,0.1445208291207791,0.17005786584107083,0.19280689964422948,0.21321910259607785,0.23163608000914493,0.24832450551568672,0.2634989669608328,0.27733836394744454,0.28999844951371256,0.3016214094586996,0.31234207190140667,0.32228950643382626,0.33158328618365,3.871201010907891
-0.07602176601653175,0.016890111969392215,0.07389684800159406,0.11460801341059593,0.14543628769700387,0.16941944593300623,0.18830191383233252,0.20332532700067318,0.21575481825816,0.2269593513668673,0.23758397709640652,0.24725478044873414,0.2558037060793671,0.26380747569217455,0.2715945256468232,0.2787268122412192,0.2851158101665577,0.29136051318585565,0.2975285468679054,0.3030793602043169,2.9444389791664403
-0.24215825371127805,-0.07209469837773211,0.023868961237311075,0.08499135707413459,0.1226219660499536,0.13987837370172837,0.1552081351371586,0.18679383016330106,0.19977915062609825,0.20230822369723273,0.23170737899252009,0.24334607523194512,0.23734354419485032,0.2636316150320337,0.2756268524406822,0.27357170478439496,0.28927272310939206,0.29741437127054005,0.30463123755209776,0.31537198482616485,2.9444389791664403
-0.6377322288834796,-0.4000076570725831,-0.27202959505792873,-0.4000076570725831,-0.2539557978923064,-0.16228308526051238,-0.1622830852616867,-0.0857528661726717,-0.1552911860901908,-0.0857528661726717,-0.03430502324703226,-0.0787609675797821,-0.016231215690186897,-0.1622830852616867,0.029645234874932314,-0.0162312156901869,0.029645126379981897,-0.016231226081409877,0.03663702555089373,0.07544148654979696,3.56953269648137
-0.16674198202609086,-0.05672083917499434,0.011312917144556471,0.061131676921081714,0.10036140361209345,0.13247752084906783,0.15938599128558148,0.1822646920342361,0.2019038055262482,0.21887071997389493,0.23360905250045388,0.24651008782698727,0.2579593448219493,0.26833370272488916,0.2779329698124814,0.28691383279592586,0.29533051032382485,0.30323843669492523,0.31072245508129415,0.31784184517626296,3.449987545831587
-0.011986356868817986,0.05328346212597372,0.09525545057983509,0.12647085170484595,0.15133445436791443,0.1719070711840332,0.18923476582805943,0.2039723559293332,0.21663336551514384,0.22770236709733568,0.23763863929769397,0.2467756895687739,0.25524341967999825,0.26306115901376853,0.27029881214243107,0.2770907309281907,0.2835129484042502,0.2895505068899677,0.295218624206364,0.30061117300094514,2.8622008809294686
-0.14159962967321066,-0.01693372012584324,0.05639997529217721,0.10623396533254854,0.14139691985289468,0.16582400330597433,0.18216738446567168,0.1955308173183342,0.21130634991777777,0.22479051487251103,0.23383161869666536,0.2441757925813308,0.25601212278923824,0.2635231145416222,0.269670943136366,0.2797353146988704,0.2874200318563982,0.2917008912447702,0.29877562127724766,0.30639938627328844,2.917770732084279
-0.11180830392844178,-0.016672073878081194,0.04267114980756219,0.08627756117674011,0.12062258606406742,0.14869528200486118,0.17216717483529004,0.19208407996505017,0.20915027217470195,0.22388233451237013,0.2367110817379882,0.24804485171968177,0.25827522175738066,0.26771201259605426,0.27651665821600696,0.28474248245849015,0.29244359182966106,0.2997092744824142,0.3066055940310104,0.3131475776966167,3.295836866004329
-0.3524292234952366,-0.16143051619426033,-0.05016261146229309,0.025673780052381186,0.07991190703587747,0.11833214438477031,0.14335849740705686,0.1578000154316232,0.17834619880847666,0.19986543490490738,0.2101518481902711,0.22300967765842328,0.24267444664624419,0.25085286718146077,0.25754678204132475,0.27604819552527066,0.28377201656052664,0.2869089356482977,0.3025602900262982,0.31037040770911134,3.258096538021482
0.0359786534821598,0.0961946029794094,0.1324718005494848,0.15775965389491306,0.17541171070421988,0.1881735317533588,0.19995407429248407,0.21225230992401367,0.22224763768028138,0.22901611509130204,0.23605496399332224,0.2448555280576514,0.2513949727324601,0.2551932256511703,0.26088526583954913,0.2680994986248274,0.2725727419028234,0.27535699309469563,0.2799957308366266,0.2854978070885877,2.1400661634962708
-0.42002481616646453,-0.17226988660220371,-0.0397022348537232,0.03322756530787243,-0.01857320266612938,0.08101802767467817,0.13714355342482654,0.06768694580914221,0.15826933101249452,0.20810467829788287,0.1582706329582653,0.213605042968992,0.2537985677053946,0.23472757392972465,0.2748381167633064,0.2731843977192184,0.27479322538292417,0.3212441780315098,0.28034851417268414,0.3080727404753789,2.995732273553991
-0.18316982853864358,-0.07154850407448037,-0.0023702275736439344,0.048513410378131186,0.0888360137500803,0.1221146392875594,0.15026986867354286,0.17448224170474386,0.19553927676026828,0.21399798217394272,0.23027275510055553,0.2446912024689802,0.25753436136770896,0.26906487535490126,0.279537605695569,0.28918474535109967,0.2981836474905884,0.30664146521332425,0.3146197004642413,0.3221715387649809,3.56953269648137
-0.5573639901842452,-0.3712638144973346,-0.2590467463925739,-0.17776105658013475,-0.1138176152296638,-0.06110910407705727,-0.016350326429026615,0.02243477677686945,0.056529503316126196,0.08681517118788339,0.1139233621949143,0.13832214357283384,0.16036803691307444,0.1803390759133712,0.1984570447580586,0.2149035976159342,0.22983334257685925,0.24338616349225192,0.2557002781225155,0.2669255603127691,4.219507705176107
-0.06826076270017285,0.03518843896618745,0.095201526203719,0.1344352962636115,0.16022000747513873,0.17644802345654273,0.18917542335562287,0.2050883194365268,0.21859525855113235,0.22654830601404388,0.23568098909172053,0.24776791814870383,0.254907083854289,0.25910126194884125,0.2686518884529986,0.27692379066425127,0.28051143154105995,0.2856849901344212,0.2929929601010489,0.2985824768565993,2.6390573296152584
0.05184558607616492,0.09354588986687741,0.12500947313886304,0.14993200428807324,0.16983503485892984,0.18569528327085347,0.19850059245683968,0.20946799200943042,0.2196156622061116,0.2290055798441486,0.23715680290285393,0.24420953423684477,0.25098426638525423,0.25767913590737956,0.263603119814261,0.26869381451693175,0.2738341432696286,0.27915127291436537,0.2837745815838874,0.28771303522381064,2.1400661634962708
-0.5666426363864828,-0.3808715142776664,-0.27889419826937617,-0.3808715142776664,-0.2679803031700993,-0.19510039216884928,-0.19510039216884997,-0.13529544874116065,-0.19087832121183107,-0.13529544874116065,-0.09312307616055975,-0.13107337778625258,-0.08220918095246893,-0.19510039216884997,-0.04511715782815235,-0.08220918095246893,-0.04511716009314218,-0.0822091810612829,-0.04089508913612362,-0.009329270060033212,3.817712325956905
-0.5572070780054218,-0.37393370913476226,-0.2632439641781482,-0.1829038737639112,-0.11955496571575337,-0.06719455868576352,-0.022593783911610307,0.016189919051002206,0.05041870114325618,0.08096009010777873,0.10843658279856522,0.13331032951434277,0.1559341067548304,0.1765835747926233,0.1954786145962259,0.2127980926537083,0.22869065965293245,0.24328327087179993,0.2566885970466081,0.26901209533293186,4.283586561860629
-0.6722899502790256,-0.4622035502259017,-0.33780649071573143,-0.2494007501456168,-0.18130043551465685,-0.12648909235072592,-0.08122736963264807,-0.04330659014806171,-0.011343432904462148,0.01554290351069972,0.037882917742151884,0.05591862443661488,0.069673733951671,0.07995102151837832,0.09188772823595925,0.1042636271077634,0.11275365491042945,0.12212014347457814,0.13343955320293313,0.14075336381640274,4.143134726391533
-0.5510870299964568,-0.35304040513080986,-0.23431908237075946,-0.14902278847958278,-0.08261491328362672,-0.028561774449965213,0.016646269328849904,0.05511242031900519,0.08819262098433853,0.11680655982050073,0.1416010766744565,0.16304577949195673,0.1815016639228018,0.19729695770152866,0.21085224580118406,0.22284380391673786,0.23408228035916334,0.24484781822181345,0.2548875466209964,0.264274010067342,3.9889840465642745
0.04244104011460812,0.07795905280312294,0.10653462565610441,0.13084965235954502,0.15199462366687877,0.1705670650750337,0.18695429964671376,0.20144549089612035,0.21428958969408007,0.22572861542845996,0.23600928658395387,0.24536759605479116,0.253992542358954,0.26200128993012195,0.2694577095171139,0.27641826115097823,0.2829537158859403,0.28912770063068477,0.29497310098220586,0.30050783949386495,2.6026896854443837
-0.48515781660840285,-0.30776398280449097,-0.2004160122730896,-0.12251460319477446,-0.061193840615755356,-0.01066297793548942,0.03219681620114537,0.06926345702918574,0.10175755047942381,0.13051812797471268,0.1561472827568553,0.1790923059766469,0.19969556160668658,0.21822698550422162,0.2349074153392747,0.2499278657148949,0.26346803395686225,0.2757147442627631,0.2868751731547465,0.2971710045990531,4.07753744390572
-0.6006995569316104,-0.4113437182539808,-0.2975567575530591,-0.21533980440354147,-0.15078616641818007,-0.0976516968754621,-0.05258065845266234,-0.013556354745307385,0.020729731651167697,0.0511753508615334,0.07842305051708266,0.1029481638141423,0.12511174069347442,0.14519408267531503,0.16341708061211882,0.179960057809364,0.19497218384731232,0.20858385329257836,0.22091917074455034,0.23211092665788752,4.297285406218791
-0.7244118228928755,-0.4530481899199174,-0.29860084460772746,-0.19635286143121408,-0.12838372512199392,-0.17739435291020153,-0.09668604889389815,-0.04190548705349165,-0.09239584505753173,-0.022946994679953082,0.024147140031435935,-0.022946997909543226,0.03384215290344898,0.07501346161957141,0.0431054162976048,0.08470680053811049,0.11255054375245958,0.0939698405520334,0.13150490339091706,0.1357652667787962,3.6506582412937387
0.09309028464362848,0.1450240410636202,0.1450240410636202,0.1450240410636202,0.20531726511592807,0.21214744749725284,0.19695779748361195,0.23569656514320986,0.23128414332592395,0.23485468058058379,0.19695779748361195,0.2411129085480214,0.2698560408369142,0.19695779748361195,0.2771295690602473,0.26849362573453045,0.2553294574501004,0.25725102153591983,0.2850456908505551,0.26082155879057967,1.252762968495368
-0.4063781697929287,-0.24746042741974825,-0.15052360413900998,-0.07968523346676123,-0.02355990389945696,0.022983661384168474,0.06271335129757809,0.09729896258878215,0.12782872573163834,0.15505361018564584,0.1795154886340141,0.20161972451897028,0.22167885864498887,0.23994038920987226,0.25660551397375114,0.2718427060167886,0.2857983728961515,0.29860578546971095,0.310392478040285,0.3212851690447159,4.069026754237811
-0.024470424224243344,0.036416135795534946,0.07665055586272115,0.10757875031359751,0.13303092059327346,0.15486879842899112,0.17410258313774712,0.19131459665591277,0.2068732426160303,0.22103125631810358,0.23397485557462916,0.24585079971875534,0.25678242320466954,0.26687927583749416,0.27624219857735927,0.28496459607883684,0.2931308071134158,0.30081336547310444,0.30807152070631033,0.3149524771733365,3.3141860046725258
-0.6138097577614767,-0.42116201803940956,-0.30567811232025804,-0.22244633468016314,-0.15727296548314426,-0.10378638886232283,-0.05856375339911588,-0.01954945066032393,0.01458879143872407,0.04476341679487666,0.07162573811727199,0.09565565043753858,0.1172156039644312,0.13658494873005597,0.15398332730838477,0.16958861505484835,0.18355401590028886,0.19602939285679608,0.2071914853620328,0.21727745951652774,4.269697449699962
