0.03711833060982837,0.06814832734153722,0.09298588813919857,0.1145013158795785,0.1338221962013628,0.1515420181838302,0.16802208483719297,0.18350290243362394,0.19815467493453653,0.21210336266959873,0.22544542631758968,0.23825676284150454,0.25059841662989996,0.26252038890953094,0.2740642695199143,0.28526510919459047,0.296152785159565,0.3067530187955342,0.31708814831204624,0.32717772512031634,"0.9162907318741551"
-0.15837051374688146,-0.0617818094356772,-0.0014335105359652486,0.04352818337634448,0.07978416754417778,0.1103755988789215,0.1369661861429331,0.1605810622874378,0.1819048209526212,0.20141891892437155,0.21947302707001629,0.2363267726708416,0.2521765427146558,0.26717355912433116,0.2814363078174488,0.2950591762482985,0.30811852301770265,0.3206769996907017,0.3327866734953406,0.34449131808854694,"2.1972245773362196"
-0.5810268671916821,-0.3940803596733731,-0.2827967664566123,-0.2028737612376853,-0.14030923250811045,-0.08881870714401897,-0.04502673021332177,-0.006905824444969404,0.02685928515066364,0.05717148824832514,0.08467816518242602,0.10985991084209033,0.13308381777224154,0.15463702535366713,0.17474866697201277,0.1936046942985898,0.21135817402072615,0.22813662332296875,0.24404736025438892,0.25918149289138903,"3.8501476017100584"
-0.0038344162030846795,0.05324628519813,0.08845003354777424,0.11477423380040587,0.1366666459557645,0.15574893205723223,0.17285380961546828,0.18847289865411873,0.20292490832423155,0.21642982896437263,0.22914683462905644,0.24119542114653045,0.2526679369028106,0.2636374592434833,0.2741629693529831,0.28429286551804445,0.29406743225713106,0.3035206170626512,0.3126813357201886,0.32157445345023583,"1.3862943611198906"
0.033966309871491795,0.06304560247237263,0.08722482532685624,0.10865148622350486,0.12819712662937818,0.14633394731864421,0.1633567676052983,0.17946618874876874,0.19480688527500523,0.20948769802065031,0.22359318506073317,0.2371907266331477,0.25033512993865126,0.26307174072205997,0.27543861881414755,0.28746810311432264,0.2991879648407664,0.3106222751580385,0.3217920697766329,0.33271586613822624,"2.2512917986064953"
-0.5274074798573959,-0.3541763166713921,-0.24935739294772552,-0.17300278709815628,-0.11247657843888681,-0.06210005579289365,-0.018817764837866895,0.019209486942682107,0.053177747487443895,0.08391025564379893,0.1119989515828615,0.13788457617392275,0.16190484329050053,0.18432483105263406,0.2053569045715084,0.22517419223212246,0.2439199461344983,0.2617141973673868,0.27865859103968027,0.2948399721962091,"3.6109179126442243"
-0.1703010993383469,-0.07221218809019508,-0.01070679188193052,0.03528692452405755,0.07250921388406373,0.10402265261240373,0.13149679363694225,0.15595525535996296,0.17807943093817388,0.19834936091816008,0.21711609200271867,0.23464275999657982,0.2511302460893925,0.2667343593950272,0.2815777894930748,0.29575856938401884,0.30935613165378,0.32243568591069943,0.3350514181212979,0.34724885733619415,"1.8718021769015913"
-0.19096868615364637,-0.07824242303455914,-0.0101751668776523,0.03913070386237086,0.07795115547912419,0.11004182979527603,0.13745293387792376,0.16144217934800312,0.1828392148005213,0.20221563351208544,0.21997703729783472,0.23641870795223882,0.251761001791241,0.2661722620930956,0.27978387466420873,0.2927003523522443,0.3050062380133327,0.3167709356691595,0.32805216482313937,0.3388984802276792,"2.803360380906535"
-0.4774800187799168,-0.30441089993953463,-0.20068343778026324,-0.12580965094015453,-0.0669626567033988,-0.018372350616893456,0.023067262385926057,0.059225871945406246,0.09131927645621261,0.12018454787308297,0.14642418003984828,0.17048752998351724,0.19271953891205473,0.2133912406041178,0.23271962986244474,0.25088107688272865,0.26802069866593253,0.28425911732755593,0.2996974727793027,0.31442122838547215,"3.58351893845611"
0.00916612544916233,0.05353241763134559,0.08388633816344859,0.10818355479882902,0.1292658867772315,0.1482419049565354,0.16568587949657307,0.1819438637892328,0.19724492062452745,0.2117507004831218,0.22558070943335257,0.23882647188567688,0.2515600542914362,0.2638394867342075,0.27571236740548954,0.2872183473847166,0.2983908960755466,0.3092585880499209,0.31984606185652376,0.33017474814894443,"1.6094379124341003"
-0.22773572046498783,-0.10803311143078606,-0.035294808986658,0.017693449202477195,0.05961878011146305,0.09441671441015352,0.12422451825999428,0.15034617414532117,0.1736441204504153,0.19472092749698539,0.21401300860462996,0.23184425048020324,0.24845966508967465,0.2640478337711705,0.2787563382879325,0.29270252860001245,0.3059811212657038,0.31866962634872303,0.33083227577089463,0.3425229076258456,"2.917770732084279"
-0.5335556452951153,-0.36072244978452195,-0.25601823879639307,-0.17965366568937308,-0.11904655233193988,-0.068543717219906,-0.025104063616190185,0.013102654094890372,0.04726650340568599,0.07820650003100872,0.1065114485565213,0.13261964437105825,0.15686680628430005,0.17951632789863248,0.20077912467577844,0.22082707388544295,0.23980236019924775,0.2578241252089173,0.2749932978929692,0.29139617288658315,"3.58351893845611"
-0.44767508177822735,-0.28485254097195556,-0.18617590782054944,-0.11425814503317307,-0.057250679080390755,-0.009819435207939091,0.030910099466216475,0.06667070685626088,0.09859091929671555,0.12744896046965448,0.1538058654922156,0.1780808206866196,0.20059634228206985,0.22160662007770024,0.2413159737858426,0.25989127399869116,0.27747056598144904,0.29416924148827023,0.3100845859764794,0.3252992187138265,"3.449987545831587"
-0.5609037624084016,-0.3836585141427499,-0.2767294771326217,-0.19902174478354934,-0.13754500657347868,-0.08646494854833986,-0.04264432727531272,-0.004195866978774859,0.030106997164550387,0.06110795394569505,0.08941317624312752,0.1154735569709649,0.13963415651953967,0.16216541237696822,0.18328362335507026,0.2031648311512463,0.2219544818037762,0.2397743058790115,0.256727319215855,0.27290152717281985,"3.7376696182833684"
0.032339465011732633,0.06038424674617188,0.08413011162966268,0.10542458547366508,0.12502152851527198,0.1433321214489632,0.16061498352597786,0.17704742873673926,0.1927583076652186,0.2078452709792978,0.22238471776901564,0.23643793307864844,0.2500550794703878,0.26327790445801863,0.2761416411023465,0.2886763809155403,0.30090808986353934,0.31285937599706826,0.3245500799458879,0.3359977363559128,"2.833213344056216"
-0.5237817282858706,-0.35142388844051337,-0.24704606785423186,-0.17095614118040336,-0.1105988934913359,-0.06033173520941588,-0.01711853519676971,0.020868355072470618,0.054817545880816186,0.0855472131084641,0.11364570298039033,0.1395511196283767,0.1635991904412353,0.18605346444440554,0.2071251092379141,0.22698630255360422,0.24577953394333685,0.26362421812594833,0.2806214992277708,0.2968578134465923,"3.58351893845611"
-0.25370665526927605,-0.124947449965307,-0.04757276252519531,0.008302930581270384,0.05219897812004385,0.08841638292143965,0.11928358693681392,0.14621579821212155,0.17014449577714438,0.19171680443246286,0.2113987837438233,0.22953476838110465,0.24638450002335116,0.26214764851596234,0.2769804635353196,0.29100726962558754,0.3043285154496901,0.31702649507759756,0.32916947895534937,0.34081474435888387,"3.0204248861443626"
-0.32435410485220606,-0.18089095865670235,-0.09448947300727036,-0.0319428449710399,0.01730782492944146,0.05802715696342034,0.09278763912459834,0.12314422369465895,0.15011458732210703,0.17440522409146736,0.1965285672861,0.2168683754237483,0.2357188173912981,0.2533094038159542,0.26982180676164924,0.28540168535330707,0.3001672247141368,0.31421540546462984,0.32762666128934603,0.3404683736372783,"3.2188758248682006"
-0.022369976111705218,0.03246810785728689,0.06903608312416414,0.09755332624576751,0.12147051263770127,0.14246507217831192,0.16144631790058553,0.17893667763049392,0.19526401507019203,0.21064933645363002,0.22524999647210903,0.23918286430171973,0.2525376753320185,0.2653851969551191,0.27778247227350583,0.2897763264099279,0.30140579205796036,0.3127038364789256,0.3236986219267104,0.33441444548181704,"1.8718021769015913"
-0.19865078519512422,-0.08964190968247655,-0.022428018227282496,0.027126552523444977,0.06673699943711064,0.09990536997132894,0.12853820573860192,0.1538023515872504,0.17647270625921221,0.19709348010558167,0.21606111193427308,0.23367148084817374,0.25014947420246253,0.2656687975726814,0.2803657195684943,0.29434876092940826,0.3077055933645777,0.3205080017011524,0.33281549444796266,0.34467796430041364,"2.6741486494265287"
-0.04629086043482816,0.0180767704509241,0.05977801136002099,0.0916113029390881,0.11779125750799528,0.1403346051707931,0.16037817125732698,0.17860200685780114,0.19543301091672524,0.21115535519349415,0.22596822159197605,0.24001725518960335,0.25341267368710824,0.2662402564279212,0.27856832725330505,0.2904523710478813,0.30193819131649796,0.31306413392388605,0.32386269330290646,0.3343616984870106,"Indeterminate"
0.023819596475565193,0.05891935598631775,0.08476886181199154,0.10701253535817824,0.1270487922918944,0.14551817016312,0.16278636336366473,0.17908880615181832,0.19458911964836526,0.2094072259645401,0.2236345305118213,0.2373428319850635,0.25058989078405597,0.2634230849776317,0.27588190792165634,0.2879997312755697,0.2998050840633593,0.3113226025103991,0.3225737496949438,0.33357737040326146,"2.6026896854443837"
-0.4034193982380356,-0.2369481787565385,-0.13875249531922665,-0.06874819271403461,-0.014278427991153527,0.030325684446747297,0.06810188955365903,0.10087213457879621,0.12981853435294388,0.15575356371961274,0.1792601580815945,0.2007703694302499,0.22061261934434148,0.23904174746990742,0.2562589965510654,0.2724257588231034,0.28767327236511275,0.3021095980945803,0.31582472564619224,0.3288943671878268,"3.349904087274605"
-0.3965999342172897,-0.24136508585470356,-0.1474083189015928,-0.0790498348170928,-0.024966039199640445,0.019946726212949125,0.058441430242258466,0.09217911759036992,0.12224299836669353,0.14938159685668542,0.17413608717515114,0.19691205976754633,0.21802229127437714,0.23771344301172073,0.2561834503026849,0.27359332403998776,0.2900754797751413,0.30573982331166427,0.32067832293088644,0.33496851630356106,"3.367295829986474"
-0.04698993416910874,0.023638818495633086,0.06739722007656147,0.09963811302694375,0.12549501793655518,0.14742130668849204,0.1667132613202018,0.18409821300740903,0.2000254578368694,0.21479392088027344,0.2286138703955594,0.24163963442663783,0.25398832299036944,0.2657512188379196,0.27700105880438486,0.28779688046114155,0.29818735862137125,0.3082131685273933,0.31790870095383283,0.3273033335278082,"1.8718021769015913"
-0.0808422345468398,-0.0028997731719109707,0.04598809728052638,0.0824002303499337,0.11172163326379793,0.1364727458349645,0.15807495292208093,0.17740104838933068,0.1950092215232497,0.21127080794058317,0.2264437789743143,0.2407145897362405,0.25422265058291393,0.26707520656400185,0.27935675251988495,0.29113521410778564,0.30246614117245674,0.3133956361454325,0.3239624516796483,0.3341995271440147,"1.9459101490553132"
-0.18176676345757145,-0.07920651952206734,-0.015355243390984258,0.032104278724208554,0.07030921101478785,0.1025014459190355,0.13044751577272837,0.1552298707691789,0.1775685095124019,0.19797014747097758,0.21680485568033073,0.23434961014683642,0.25081551591876433,0.26636604727935165,0.2811297301831266,0.2952091120030733,0.30868717115114597,0.3216319429455647,0.3340998954950476,0.3461384235476246,"2.3513752571634776"
0.03748297957949127,0.06874322231490573,0.093646374903946,0.11516228495444221,0.13444992288539054,0.15211686505952254,0.16853176488684551,0.18393935479640958,0.19851246088152805,0.21237875466101097,0.22563585685446816,0.23836047598747043,0.2506142381124462,0.26244756941677067,0.2739023751447154,0.28501394304715055,0.2958123301856803,0.3063233953884696,0.31656958243740413,0.3265705240485363,"0.6931471805599453"
-0.2628610480811338,-0.14240701036613482,-0.06777694954711962,-0.01242444432863315,0.03210017825330303,0.06961708408997674,0.1021940678697093,0.13108436025901746,0.15711040705130216,0.1808452341665769,0.20270687531017378,0.22301113224668906,0.2420028435065757,0.25987548748754935,0.27678417301067637,0.2928546933450113,0.3081900932729955,0.322875564893657,0.3369821614672263,0.3505696462357541,"2.4849066497880004"
-0.08004879197860514,-0.007059843240991614,0.039924989517014814,0.07570894238889322,0.10507929895744766,0.13025312303836972,0.15247543687665893,0.17252507581607177,0.19091623860616777,0.20799975739035406,0.22402266849194752,0.23916462786334722,0.25356028224402105,0.2673132734312254,0.28050524571481145,0.29320181111743093,0.30545661336198277,0.31731417012083196,0.3288119087153999,0.3399816557217337,"0.4054651081081644"
-0.5631485804538685,-0.3835965920238355,-0.27560330269248917,-0.19734191769583545,-0.13558833534807432,-0.08440263377112735,-0.04059071305652228,-0.0022312011803579676,0.031924471080594694,0.06273498047177428,0.09081715560340856,0.11662974592538504,0.14052379085401673,0.16277440027527335,0.18360159797387482,0.2031844319219733,0.22167078437327078,0.2391843527443417,0.2558297234987163,0.2716961344086954,"3.784189633918261"
-0.028661786543376408,0.03067348174005996,0.0693263002224723,0.09892006088061013,0.12337482095466747,0.1445922292247203,0.1635993857725751,0.18098347939492979,0.19711112217297747,0.2122281754444971,0.2265088151429568,0.24008177745326692,0.25304544869892925,0.2654770712757417,0.2774386404528686,0.2889808374307977,0.30014574322422033,0.3109687660775549,0.3214800446301863,0.33170549157489954,"Indeterminate"
0.009954299737602146,0.05309343640982608,0.08295464264847248,0.10705323870437634,0.12807615661397742,0.14707390176180601,0.16459208239096457,0.18096039360148614,0.19639768333304994,0.21105881894055653,0.22505859551930493,0.23848515160141381,0.25140805338599265,0.2638834437724574,0.2759574705002366,0.2876686528278665,0.299049565551072,0.3101280683226648,0.32092822295090023,0.33147099101749017,"2.0149030205422647"
-0.31738068733081015,-0.17884957925658881,-0.094628768354363,-0.033169478312965295,0.01556304498162684,0.056100671729708645,0.09089287138724535,0.1214215114252707,0.14865694125705448,0.17327340454751577,0.19576111708413868,0.21648888347493428,0.23574126186562208,0.25374194043744147,0.27066928931671946,0.2866672253321748,0.301853086486138,0.3163234795075547,0.33015868874978893,0.3434260342904826,"3.1570004211501135"
-0.09800152885701102,-0.01627238182085165,0.03509032466890672,0.07344561344350589,0.10440112573204573,0.1305494859794235,0.15334300893832734,0.1736868332227001,0.1921755573945716,0.20921256332150026,0.2250802856668192,0.23998304067783044,0.25407321323146226,0.2674675711020817,0.28025771179071896,0.29251695363386654,0.304305013982063,0.31567127068998746,0.3266570914416995,0.33729753379735966,"1.9459101490553132"
-0.2603736543937353,-0.1352389626560565,-0.05879334504136444,-0.002817905065516619,0.04168141669578327,0.07877440327747795,0.11066597087777665,0.13869513645853696,0.16374353257781626,0.18642719100033606,0.20719546770534758,0.22638618570437663,0.24425877710267635,0.2610156913800728,0.2768170549371207,0.2917911001849046,0.3060417462228395,0.3196541777338001,0.33269898821582183,0.34523528372157997,"2.970414465569701"
-0.5687435027338296,-0.3915804845815803,-0.2846744991256682,-0.20695630945931884,-0.14544707136957888,-0.09431895741069363,-0.05043884737998126,-0.01192227994856726,0.02245529038312643,0.05353604088162553,0.08192496045476837,0.10807196482923784,0.13232126404121314,0.15494252401501576,0.17615132755817905,0.19612305029987562,0.2150025271878426,0.23291094243002664,0.24995084019609173,0.2662098360816165,"3.7495040759303713"
-0.49023785609487286,-0.3117403337270303,-0.20556209178184898,-0.12938857982643182,-0.06982724041994756,-0.02086206795266907,0.020739730452365865,0.056920538734606015,0.08894108654427985,0.11766785916180643,0.14372342169693597,0.16757114933982234,0.189565812088171,0.20998524171132962,0.2290510048430813,0.24694242692386328,0.2638064419454167,0.2797647221311591,0.2949189683956139,0.3093549138511335,"3.597312260588446"
-0.0012361337123834668,0.05394131383637456,0.08840896441625937,0.11438102477881228,0.13608694937930338,0.15508764083402793,0.17217775693727908,0.18782719258765604,0.20234105730809585,0.21593056877231392,0.22874899768104234,0.24091169471498597,0.2525080184240171,0.26360883833564397,0.2742714694752883,0.2845430343843776,0.29446282549415564,0.3040640083744417,0.3133748768706619,0.32241979652395564,"1.252762968495368"
-0.13184536767332355,-0.0390352469632535,0.01842752316129594,0.06085822133676234,0.09478893672505308,0.12321161602361837,0.1477822809307839,0.16953003323961408,0.18913757054410799,0.2070744555741625,0.22367239958425228,0.239172016449822,0.25375253286639704,0.2675508168042777,0.28067375968585434,0.29320651106460105,0.30521808726209787,0.31676528290088074,0.3278954606301495,0.33864858236189876,"2.3978952727983707"
-0.37598525949160916,-0.22924670353417517,-0.13952137704745526,-0.07364605603523493,-0.021097559369873873,0.022867584873360065,0.06080902489021624,0.0942719991412032,0.12426472089778198,0.15148414240341035,0.1764343094890527,0.1994932258863088,0.22095281102800032,0.2410438726877871,0.25995233409566715,0.27783017337302773,0.29480306925381333,0.3109759327552051,0.32643703515862293,0.3412611679421283,"3.1354942159291497"
-0.020830022004518292,0.032851751513251225,0.06887657686800955,0.09711077030575771,0.12088642431869702,0.1418238490285537,0.16080190249750467,0.1783259464556903,0.19471345033638596,0.21017864652306803,0.22487424096147526,0.23891378270340669,0.25238456029666073,0.2653554917898169,0.2778821933364073,0.2900103699101844,0.3017781620201958,0.31321781743965865,0.3243569119598753,0.33521926016181747,"2.1972245773362196"
-0.532956469002522,-0.34650931778069693,-0.23618171473508115,-0.15733537763940109,-0.09586796653345636,-0.045456775946419184,-0.0027107212215633047,0.034403797646331426,0.06720407387873355,0.09659344249908682,0.12321930626954634,0.14756223067495208,0.16998919108144447,0.19078694146950623,0.2101837972075831,0.22836438199053424,0.24547994274134827,0.2616557741988275,0.2769966949156144,0.2915911683079992,"3.676300671907076"
-0.5134235038879648,-0.3313900531941306,-0.22319024911224897,-0.145604683761191,-0.08496072158615092,-0.03511894764458729,0.0072186116088042655,0.04403280993802508,0.0766087439178663,0.10582903485101006,0.13232727633472785,0.15657462290980337,0.1789315565714208,0.1996803160631071,0.2190460490815921,0.23721112235944516,0.2543251321268477,0.27051211945533093,0.2858759060777697,0.3005041243881226,"3.6506582412937387"
-0.5696596017380964,-0.3812080848027625,-0.26940672526509146,-0.18933846969869236,-0.12681006009409707,-0.07545456617195245,-0.03185471757415752,0.006040350660884472,0.039559923625272594,0.06961578528487716,0.09686129072510419,0.1217812600859236,0.14474587713624498,0.1660445538519383,0.18590804269821531,0.20452336213494887,0.22204417527429915,0.23859820599718962,0.2542926716486524,0.26921835250825044,"3.7954891891721947"
-0.5630341318062256,-0.3759028946244953,-0.26469386190754934,-0.18494296894384518,-0.12259470512765615,-0.07134100245941097,-0.027794461103919716,0.010078929348116902,0.043598230091544184,0.07366869375163447,0.10093934709244509,0.1258920733524549,0.14889504054744848,0.17023627652702006,0.19014559174499926,0.208809373683313,0.22638087121819161,0.24298754170013623,0.2587364332550678,0.2737182181662174,"3.784189633918261"
-0.3695700045164308,-0.22239626028493614,-0.13268905718084595,-0.06702585957459044,-0.014795940107777048,0.028785451013081293,0.06630096424527952,0.09931014110907388,0.12883096682024642,0.1555676739715507,0.18003008111691032,0.20260087706844596,0.22357572533044165,0.24318828769247078,0.2616265027635997,0.2790436141781259,0.2955659413355824,0.31129855336580675,0.3263295354703545,0.3407332684038992,"3.2188758248682006"
-0.6151059370639479,-0.4297361992951578,-0.31951473549281256,-0.24040383960896633,-0.17849843102350846,-0.12756251714171646,-0.0842488735197555,-0.04654807905592566,-0.013157201874982045,0.0168177191345639,0.04401722930099953,0.06891638562189177,0.09187757254220794,0.11318380302721175,0.13306055687745197,0.15169057329855634,0.169224147936547,0.1857864718534598,0.20148297359705108,0.21640328354923233,"3.9982007016691985"
-0.36944719228718154,-0.21984568761042367,-0.12914383079870978,-0.06307301156234045,-0.01075006686840367,0.03273325636041209,0.07002615693974902,0.10272823922076078,0.13188377013924543,0.15821547111203343,0.18224679969674198,0.20437069671761074,0.22489046079248973,0.2440452585677286,0.26202679862392575,0.27899072902658634,0.2950647527099804,0.310354602700951,0.32494855186565874,0.3389208751240416,"3.295836866004329"
-0.5661574195169536,-0.38777753671659776,-0.28030896701913655,-0.20230260375765843,-0.14065660777638603,-0.08948688525916869,-0.04562965682556058,-0.007181861638936911,0.027093183924399945,0.058046016638350795,0.08628763812770425,0.11227245727406633,0.13634816084431525,0.15878718870792874,0.17980739111277605,0.19958602661477462,0.21826950406153325,0.23598032009496514,0.25282210187573956,0.26888334297463956,"3.7727609380946383"
-0.14450600728414964,-0.05359008364526965,0.0038027077331571923,0.04693577690628544,0.08198233959355568,0.11175375831711665,0.13778901897900606,0.1610372288152643,0.1821329673727228,0.2015232295543529,0.21953329533977384,0.23640521265832753,0.2523224857691918,0.26742672937369194,0.281829135301224,0.29561845551038707,0.3088666226109502,0.3216327595440045,0.3339660819732427,0.3459080310014429,"1.252762968495368"
-0.4093946823099771,-0.24561454564360252,-0.14792111570985514,-0.0777085571509844,-0.022737305862545017,0.022498668290115882,0.06096206775923489,0.09443588826564951,0.1240802758196375,0.15069531859346796,0.17485796457735386,0.19699876919419118,0.21744759053041865,0.23646231934313738,0.2542478657311601,0.2709692573400733,0.28676098617051987,0.3017338458283995,0.3159800230113276,0.3295769402641707,"3.417726683613366"
-0.4548854707286436,-0.29225889697393087,-0.19348697526248812,-0.12134846882469019,-0.06405172055591427,-0.01628977497429084,0.024796695922185627,0.06093108386681413,0.09323564853417408,0.12248409506064496,0.14923395675887416,0.17390155407210098,0.19680700416795147,0.21820250994477997,0.23829080935453847,0.2572375952744192,0.2751801230535562,0.29223334528401207,0.3084944052152339,0.32404601460836774,"3.417726683613366"
-0.26906457380434556,-0.14650485618706607,-0.07074831894069852,-0.014674617229277234,0.03034822615465685,0.06822252597398513,0.10106033566312841,0.13014154671350456,0.1563059673945455,0.1801386043981416,0.2020661251895142,0.22241075350327963,0.2414222124940092,0.2592977544165945,0.27619543781353684,0.29224338398678446,0.3075464919021117,0.3221914439411043,0.33625050224107944,0.34978441971415336,"2.6390573296152584"
-0.46593477013988516,-0.2936618418714022,-0.1906111460237473,-0.11635370490706182,-0.05807975821280805,-0.010027281543268448,0.030904742372554035,0.06658252201225895,0.0982193748300646,0.12665068297164694,0.15247783916726865,0.17614944414529968,0.19800978869692676,0.21832918156915335,0.23732372121432518,0.25516869223965893,0.2720079739703432,0.2879608624965397,0.303127150399624,0.3175909887025909,"3.5553480614894135"
-0.062302788311034,0.011120134870309006,0.057107294604523,0.09128516723063472,0.11878259405034247,0.14204082212708374,0.16242408945617304,0.18073931114889494,0.1974877048232789,0.21300015613165985,0.22750702077455434,0.24117574680959097,0.25413236810275397,0.26647447198895347,0.2782794035286661,0.28960967084317385,0.3005166315542169,0.3110430823682762,0.3212251250964602,0.3310935413591507,"1.8718021769015913"
-0.2037711967487135,-0.09595565165720378,-0.028980280344911475,0.0207367402013273,0.06072604132245994,0.09440292424163951,0.12362357882696921,0.1495206309795053,0.172844270038179,0.19412158155975226,0.2137384039182194,0.23198512773290034,0.24908460696796994,0.26521051004564683,0.2805000409696524,0.29506302029462905,0.30898846657466167,0.32234941331400785,0.3352064662794926,0.34761045587542383,"2.4423470353692043"
-0.43672262098515224,-0.276935220910357,-0.1798505408851786,-0.10893498515838813,-0.052609515494433046,-0.005660742395323051,0.03472129246866058,0.07023082282102056,0.1019715600499883,0.13070483964619034,0.15697971097430385,0.18120656883698313,0.20370131289944016,0.22471305428905353,0.24444215670057431,0.26305237536771353,0.28067928152665433,0.2974362882029392,0.31341908744901575,0.32870900615660203,"3.3843902633457743"
-0.15336673974481632,-0.048155141370711856,0.014766782679461455,0.060005408849605556,0.0954206247110459,0.12459469267386777,0.14949434132674078,0.17131423950023522,0.19082097229328557,0.20852735739469044,0.2247906787613169,0.2398693514908954,0.2539563784012419,0.26719985065532914,0.27971600160507953,0.2915978249230281,0.30292095000778885,0.3137477615646195,0.32413035931634154,0.3341127300679301,"2.6390573296152584"
0.023887550804865095,0.05959007535771861,0.08565647145874869,0.10798212613350275,0.1280262474496835,0.1464563343898308,0.1636528635402777,0.179860351279885,0.1952484142622889,0.20994113439910841,0.22403291106773213,0.2375977596492505,0.2506951191630568,0.2633736624794147,0.2756738971525007,0.2876299996325446,0.29927114469929267,0.31062249171671813,0.32170593110872403,0.33254065929604665,"2.3978952727983707"
-0.6101383900322929,-0.4253979075078068,-0.3153323044628639,-0.23620248528534377,-0.1741945430459238,-0.12311146647873725,-0.07962571428045981,-0.04173883973910079,-0.008154436167300676,0.022017406827500075,0.04941464815506194,0.07451066798230509,0.09766676260868336,0.11916525222797883,0.13923119848289536,0.1580471185670584,0.17576322883427634,0.19250474543181667,0.20837719741936983,0.22347036839185314,"3.979681653901961"
-0.49775994496782167,-0.3259228726745076,-0.2222006488748292,-0.14684265213536615,-0.08726340315110574,-0.037802392135320016,0.0045879914289785224,0.04174315048271414,0.07485719213121217,0.10475244293197722,0.13202065250624773,0.15710294338378814,0.1803378444588516,0.20199151522389483,0.22227748504404873,0.2413699565772466,0.259413028048565,0.27652725881849693,0.29281446558503726,0.3083613137497398,"3.597312260588446"
-0.09025765467851124,-0.0033500708442699644,0.0489667122447832,0.08673319147699043,0.11644416294327761,0.14113298719276762,0.16245102348563747,0.18135564576605698,0.1984386553620606,0.21409166642321353,0.22858803356147428,0.24212672927573547,0.25485745488237765,0.2668959035543854,0.2783334921997437,0.28924381887460004,0.2996870901350515,0.3097132424151146,0.31936419605213695,0.32867551739168277,"2.302585092994046"
-0.2914962131318552,-0.16402154067329575,-0.08535768973586402,-0.027193667197032007,0.01947367502668045,0.05871115817552425,0.09271798214640616,0.12282522129352073,0.14990461144216294,0.17456192596772832,0.19723796791388876,0.21826519811537592,0.23790132651856719,0.2563502754706031,0.2737759299764908,0.2903116014876139,0.3060668228695835,0.32113238969307384,0.3355841864632068,0.3494861341940555,"2.70805020110221"
-0.5850881195922247,-0.39921313261905583,-0.2883762212568554,-0.20865412148536708,-0.14616458604144988,-0.09467611168129958,-0.0508408979549645,-0.012647445820983752,0.02120962355650213,0.05162672983113304,0.07924681464838224,0.10454728883194325,0.12789287457576343,0.14956890557880584,0.16980313386390475,0.1887804717179704,0.20665323382517373,0.2235484292958853,0.23957307208511472,0.2548181314539371,"3.871201010907891"
-0.5367947458330986,-0.3574256202481723,-0.24977332774717131,-0.17193368666306622,-0.11064787579640346,-0.059956917371876986,-0.016655157052133954,0.021186223397397678,0.05482082926988944,0.08511094781099214,0.11267621538426105,0.13797776943061923,0.16136881532612904,0.1831264677588415,0.20347256965194202,0.22258773984071073,0.24062111862411928,0.2576973046470067,0.2739214149890348,0.2893828635983435,"3.7256934272366524"
-0.5350965021777918,-0.3619004356049866,-0.25701424746630186,-0.18054162015185815,-0.11986662051902382,-0.06932095311120336,-0.025855430625727385,0.012365030367370706,0.04653361778781137,0.07747147422517937,0.10576891616482982,0.1318653499202643,0.15609733269445186,0.1787289047611323,0.19997148932686457,0.2199973680724241,0.23894905141740874,0.2569459455946392,0.27408919594191866,0.2904652747894582,"3.597312260588446"
-0.3500478830849777,-0.2038417878969467,-0.11524607803116506,-0.05075487445159011,0.00027905897823185,0.04265978238160544,0.07898128554846777,0.11081069094860889,0.13917205251204465,0.16477509232924034,0.1881345689827365,0.20963717882199331,0.22958127099768766,0.24820169688293459,0.2656861738552168,0.2821865875005289,0.2978271152352794,0.3127102395328472,0.3269212879904001,0.3405319061941675,"3.258096538021482"
-0.39273566158146805,-0.24102419277567777,-0.14865670659344088,-0.08109621150792043,-0.02738485075765649,0.01741590128532936,0.05597029022636803,0.0898861952236263,0.12021230258709349,0.14767321765183428,0.17279270815885858,0.19596332047713308,0.21748797618890917,0.23760596854190702,0.2565098590284133,0.2743568747724367,0.2912768809090564,0.30737815329692314,0.3227516885106378,0.3374745029839349,"3.2771447329921766"
0.03617747255862583,0.06662530974545862,0.09128804977207514,0.11279608602673045,0.13219751939781632,0.1500498732660776,0.16669541980891064,0.18236357286834826,0.19721760552186843,0.21137892257200472,0.22494087353295872,0.23797716519916923,0.25054726243929115,0.26270000500595847,0.27447611507552494,0.2859099868795877,0.29703099582718273,0.3078644766619385,0.3184324679451046,0.32875428795358524,"1.3862943611198906"
-0.23911039625823974,-0.1153807476595423,-0.040576944915446604,0.013695885899042949,0.05649427374973035,0.0919167392192417,0.12218623342100508,0.14865688998540788,0.17222251451265708,0.19350608434843156,0.21295767191717632,0.2309105958353742,0.24761663440162415,0.2632694234314819,0.2780204601731887,0.29199021771079725,0.30527595975817573,0.3179573087203909,0.33010027051587654,0.3417601877289471,"2.970414465569701"
-0.37807351296163694,-0.22587168410655317,-0.1338063310311328,-0.06687337401290354,-0.013957857591613767,0.029951841873549868,0.06755991135171671,0.10049857798624805,0.12983296838752334,0.1562998882266183,0.18043269246852486,0.20263147944555893,0.22320482902527305,0.2423958622427759,0.2603992854731562,0.27737304828860687,0.29344664588738806,0.3087272294155354,0.3233042129629881,0.3372528054703468,"3.332204510175204"
0.00800536068860243,0.0540119467963031,0.08501103091681035,0.10956287795048593,0.13072004355886022,0.14966835030846945,0.1670194478711825,0.18314036202745462,0.19827306338058434,0.2125876682988274,0.22620949961062153,0.23923422276899392,0.2517369360302998,0.26377793998596466,0.275406565188056,0.28666380520934875,0.29758418357255617,0.3081971118328421,0.31852789948305504,0.3285985194285633,"0.9162907318741551"
-0.135394973248689,-0.044833276260202067,0.011983295009456019,0.054428470747158446,0.0887223367430913,0.11770516148403844,0.14293993315713732,0.16539600167392082,0.1857219063711223,0.20437140716034657,0.22167091691586405,0.23786046674602476,0.2531203492960923,0.26758884435349306,0.28137413355355906,0.29456241104351794,0.3072234944467938,0.31941477702734566,0.33118406318947563,0.3425716396591826,"2.0149030205422647"
-0.04101026959410013,0.020128406314700854,0.06027529340632714,0.09125523880295702,0.11696437763748693,0.1392686969421561,0.15922159935048968,0.1774546356326219,0.1943653290121718,0.21021904134552125,0.22520229304790537,0.23945184706034894,0.2530714770106421,0.2661421565116996,0.2787285430059807,0.29088327050893564,0.302649889899926,0.3140649425771483,0.32515946037164134,0.33596007463949423,"1.5040773967762742"
-0.5533593438494018,-0.3721726143887816,-0.263529346810827,-0.1850252435964353,-0.12324810324469054,-0.07217203591546661,-0.02855640894300357,0.009548062379244996,0.04340790605077333,0.07389399656126273,0.10163185649524381,0.12708672228178816,0.150614674273766,0.17249485761084224,0.19295057247050282,0.2121635197967836,0.2302836893473938,0.24743639474369777,0.26372739656397937,0.2792467171095169,"3.7727609380946383"
-0.2816977047797895,-0.15215639911747972,-0.07302014392363025,-0.015054321390101563,0.03105022268798151,0.06950246444914353,0.10258040239851407,0.13166490415019635,0.15766278059349423,0.1812061887702323,0.20275596755246922,0.22265921848401704,0.241183576867559,0.25853898024476896,0.2748923482624915,0.29037795621998447,0.30510499479483205,0.3191631808396231,0.3326269689223586,0.34555873935006737,"3.0204248861443626"
-0.37391034416553,-0.22779314170864565,-0.1383991970441649,-0.07273590206854035,-0.02033409575872218,0.023525429242817808,0.061389292293756025,0.09479491674759233,0.12474545695861072,0.15193440116695434,0.17686331838893785,0.19990838035526207,0.22136011531068955,0.24144825326507888,0.26035786998394445,0.2782402697618918,0.2952205908780084,0.311403307619174,0.3268763358584162,0.34171417578472435,"3.1135153092103742"
-0.05403398261603153,0.014846824143052903,0.05869562351389467,0.09170268479884344,0.11853507584285168,0.14142151828843763,0.16161411632468176,0.17985834973418544,0.19661985544352928,0.21220720639038587,0.22683583058041182,0.240662689354685,0.25380617330501704,0.2663581388686506,0.278391536932465,0.2899654448065614,0.3011285009500742,0.3119213194236745,0.3223782308565864,0.3325285658981521,"1.3862943611198906"
-0.011879671526726315,0.04274367634080051,0.07841202661691973,0.10578282332584972,0.12860046219392268,0.14860777305572243,0.16666527135279724,0.18326584070571778,0.1987224783451572,0.21324881857959474,0.22699855631908292,0.2400867658425395,0.25260233882983224,0.2646156861810621,0.27618374044882815,0.28735333460951373,0.2981635597818044,0.3086474564257124,0.31883325641856364,0.3287453141148884,"-0.6931471805599453"
-0.32027618761349214,-0.17291554219498997,-0.0854922688420793,-0.022936749820807418,0.0258647333040595,0.06590628326541795,0.09987402115439055,0.12938717572454386,0.15550229416575984,0.1789485060405533,0.20024936894582535,0.21979195588098144,0.23786914197107784,0.25470698426441457,0.27048311395693686,0.28533939806543906,0.2993908239195947,0.3127318413553392,0.32544096538020056,0.33758417017831127,"3.1780538303479458"
-0.42021101358277996,-0.25576481171405824,-0.1573547230860619,-0.08643738013154077,-0.030789718127367482,0.015089986366877684,0.05416421418410395,0.08821691328068137,0.1184091923450639,0.14554188300541723,0.1701926893726783,0.1927932407512349,0.21367494929485978,0.23309771661084266,0.2512687706650719,0.2683555737161911,0.2844950023402557,0.2998000697289058,0.31436495513966956,0.32826882558348774,"3.449987545831587"
-0.4014307045620588,-0.2471702927414127,-0.15345590986865185,-0.0850402251956213,-0.03074086684268412,0.014481276454268626,0.0533442766503907,0.08748816700129779,0.11798234852164997,0.14556553244249398,0.17077150719823508,0.19400017333748162,0.2155599843282331,0.23569447095089915,0.2545994842853644,0.27243483130550145,0.2893324179940136,0.3054021482664184,0.3207363289926449,0.33541304126822913,"3.332204510175204"
-0.5658950434734193,-0.38933633213970836,-0.2827156417692362,-0.20515322539083763,-0.14372994571701578,-0.09264465723862686,-0.04877848728549063,-0.010255468144741159,0.024143486890536785,0.055256849904390275,0.0836869886026981,0.10988190327302778,0.13418436743850426,0.1568629468026989,0.17813236709569244,0.19816732724961547,0.21711212244036193,0.2350875031664803,0.25219566346830513,0.2685239355848493,"3.7256934272366524"
-0.06750582950912133,0.003567253394926564,0.049105930573210464,0.0836105889130432,0.11179877619168761,0.13588398722776468,0.15711934730926164,0.17627870393943715,0.19386023208319467,0.21019737083218845,0.22552295301457725,0.2400059928140617,0.25377333740041297,0.2669229004429532,0.27953207032728555,0.29166324833824614,0.3033676159192235,0.3146877713054163,0.32565962171993107,0.3363137716906353,"0.6931471805599453"
-0.2181540353897943,-0.10797445753183924,-0.03941664275849132,0.011574182647138912,0.05267070324678988,0.08734878284831747,0.11749445790025995,0.14425531171331893,0.16838877889516085,0.19042576813213868,0.21075507672362698,0.22967037640697172,0.24739835583456912,0.2641168318597752,0.2799671347637138,0.2950629391127069,0.3094967155904494,0.3233445102919244,0.3366695183424231,0.34952477808863847,"2.302585092994046"
-0.08757172290479243,-0.01085365230151848,0.038007716703435945,0.074895780586384,0.10494534057192982,0.13053310008725147,0.1529926498278139,0.1731572167399541,0.19157597907381593,0.20862286981784123,0.2245606170960902,0.23957987151684587,0.25382321580999656,0.26740017476688144,0.28039685636444095,0.2928823281142143,0.30491295545873426,0.31653543214228375,0.3277889480245137,0.33870677351207973,"1.0986122886681098"
-0.481446305548036,-0.31382866503371065,-0.21227866655133745,-0.13825963011026518,-0.07956890475325223,-0.030717103200683535,0.011252028502612197,0.04811945989585485,0.0810443369762641,0.11082526925511259,0.13803723218435576,0.1631090911262862,0.1863701854491351,0.2080796462389347,0.2284455457107029,0.24763780217420953,0.26579712297326097,0.28304136710835914,0.2994701893347897,0.31516851484452213,"3.5115454388310208"
-0.04490048821950871,0.018629027269560575,0.0599283483558794,0.0915414362148999,0.11759978803141355,0.14008089299243867,0.16009995525589796,0.1783245358946045,0.1951740204890145,0.21092779825073618,0.2257818473883894,0.23987957431330237,0.25332957763948044,0.26621643233140024,0.2786075453145325,0.29055768977906127,0.30211210775190595,0.3133086959483102,0.32417958520830614,0.33475230718754695,"0."
-0.3308598713676302,-0.19320253165728532,-0.10882518430737216,-0.04678022404987275,0.002765290068756472,0.044249034863596416,0.08006842769230475,0.11167269558337344,0.14000921874501596,0.1657347200727819,0.18932577696636813,0.21114097906655666,0.23145788295610464,0.25049605135784037,0.2684320792256023,0.28540983825699284,0.30154775814281004,0.3169441877463344,0.33168145002844557,0.3458289670264204,"3.0204248861443626"
-0.0419950845385997,0.01975524759942346,0.060197816277560906,0.09134048728529762,0.11713935922524972,0.13948887499500934,0.159458255579698,0.17768830874938762,0.19458220487688258,0.21040894510684968,0.22535751297773338,0.23956640724418143,0.25314066569964105,0.26616220775395694,0.27869641439705556,0.29079648358699023,0.3025064127393466,0.31386310162644376,0.3248978730622882,0.3356375970668282,"1.252762968495368"
-0.28448470572444245,-0.15674153263347548,-0.07822198220461433,-0.02038378326687494,0.025856332689279556,0.06460378119717763,0.09807985450019206,0.12763011031734942,0.15413701195827806,0.17821490606686458,0.20031151779046633,0.2207646542749401,0.23983581971540505,0.25773130736789635,0.2746161941673224,0.2906241051595195,0.3058642985867134,0.32042694518542647,0.33438712784436625,0.3478079042555434,"2.8903717578961645"
-0.17878353609662892,-0.0706538150554975,-0.004901320147098383,0.042986116867213146,0.08085405997395613,0.11226976373271577,0.13918529400748228,0.16280200693230715,0.18391547571043165,0.20307586405917055,0.22067458577877577,0.23699693582667888,0.2522558450726644,0.2666139082833266,0.2801979356579023,0.29310872750573236,0.30542777261345877,0.31722193616442423,0.32854680927491453,0.33944914964198425,"2.740840023925201"
-0.4132034950433071,-0.2600564156829708,-0.16648595494329543,-0.09780090659920355,-0.043004857557909906,0.0028541981918042106,0.042446043450521005,0.07738094306965174,0.10870834249436133,0.1371524997437521,0.16323602353606673,0.18734980572591556,0.2097949696902943,0.23080919386203386,0.25058385257220145,0.2692755462611115,0.28701409847431697,0.30390827058122516,0.3200499656567695,0.33551740523510204,"3.1780538303479458"
-0.5822389705254126,-0.40054879486637746,-0.2915619889946019,-0.2127565093486627,-0.15069346376996423,-0.09933884083537155,-0.055449310437548055,-0.017074754577774996,0.01705147955207478,0.04780006140399708,0.07579607263754162,0.10150408122999106,0.12527928555880458,0.1473997860406946,0.16808775935093367,0.18752380290594867,0.20585691641974654,0.22321161028742662,0.23969307417612581,0.25539100856506314,"3.8607297110405954"
-0.5649550034885757,-0.3831471639897479,-0.27413809469260114,-0.19536451991235274,-0.13336780094578318,-0.08210262111020847,-0.03831853756532996,-0.000060679219559072806,0.03394093266210802,0.06455940900212943,0.09242173838484875,0.11799409118054899,0.14163310151278358,0.16361820356530427,0.18417281801189972,0.20347867779562767,0.22168577892611283,0.2389194599634138,0.2552855519308306,0.27087420476303226,"3.8066624897703196"
-0.472243238989074,-0.30705118517288016,-0.20676238568654784,-0.13352845826231013,-0.0753640882370698,-0.026877219695305606,0.01483631135417694,0.05152634481204107,0.0843319640241448,0.11403811555400288,0.14121006964112512,0.16626956496146159,0.18954056724845914,0.2112780699016788,0.2316869067962794,0.25093443026342743,0.2691592955542373,0.2864777089703152,0.30298798659645043,0.3187739636627822,"3.449987545831587"
-0.08657265557274492,-0.010344336738761527,0.03827134349562594,0.07501506126824573,0.10497575766411131,0.13050910859992582,0.15293707146234994,0.17308576006552487,0.19149980519875634,0.20855015615392639,0.22449752630892786,0.23953116139671643,0.2537926338116777,0.2673907213781404,0.28041096638389695,0.2929219989847365,0.30497984043154486,0.3166309094283633,0.32791417313555415,0.3388627195649413,"0.9162907318741551"
0.023365291476365416,0.06456898401149025,0.09237812041688208,0.11527609162505888,0.135299976916256,0.15335691049967065,0.1699514371352174,0.18540048189904168,0.1999192997595621,0.21366234545403845,0.22674507019138546,0.23925654933155388,0.25126727131962684,0.26283418490134886,0.27400410295967903,0.2848160750818118,0.29530308789507703,0.3054933129066382,0.3154110412435674,0.3250773965132897,"-0.6931471805599453"
-0.3032807887644616,-0.15873111918295038,-0.07329610310873014,-0.012320063722277714,0.03516005668385747,0.07406273982157191,0.10703138440490148,0.1356591539989979,0.1609842756427086,0.18372078018786064,0.2043788422496448,0.2233337908066685,0.24086858963168029,0.2572012229430907,0.2725028931378901,0.2869104002405661,0.3005347434869382,0.3134672197023477,0.325783830961154,0.3375485285302165,"3.1135153092103742"
-0.12115944067331204,-0.02897278383286238,0.027550352942537555,0.06893765528744727,0.10179973940195071,0.12917960648719315,0.15277103767390673,0.17362012805411134,0.1924069886419261,0.2095889225532003,0.225484167865898,0.24032205947230778,0.25427321078114473,0.2674681104338904,0.2800089481034571,0.2919773833310314,0.30343980807212445,0.3144510120898312,0.32505680017514693,0.3352959026477074,"2.4423470353692043"
-0.5373236615789143,-0.3617383409915261,-0.2557410639940865,-0.17868670131517614,-0.11771950359974809,-0.06706247055158752,-0.023607639986350844,0.014515496526949308,0.04852312302186558,0.07925215405528999,0.10730421258056894,0.13312712294704385,0.15706391831343192,0.17938375602795886,0.20030218191032564,0.21999483640476528,0.23860697448332702,0.25626023490832545,0.2730575592295994,0.28908684134332263,"3.676300671907076"
-0.5308762830022682,-0.3508785356716534,-0.243059849425045,-0.16523899493460184,-0.10406733085941995,-0.05354531396767718,-0.010445718323551047,0.027172931803937032,0.060572199760058516,0.09061968113461803,0.11793876509012205,0.14299338735137845,0.16613891807152698,0.18765416460208756,0.2077622682645282,0.2266447941236768,0.24445151013151664,0.26130736155981577,0.27731757536803114,0.2925714871441664,"3.713572066704308"
-0.4603066549875036,-0.2983030482374763,-0.1996839229308296,-0.1274967684699632,-0.07003936114058083,-0.02204656847646166,0.019317742593904105,0.05576267888979016,0.08840101332931287,0.117999729078494,0.14511129964158778,0.17014803592349395,0.1934267677333409,0.21519696893271945,0.23565913036474523,0.25497714146032896,0.2732868683201117,0.2907022533495531,0.3073197637664138,0.3232217168984862,"3.349904087274605"
-0.5643648992250274,-0.3863696047343289,-0.27908302511622723,-0.2011767332752117,-0.1395868783501901,-0.08844631504784706,-0.044600293513319914,-0.0061511203763463355,0.02813445011846362,0.05910463036126733,0.08736878473137849,0.11338013140329557,0.13748546889556004,0.1599565609017175,0.1810107347032961,0.20082483953371819,0.21954496118670372,0.23729334003009467,0.2541733994453528,0.2702734709384177,"3.7612001156935624"
-0.6077394271900706,-0.4233386480086693,-0.31337633407743287,-0.23426061205226312,-0.17222290004964708,-0.12108578332175397,-0.07753175295965237,-0.03956804808307666,-0.0059017080176610275,0.024354989868979847,0.05183856970463613,0.07702145021710599,0.10026427629942135,0.12184892733768919,0.1420001719971607,0.16090034121388996,0.17869954372709648,0.19552294661473096,0.21147607333558538,0.2266487335952254,"3.970291913552122"
-0.11328142870857352,-0.02046522808236469,0.03558712749639316,0.07614924459804982,0.10807081638926375,0.13451921283670912,0.1572486696732845,0.17731399519617544,0.19537964856349566,0.21188497998020694,0.22713490978274326,0.241349934187392,0.2546949804056703,0.26729687876340597,0.27925543107412937,0.29065070285217015,0.30154799227705875,0.31200131493785455,0.32205590900291103,0.3317500753499182,"2.4423470353692043"
-0.5355025743740544,-0.3544202017884991,-0.24607117757654726,-0.1679397425674325,-0.10657281291078843,-0.055924797384052885,-0.01274429439542375,0.024924304539225436,0.05835145206379242,0.08841063941155212,0.11572932391403834,0.1407743325566255,0.16390313414988872,0.18539608069907043,0.20547745962359262,0.2243296897692374,0.2421031764070048,0.25892334167366976,0.2748957710891794,0.290110072360125,"3.7256934272366524"
-0.6202776255250463,-0.43439409538332896,-0.32411948057374323,-0.24511780803709535,-0.18339458206785475,-0.13267650338400255,-0.08959807242247378,-0.05214004614305121,-0.018993907288198067,0.01073758645451737,0.037696931948709544,0.06236033391718401,0.08509081858782083,0.10617170999765665,0.12582857525659596,0.14424408539390368,0.1615683585641871,0.17792633233889288,0.19342313126049288,0.2081480514400175,"4.0163830207523885"
-0.2569126717537753,-0.13297474931452502,-0.05715574129396518,-0.0015748505558631472,0.042655060993162464,0.07955594717031854,0.11130719658412554,0.13923261109297694,0.16420404125214805,0.18683089360915342,0.20755788100775122,0.22671949880140305,0.24457275289655075,0.26131829353033026,0.2771148874294198,0.29208971847122844,0.3063458806111783,0.3199678967460475,0.33302582051991164,0.3455783110521083,"2.9444389791664403"
-0.5908785734519532,-0.3953296539053614,-0.28094086891406683,-0.19978073435876495,-0.13682804322215578,-0.08539194855750486,-0.04190333697309141,-0.004231700820970317,0.028997360695001733,0.058722590403605744,0.08561394621126629,0.11016648701809895,0.13275648179709,0.15367662404181306,0.17315905370011198,0.19139093909080382,0.20852534098886163,0.22468898295121756,0.23998793221712342,0.2545118325665257,"3.7256934272366524"
-0.6379746947132152,-0.45419646858221563,-0.3466930978465279,-0.270418242451216,-0.21125486823108258,-0.16291487171468916,-0.12204398697144622,-0.08664001554269012,-0.05541149457095794,-0.027476609261864352,-0.002206367512928685,0.020863704873534637,0.04208640215190952,0.061736034657681085,0.08003013665515016,0.09714414613338339,0.11322162020076644,0.12838152224422042,0.14272353445533925,0.1563320059736079,"4.051784947803305"
-0.6281034196495898,-0.43567936926159245,-0.32311851554773585,-0.24325531887359522,-0.18130861092154285,-0.13069446513361568,-0.08790081384799543,-0.050831259052639056,-0.018133553321351047,0.011115677191908303,0.03757515567604606,0.061731415307341254,0.08395410517809355,0.10453071906813514,0.12368929452595244,0.14161375933899772,0.1584546126429842,0.1743365489137993,0.1893640214037556,0.20362538156901622,"3.901972669574645"
-0.4604896300766163,-0.2852637027487666,-0.18138661827424907,-0.10706599517878841,-0.04908119822108513,-0.0014985454434020393,0.03886732423919091,0.07392860592330183,0.10492586284137702,0.132711715474734,0.1578987857794171,0.18094278568146516,0.20219203909875905,0.22191855942907435,0.240338473016105,0.2576259933974958,0.2739233077814549,0.28934775799984175,0.3039971629564936,0.3179538263961909,"3.5115454388310208"
-0.11399100216697926,-0.02494285677798469,0.030037966816292207,0.07051598916874209,0.1027992527531088,0.1297962432142225,0.15312970632287015,0.17380515413925915,0.19247857944074798,0.2095922042209275,0.22545419057657223,0.24028673252957627,0.25425515761939127,0.2674859173005142,0.28007804615818077,0.2921106945332095,0.30364823096487203,0.3147437947487613,0.32544183122136183,0.33577994137012523,"2.3513752571634776"
-0.5778521601134476,-0.3933776655302251,-0.283150441961285,-0.20373069889369685,-0.14138614837605717,-0.0899508281522573,-0.046110978322911604,-0.00787474786023693,0.026051063061593823,0.056554928603802054,0.08427440694246736,0.1096831585053418,0.13314324247383685,0.1549380813971133,0.17529405272181198,0.19439508636485398,0.21239280551338235,0.22941374440802942,0.2455646024990219,0.26093615142632154,"3.8501476017100584"
-0.24776330978890473,-0.12701557782902792,-0.0528708725314628,0.0016547085599595234,0.045164284445257157,0.081552525495657,0.11293073488416719,0.14058202640444317,0.1653520050253047,0.18783222502623934,0.20845482123498532,0.227545221805659,0.2453537857313311,0.26207621388583086,0.27786752498754574,0.29285201257050586,0.3071305000768484,0.32078569497716525,0.33388617567898793,0.346489385136574,"2.8622008809294686"
-0.1226319918308303,-0.03381506818451824,0.02163839287287159,0.06286606535763038,0.09602588056253213,0.1239413615103842,0.14817758536104125,0.1697091815750867,0.18918451044034887,0.20705087641867786,0.22362513480933857,0.23913762021234458,0.2537601793092727,0.26762420402018927,0.28083240819296923,0.2934666807450064,0.30559344486198287,0.3172674006932403,0.3285341971731277,0.33943237863513126,"2.1972245773362196"
-0.10060725380828515,-0.02175682714495241,0.02863019077549753,0.06681766876772403,0.0980441144728985,0.12471516095764955,0.14816714859966415,0.16923488847536372,0.18847616487431823,0.20627785432031087,0.22291555999799792,0.23859071765889472,0.2534543634037145,0.2676225024503279,0.2811861980337277,0.2942183310320858,0.3067782323298854,0.3189149298660107,0.33066947415061904,0.3420766374344483,"Indeterminate"
-0.22048556310966183,-0.10651081548642156,-0.036299993153823186,0.01544978695949109,0.05681603197573031,0.09146017653124298,0.12137080347628618,0.1477602446918183,0.17143055726929698,0.19294441930403033,0.2127129409558714,0.23104484909702297,0.24817651417152403,0.2642917162251045,0.27953534239394723,0.29402314718639794,0.30784880749769883,0.3210890711780436,0.33380754862329115,0.3460575327018025,"2.740840023925201"
-0.5292889542804147,-0.3556071458559236,-0.2505614040096846,-0.17407124390999823,-0.11345893036374337,-0.0630270442795336,-0.019710128677074636,0.018336980905804667,0.05231417715192256,0.08304731383457618,0.11113018551530604,0.1370048920658487,0.1610101699448939,0.18341188328256422,0.2044230117267796,0.22421717055837453,0.24293800153152834,0.26070584985442175,0.2776226151806173,0.2937753495947835,"3.624340932976365"
-0.4506872360115952,-0.28703708539896683,-0.18792812250843346,-0.11573918153160198,-0.05854779808432279,-0.010986846663307154,0.029835840958543008,0.06566357266527431,0.09763164606615038,0.1265228785250165,0.1529015577847722,0.17718924951584586,0.19971025490684943,0.22072012858940832,0.24042424866363962,0.25899031503810216,0.2765570280769481,0.29324030070219115,0.30913783596950994,0.3243325904034859,"3.4657359027997265"
-0.173823481984208,-0.06760859443616238,-0.0028222576929424273,0.0444752803808407,0.08195052487946682,0.11309175453783575,0.13980951074824735,0.1632810030259653,0.18428699352256303,0.20336823979096072,0.22090993148681887,0.23719302767227315,0.2524272829832341,0.2667728693913912,0.2803546929640816,0.29327202465008934,0.3056051049742025,0.31741976765482005,0.32877074306030907,0.3397040647117507,"2.70805020110221"
-0.5369052149275233,-0.3457116237630462,-0.2338705425536154,-0.15451803259823466,-0.0929674438032267,-0.04267694086513444,-0.00015681956578316881,0.03667628911936055,0.06916683500052524,0.09823360364480314,0.12453267899887369,0.14854903239362188,0.1706512485126571,0.19112591136374424,0.21020013558415426,0.22805685726110467,0.2448455200638467,0.26068972967900883,0.2756928525537321,0.28994218555975215,"3.56953269648137"
-0.5737830457197614,-0.3937995738349917,-0.2855834592918433,-0.20717443769370594,-0.145309914137952,-0.09403417382581385,-0.05014535112792313,-0.01171779690425198,0.022499601758231704,0.05336710792534534,0.0815025510733521,0.10736528709438023,0.13130667763588993,0.15360194664315074,0.1744710855810158,0.19409301781048233,0.212615455681716,0.23016192005442349,0.24683684328141647,0.26272935073444986,"3.817712325956905"
-0.6219287035368106,-0.42801729880742495,-0.31458639857857135,-0.2341058940780393,-0.1716803649761834,-0.12067499378748679,-0.07755056533423016,-0.040194471745199294,-0.0072439927601507074,0.022231429662536013,0.04889568780455611,0.07323917708344226,0.09563451600729837,0.1163715287375327,0.13568010810948986,0.15374567407119197,0.1707199353186729,0.1867285735888316,0.2018768534645671,0.2162537979744155,"3.8607297110405954"
-0.1091518066881702,-0.026365943485970066,0.02603100820675581,0.06542677852406314,0.09742025368737948,0.12458140494158869,0.14833694528351882,0.1695773122240255,0.1888966737382184,0.2067064482662727,0.22329916372257122,0.23888820441451128,0.2536332542045597,0.2676567296653405,0.281054553457679,0.2939033628706142,0.30626544335806993,0.3181921823514291,0.32972653989905343,0.3409048518158983,"1.5040773967762742"
-0.16172440508481672,-0.06378324007527325,-0.002733316443345745,0.04266159818866229,0.07920427037091748,0.10999088296740418,0.1367149112839404,0.16041955074129027,0.1818012020028592,0.20134938864377844,0.21941943466297897,0.236275001649421,0.2521154080072571,0.2670940478332776,0.2813310494061787,0.29492206635690266,0.3079444511607157,0.3204616482602769,0.33252636658312684,0.34418290576810373,"2.302585092994046"
-0.5133297727925916,-0.3252464753125209,-0.2152247992746975,-0.13716317783105642,-0.07661387950858074,-0.027141477130620106,0.01468705566251454,0.05092147238844714,0.08288483163132733,0.1114815503389506,0.1373575713456389,0.16099036286114096,0.1827427219706125,0.2028966191628932,0.2216754042321913,0.23925889225715855,0.25579391214946395,0.2714018622376632,0.2861842340164353,0.3002267228477276,"3.5115454388310208"
-0.19388330502320877,-0.08339548539075466,-0.015889222343818666,0.03348371569743396,0.07267077927022049,0.10528111483420936,0.13328305599164925,0.15788446364562775,0.1798874914020818,0.19985234791352632,0.21818279812788996,0.23517646567433634,0.2510571030225778,0.2659961762182146,0.280127539660624,0.29355752240522054,0.3063719503935477,0.3186411102738756,0.3304233162595714,0.34176751613449025,"2.772588722239781"
-0.4759048379388909,-0.30546309090111895,-0.20283901943611746,-0.12846321737017113,-0.06979956254349547,-0.021207207600629073,0.02035172758603411,0.05670707256799236,0.08904948374642134,0.11819918072241939,0.14474678684845402,0.16913300848628096,0.1916963963529822,0.2127033024901566,0.23236739142323973,0.2508627823711202,0.26833318705067466,0.2848984601646756,0.3006594316043027,0.31570156310708813,"3.56953269648137"
0.02380551585609557,0.058797742256921394,0.0846079642616076,0.10683646095200362,0.1268709127163768,0.14534707092863425,0.16262798986627003,0.17894747121869492,0.19446805132315984,0.20930889481412424,0.22356085853345412,0.23729533260882593,0.25056976629211003,0.2634312963517602,0.2759192261618037,0.28806677588152413,0.29990235239438423,0.31145049252148815,0.3227325777740098,0.33376738552572716,"2.6390573296152584"
-0.10161423342534162,-0.01819289207212363,0.034009685036025375,0.07285718522581104,0.1041182896359314,0.1304587248093584,0.15337064022921756,0.17378297406166718,0.1923051070847698,0.20934986496347313,0.22520594612741981,0.2400819980276678,0.25413351644944937,0.2674795766661065,0.2802135338109149,0.292410074531013,0.3041300007442562,0.3154235629531372,0.3263328399040349,0.3368934748288356,"2.0794415416798357"
-0.4829817107977184,-0.3169977814037726,-0.2161420314151018,-0.14242465510196237,-0.08381995358051944,-0.0349194274951503,0.007189141220707117,0.04426002651370831,0.07743493577472757,0.10750040053017616,0.13502259773355346,0.16042369589860886,0.18402775865804116,0.20608966930964656,0.22681405258400528,0.24636804273356658,0.2648901346356287,0.2824964733134624,0.2992854305878469,0.31534101344046855,"3.4339872044851463"
-0.49278609006214047,-0.3242673848883488,-0.22209693403595648,-0.14756449077040615,-0.08841682258238893,-0.03914347618180291,0.0032223777005282042,0.04046768703087437,0.07375524636823855,0.10388597011509229,0.13143626890657034,0.1568358400359374,0.18041443682080802,0.20243133654375775,0.22309461630387709,0.24257415958626932,0.2610106731244046,0.2785220952967801,0.2952082606743115,0.3111543752021099,"3.5115454388310208"
-0.6051533218683778,-0.4194061355178393,-0.3087841826798944,-0.229286598263073,-0.16701461231525075,-0.11573255453244331,-0.07209198066747743,-0.03408188625501652,-0.00039775529924452794,0.02985585201854515,0.05732084104748702,0.08247352922004546,0.10567748579484396,0.127216849469484,0.14731817256737473,0.16616521056558228,0.18390921089196532,0.20067624223958805,0.21657252844180944,0.2316884078098535,"3.9512437185814275"
-0.6377396482912003,-0.45650605848422005,-0.3504912045760567,-0.2752724686772399,-0.21692828438108042,-0.16925761476872095,-0.12895263788208522,-0.09403887845333364,-0.06324275716505842,-0.03569467453946289,-0.010774360197877444,0.011976207043739443,0.03290490555030528,0.05228220948457594,0.070322599644139,0.08719904380834381,0.10305307393205072,0.11800197466713368,0.13214402353760712,0.14556238471134242,"4.085976312551584"
0.033687735311147736,0.06259186852785453,0.08670157033833256,0.10811013426358429,0.1276681731229966,0.1458372400508719,0.16290596235109708,0.1790710356998703,0.19447453034504056,0.20922347794577878,0.22340113927713307,0.23707394043008898,0.2502959720997524,0.26311203256712806,0.27555975718742753,0.2876711516092023,0.2994737226046599,0.3109913295518772,0.3222448372008576,0.33325262404923955,"2.3513752571634776"
-0.1481285630721151,-0.052224196664710704,0.007329331733933575,0.05144132328434099,0.08682111436808275,0.11652982324452621,0.14225004857359508,0.1650236634313796,0.18554619326721092,0.20430292674503073,0.2216419062624995,0.23781833018469267,0.25302339538532553,0.26740342634081593,0.2810726866953087,0.29412207089467063,0.3066250995006295,0.3186421318021423,0.3302233821421127,0.3414111195988809,"2.3978952727983707"
-0.16353910803328062,-0.06486947932306518,-0.003442122329500307,0.04218571984547804,0.07888258753827394,0.1097743350015553,0.13657046993521074,0.16032390110295588,0.1817373646359849,0.20130470021505567,0.21938424679837587,0.23624181110550033,0.252078266627286,0.2670481581365154,0.2812724834317259,0.2948475665804642,0.30785128663897804,0.32034750853758936,0.33238928190670036,0.3440211859939649,"2.3513752571634776"
-0.5073927656515487,-0.3331195539330887,-0.22815793058197487,-0.15204489450201245,-0.0919707103665016,-0.04217488517615415,0.00044339386635890317,0.0377511059710355,0.07096254927170535,0.10091368057162536,0.1282058373937668,0.1532871053909402,0.1765011967612964,0.19811820200436717,0.21835467240076561,0.23738715584809333,0.25536158288862176,0.2723999519589592,0.2886052156803718,0.3040649413588329,"3.6375861597263857"
-0.578028962222516,-0.39894743166465074,-0.2911542613175133,-0.21296585969618934,-0.15120998480551323,-0.09997250790914476,-0.056074315933101734,-0.01760359619072345,0.016681724030264192,0.04763567860384087,0.07587161239230013,0.10184552125584237,0.12590615341675054,0.14832663185576783,0.16932521573949808,0.1890793784413951,0.20773561378862962,0.2254164252547123,0.24222540908299697,0.2582510200818136,"3.817712325956905"
-0.6022974332331701,-0.41699301183693316,-0.30652546166367867,-0.22707307796176618,-0.16479222456774192,-0.11347106466385999,-0.0697733603389435,-0.0316950333357423,0.0020642252070725607,0.032397174833824594,0.059943954458389626,0.08517969015143377,0.10846713734088094,0.13008987820722354,0.15027408981446883,0.16920328350919214,0.1870285591276286,0.2038759092620548,0.21985153418845493,0.2350457864157078,"3.9415818076696905"
-0.30666254107976926,-0.17423149447791414,-0.09291922967458596,-0.033059097349577016,0.014782095428498548,0.054864659803878904,0.08949185255123242,0.12005728096539985,0.14747327258452703,0.17237350059032308,0.19521879366107092,0.21635645878825108,0.23605547243302527,0.25452844994768153,0.27194606574589136,0.28844698630914617,0.30414500628665075,0.3191343433849047,0.33349365521411795,0.3472891308750196,"2.9444389791664403"
-0.06339676793889586,0.005467076255543694,0.04991796410330425,0.08380161364189978,0.11162399518818143,0.13550036795283982,0.15662916022667742,0.17575130840774064,0.19334452696916476,0.20972909132839912,0.22512900963729274,0.2397071465716032,0.2535859175314002,0.26685995026696796,0.27960413788840566,0.29187894821934884,0.3037340387247465,0.3152107887476323,0.3263441183034396,0.3371638236086769,"-0.6931471805599453"
0.004114464069649408,0.05461098793157255,0.0873179270222598,0.11253812896189805,0.1339118200478727,0.15282524085243865,0.16998401590268633,0.18580708678922908,0.2005680459256174,0.21445756928790174,0.22761499013822306,0.240145868272932,0.25213248892545187,0.2636404933844624,0.27472325617182347,0.28542488142047856,0.29578231717353654,0.30582688616428366,0.31558541892003206,0.3250811087959643,"0.4054651081081644"
-0.4401745046829517,-0.2771837804685731,-0.17864426000095743,-0.10699111682620219,-0.05031527203028277,-0.003254187264168532,0.03708233609480201,0.0724366196344349,0.10394349156651772,0.13238569447616663,0.15832776678139088,0.18219174131939234,0.20430245745780257,0.22491593296263213,0.2442378208605195,0.26243584516845303,0.2796484682189514,0.2959911314016423,0.3115608848380029,0.32643991060281347,"3.4657359027997265"
-0.3154908487204032,-0.18271408362098598,-0.10094687123906027,-0.0405756250119276,0.007809669013661542,0.04845648762637974,0.08365999943803637,0.11480801597839316,0.14280808571115142,0.16828958589004187,0.19170948415260256,0.21341183169339445,0.23366313558336388,0.25267440786497125,0.2706155391031861,0.28762509093931016,0.3038172510533346,0.31928695186224154,0.3341137421878876,0.3483647725694905,"2.803360380906535"
-0.21256076294608156,-0.08775508677365505,-0.014748445551359573,0.03705110453284582,0.07723856316875688,0.11010851360640023,0.1379671485430777,0.1621911474141632,0.1836615388536831,0.20297341317856368,0.2205470302275852,0.23669021026556075,0.2516352344458811,0.26556173847485676,0.278611526870835,0.290898511383107,0.3025155852219494,0.31353950199780956,0.32403441618989764,0.3340545031213278,"2.740840023925201"
0.023924360420814448,0.06233015323931244,0.08930121267528464,0.11193698973269527,0.1319798548258156,0.15021874391950082,0.16709848230152666,0.18290185538674225,0.1978229898809874,0.2120025065412705,0.22554640849351393,0.2385371031755458,0.25104024828136473,0.26310921749089833,0.2747881311188702,0.28611398113020947,0.2971181626003733,0.3078276035409072,0.3182656154311316,0.328452544883832,"1.3862943611198906"
-0.16684727378642117,-0.07011908411832513,-0.00932989566287394,0.036215498148829746,0.0731371932562167,0.10444339869365984,0.13177420366773465,0.15613530453572366,0.17819629087876873,0.1984290068379758,0.21717861698508312,0.23470394799030367,0.2512026758337988,0.2668281917970708,0.2817013353090629,0.2959187029871998,0.3095585963693103,0.3226853223839233,0.3353523374988082,0.347604574401123,"1.6094379124341003"
-0.04785243875680729,0.01744632669069339,0.05959288941591861,0.0916698807681838,0.11798460685908237,0.14059746471724943,0.16066924787410128,0.1788937792510039,0.19570619838001968,0.2113959011099753,0.226165558650475,0.2401632494381711,0.25350094867272327,0.2662657418213526,0.2785269464542001,0.290340818400172,0.3017537691514069,0.3128046307617832,0.3235262911134811,0.33394690093138985,"0."
-0.5849337509029617,-0.404485766977529,-0.2960826720870355,-0.21758804382587937,-0.1556873380865357,-0.10440309339084117,-0.060522563523506816,-0.022114021962392028,0.01207729929447548,0.042913971347952225,0.07101531573027021,0.09684164495287295,0.12074490241022524,0.14300062206651915,0.16382890911246015,0.18340866502032316,0.2018874952865335,0.21938877072868965,0.2360167633878699,0.251860452150847,"3.8607297110405954"
-0.035258822199496935,0.0284270277121554,0.06906125510757964,0.09967216259269623,0.12464418221090705,0.14609622463052835,0.1651655932581146,0.18249789800647995,0.1984938997607421,0.21342105938273453,0.22746804739415302,0.24077377055694663,0.2534440011867543,0.2655614927634871,0.277192443448167,0.28839079772615717,0.29920120865931527,0.309661137676974,0.31980238039021197,0.3296521993925704,"1.252762968495368"
0.03298319699707765,0.06144071719777736,0.08536587512309969,0.10672030242468164,0.1263031191646877,0.1445492835811666,0.16173171667109146,0.17803705887635335,0.19360058134003386,0.20852453109990113,0.2228886970481567,0.236756923632783,0.250181343115209,0.26320524313215593,0.2758650772429346,0.2881919153394,0.30021251550784006,0.31195013269282434,0.32342513983655735,0.33465551253907205,"2.6026896854443837"
-0.4901889016496779,-0.3181861858684521,-0.21455745011390934,-0.13940107233007856,-0.08008014915686064,-0.030910000792853352,0.011170271022647489,0.04800409770806524,0.08079079399016653,0.11035631012812254,0.1372951115776642,0.1620504886748613,0.18496275843863313,0.20629954847641366,0.22627554581189116,0.24506579806976023,0.2628149427575974,0.27964379663338323,0.29565419103791185,0.3109326116821033,"3.597312260588446"
-0.5455467541184373,-0.36216954399628765,-0.25271345222340286,-0.17394237867532214,-0.1121791373813554,-0.0612797741832078,-0.01794150991894558,0.019821132708476047,0.05329728451803496,0.08337274950846588,0.1106834258148847,0.13570209532731922,0.15879051203959038,0.18023214933271056,0.20025358204698607,0.21903890852749858,0.2367397674484349,0.2534824877873486,0.26937332498356276,0.2845023869660417,"3.7495040759303713"
-0.5814026477049177,-0.4016462909764085,-0.2935491983194436,-0.21520603873312663,-0.15337485583736324,-0.1021104720451376,-0.05821727026862011,-0.01977365476392803,0.01446869237695671,0.04536801118166677,0.07354059617116578,0.09944457766473382,0.12343028718596662,0.14577204534468288,0.16668903091110837,0.1863594310872814,0.20493029764904838,0.22252457158068595,0.23924619211970238,0.25518388208393267,"3.8394523125933104"
-0.16942177439993553,-0.06492700664114164,-0.0010098443334273976,0.04575776257057169,0.08288171437641642,0.11377917576241504,0.14032311638932363,0.16366875085918367,0.18458324011070784,0.20359864645352707,0.22109439540570996,0.23734744523992873,0.252564640204588,0.2669039495596173,0.28048856070209727,0.2934163726071087,0.3057665115156654,0.31760389396720395,0.3289824872734986,0.33994768449025503,"2.6741486494265287"
-0.42947792280522934,-0.27171907265822204,-0.17570364741239247,-0.105464256258131,-0.0496008192414164,-0.002980168393728648,0.037164679413581606,0.07250224877874441,0.10411966218582455,0.13276694101236508,0.15898508296242583,0.18317855818512094,0.20565879052073174,0.22667144005498993,0.24641416807411096,0.26504858897199685,0.2827085629745583,0.29950612575214836,0.3155358533478986,0.3308781624946475,"3.332204510175204"
-0.5450958372679273,-0.3695760162048657,-0.26353460664956857,-0.18638317312464664,-0.125287490341635,-0.07448159670380268,-0.030864078614096725,0.007431335186057924,0.04161791718368739,0.07253047452209463,0.10076901710878026,0.1267800573323391,0.15090550119795082,0.17341350232722483,0.19451870243099612,0.2143959363047276,0.23318976110266756,0.2510212366497165,0.26799285161131586,0.2841921737123325,"3.676300671907076"
-0.025196276604332126,0.031706283512247115,0.06923659320602366,0.09825240238913618,0.12241830003251736,0.14351432904650627,0.1625041059227951,0.1799401849758231,0.19616859568833492,0.21142207106654504,0.22586594341485794,0.23962273399260506,0.25278631324077083,0.2654305530056364,0.27761487708861476,0.2893879688468517,0.30079033320349907,0.31185611877030334,0.3226144461903509,0.33309039748044555,"1.0986122886681098"
-0.2901991048997963,-0.14749804613429782,-0.063562941493937,-0.0038365616398375675,0.04257549283632565,0.08054850386682787,0.11269913914405474,0.14060204850631627,0.16527973013635508,0.1874316330031024,0.20755491481744676,0.2260140803974537,0.24308359367531596,0.2589749887478586,0.2738546473876893,0.28785577529650164,0.30108667619091395,0.31363660388143844,0.3255799914818152,0.3369795681332337,"3.044522437723423"
-0.16731469129372392,-0.06014177769097072,0.004486343418633545,0.05123870433015637,0.08800696332293828,0.11838229792008291,0.14433520885217163,0.16707571784505937,0.1873956482569553,0.20583332369528182,0.2227663513004826,0.2384678486952225,0.25314117830146776,0.2669417539365696,0.27999107140631174,0.29238599046750924,0.30420504829022615,0.31551286720819316,0.3263633059598426,0.33680176118728655,"2.70805020110221"
0.03678059078037836,0.06760034755908212,0.09237652573193235,0.11389057883499429,0.13324133245761213,0.1510093653337005,0.1675491934546186,0.1830973912666448,0.19782171596597392,0.21184652534472054,0.22526718940609608,0.2381588397140413,0.25058197034435375,0.2625861791189956,0.27421275547855145,0.2854965236243102,0.2964671882471639,0.3071503383143249,0.3175682098595394,0.3277402751898003,"1.0986122886681098"
-0.02203620961116727,0.03255316139438654,0.0690045650675606,0.09746116830551711,0.12134806466438189,0.14233037422430464,0.16131085892664399,0.17880828502475415,0.19514829215166438,0.21055044102591733,0.22517109687478787,0.23912642392932884,0.25250563924696434,0.26537911930246616,0.27780360617477623,0.28982568913099194,0.30148421334321607,0.31281199510417723,0.32383707380945004,0.33458364561633513,"1.9459101490553132"
-0.05537955620891472,0.0142594463291547,0.05846655670093476,0.09166938071840643,0.11861170500145,0.14155786705549206,0.16177903477189104,0.18003129478885113,0.19678647036400604,0.2123570060310336,0.2269609050931989,0.24075692626434392,0.25386476236527244,0.2663772414300839,0.27836805644485246,0.2898968624332479,0.3010127547454172,0.3117567136056169,0.32216336643682497,0.3322622868179983,"1.5040773967762742"
-0.0227185666101609,0.032378158666859766,0.06906721160543541,0.09764737837893192,0.12159598113277978,0.1426032640097051,0.16158535195746107,0.17906847433936898,0.19538280033337196,0.21075083233810588,0.22533094772610773,0.23924074332524958,0.2525704889033005,0.265391354420094,0.2777606926520377,0.28972557112188985,0.3013252150746951,0.31259274665873876,0.32355645407384026,0.33424073778068125,"1.791759469228055"
-0.3593168003935533,-0.19973173284402748,-0.10638045265240034,-0.04014666357913541,0.011228387839442315,0.053206324313828886,0.08870407415878138,0.11946724068182013,0.146624832236682,0.1709486740930316,0.19298874522496406,0.21314998714975406,0.23173872739373452,0.24899207751807623,0.2650972353182615,0.28020454450284804,0.2944365651221103,0.3078945223395162,0.32066298879915983,0.33281334949567093,"3.1570004211501135"
-0.4045887078653807,-0.24940844205972462,-0.1552093157073581,-0.08648652785361677,-0.0319763792589765,0.013396644218660419,0.052370072418514726,0.08659554627803157,0.11714993323763384,0.14477701987933686,0.17001419267277287,0.19326398620887483,0.21483682937149784,0.23497776082092825,0.253883797602468,0.27171565734697234,0.28860596358352425,0.3046651906461207,0.3199861032345964,0.3346471537772515,"3.349904087274605"
-0.3662370472862324,-0.22242727540430163,-0.13426621483126108,-0.06939299198058725,-0.017538519880833815,0.025926502017955398,0.0635003900698362,0.09669157334994696,0.12648442160780357,0.1535595479313192,0.17840930462945928,0.20140303655538766,0.22282607879863772,0.24290412984352294,0.2618190877682134,0.27971972355101876,0.29672913795336053,0.31295015430374434,0.32846934154831364,0.34336009352834507,"3.0204248861443626"
-0.5907374027565562,-0.4020358370539016,-0.2900234649723967,-0.20975854342788425,-0.14704385407997891,-0.09551133824933039,-0.05174308286662922,-0.013687676336272821,0.019984631411298505,0.05018593360138937,0.07756967556870491,0.10262054463478107,0.12570842709618443,0.14712236724901687,0.16709277739026498,0.18580644025107226,0.2034169328243027,0.2200520560173727,0.23581925611240626,0.2508096675609087,"3.871201010907891"
-0.14659086202056223,-0.054813693681728295,0.003029114426947472,0.04644104541174534,0.08167202616472205,0.11156819283967917,0.13768744269398214,0.16099044180409394,0.18211940279831518,0.20152660706349124,0.2195410990791547,0.23640765727961074,0.25231179864465525,0.26739664613766445,0.2817745409461482,0.2955351253526545,0.30875103237171747,0.3214819438440969,0.333777527229343,0.34567959314063296,"1.5040773967762742"
-0.55923187737491,-0.3823522807125796,-0.2755987158370545,-0.19798930110847876,-0.1365693331752959,-0.08552040365016639,-0.041713756842490075,-0.0032671726403000183,0.031042667840223505,0.062057252734020574,0.09038120003701805,0.11646426796098988,0.14065066715732427,0.16321018540758161,0.1843586164616395,0.20427160432403296,0.22309427890477174,0.24094811784821854,0.25793593384997754,0.2741455688049001,"3.7256934272366524"
-0.5324914551467941,-0.3561189773038921,-0.249828872739759,-0.17268920952404862,-0.11175018730503213,-0.06119144365729213,-0.01788130229181492,0.020065135200414422,0.05387342944770847,0.08438695343870509,0.11221200467883695,0.13779995266594333,0.16149663080125767,0.183573473538164,0.2042479037499968,0.2236971051294162,0.24206757922414654,0.25948194025466587,0.27604385800289494,0.2918417339758335,"3.6888794541139363"
-0.14351843967986122,-0.05301146244199063,0.0041674834116502135,0.047167981062346695,0.08212686688764821,0.11183900694998378,0.13783441160389728,0.16105669872382009,0.1821368197014477,0.2015192536936826,0.21952748661654678,0.23640226305613962,0.2523261250665064,0.267439965308924,0.28185442474368216,0.29565782820555214,0.3089217720421164,0.32170511071723557,0.33405684277737896,0.34601823170083845,"1.0986122886681098"
-0.13128370387498495,-0.04247844340520773,0.013434068007342016,0.05532776077646182,0.08926306951600353,0.11800793218592276,0.14308597074749801,0.16544249875219788,0.1857103283932491,0.20433253800800125,0.22162812387747036,0.23783186616169577,0.2531202596603381,0.26762877514949795,0.2814634710169317,0.29470890400694716,0.30743360606982295,0.31969394475074,0.33153689457632135,0.34300206253228527,"1.791759469228055"
-0.5868267861398868,-0.40424851517444477,-0.2948741714481326,-0.21587967461440974,-0.1537315822667756,-0.10235404201066797,-0.05848166725066841,-0.02015139564388544,0.013911594515152026,0.04458340432311513,0.07249287105921065,0.09810723831389515,0.12178365463712203,0.14380166579294537,0.16438453143080703,0.1837136646959634,0.20193867949050445,0.21918454587576197,0.23555679354474934,0.2511453701098589,"3.8815637979434374"
-0.5145142740809309,-0.33847039398180795,-0.23261594119901402,-0.1559637916078117,-0.09553947458087797,-0.04550921238064298,-0.0027333032821172227,0.03467823968642169,0.06795437463947347,0.09794091659430408,0.12524610822856516,0.15032302606226025,0.1735190768651967,0.19510713471677227,0.2153058741926714,0.23429347633246927,0.2522171349710301,0.2691998302341834,0.2853452813705867,0.3007416582335841,"3.6635616461296463"
-0.5865518631224312,-0.4022250216380478,-0.29206505160942725,-0.212673216070545,-0.15033333863323348,-0.09888774116230829,-0.05502751864099092,-0.016763899863781115,0.017194245531621362,0.04773392171639456,0.07549157034851059,0.10093993740968235,0.12444028359297189,0.14627530963684393,0.16667073917557826,0.18580992389360934,0.2038439969921884,0.22089910134663915,0.2370816479565971,0.2524822202045233,"3.8815637979434374"
-0.09958921246131171,-0.008739037227243297,0.045467235204202254,0.08437027375837812,0.11484748313726006,0.1400858727956685,0.1618058876772704,0.181002750234987,0.19829389887108204,0.21408950317403586,0.22867664489295716,0.24226461649314088,0.2550109785629798,0.26703749269266464,0.2784403247724113,0.2892968383781557,0.29967026185636836,0.30961298337043175,0.31916893217463954,0.32837533548027675,"2.3513752571634776"
-0.26710562509043373,-0.14250840121081731,-0.06597969095437319,-0.009665488107497225,0.03530610728352743,0.07294798461069539,0.10543316642808644,0.13407975176485867,0.15975403045241016,0.18306052279987148,0.2044404804975382,0.2242267601154161,0.24267645187471318,0.2599915760300514,0.2763330256852028,0.2918304208443927,0.3065892995697649,0.32069646722438017,0.3342240220840675,0.3472324104082054,"2.8903717578961645"
-0.027987455623550882,0.030882732538451772,0.06932185517368342,0.09880580642393419,0.1232055374796191,0.14439941633588121,0.16340247478907757,0.18079537073202012,0.19694085904575462,0.212082351727677,0.22639237996854913,0.23999852673046063,0.252998341813497,0.2654684440949333,0.2774703536887049,0.28905438300982456,0.30026232241757467,0.3111293480770574,0.321685411242231,0.3319562718442058,"-0.6931471805599453"
-0.17416288716747322,-0.07455999205063764,-0.012258978408180224,0.03423231511298112,0.07178817698768633,0.10353178832583565,0.1311655150240736,0.15573290998601813,0.1779284731463919,0.19824132546620857,0.2170290112100078,0.2345594104430716,0.2510369214071308,0.2666199981390339,0.28143334888571864,0.29557657064597953,0.30913032567254267,0.32216080393931273,0.3347229831891968,0.3468630395494429,"2.0794415416798357"
-0.24832485894233172,-0.13020858182681327,-0.0571186677723554,-0.002990254710992983,0.04048063579197942,0.07705138321704172,0.10875765949957315,0.1368350302570948,0.16209618165510944,0.18510879141556602,0.20628774083725018,0.2259464791102823,0.24432754225147962,0.26162188512260504,0.2779818882901724,0.2935305463725195,0.30836817800005195,0.32257742528925,0.3362270244713134,0.34937467428527313,"2.6026896854443837"
-0.04962446840542652,0.016717979082550464,0.05936223898282984,0.09171132164107204,0.11817685581892524,0.1408682498259894,0.1609730722384668,0.1792004317093869,0.19599455949986627,0.21165059123383573,0.22637502203196133,0.2403185931610408,0.253595201636238,0.26629336071835974,0.27848347418632513,0.29022264057817315,0.30155793600077485,0.3125287239962602,0.32316832254969163,0.3335052340242876,"0.6931471805599453"
-0.18849149993279668,-0.0864198278644279,-0.022480756066065363,0.025322091825000233,0.0640144307076847,0.09678356303237916,0.12536251195491704,0.15080934696482393,0.17382539224597457,0.1949038786099484,0.21440631253176393,0.23260518343779132,0.2497099635526753,0.2658841855343151,0.2812572772024482,0.29593301430694136,0.3099956538062499,0.32351442950931647,0.3365468774553071,0.34914131934226705,"1.791759469228055"
-0.5458989145066144,-0.36046836704205576,-0.25019826278877916,-0.17108640582494974,-0.109218153097225,-0.058346664268058124,-0.015116476570748456,0.022487763089194812,0.055773377419556,0.08563788996053046,0.11272511409383962,0.13751337097832697,0.16036836001207247,0.1815763494908243,0.20136583131022565,0.2199221342870245,0.2373975938901883,0.25391883354028216,0.26959211442373315,0.2845073568369251,"3.7376696182833684"
-0.5587549127534219,-0.3801618963949835,-0.2726254382271906,-0.1946185608025082,-0.13301144317608504,-0.081906156474864,-0.03813092257646541,0.0002223983651558509,0.034393927420503054,0.06523664973400463,0.09336340039183996,0.11923003677053272,0.1431854510707384,0.16550312769250344,0.18640184172292243,0.20605967191843133,0.2246237433695228,0.24221716012714403,0.25894404341525207,0.2748932667096328,"3.7612001156935624"
-0.19603964133972046,-0.09111758261785867,-0.02566949807409241,0.02308552119859787,0.06242314778388701,0.09564362799503422,0.12454105123244658,0.15021049342983395,0.17337756882073097,0.1945523699578874,0.21410855283386138,0.23232757210943045,0.24942562304194213,0.26557134591504744,0.28089809741665145,0.29551271379976757,0.30950186654609463,0.32293671818991515,0.335876363849545,0.34837039961455596,"2.1972245773362196"
-0.10140772015269829,-0.022185008285493794,0.02839268550136043,0.06669495762651363,0.09799425214138417,0.12471170077088779,0.14819218508168425,0.16927579017491556,0.18852376561544026,0.20632533845564127,0.22295774231189308,0.2386235700955844,0.25347469911435927,0.2676277604454166,0.28117429297198687,0.2941875459995864,0.3067271406232544,0.3188423367845774,0.33057437289003133,0.34195817511844384,"-0.6931471805599453"
-0.4664319402138985,-0.29627967671432676,-0.19403930412191303,-0.12008164593584662,-0.061848573645159846,-0.013688813068316982,0.027441029227021223,0.06337389744197901,0.09530236756311626,0.12404802866447394,0.15020263530603786,0.17420787821472505,0.1964031148997193,0.21705525617497087,0.23637822187298357,0.25454606778606137,0.27170215014563515,0.2879657326612349,0.3034368886280546,0.3182002265098582,"3.5553480614894135"
-0.1908354298958972,-0.08787599186803888,-0.023466461088480495,0.024633424979147833,0.06352710510683955,0.09643701524699565,0.12511518454930662,0.15063120812771777,0.1736939821080108,0.1948019999859967,0.2143205661684784,0.23252497789524842,0.24962681728350555,0.2657912231618177,0.2811488611170202,0.29580447260301596,0.3098430774090692,0.32333451927562973,0.3363368276120018,0.3488987275738321,"1.9459101490553132"
-0.175413413747401,-0.06035184594822173,0.006954863925526886,0.054711892743607264,0.09177911551130208,0.1221376731071551,0.147921847394231,0.17039491759460215,0.19035957433752348,0.20835659878839413,0.22476784636599392,0.2398731493520265,0.25388377042642046,0.26696314597438936,0.2792403280636773,0.2908190123709375,0.301783788487042,0.3122045737972764,0.32213982927355966,0.33163894178312536,"2.6026896854443837"
-0.12177974061745031,-0.03709142456105122,0.016693534612220055,0.05728692141110037,0.09037736596601921,0.11856396957516012,0.14327817263194806,0.16540874952714227,0.18555127848666195,0.20412333769584606,0.2214260553867832,0.23768145275237565,0.25305673175701154,0.2676804544599127,0.28165343927165676,0.295056193962032,0.3079540685248062,0.3204008918387033,0.3324415856125327,0.3441140769913951,"0.4054651081081644"
-0.27813649733121476,-0.15251824287384386,-0.07512961104652771,-0.018012865180167734,0.027729816701845583,0.06612044046382831,0.09933547098537925,0.12869354499863514,0.1550596590684668,0.1790361629598082,0.20106218748748927,0.22146919450773123,0.24051390441836992,0.2583989503703143,0.27528657658813577,0.29130819285475595,0.3065713068031312,0.32116469067920844,0.3351622977385512,0.3486262631213875,"2.803360380906535"
-0.007144017935652208,0.04335168319362222,0.07723123222777821,0.10377006941951183,0.12623492448888793,0.14615372058146997,0.1642867747900952,0.18107282116766774,0.19679240417786467,0.21163824792799585,0.2257498444704071,0.23923222848943215,0.2521669707303277,0.2646190091163421,0.27664110073030684,0.2882768387755378,0.2995627646632038,0.31052988784882013,0.32120480554568964,0.3316105446381319,"1.5040773967762742"
-0.160004263503673,-0.06275575899603737,-0.002065027341201621,0.043108140468333146,0.07950405503463934,0.1101907074216124,0.1368463278668697,0.16050486547470516,0.18185668089974633,0.2013871747390508,0.2194487845578523,0.23630311403560622,0.2521479873830217,0.26713569204082477,0.2813855197432178,0.29499247919394495,0.3080334165619162,0.3205713722719221,0.3326587281613524,0.3443395156665492,"2.2512917986064953"
-0.22428909619631562,-0.11189096356282535,-0.0421552748096846,0.00958263231995921,0.05118945103806895,0.08622855649917532,0.11663318456938508,0.14357941242918773,0.1678432915081374,0.18996860788503286,0.2103534278538278,0.22929827381453724,0.24703498779406327,0.26374531435323034,0.27957361220659294,0.2946359180557595,0.30902656688560143,0.32282309374195145,0.3360898968092281,0.3488809973385434,"2.4849066497880004"
0.03565581305791595,0.06578298388195668,0.09034205666911309,0.11184008137555197,0.1312820220146716,0.14920533412996212,0.16594146438765306,0.18171341561190454,0.19668040738379933,0.21096115388771775,0.22464715058582965,0.23781078833904193,0.2505105755177725,0.2627946430254518,0.2747031792995534,0.2862701714006864,0.29752468078561567,0.3084917980265954,0.3191933704926029,0.32964856599107933,"1.6094379124341003"
-0.4949139405487983,-0.3258497926132909,-0.22339778692664786,-0.14869165520769248,-0.08942891065369359,-0.040077044607557524,0.0023425755186038126,0.039623951804868746,0.07293442542040292,0.10307800720155096,0.1306333072126422,0.156031637723657,0.17960396982662946,0.20161051881654227,0.22226009653149925,0.24172316944372924,0.26014091136977385,0.2776316376278229,0.29429548868273975,0.3102179198820658,"3.5263605246161616"
-0.3546775524836093,-0.20704192694206683,-0.11769753333637524,-0.05273307000638862,-0.0013736091414320445,0.04124178934730741,0.07773732784125223,0.10969802462860888,0.13815935768780743,0.16383874533525633,0.18725633471147307,0.20880269725488462,0.2287790212724738,0.247422268955613,0.26492174942764707,0.2814305678118236,0.29707385285678567,0.31195484356886277,0.32615948079967144,0.3397599162164584,"3.2771447329921766"
-0.6008872203057685,-0.4175555053252436,-0.30796638281246813,-0.22895639109529684,-0.16688973817087047,-0.11564695829962521,-0.07194055494453007,-0.03379501166781421,0.00007201348184388656,0.030541377407124728,0.0582450053904126,0.08365215653013221,0.1071212681400666,0.12893266478192617,0.14931002242283048,0.16843491570963393,0.1864569474034298,0.20350096743220483,0.21967232510178325,0.23506076347750246,"3.9415818076696905"
-0.03403793460930297,0.028869050017932406,0.06915060382352142,0.09958026146968653,0.12445876025113355,0.1458662978054637,0.16492089662467393,0.18225810052456917,0.19827281342499098,0.21322878840174944,0.22731220063326685,0.24066020029465243,0.25337728043275437,0.2655452378931832,0.2772295401395189,0.28848356373747525,0.29935151386641967,0.309870494333801,0.3200720121349757,0.3299830947668111,"1.0986122886681098"
-0.31196961623141767,-0.172459619471608,-0.08810939419387177,-0.0268537436822586,0.021508714561605264,0.06158455716088176,0.09586304734976561,0.12585028886437016,0.15253310933270633,0.17659753407571938,0.19854196852771952,0.21874033831964965,0.23747977885919136,0.25498465143580923,0.2714327532777987,0.28696674047662335,0.30170240408518945,0.31573476849343435,0.3291426363533715,0.3419920074357432,"3.1780538303479458"
-0.53121895948423,-0.3570767535764853,-0.2517998722920169,-0.17517197772028179,-0.11447249035549278,-0.06398482788181244,-0.020633291118329896,0.017433396463500124,0.051419060297909665,0.08215222722770685,0.11022858607415272,0.1360916238118697,0.16008111967821398,0.1824637384946043,0.2034530851561703,0.22322326960949332,0.2419183288098249,0.2596589259317094,0.27654721771871227,0.29267046485329573,"3.6375861597263857"
-0.1862729243565478,-0.07868275626235385,-0.01265962152402831,0.03579996503197318,0.07437703524490441,0.10656209713130027,0.13426041125017021,0.15864244832133545,0.18048669539302045,0.20033781682860993,0.21858909908706758,0.23553089805998068,0.25138175169671667,0.2663092519065201,0.2804442831532921,0.29389083761022144,0.30673286352998647,0.31903911342461283,0.3308666311482203,0.34226330099874286,"2.70805020110221"
0.03829316560926822,0.07009182754830971,0.09514753886759218,0.11666496089518204,0.13587573915316598,0.1534211093866052,0.16968671409061514,0.18492691462447156,0.19932054253029383,0.21299915139356906,0.22606297307525308,0.23859053974764172,0.2506447775143446,0.2622770570574565,0.27352998194349193,0.2844393620347152,0.2950356483327342,0.30534499911685964,0.3153900867021487,0.32519071850686065,"0."
-0.21874294411020642,-0.09368485373509505,-0.020040310330709302,0.032396197772204725,0.07316250074932226,0.10654236839535068,0.13484898526411954,0.1594767586493257,0.18132520243593728,0.20100296359198563,0.21893855017130748,0.2354442860128976,0.25075469156975344,0.2650503629045647,0.278473368704703,0.29113751627342677,0.303135406416111,0.3145434124149116,0.32542527649689335,0.33583476085906333,"2.833213344056216"
-0.2376578390886074,-0.12327671033192757,-0.05217881352547301,0.0006792527229183829,0.04327676788389301,0.07922471819114554,0.11047986150339603,0.13823018030324413,0.16325732411218302,0.1861075217447361,0.2071801936044638,0.22677731067251422,0.2451327147975772,0.2624306818372376,0.2788184037608069,0.29441480300437106,0.3093169695120245,0.32360495889646845,0.3373454137820935,0.3505943209994583,"2.302585092994046"
-0.023865479741003465,0.032074202360039286,0.06915683618705769,0.09794114087053246,0.1219915911144368,0.14304028166754693,0.16202552679079069,0.17948589590031133,0.19575901594107956,0.21107221332566717,0.22558715292929687,0.23942376430996504,0.25267402612929957,0.26541039283082835,0.27769120324727886,0.289564295286729,0.30106950507886077,0.31224044535463585,0.32310580260907423,0.3336903037495289,"1.5040773967762742"
-0.14517471915161856,-0.0467770653757309,0.01348150919039008,0.057589202098635134,0.09260567232945689,0.12175806216626377,0.1468277129200439,0.16891733800683678,0.1887549565177954,0.2068389501144045,0.22352012794072992,0.23905238930530473,0.2536246242525526,0.26738098611375005,0.28043401308399624,0.29287332589023035,0.30477154091017555,0.3161883906180186,0.3271736617899159,0.3377693353445022,"2.5649493574615367"
-0.39335759749472393,-0.2366211937264346,-0.14219095646740118,-0.07376768270249272,-0.019829292678661875,0.02481678881985438,0.0629706296065759,0.09632109519806756,0.12596935718366395,0.1526764270767887,0.17699255981874967,0.19932998047271588,0.2200061381198897,0.23927073465768056,0.2573234246323827,0.2743259332741572,0.290410686676418,0.3056871553077369,0.3202466257135918,0.3341658480584976,"3.3843902633457743"
-0.5702332115212152,-0.3891710256134209,-0.28047025179159774,-0.20182327758843568,-0.1398550156703196,-0.08855843281029756,-0.044703850093371064,-0.006348871806206392,0.027768444759969077,0.058515749269632766,0.0865161377190942,0.11223287562199008,0.13602033645487577,0.15815613765527828,0.17886221452062862,0.19831908504079734,0.21667576712087555,0.2340568362969313,0.25056755662988445,0.26629768658945646,"3.817712325956905"
-0.579696858902382,-0.4002800758966598,-0.29233530613970016,-0.21406922416633922,-0.15227508077170931,-0.10102337389106852,-0.05712681538439331,-0.0186687441751244,0.01559600936558707,0.046523566321623064,0.07472873638278804,0.10066857630942669,0.12469262203536277,0.1470745930284466,0.16803320705379562,0.1877462940046828,0.2063606268842122,0.22399892856699324,0.24076496776742504,0.2567473345070667,"3.828641396489095"
-0.4538249839454116,-0.2893161612883097,-0.18975948600031153,-0.11729019079614457,-0.05990895801457865,-0.012214303964846707,0.028704281348196987,0.06460103255779666,0.0966182639773327,0.1255435527103585,0.15194455297832507,0.1762452899208144,0.19877190697435662,0.21978136485124866,0.23948012973158184,0.2580367521130779,0.2755906026115078,0.2922581260793371,0.3081374508488968,0.32331187626626495,"3.481240089335692"
-0.4250321755002033,-0.26852585587377714,-0.17317260238579626,-0.10335308398731859,-0.04777727627482061,-0.0013613767546093365,0.03863513029786529,0.0738649196853418,0.1054048745480803,0.13399802320324394,0.16018037897775564,0.18435273766359703,0.20682374123233732,0.22783689924368472,0.24758818380477324,0.2662378664820427,0.2839187302193955,0.3007419400963221,0.31680136407179904,0.3321768393860163,"3.295836866004329"
-0.5274012399717694,-0.35224578298124704,-0.24656344128497418,-0.1697847503489743,-0.1090740486719261,-0.058661900811172826,-0.015443759696845704,0.022449149479056935,0.05623206186220606,0.08674136947496192,0.11457845164489246,0.14019109973006197,0.16392247705650748,0.1860419857981891,0.20676547865809167,0.22626891300683172,0.24469782552971883,0.26217406763748974,0.27880070409864866,0.2946656553101694,"3.6635616461296463"
-0.0653470490633336,0.017643763588144745,0.06619711863283087,0.10080894292142145,0.1280876869169307,0.15085616763720563,0.17053406607751562,0.18795876126586558,0.2036634594966442,0.2180087767023137,0.23125034866371266,0.24357680364756507,0.2551300184027175,0.26602116628883177,0.27633836589871397,0.28615203379949117,0.29552051247735944,0.30449218989911836,0.313107229474826,0.3214001743232537,"2.0149030205422647"
-0.5159662672809199,-0.34359460718057233,-0.23931750444686734,-0.1633834394703817,-0.10321460025358234,-0.05315678788162611,-0.010166973884366137,0.02758695974404602,0.06129670301474933,0.09178267577863672,0.11963496278187777,0.14529310395826484,0.16909407605337246,0.1913025464152933,0.21213068565587634,0.23175155317957263,0.25030838501471714,0.26792119498396305,0.28469157376953486,0.30070625522475664,"3.597312260588446"
0.00853102163997621,0.05381701267131628,0.0845344563431411,0.10897576682952144,0.13010045300265002,0.14906050775498958,0.16645131974822752,0.1826308383452825,0.19783547067928942,0.21223169630414707,0.22594234626549872,0.2390613164219603,0.25166241229975495,0.2638049683335883,0.2755375793200433,0.286900669698734,0.2979283169041396,0.30864957891012745,0.3190894822638818,0.32926977159708953,"1.252762968495368"
-0.5040836798839244,-0.3326897718949434,-0.2290410909310866,-0.1536005318217475,-0.09385393783591886,-0.04417408933444612,-0.0015317184667706886,0.03589740099694765,0.06930006252257609,0.09949350304590461,0.1270657099828457,0.15245486682758963,0.1759971135670833,0.19795663581160056,0.21854534506879328,0.23793615777210572,0.256272201902561,0.2736733619911299,0.2902410451565238,0.3060617337734708,"3.58351893845611"
-0.6103144860305305,-0.42212751241358215,-0.31053231319459634,-0.23061977297214334,-0.16821095328277133,-0.11694909220726579,-0.07342380036942502,-0.03558896283019282,-0.002118738872894641,0.027895929201159877,0.05510598790908601,0.07999394840871574,0.1029277269217528,0.12419455914320353,0.14402320969751953,0.16259899322134996,0.18007421810868662,0.1965756272080674,0.21220981784980023,0.22706727156736817,"3.9512437185814275"
-0.3465068431671653,-0.20638790856247308,-0.12043808651025428,-0.05717684737773891,-0.006608335799990167,0.0357761116288876,0.07241100177964996,0.10476709441571569,0.13380495788789953,0.16018954555894419,0.18440262253269038,0.20680616629687523,0.22768016181089729,0.24724618115389793,0.26568271370421165,0.28313554096007976,0.2997250379413303,0.3155514995036845,0.3306991443349183,0.3452391946470276,"2.995732273553991"
-0.0737865327283205,0.005504494624576304,0.05423744337371355,0.08993973727577892,0.11833999908787678,0.14214728695710832,0.16286059294249802,0.18135784492643917,0.19818148385224343,0.21368900211859082,0.22812911092338528,0.24168248998108247,0.2544850065576929,0.26664172432126754,0.27823577647556,0.28933422040807766,0.2999920359408118,0.3102549367714921,0.32016139756516754,0.3297441476121123,"2.1400661634962708"
-0.05800647512508179,0.007892902668170297,0.05087500748237744,0.0839174152312383,0.11124485642710792,0.13484152619525167,0.15583243995527224,0.17491395095549117,0.1925357342758954,0.2089998172756052,0.2245178530436483,0.23924402626285138,0.25329445588991506,0.2667590767596474,0.27970920331049726,0.2922025210170803,0.30428648811828773,0.31600072083575764,0.3273787082638322,0.3384490728542006,"1.6094379124341003"
-0.13669122154672642,-0.038005167067188574,0.021705370615423988,0.06499077005975333,0.09908839359546749,0.12731525269504376,0.15150630823343142,0.17278587264334924,0.19187966814420732,0.20927375237411067,0.22530610473495044,0.2402204751108626,0.25419841976400265,0.2673789480953936,0.2798710034936521,0.2917616713917669,0.3031217511661448,0.3140096468166038,0.32447415207272967,0.33455648811905814,"2.5649493574615367"
-0.6304274031621845,-0.4413664115213254,-0.3302686481573685,-0.25123762961982654,-0.18983128243954678,-0.13959756392880804,-0.09708688245625281,-0.0602363968167335,-0.027713552875706895,0.0013926666643897434,0.02773282103378197,0.05178784299564732,0.07392345140210693,0.09442435986839164,0.11351664992583486,0.1313828959241975,0.14817268456477667,0.16401011579923278,0.17899927106152222,0.19322827957224134,"3.9982007016691985"
-0.1322581968636315,-0.03185106564587498,0.027900826615296647,0.07071323022154728,0.10416275258592995,0.13171900958114388,0.15527917826811516,0.1759727300652197,0.19451022458669617,0.21136359821675713,0.22686210866553175,0.2412448741840608,0.25469128407660496,0.2673395302832889,0.27929843654823294,0.2906553068044396,0.301481305082989,0.31183524580649824,0.32176632799951205,0.3313161486422602,"2.5257286443082556"
-0.3134837476992181,-0.17620962538377283,-0.09264949571119499,-0.03160850701750186,0.016836346698117535,0.05716701149010545,0.09180635016320282,0.12222040892560639,0.14936939165362065,0.17392067375810213,0.1963596397346766,0.2170516055459899,0.23627856385761162,0.25426228842823745,0.271179699972302,0.28717360028945316,0.3023604544603807,0.31683617339091924,0.3306804770028806,0.3439602200993668,"3.1354942159291497"
-0.5969045561541757,-0.4055189852484244,-0.292470199387709,-0.2117684831038909,-0.1489029923403073,-0.09737452452899363,-0.053700301087490465,-0.01579334784727455,0.017697002256663395,0.04769580219525105,0.07486485477315351,0.09969439136413659,0.1225580229849287,0.14374727518375782,0.16349415235982645,0.18198637712939544,0.19937798713271473,0.2157968993651018,0.23135043935723465,0.24612946960670096,"3.8607297110405954"
-0.06458553229171882,0.010043313543508623,0.056595573178051264,0.09108456404513039,0.11876236008791506,0.14212608045028485,0.16256872862505098,0.18091261032658884,0.19766780769458267,0.2131708219075181,0.22765581879141183,0.24129295855752828,0.2542102731841774,0.26650686044723276,0.27826123044083434,0.28953680475764476,0.30038566717207354,0.31085119849712006,0.32096997526036736,0.3307731684236804,"1.9459101490553132"
-0.0876285242871561,-0.006364234496135328,0.04412877672404168,0.08145717394132763,0.1113326935281242,0.13642380847628166,0.15823110023173942,0.17767240994129796,0.19533247375399637,0.2115991971069106,0.2267415841003803,0.24095383172282783,0.2543810045597074,0.2671346045371173,0.2793024075512722,0.29095491579305777,0.3021497333861018,0.31293462156878926,0.32334968703826883,0.3334289848612917,"2.1400661634962708"
-0.5500359478942751,-0.3695944560525669,-0.26130911845040466,-0.18300839718336623,-0.12135301688709256,-0.07034939418824114,-0.026773952163413692,0.011312563645132575,0.045170333674012936,0.07566599644136768,0.10342213244557086,0.12890187120708488,0.1524597489495018,0.1743737601153151,0.19486633796646566,0.21411852643348697,0.23227981633602254,0.24947514264018625,0.26580997907776027,0.2813741309727099,"3.7612001156935624"
-0.27618461855656895,-0.15122228605159502,-0.07418324592972217,-0.017289732174875793,0.028298958894620266,0.06657912806611437,0.09971341512556477,0.12901214660921506,0.15533492135091023,0.17928037663809646,0.20128497908494072,0.22167821923827838,0.2407153274750306,0.2585977937466594,0.2754869750727506,0.2915135857052604,0.30678458254043506,0.32138829724011064,0.3353983268839041,0.3488765156492143,"2.772588722239781"
-0.05035988003600672,0.022100494301103207,0.06668333940781744,0.09936706367656675,0.12548124732544064,0.14756243983708978,0.166944364957456,0.18437390531225648,0.20031261940469666,0.21506768618553684,0.22885518127614563,0.241833638422489,0.25412328370853243,0.2658177537010292,0.27699159372183063,0.2877052519274761,0.2980085181594738,0.3079429595797018,0.3175436879905448,0.3268406694136525,"1.9459101490553132"
-0.41528763228996957,-0.2546348408863586,-0.15785248747263816,-0.08771564409765605,-0.032414583036050416,0.013370717631696274,0.052508065199429514,0.08672646494491854,0.11715245948584155,0.14456374066424185,0.16952191759266128,0.19244731974309848,0.21366357499267552,0.23342545214151803,0.2519370164320974,0.26936396794937034,0.28584235710292893,0.30148495088834837,0.31638600850842075,0.33062493473317106,"3.4339872044851463"
-0.07750141996152927,-0.005796568953951241,0.04053896350390426,0.07593989351468625,0.10507474471144608,0.13010588814538857,0.15224788712676324,0.1722607616426371,0.19064651199120752,0.20774783974504274,0.22380620890577985,0.23899734043901893,0.2534530220701555,0.26727476472040423,0.28054258877481053,0.29332084465134434,0.30566217948380187,0.31761031225224867,0.32920202208401783,0.3404686036768589,"1.252762968495368"
-0.33423549682990694,-0.19297417873211367,-0.10697900565098409,-0.04413564227316905,0.005763987900142821,0.04732779892247706,0.08304526444699843,0.11442137852134841,0.142440375120556,0.16778502217317756,0.19095109537530422,0.21231154358431395,0.23215456466644013,0.2507074043640888,0.2681520070796875,0.28463581589241693,0.300279536924966,0.3151828951812598,0.3294289907914777,0.34308764076903275,"3.1780538303479458"
-0.556835611458801,-0.37099460338659784,-0.2603781298034801,-0.1809527467073865,-0.1187949298505541,-0.06765351811659037,-0.024170261534736975,0.013672245584118064,0.04718289552242767,0.07726038072203499,0.10454933401214912,0.12952861990694284,0.15256430229158907,0.17394293536637312,0.19389330066823127,0.2126010733031569,0.2302190141230921,0.2468742490359013,0.2626736013757451,0.2777075889966021,"3.7727609380946383"
-0.3534110118361824,-0.1986150334737059,-0.1068682846725124,-0.0412563953971497,0.009909827918215727,0.05187943380313578,0.0874725281813788,0.11838585276524533,0.14572433098274787,0.17024993077690845,0.19251046709007158,0.21291207768256387,0.23176309955769714,0.24930226127534647,0.2657175997973,0.28115953626308166,0.29575010923665707,0.30958960833435456,0.3227614148833006,0.33533558662855056,"3.258096538021482"
-0.15003032252106785,-0.056838582708455834,0.0017423504140580796,0.04561132727953586,0.08114455415207864,0.11124537380137395,0.13750276779268167,0.16089637880415256,0.1820809301389544,0.20151734825933373,0.21954081695625685,0.23640055467102494,0.25228534209877096,0.2673407419787179,0.2816809510322785,0.29539704669734224,0.30856278974488355,0.3212387612377971,0.3334753551867403,0.34531497627744184,"1.791759469228055"
-0.020293062008136006,0.032980225011646595,0.06881244543453899,0.09694594710168825,0.12067114618594502,0.14158824480162788,0.16056534771477116,0.1781017654205492,0.19451126513858658,0.21000565556254666,0.22473597190327105,0.2388145648713683,0.2523278362765064,0.26534403138380513,0.27791824534200427,0.29009577273344067,0.3019144261318387,0.31340618803372994,0.324598417361202,0.3355147497640963,"2.302585092994046"
-0.5723635052479766,-0.38523843309978356,-0.2739310350631584,-0.19404517316301143,-0.13154757215420676,-0.08013974031603116,-0.03643892964944059,0.0015864720791104899,0.03525423701011807,0.0654688681042558,0.09287888313304282,0.11796575697435233,0.14109730729145184,0.16256127821684188,0.18258728872430108,0.20136164838993806,0.21903764931580372,0.23574290592651714,0.25158471882639977,0.26665408387042694,"3.817712325956905"
-0.5926551878083891,-0.4002828357991724,-0.28686793194359256,-0.20601715349898517,-0.14310222869594952,-0.09157632558810902,-0.04793380717966055,-0.010075520175969823,0.023356193637603846,0.053290655712135586,0.0803924217715157,0.10515357467651627,0.12794899215148842,0.14907105035954876,0.16875228769391146,0.18718071382527107,0.20451046361949163,0.2208694116524372,0.23636474524418877,0.2510871296036112,"3.828641396489095"
0.023923731413445073,0.06005212053952255,0.08626835671545734,0.10864884714935995,0.12869635860925469,0.14709754435228684,0.16424328260515814,0.1803844174735686,0.1956947021393515,0.2103010615496659,0.22429992303972082,0.23776679077565643,0.25076222219038996,0.2633357463334766,0.27552853658680765,0.28737529413536983,0.2989056120291101,0.31014498631770165,0.32111558074273033,0.3318368152343283,"2.2512917986064953"
-0.5444504996453371,-0.355619730581814,-0.24417258188525792,-0.1646730926008666,-0.10278254416614595,-0.05207943336781412,-0.009123388421705387,0.028146668966933602,0.061064563142007255,0.09054411032342576,0.11723958593679538,0.14163614666706165,0.16410386184557765,0.18493158158428985,0.20434905463393505,0.22254190522214692,0.23966210493247575,0.2558355019573028,0.27116736446970924,0.28574654326072846,"3.6888794541139363"
-0.04149191601022041,0.01994644895498732,0.060238283291783414,0.09129802516917432,0.11705116785213555,0.1393776341650758,0.15933857715352212,0.17757008637222077,0.19447245612713956,0.21031283546833215,0.22527895525609998,0.23950843198772254,0.2531056612639738,0.26615208225814435,0.27871270872594944,0.29084045250506024,0.3025790845341641,0.31396532287939677,0.3250303428600471,0.33580089355348,"1.3862943611198906"
-0.06028308435553823,0.01205587105475253,0.057534310019631746,0.09143289316239299,0.11876985432013588,0.14193596607205308,0.16226920815178172,0.18056231695165317,0.19730833967505765,0.21283301683268716,0.2273632369880262,0.24106399475466336,0.2540595246790003,0.26644605838419966,0.2782998976303334,0.289682733792664,0.3006452759225368,0.31122979941143686,0.32147198261269677,0.3314022599899457,"1.791759469228055"
-0.014354827904144838,0.042236578309051705,0.07874315650486909,0.10650274547298998,0.12949141010972015,0.1495529722895345,0.1675931109800434,0.18412862474300534,0.19948671477274665,0.21389013047480804,0.22749874441107323,0.2404319898501252,0.25278193084643785,0.26462134444048424,0.27600896359226307,0.28699301412673295,0.29761367988572207,0.3079048688820368,0.31789550887544143,0.32761051737514163,"0.6931471805599453"
-0.3901510687288245,-0.22945115817186668,-0.13374695722298083,-0.06505496706172477,-0.011333458311744473,0.032833186129128285,0.0703581476084459,0.10299455038355891,0.1318835466955665,0.15781251975110874,0.1813492368304903,0.20291694816498693,0.2228392142671398,0.24136827242938413,0.25870392570193534,0.27500664081688625,0.29040690233983074,0.30501203372917446,0.31891124859418357,0.33217943881372963,"3.367295829986474"
-0.5987155042393235,-0.4157479504689322,-0.30629732275771515,-0.22733789403037138,-0.16527676877417952,-0.11401332607863073,-0.0702699109087867,-0.032076717497041767,0.001845039613477127,0.032373888156402464,0.06014017047760191,0.08561203985718606,0.10914714562979844,0.13102524372982643,0.15146959771040147,0.17066148416495858,0.18875029343773744,0.2058607282011184,0.2220980404814125,0.2375519143566411,"3.9318256327243257"
-0.07872827927606392,-0.006403651441197563,0.04024547127404064,0.07583145882200551,0.10508009662270827,0.1301801342271272,0.1523608317469813,0.17239129387286267,0.1907794162701961,0.20787183429880499,0.22391271107308208,0.2390796756243032,0.25350590334936457,0.26729394031455556,0.2805245963665508,0.29326283565785793,0.3055617904151798,0.3174655685829416,0.3290112651028017,0.3402304339201426,"0.9162907318741551"
-0.4125745377304788,-0.2573932995646292,-0.1629543072044294,-0.09388848592265203,-0.03897999546063741,0.006823528326138431,0.04624654854535022,0.08093254977732342,0.11195281241964014,0.14004690699259434,0.1657487843832732,0.1894580912813965,0.2114828720812316,0.23206630927150407,0.2514041127115497,0.2696562245903703,0.28695496540695503,0.3034108903615043,0.31911712959591687,0.3341526912084069,"3.3141860046725258"
-0.02568979537343923,0.03156573737398936,0.06925966165930905,0.09835991560121654,0.12256793501139408,0.14368137233078784,0.16267310126139967,0.18010076820846688,0.19631344891977573,0.2115458292813526,0.22596456216985594,0.23969309962404645,0.2528259899813389,0.26543761201882543,0.2775877769162265,0.28932546943084275,0.3006914325762328,0.3117200054895655,0.3224404629793695,0.3328780130119385,"0.9162907318741551"
-0.41785864128970646,-0.26116303016957165,-0.16592435037695033,-0.09635149910827286,-0.041095239425854295,0.00495657882316249,0.04456043303881872,0.07937894842201464,0.1104957477163399,0.13865881382050854,0.16440808016598288,0.18814759126801356,0.21018870842807152,0.2307771649188444,0.2501106607466665,0.2683507076602303,0.2856308745941365,0.3020627172153218,0.31774017334231713,0.3327429081980384,"3.349904087274605"
-0.6040459898086661,-0.4117430128786996,-0.2984034578988229,-0.217621144347975,-0.15476727435728152,-0.10329600087884315,-0.05970273875599477,-0.021889231950052476,0.01150141989812593,0.04139785613651794,0.06846397425017674,0.09319120448098821,0.11595378968627724,0.13704351630548264,0.1566924058732673,0.17508804296018796,0.1923842361523885,0.2087086290420268,0.2241682624016395,0.23885372469081992,"3.871201010907891"
-0.072981587668291,0.0009674018364286407,0.047913938255437556,0.08322068300365393,0.1118829908541299,0.1362427332105022,0.1576239658744416,0.17684272137247933,0.19442305190280343,0.21071485570690598,0.22596191229131485,0.24034082703063137,0.2539839035386336,0.2669930966736852,0.27944886314905,0.29141598265240387,0.3029475125377268,0.3140875525257447,0.3248732268052635,0.3353361369759576,"1.5040773967762742"
0.009346579866272879,0.053440799911286474,0.08368625717615684,0.10794010560073754,0.1290096028510212,0.14799044719009138,0.16545059531873044,0.18173251873793442,0.19706305550474543,0.2116023858142865,0.2254689989418873,0.23875369129803145,0.25152799361716,0.26384953291306024,0.27576559850380195,0.28731560112082255,0.2985328206995366,0.3094456807899504,0.32007869841547415,0.3304532056383528,"1.7047480922384253"
0.006079495533058799,0.05446832485754131,0.08638160464499485,0.11128928583927118,0.132555161647504,0.1514743432074682,0.16870999257915484,0.18465756998315586,0.19957634962280288,0.213647697068864,0.22700460621896643,0.23974816651787595,0.25195742198807125,0.2636956101643512,0.27501428919758353,0.2859561689651871,0.2965571129494138,0.3068475906314113,0.31685375475862254,0.3265982558531006,"Indeterminate"
-0.006827778393366586,0.04337322127079228,0.07712310170617176,0.1036010543879635,0.12604027748153904,0.1459533543684978,0.16409326716895406,0.18089470804492755,0.19663576338248873,0.21150755561432408,0.22564847914104436,0.2391627869931546,0.2521314762816965,0.264619053639427,0.27667794537401136,0.2883514867654627,0.2996760152742435,0.3106823771463037,0.32139703763961935,0.331842915999703,"1.6094379124341003"
-0.5003784240967306,-0.32362964935844063,-0.21780565713952424,-0.14147308180533147,-0.08151187782997547,-0.032022632579226516,0.010168984794763242,0.04697304196812375,0.07963099678813979,0.10899700511002693,0.1356852869423893,0.16015345158491864,0.18275241928036515,0.20375772799125738,0.22338993271350865,0.24182836120177786,0.25922069265158904,0.2756898330044775,0.2913389887203489,0.3062555025981712,"3.6375861597263857"
-0.24007042806758563,-0.1220336877661867,-0.04931629733909522,0.0043082922655541455,0.047202994939864025,0.08315459920760786,0.11421654575833082,0.1416372576391633,0.1662398717033271,0.1886005782803835,0.20914061525459168,0.2281774964065724,0.2459557364182993,0.2626666584302555,0.27846195345279595,0.2934633453498393,0.30776964076170715,0.3214619388748568,0.3346075162469802,0.347262747536356,"2.772588722239781"
-0.4565256948127335,-0.27871918814929286,-0.17431149368468637,-0.1000832455378466,-0.042434616094156316,0.004708620871764821,0.044593446881547684,0.07916225165782069,0.10967151948071421,0.13698221003504207,0.16171056727919048,0.18431278250554628,0.20513566644616588,0.22444864723393637,0.24246488416848933,0.25935569685749565,0.27526070362184824,0.2902951064683593,0.30455502494012804,0.3181214658717882,"3.4339872044851463"
-0.26586135383179704,-0.14438750977020093,-0.069211598685639,-0.013509497009670064,0.03125668847984984,0.06894688347530432,0.1016503084908179,0.13063310437869116,0.15672612736962435,0.1805082093786113,0.20240157038580245,0.2227251281303317,0.24172609314859583,0.25959977815465773,0.2765027271013986,0.2925618669868996,0.3078811463335112,0.32254648413879,0.33662952364251614,0.3501905112889942,"2.5649493574615367"
0.007364618638685063,0.05420547464564257,0.08552743553417994,0.11020519702262739,0.13139980023801442,0.15033588120891644,0.16764354606625984,0.18370004927788822,0.19875359992893404,0.21297837685067503,0.2265024774410473,0.23942353204119535,0.25181807059127903,0.2637474610701858,0.27526184495674866,0.2864028416583047,0.29720546411237825,0.30769951091818015,0.31791060058708936,0.3278609547582499,"0.4054651081081644"
-0.5060328919971355,-0.33612876998070135,-0.23311220260953147,-0.1579457424099498,-0.09827692334889661,-0.048552420302347556,-0.005783172159672311,0.03183069638314479,0.06546010101423247,0.09591131927294731,0.123764395794542,0.14945150308155228,0.17330406622597433,0.19558247879048188,0.2164955648960086,0.2362137286888876,0.25487807825366265,0.27260690943220145,0.28950041830043416,0.3056442017672856,"3.5263605246161616"
-0.5213825381674666,-0.3415875414582576,-0.2340413203269191,-0.1565174614501449,-0.09565070655236703,-0.045433778408196714,-0.0026354859630229794,0.03468776924274075,0.0677987346066864,0.0975657418690402,0.1246127352192446,0.14940413898314617,0.17229576045569117,0.19356675688880717,0.21344048504807125,0.23209855706117047,0.24969060930777826,0.2663412898331894,0.28215539233751763,0.2972217208790646,"3.6888794541139363"
-0.3839833047034488,-0.22751394615558518,-0.13357625673021403,-0.06571867514244942,-0.012369850611064763,0.03168389746117997,0.06925293671469102,0.1020318008087367,0.13112535326729918,0.15729734622825692,0.1811000240178307,0.20294675657818695,0.22315522063445806,0.24197449416591488,0.25960294606346007,0.27620059763578925,0.29189798186721944,0.30680266317284494,0.3210041237673711,0.334577473264161,"3.367295829986474"
0.03268807580326823,0.06095693200262376,0.08480113466436844,0.10612931324561452,0.12571962883289242,0.14399607074292278,0.1612249903259126,0.17758876271668386,0.19321973568753725,0.20821807254027594,0.22266203184866765,0.23661430726115068,0.2501261487921607,0.2632401567757579,0.2759922420222087,0.2884130408154898,0.3005289613302277,0.31236297366008653,0.32393521707978756,0.33526347421857483,"2.70805020110221"
-0.17195170316378633,-0.06993610595854845,-0.006779360637090191,0.03991483598636823,0.07731829214851232,0.10869340662139276,0.1358232823926615,0.1598052661571294,0.18137094176659774,0.20103368273075098,0.21916538365006297,0.2360414403863034,0.2518696502883264,0.266809671759551,0.2809863667018159,0.294499042682805,0.30742792747850745,0.3198387668231176,0.3317861389292372,0.34331588138133545,"2.5257286443082556"
-0.4419940883821175,-0.2807409312519934,-0.1828862230144809,-0.11148520107282382,-0.05482893723566718,-0.00764586052732717,0.032905124515276704,0.0685368562713944,0.1003650339817804,0.1291591561492398,0.15547407074317607,0.17972443028541382,0.20222934282523378,0.22324038580181066,0.24295984735971207,0.26155300117095776,0.2791566268109066,0.2958851057363728,0.31183491136440183,0.3270880054110185,"3.417726683613366"
-0.10592632068794444,-0.024615992511571143,0.027028835518598342,0.06597289415989968,0.0976795289285649,0.12465696974049523,0.14829802966783137,0.16947232853297473,0.18876046322085543,0.20656473518978224,0.22317141120826897,0.2387894716820096,0.2535754226944006,0.2676493302121052,0.2811053382117981,0.29401871059194445,0.306450653372515,0.318451692332962,0.33006409033720857,0.34132361236959924,"1.0986122886681098"
-0.2877381805516497,-0.15334873013875833,-0.07208474584891826,-0.013080718705775193,0.033490779931917646,0.07207027161278957,0.10505928422569108,0.1339131608522432,0.15958764494853375,0.18274838423483492,0.2038790318741655,0.22334164865138761,0.24141313653107097,0.25830881635426384,0.27419853643049746,0.2892180637876602,0.30347730036405085,0.31706628372794504,0.33005961469515066,0.3425197572472111,"3.1135153092103742"
-0.3112248246041104,-0.17731594076605475,-0.09521666947179176,-0.034853751216853704,0.013334891775465898,0.05366749147292502,0.08847840551076726,0.11917989560944928,0.1466963707295573,0.17166978489217172,0.19456688987439383,0.21573936470920957,0.23545948631689476,0.2539424014844351,0.2713607494248234,0.28785473702967923,0.3035393783823225,0.31850986620019106,0.3328456457793459,0.3466135492947072,"2.995732273553991"
-0.5546301386394282,-0.3625011880076087,-0.24976805498995894,-0.16965265571209354,-0.10744723152835473,-0.056586297423238854,-0.01356210410063482,0.023721818615679097,0.05661944614195749,0.0860566968190231,0.11269528063208822,0.1370248617325711,0.15941809674625437,0.18016516002924243,0.19949632486933638,0.2175972726535371,0.23461979613771006,0.2506894804434814,0.2659113377957143,0.2803740186329299,"3.6635616461296463"
0.023959234108029824,0.06075709429064849,0.08720322428800463,0.10966501800502745,0.1297146488927096,0.14806896805850306,0.16513506801919542,0.181173547247239,0.19636446837814847,0.2108390503233988,0.22469675555746052,0.2380152977591155,0.2508568813022112,0.26327228687325177,0.2753036545741377,0.28698644251461713,0.2983508433376641,0.30942283281515504,0.3202249618080397,0.33077696494916986,"2.0149030205422647"
0.02383358455593027,0.059044841652338295,0.08493489120343002,0.10719412330340429,0.1272321203170433,0.14569439068486703,0.16294936587875317,0.17923416941713763,0.19471354265551014,0.20950818840165347,0.22371007637052137,0.23739142476602373,0.25061031290195257,0.26341436574966226,0.2758432707404821,0.2879305540556922,0.29970486910724925,0.3111909532051164,0.32241035225444037,0.3333819793986732,"2.5649493574615367"
-0.29280997158040367,-0.1595619544019286,-0.0784800672557542,-0.019284848539575405,0.02766298370656759,0.06671997078443274,0.10024279866632702,0.12965916734343783,0.15590595236440313,0.17963567100744332,0.201323464062362,0.22132672692216016,0.2399206343042866,0.257320731760971,0.27369817964338755,0.2891905190226434,0.30390950418860246,0.3179469025868629,0.3313788378309873,0.3442690699343598,"3.091042453358316"
-0.6072659227271269,-0.4161435306209108,-0.3032910293254112,-0.22274760643512231,-0.1600152697006578,-0.10860192028511655,-0.06502918436230687,-0.027213034672921653,0.006195096327367721,0.03611866355954869,0.06321816565083142,0.08798270719719695,0.11078489657246797,0.13191536613921137,0.15160533974563042,0.17004187874709797,0.18737848119649508,0.20374264172953643,0.21924137013497808,0.23396530514284541,"3.901972669574645"
-0.207354540725996,-0.09820725753041507,-0.030530509874052633,0.019627742227988812,0.059915894613074505,0.09380233286879833,0.12317185710211405,0.14917436065511225,0.1725713061582843,0.19389754877865814,0.21354447362904644,0.23180652023851667,0.24890954466894616,0.2650294720694364,0.28030522691468757,0.2948479608585263,0.30874773772475256,0.32207842374994033,0.33490129716284467,0.34726773822374846,"2.5257286443082556"
-0.5892201975542238,-0.40619093081899393,-0.2966242888516619,-0.21753954538924045,-0.15535430713142498,-0.10397111358727006,-0.0601132233464025,-0.021810935142721154,0.012214744544347365,0.04284267751922761,0.07070359984206423,0.09626609989834231,0.11988829985413206,0.1418504613763485,0.16237637539378388,0.18164785043498624,0.19981479353730056,0.21700238976499128,0.23331632362473223,0.24884665115734347,"3.8918202981106265"
-0.05904138421185236,0.007432970375181013,0.05070079094786491,0.0839071275956075,0.11133101547434351,0.13498199359311652,0.1559993062064232,0.17508797903066245,0.19270316718852745,0.20915048225381827,0.22464401540112583,0.2393396713577259,0.2533548213948378,0.26678033673705887,0.2796882478916661,0.2921367984352122,0.3041738887023074,0.3158394900315706,0.32716738022986924,0.33818641895522805,"1.3862943611198906"
-0.44754999152732755,-0.2779149486435723,-0.17651302863620918,-0.10349440893086573,-0.046229420206269266,0.0009636424755559257,0.04114264616052554,0.0761478869197463,0.10717607980145982,0.13505157310774707,0.16036819871661828,0.1835691362474737,0.2049945148851516,0.2249111858301323,0.2435321798309876,0.2610299556125977,0.27754575959790645,0.2931964464030205,0.3080795709627489,0.32227725986308375,"3.5115454388310208"
-0.07057989265927406,0.002117276836357362,0.048452094545615214,0.08341048920078581,0.11186657561572477,0.1361062940435587,0.1574228826675638,0.17661412120279257,0.19419291615447595,0.21050210188760973,0.22578076970682032,0.24020227684422724,0.2538965925001788,0.26696394202363966,0.2794834682166107,0.29151893160955805,0.30312258517652185,0.3143378844045602,0.3252014310348703,0.33574439841642767,"1.252762968495368"
-0.5416092575129124,-0.3668932921829688,-0.2612494086667907,-0.184330071947304,-0.123377012712855,-0.07265823662517676,-0.029090482060258837,0.00918169131223976,0.04336458778369432,0.07428827899939057,0.10254941983784789,0.1285920666731759,0.15275627981131193,0.1753087960919694,0.19646315102215078,0.21639330408761223,0.23524311281250807,0.25313307373192545,0.270165219735783,0.2864267485702786,"3.6506582412937387"
-0.24327630750160958,-0.12113283103322701,-0.046663933787827565,0.007752751825833195,0.050928584985112026,0.08685333477675125,0.11769090403948086,0.14475822728474821,0.16892463451593306,0.19079825869421954,0.21082188719989048,0.22932678846045845,0.24656567284045708,0.262734406228236,0.2779870150523024,0.29244632173386986,0.3062115856631676,0.3193640476968385,0.3319709937176247,0.34408876528112947,"2.9444389791664403"
-0.12467002204821272,-0.03496066979468887,0.02094277784945834,0.062439856907895205,0.09577186515975893,0.12379995287468187,0.14810959073547933,0.1696876907853431,0.18919041073478693,0.20707014330971035,0.22364715355646908,0.2391541369190709,0.2537646317812676,0.2676112810914078,0.2807977493211339,0.2934066644183092,0.305505035142088,0.3171480330593268,0.3283816917301159,0.3392448728842493,"2.2512917986064953"
-0.24191738192894954,-0.12604026735759194,-0.0541436751419815,-0.0007758946240315756,0.04217217822371893,0.0783700844632052,0.10980616242398136,0.1376874490676366,0.16280803241452485,0.18572274616941756,0.2068372216168983,0.22645804841069642,0.24482257364913984,0.26211777164933336,0.2784929350546667,0.29406863812634787,0.30894328260851533,0.32319797635088937,0.33690021449739405,0.35010668140030055,"2.4423470353692043"
-0.12139103077755346,-0.025236317529931142,0.03243341019818254,0.07396690065715165,0.1065371726741869,0.13344767024081544,0.15651787258619065,0.17683658161743618,0.1950887718399052,0.21172800633230587,0.22706970597604204,0.24134235324089348,0.2547170561178857,0.2673254894932996,0.2792712950814207,0.29063761397265775,0.30149223249085366,0.3118911982707513,0.3218814238032455,0.3315026009201357,"2.4849066497880004"
-0.2321326669852486,-0.11394865960627161,-0.041539032168000485,0.011588819343001912,0.053889370617386606,0.08919304788159309,0.11957888266538988,0.14631332605536893,0.17023336956533347,0.19192540896520177,0.21181717545827988,0.23022928793350023,0.2474067731602367,0.26353982748019056,0.2787781896489766,0.2932413589684186,0.3070259606361479,0.32021110611410963,0.3328623312419155,0.34503451933980506,"2.8622008809294686"
-0.13003985260729628,-0.041768948756277714,0.013868093694181035,0.05559363290713517,0.08941965419583647,0.11809212381067412,0.14312268946808354,0.1654493394578379,0.1857000799059782,0.20431471361569015,0.22160995410136783,0.23781895993849655,0.25311705008189356,0.2676388241320673,0.28148968136139035,0.29475367004866326,0.30749892294770603,0.3197814892579058,0.3316480861039077,0.34313810979471454,"1.7047480922384253"
-0.5559979349819885,-0.37983145406225005,-0.2734221356736189,-0.19600711047164743,-0.13470069416845512,-0.0837153239261347,-0.039938715124113774,-0.0014984666196597187,0.0328224301103337,0.06386118012087173,0.09221937132782615,0.11834454754378916,0.14257925848711958,0.16519201969209055,0.18639763382387364,0.20637096256510298,0.22525651213423634,0.24317525945662083,0.2602296134232188,0.27650708946840125,"3.7013019741124933"
-0.23406804979748053,-0.10636943109822962,-0.030746214182923347,0.02328682763338203,0.06539220647813598,0.09991722321839243,0.12921158965580407,0.154698910075129,0.17730607809421425,0.19766561360524465,0.2162247035686174,0.23330934386188779,0.24916381897456716,0.26397570368693424,0.27789212499311156,0.29103063080502606,0.30348664909137485,0.31533873574271987,0.3266523512864798,0.3374826347566674,"2.917770732084279"
-0.522302817890688,-0.34435548906746344,-0.23754987448075188,-0.16032850614122074,-0.09953796725447438,-0.04926506665094923,-0.006328086202530233,0.03118773522303394,0.06452708280277154,0.0945463050792097,0.12186099076934277,0.14692949993252563,0.17010312830847146,0.19165766027260933,0.21181397270703425,0.23075192505328151,0.24861999624773318,0.2655421542906013,0.28162288155989124,0.29695094166366315,"3.6888794541139363"
-0.5437606166905735,-0.3647500006119346,-0.25715900889852117,-0.17925754638167504,-0.11784484937581931,-0.06698882070898496,-0.023498426042588293,0.01454639548797909,0.048393638511880915,0.0789017808653717,0.10668771336912451,0.13221047372682013,0.1558215847563964,0.1777967824162629,0.19835678674764917,0.21768133251347624,0.2359189065400731,0.25319367306197543,0.26961051428272825,0.28525878157382173,"3.7376696182833684"
0.03479726877687444,0.0643946373290306,0.08876953548694407,0.1102392739517643,0.12973968692560336,0.14777501566474935,0.16465835095408113,0.18060161677246636,0.19575692025101682,0.2102381944527536,0.224133604105861,0.23751315281256855,0.2504335979385094,0.262941761426394,0.27507683765105695,0.2868720487654611,0.29835586116406065,0.3095528982632798,0.32048463794980375,0.33116995405405936,"1.9459101490553132"
-0.21409521487413044,-0.1053911418523601,-0.03761812975057852,0.01287434656392218,0.05363031811015014,0.08806757581268428,0.11804080459682582,0.1446786383036641,0.1687261115911395,0.19070553863556114,0.21099951417438367,0.2298971107875703,0.24762154479540127,0.2643479766671123,0.28021568131665614,0.295336725298528,0.30980230710431894,0.3236874549504818,0.33705454053777417,0.349955929016446,"2.1400661634962708"
-0.6196618799066231,-0.42759848758830354,-0.3146977707968298,-0.23436848013816056,-0.17194538529933942,-0.12087527047661321,-0.07765384585760815,-0.0401852692829698,-0.00711549653287592,0.022481322271426678,0.049266484979609,0.07372901833566942,0.09624094414657643,0.11709200496156591,0.1365123601593704,0.15468792189987202,0.17177102135628533,0.18788801876941874,0.20314485781176647,0.21763120254303775,"3.9219733362813143"
-0.4420203212859932,-0.28291921237817486,-0.18600217121514806,-0.11503333263290444,-0.05853248478610317,-0.011332322923245264,0.029351629073440362,0.06519795059901909,0.09729996038154033,0.12641160655914452,0.1530763486584356,0.17770013889053052,0.20059524828764463,0.2220078146194417,0.24213580935686035,0.26114113206232653,0.2791579903526959,0.29629886991993953,0.3126589048883201,0.3283191614209462,"3.3141860046725258"
-0.5234604372530823,-0.337246823732942,-0.22729714170431373,-0.148845677158188,-0.08776038681905182,-0.037710650740524,0.004695949744456161,0.041492215681607554,0.0739940914284902,0.10310358279462362,0.12946690595390875,0.15356352288144964,0.17575929624678777,0.1963398025187371,0.2155321098815302,0.23351955705078745,0.2504521154120615,0.26645385901070806,0.28162847472856767,0.2960634036642086,"3.6375861597263857"
0.03411583473751473,0.06328882362891484,0.08750454912726822,0.10894015733510283,0.12847855478826573,0.14659768154851968,0.16359567028321806,0.17967519801000625,0.19498231489508483,0.20962681214177417,0.223693925904104,0.2372515328824503,0.25035481154524386,0.2630493902229611,0.2753735470567608,0.28735979174761106,0.2990360305973819,0.3104264425989584,0.3215521502190144,0.332431741173236,"2.1972245773362196"
-0.5711621737014793,-0.38804692322094725,-0.2784329080626232,-0.199332994535841,-0.13715598953630034,-0.08579800121934703,-0.041977759274240516,-0.00372233049646734,0.030249645617611412,0.0608188389086571,0.08861745977588607,0.11411539584427656,0.1376719876868271,0.15956867152455675,0.1800303634743283,0.1992399180757268,0.2173481717789521,0.23448108975621626,0.2507449664642613,0.26623029119584846,"3.828641396489095"
-0.3547315764469853,-0.21207992324536376,-0.12477742985062268,-0.060649564581880394,-0.009480618901386528,0.03333686898218194,0.0702904769443348,0.10288281193655428,0.13209507041249546,0.1586063431413147,0.1829085141710334,0.20537105145826018,0.22627962862186038,0.24586022096839905,0.2642947740068074,0.28173181063509717,0.2982938990445354,0.3140831023261969,0.32918507573315686,0.3436722177520115,"3.091042453358316"
-0.30162906305435344,-0.1654776031104037,-0.08287740033468428,-0.022724346610464644,0.02488079222973421,0.06441040163788893,0.09828271957202282,0.1279619306902183,0.15440821856875214,0.17828978852234525,0.20009271808000448,0.22018220769301353,0.23883910185483245,0.25628313631381655,0.27268862880640654,0.2881955514373769,0.3029175722746503,0.31694799742863794,0.33036421109635034,0.34323102285863827,"3.1354942159291497"
-0.4053355058769205,-0.25224228325894127,-0.158909131437089,-0.0905462379910734,-0.03612094970595844,0.009336935462811263,0.04850784154482551,0.08300889205077175,0.11389434579318017,0.14189215341828823,0.16752798724672938,0.19119539523445422,0.21319781010692915,0.23377485688662492,0.2531194599072327,0.2713893558066395,0.28871510352807267,0.30520584089373376,0.3209535495739063,0.33603630036847665,"3.258096538021482"
-0.08512074485156589,-0.005070577948988569,0.044836598877337756,0.0818301435731824,0.11150216329356305,0.1364671328433435,0.15819692122433285,0.17759316493692515,0.1952311012115058,0.21149270581195226,0.22664301961588626,0.2408734450667942,0.25432699638827677,0.267113625884158,0.2793199113929053,0.29101541209170045,0.30225697890960307,0.3130917640872519,0.32355937671970564,0.33369346155271534,"2.0794415416798357"
0.023967110167669056,0.061369215491025024,0.08801700313928006,0.11054741249251546,0.13059610697679913,0.14890717378915513,0.1659021244269778,0.18185011792403677,0.19693668809686413,0.21129673725913925,0.2250323061815048,0.23822296894981496,0.2509323054725759,0.26321213399856264,0.2751053903874474,0.2866481516588744,0.2978710975684023,0.30880059116496683,0.3194594938782231,0.32986779122797066,"1.791759469228055"
-0.26000205832798434,-0.13784123478821728,-0.06260258729742126,-0.0071073308529277695,0.03730224470205434,0.07454275850758657,0.1067355482552984,0.1351677040242516,0.16068541459783803,0.18387941842402636,0.20518113387625211,0.2249162087109172,0.24333635057966296,0.2606395054471755,0.27698344452495927,0.2924953656719278,0.3072789028620293,0.3214193443118354,0.3349875632714353,0.34804300421731466,"2.803360380906535"
-0.37099752709192957,-0.2112729018775606,-0.117002791301553,-0.049775178471332795,0.002545196766834605,0.045395900948481914,0.08169248185562698,0.11318555427912565,0.14101253044343695,0.16595583579739562,0.18857668741408637,0.20929044431130456,0.22841217162515018,0.24618580063916115,0.2628035857642961,0.2784194811000111,0.2931585471299847,0.3071236914756964,0.32040058163314517,0.33306128229848214,"3.2771447329921766"
-0.24762976500083556,-0.12395827853437809,-0.04869697680766393,0.006215350415085945,0.04972834523364225,0.08589332213640075,0.11690684383871597,0.14410518574593553,0.1683699963069941,0.19031762805324104,0.21039651469478032,0.22894188841157181,0.24620930526763748,0.2623967282334825,0.2776597733188707,0.2921225010316531,0.30588515851996173,0.3190297907104427,0.331624348872271,0.3437257325551331,"2.970414465569701"
-0.5604220445132021,-0.377683792707714,-0.26830481407943085,-0.18938888484282476,-0.1273699796682404,-0.07615424645869559,-0.03246528936167412,0.005667130293619228,0.039522747110672565,0.06998121015400494,0.097674107420464,0.12307099609892894,0.1465311040665442,0.16833590524015637,0.18871043909744,0.2078377109631717,0.2258686887137929,0.24292941729092363,0.2591262017901681,0.2745494684485342,"3.7954891891721947"
-0.5844060759606857,-0.39329479433869996,-0.28036390775269077,-0.19972671850070126,-0.13690085402209712,-0.08539840748588286,-0.04174200653791687,-0.0038475798128408314,0.029633882674472874,0.059626496125819294,0.0867915940017493,0.1116192553538046,0.1344831402150191,0.15567492896878862,0.17542681187019085,0.19392667645581826,0.21132867436134034,0.22776077379805473,0.24333028973344137,0.2581280209431254,"3.817712325956905"
-0.10587131105583097,-0.020484815868958915,0.03269039849781485,0.07210810125958232,0.1037247356646627,0.1302909248650355,0.15334480491949057,0.1738425460169336,0.1924102743604876,0.20947143589453265,0.2253217566610485,0.24017475201794125,0.254189428190864,0.26748747701679365,0.28016425646870724,0.2922960194369045,0.3039448141875304,0.3151618973858987,0.3259901699046238,0.336465953668042,"2.1972245773362196"
-0.08287291858647393,-0.003924352922434334,0.04545047574891355,0.08214021251705625,0.1116286201020778,0.13648106267856835,0.1581431167861007,0.17750145207969525,0.19512248314591296,0.21138268108600394,0.2265434241478319,0.24079354639477848,0.2542741872975359,0.26709388831617303,0.27933814018704634,0.2910756485917962,0.3023625840626695,0.31324554948197864,0.3237637055480462,0.3339503275583635,"2.0149030205422647"
-0.4008487428951024,-0.24437000054291624,-0.14976217989345908,-0.08099292338308235,-0.026627552250985558,0.0184871273241193,0.057130435565766934,0.09097905088013772,0.12112617883380578,0.14832709231950386,0.17312771054697654,0.19593706115476336,0.21707046402201338,0.23677649101932785,0.25525452980385627,0.2726667074789222,0.28914630777421013,0.3048039210305493,0.3197320635296803,0.3340087187064797,"3.3843902633457743"
-0.4868230621250465,-0.3071073860851329,-0.2006400256887802,-0.12449777907046938,-0.06510885581916373,-0.01638434367542732,0.02494331818256507,0.060834840965850456,0.09256141654516575,0.12099590143348617,0.14676484499393316,0.17033400461269063,0.19205934562856344,0.21221900064306104,0.23103419793885474,0.2486835149775226,0.2653129202052826,0.28104304773825367,0.29597458555238626,0.31019233662903445,"3.56953269648137"
-0.007479793876387474,0.04332602321823029,0.0773417177702805,0.10394436399553367,0.12643606869254037,0.14636090963718093,0.16448690551721637,0.18125702262210253,0.1969543730355294,0.211773350428491,0.2258545889716753,0.2393039353946567,0.2522035555568165,0.2646188342676146,0.2766028709595193,0.28819952550579686,0.2994455499779539,0.31037212225299093,0.3210059755907325,0.33137024775400264,"1.3862943611198906"
-0.2289303216174919,-0.11189658503687996,-0.04008683588097839,0.012665277232855715,0.05471096044525116,0.08983440903327491,0.12008995228167663,0.146729291475514,0.17057992272546965,0.19222181806583627,0.21207822613806823,0.23046657252450253,0.24762956786645585,0.2637556954632187,0.27899339947593393,0.29346117904187924,0.30725487035265664,0.3204529506512217,0.3331204375873233,0.34531178513836286,"2.833213344056216"
-0.3544738281793673,-0.2043045869316277,-0.11401503969062299,-0.048727211070749094,0.002639388705930373,0.04508075817669287,0.08129187558738184,0.11289940239834974,0.14096567529321444,0.1662265102483257,0.1892148402270667,0.21032983439147068,0.2298780314936635,0.24809930790451581,0.2651841902343582,0.2812859298008622,0.2965292040439382,0.3110165251708669,0.3248330293048601,0.33805009431409516,"3.295836866004329"
-0.3850291619918831,-0.23559581801834842,-0.14443645411386644,-0.07764529659696344,-0.024464145030037143,0.01995597946069665,0.058231335382097536,0.09194108719306175,0.12211538598310336,0.14946618696420744,0.1745082476884142,0.19762748099476868,0.21912179950571994,0.23922664209262845,0.2581315627975094,0.2759914173903741,0.2929341850944132,0.3090666300295623,0.3244785272350382,0.3392458977307988,"3.2188758248682006"
-0.5838923954308745,-0.39460152061254733,-0.28236263382049065,-0.20200937436715774,-0.139274344124434,-0.08775912265058024,-0.04403035943757844,-0.0060279802718090185,0.02758297883650306,0.05771794725704427,0.08503264256400637,0.11001339551095905,0.13303133397458505,0.1543764541384787,0.1742798845366061,0.1929289182606181,0.21047746037168577,0.2270534825397882,0.24276447228356518,0.257701504772118,"3.8394523125933104"
-0.050605322009232595,0.016308960634814,0.05922528519460147,0.09172302046741919,0.11827113568577359,0.14100591235351279,0.16112953826755588,0.17935942145235978,0.1961447054000176,0.21178361762856432,0.22648471000821596,0.2404001552567161,0.2536448834903008,0.2663081757110677,0.2784610199866982,0.29016096833725263,0.30145545463715545,0.3123841286111848,0.32298053988124226,0.3332733802128563,"0.9162907318741551"
-0.016586645510668144,0.04168361760166619,0.07890039202242079,0.1069918085168617,0.1301324086448937,0.15025032141743735,0.16828793808197076,0.18478149819891865,0.20006982907696888,0.21438319154662758,0.22788657432665654,0.240703031806972,0.25292726760464485,0.2646340286040992,0.27588354648693586,0.2867252059754459,0.29720009947245657,0.30734285577926906,0.3171829803732374,0.32674585795774524,"1.0986122886681098"
-0.5161688945763842,-0.33763503269349066,-0.2307130112807785,-0.15356096896844945,-0.09293361518767837,-0.042876513894493394,-0.00018618792484063434,0.03706477514417611,0.07012894981365704,0.09986792531178597,0.12690099693889056,0.15168928930067446,0.1745862195806418,0.19586919090984567,0.2157602625265402,0.23444008201847025,0.25205756545610797,0.2687368193377707,0.28458222577886394,0.29968227096076633,"3.676300671907076"
-0.48137683007361887,-0.30510213333570385,-0.2000332583042385,-0.12453667540335174,-0.06542933527059223,-0.016786067717948217,0.024579033876560304,0.060581385186307776,0.09246501249019856,0.1210854991953269,0.14705803212159796,0.17084087243098792,0.19278519038712746,0.21316625377327225,0.23220377870487263,0.25007572995818117,0.26692801474103794,0.2828815049120533,0.29803725493442185,0.3124804575257445,"3.58351893845611"
0.010204713129304441,0.05293147214471983,0.08262503724207469,0.10665504360706966,0.12765697400827186,0.1466618491026748,0.1642055580386301,0.18061219263567962,0.19609706896813497,0.21081268894997576,0.2248721920581529,0.23836251847615406,0.251352343774264,0.2638971345968733,0.2760425160405014,0.2878265974024074,0.29928162782822043,0.3104352054855582,0.3213111802556043,0.3319303405674312,"2.1400661634962708"
-0.043651658070974604,0.019117735071103745,0.06005162294414479,0.09146424690721595,0.11741199259180578,0.13983682283486387,0.15983430595143802,0.17806060881040237,0.19492823073503515,0.21071216055580877,0.22560541986749347,0.23974934429239741,0.25325103213216343,0.26619394080714937,0.27864462552395647,0.29065719780580557,0.30227637728376994,0.31353964251399513,0.32447878562774124,0.33512106109735357,"0.6931471805599453"
-0.03193038132591279,0.02960457941891547,0.06926287894403955,0.09937265179162573,0.12408772866618521,0.1454198490490324,0.16445254256869699,0.18180318540606175,0.197856095327952,0.21286833622223814,0.2270215940508047,0.24044986736353144,0.2532553590677255,0.2655181562949375,0.2773024221112902,0.2886605200370525,0.29963585669199005,0.3102648984095088,0.3205786377657084,0.3306036832297922,"0.6931471805599453"
-0.5753267072565798,-0.39321010026675496,-0.2840257940835874,-0.20512283398447695,-0.14301852386275513,-0.0916581316989055,-0.047786780011635714,-0.009447245423927598,0.024631801970818958,0.055324276839638475,0.08325762567274496,0.10889822860781187,0.132602741814833,0.15465048503216122,0.17526467813239524,0.19462681488307657,0.21288665572093077,0.23016933980541754,0.24658055640468596,0.2622103818968886,"3.8394523125933104"
-0.3007829563601577,-0.162122062503744,-0.07864994932857014,-0.018259413078167114,0.029265061588649433,0.06853510787859039,0.10204211267515836,0.13129400462564703,0.15727958296984393,0.18068625730277194,0.20201244065322588,0.2216304423444843,0.2398244650286543,0.25681519401444286,0.27277655628824654,0.28784752343578107,0.302140587167387,0.3157479255596937,0.32874593933812024,0.34119862582398636,"3.1570004211501135"
-0.5297839616422736,-0.3520721794878191,-0.24523739922563842,-0.16787855631989712,-0.10689469533225865,-0.056396911130969216,-0.013216633192692133,0.024553085739096005,0.05815196463397075,0.08843298956516119,0.11600931021229216,0.14133739781260793,0.16476702124631265,0.18657272062154237,0.20697438745490992,0.22615115087479526,0.24425100939528077,0.26139768453781326,0.2776956181340478,0.29323370251410347,"3.7013019741124933"
-0.5000439033553102,-0.3172230955640803,-0.20922567386844051,-0.1321453759434922,-0.07211623602226168,-0.02292501202293771,0.01875863236995107,0.05493084554130354,0.08688439392287833,0.11550595469479244,0.14143122341573502,0.16513213689804832,0.1869689052995672,0.20722263612622172,0.22611670393264383,0.2438312967733888,0.2605136486750732,0.27628543496455205,0.2912482346954001,0.3054876365017622,"3.58351893845611"
-0.4887054136700305,-0.3212375028068552,-0.2196108472522143,-0.14541475445884894,-0.0864905802918853,-0.03737024213642179,0.004890402831982599,0.04206473611414066,0.0753068020117806,0.10541155078726265,0.13295115280207434,0.15835218860972802,0.18194205854156417,0.20397822491486373,0.22466734082757617,0.24417815767951578,0.2626504731578654,0.28020149019230794,0.2969304449003559,0.31292205391080086,"3.481240089335692"
-0.37538739542607685,-0.22645852837133354,-0.13582184549073542,-0.06956710877764752,-0.01692936840108341,0.02694524610715143,0.06467638565404106,0.09784570207986788,0.12748543184936947,0.1543095188643352,0.17883468515747225,0.20144868712302028,0.22245099779506616,0.2420781926036662,0.26052046701423043,0.27793283050502016,0.29444299687091424,0.31015714667634303,0.3251642599258191,0.339539445468462,"3.258096538021482"
-0.1080257243551127,-0.025753600148397126,0.02638168248737412,0.06562035307616053,0.09751404949343016,0.1246112305448989,0.14832680539115942,0.16954397012091724,0.18885217867831883,0.20665968799874754,0.22325685844477847,0.23885555188281662,0.25361435477074995,0.2676548725173179,0.281072414255756,0.29394314365626845,0.3063289739535767,0.31828099544676625,0.3298419277411267,0.3410479097553565,"1.3862943611198906"
-0.4640687290344553,-0.3010553501718971,-0.20190608840606078,-0.129385725804263,-0.07170268255524409,-0.02355174826389333,0.017924702950697452,0.05444865486304129,0.08714120425561367,0.11677502238548643,0.14390663887298158,0.16895135630693933,0.1922282719238612,0.21398861616014822,0.23443426458246047,0.2537302131243025,0.2720132213115986,0.2893979587021747,0.30598148807664916,0.32184661715094454,"3.3843902633457743"
-0.2450064293959467,-0.12804810944186737,-0.055574982803207884,-0.0018395764520415185,0.04136122700980327,0.07773935343142749,0.10930598745932445,0.13728194067792293,0.1624702848457959,0.18543206136229978,0.20657737539873292,0.22621613730068857,0.24458820875033552,0.2618824952248681,0.2782497891157714,0.2938118413680901,0.3086679864059535,0.322900079059565,0.33657621897564566,0.3497535847137891,"2.5257286443082556"
-0.33082900059030473,-0.19064491278018203,-0.10521842548233254,-0.04273624891494684,0.006914533155333297,0.048299239052693815,0.083884584968595,0.11516199592282993,0.1431069789425679,0.16839637027471951,0.1915217468440609,0.21285299795210313,0.23267604647590379,0.2512164215398536,0.2686547562929352,0.2851374799832884,0.3007845045146577,0.3156949238425154,0.32995132930132687,0.34362312172076565,"3.1570004211501135"
-0.125577715747684,-0.03923485495000817,0.01540657811285472,0.056523875322422756,0.08995468263879243,0.11836582838457192,0.14322577496137512,0.16544604276896147,0.18563722608232436,0.2042272198043237,0.22152440703737233,0.23775600750413609,0.2530930209413024,0.2676668397246051,0.28158043290044676,0.29491597224784727,0.3077401166132102,0.32010773969050366,0.33206460828801176,0.34364934116614027,"1.252762968495368"
-0.4901718717443919,-0.31383644701571767,-0.20846050446489225,-0.13257892404262445,-0.07306036918960467,-0.02400084129547636,0.017775774089071883,0.054180068978949884,0.08645352592039691,0.11545022562267392,0.1417843710802179,0.165913604848433,0.1881888409721836,0.20888547244622388,0.22822370548018645,0.2463822989784533,0.26350816935960447,0.2797233179157925,0.2951299651890309,0.3098144430011972,"3.6109179126442243"
-0.5696351829832965,-0.37940126006322067,-0.26694121085859274,-0.18661903641928776,-0.12402713209509243,-0.07270951374878423,-0.02920521925050375,0.008560359009898532,0.041930365660540196,0.0718251443110604,0.0989035812212188,0.12365417546557157,0.14644956584633292,0.16758075080159598,0.18727942475296502,0.20573306576612996,0.22309544437280004,0.23949414810730368,0.25503610310940356,0.2698117133522049,"3.7727609380946383"
-0.25761954115431335,-0.1304834167910716,-0.053429963571616904,0.0026030939570749405,0.04687999224933308,0.0835915994474513,0.11500825789752174,0.1425097428019872,0.16700525224234034,0.18912939200420734,0.20934303984619626,0.2279901088605778,0.24533236727652616,0.26157235871417045,0.2768691849659608,0.2913496380546927,0.3051161596454378,0.3182525936727959,0.33082838989278734,0.34290171181526424,"3.0204248861443626"
0.0057601462631292075,0.0612746120464655,0.09447666797389817,0.12022996869525468,0.14142066670303613,0.1599310964779207,0.17639247198398939,0.19138718847869984,0.205232796208397,0.21810787093395992,0.23020130255266236,0.24164768274504497,0.25250772737898725,0.26287213970917217,0.2728070825293933,0.28234554510534576,0.2915358019181887,0.30041530599800675,0.30900506348529544,0.31733423237672975,"1.252762968495368"
-0.06491493926624457,0.004770261558720931,0.0496262341818356,0.0837413136457316,0.11169993734124269,0.1356538379007994,0.1568217888968496,0.1759570027591939,0.19354485167321905,0.2099105533828678,0.22528143759732103,0.23982268793242187,0.25365839319093914,0.26688442299902887,0.2795766141161,0.29179616585850043,0.30359331242697274,0.31500989453487815,0.32608120592713896,0.33683734886215877,"-0.6931471805599453"
-0.26277868406498134,-0.13097562153591313,-0.05204840642280767,0.004798832304630975,0.04936573920889219,0.08607491677234289,0.11731762124203511,0.1445450616368704,0.16871065024568296,0.190475402223814,0.2103145143156964,0.228578635673394,0.24553212490074017,0.2613782047820651,0.27627596705052326,0.2903520707130964,0.30370891602252825,0.31643044812605947,0.3285863462150797,0.34023509733733326,"3.044522437723423"
-0.4460549882619455,-0.28584288112061557,-0.18833986987944135,-0.1170006602520345,-0.06024721201334723,-0.012868335710425357,0.02794398026445212,0.06388241561658227,0.09604940309340836,0.12520511868169526,0.15189746317242078,0.17653566484414332,0.19943447759989286,0.22084196191263272,0.24095760346285147,0.25994450981145945,0.27793786178761154,0.29505093512380015,0.31137950930201114,0.3270051806120747,"3.349904087274605"
-0.11033467711418436,-0.027010793815877822,0.02565996807453616,0.06522006961153147,0.0973179432302726,0.12454610667109525,0.14834363466555625,0.16960853969881529,0.18893991293720497,0.20675246829578067,0.22334098892462814,0.23892044078600888,0.25365164661658735,0.26765786424522303,0.28103565240028944,0.2938621393360057,0.3061999963801242,0.31810091904778026,0.3296081167505619,0.3407581295590072,"1.6094379124341003"
-0.5654409453744977,-0.38539517987915245,-0.2771688460197067,-0.1987791950214623,-0.13695312112821423,-0.08572890028382311,-0.04190086024571719,-0.003540781018141906,0.03060426991322895,0.06139590222591605,0.08945299727186458,0.11523578695105903,0.1390964078840709,0.161310797570673,0.1820996128651375,0.20164239061347897,0.22008739264283483,0.2375586116455838,0.2541608635852205,0.2699835641061715,"3.7954891891721947"
-0.5416821205537395,-0.365079556137624,-0.2585785604704815,-0.18122879379163698,-0.12007835738004645,-0.06930731704516575,-0.02578481427538983,0.012373285720722379,0.0463919068394442,0.07711388262305664,0.10514501357700431,0.1309361693738248,0.1548326609155452,0.1771053842648466,0.1979712336629338,0.21760690772336233,0.23615849877503656,0.2537483118713581,0.27047982056330255,0.2864413444477472,"3.7013019741124933"
-0.024729214882376796,0.03183725731363477,0.06921153420596067,0.09814673262849427,0.12227242996163722,0.14335191734845779,0.16233998690866247,0.17978432652565868,0.19602804780844013,0.21130200963017814,0.22577027497576985,0.23955446927937685,0.25274780982600115,0.26542367957260243,0.27764112842170097,0.28944854860401154,0.3008862149133929,0.3119880916913884,0.32278315038838074,0.3332963510643774,"1.252762968495368"
-0.3031240929255639,-0.16922000246780872,-0.08743599616938562,-0.027521215846536853,0.020148904871475935,0.05992274894346552,0.09415184724641187,0.12425972631505744,0.15117924643324657,0.17555920749073523,0.19787187038266688,0.21847302512666664,0.23763761963706617,0.2555821426065877,0.272479496407259,0.2884693836091025,0.3036658414404319,0.31816284776335263,0.33203855857115255,0.3453585441656429,"3.068052935133617"
-0.5203261576031797,-0.34880638930472224,-0.24485367727236407,-0.16902007739936603,-0.10882743784099126,-0.05866767549984491,-0.015523129493237562,0.022422805960363675,0.05635162005027511,0.08707663617017056,0.1151827519872838,0.14110553824287855,0.16517881086571048,0.18766464502142077,0.20877305175093494,0.22867528848582785,0.24751310454405084,0.265405314406653,0.2824525725715104,0.29874091406595693,"3.5553480614894135"
-0.4649378341154403,-0.2995934929585731,-0.19940134058692274,-0.1263730377945723,-0.06847467838796167,-0.02029082434107478,0.021095898270578218,0.05744355880252218,0.08989675740964194,0.11924440751217925,0.14605484146211212,0.1707523062230839,0.19366289143675416,0.2150433930452972,0.2351001366711038,0.25400165037733274,0.27188744971401446,0.2888743015976967,0.3050608145521063,0.3205308908364266,"3.481240089335692"
-0.10494536415435864,-0.024086219196462373,0.027328276310813204,0.06613390249001803,0.09775266039566512,0.1246739297489602,0.14828016034207417,0.16943459573556433,0.18871366475506035,0.20651685954617618,0.22312851118519597,0.23875623469528162,0.25355554875224096,0.2676457877826411,0.28112054163085304,0.29405464605687137,0.3065089704714411,0.3185337719317144,0.33017109588436916,0.34145652932846965,"0.9162907318741551"
-0.47347465966262337,-0.30585049733783626,-0.20447428067944518,-0.1307084535295584,-0.07231427416331959,-0.02378469917341862,0.017846575441842944,0.05436678934964783,0.08693928982095603,0.11636571773891591,0.14322341532278757,0.16794321961464828,0.19085616528013136,0.21222283252861188,0.2322524858649955,0.25111596050278173,0.26895459790848125,0.2858866195870173,0.3020117999704691,0.31741498194261225,"3.5263605246161616"
-0.4870319177768686,-0.30294946339790485,-0.19526813054549805,-0.11886700901314418,-0.059605693197012824,-0.011185618458482635,0.02975339145315072,0.06521794602912873,0.09650366153579008,0.12449646766922308,0.14982917621666964,0.17296947015228842,0.19427256167790097,0.21401436919910372,0.23241331708898647,0.2496451581966823,0.26585333901804326,0.2811564199194864,0.2956534949545593,0.30942822094922157,"3.449987545831587"
-0.5942205237156696,-0.4102801195048463,-0.30033649789964484,-0.2210840611094522,-0.1588391339543257,-0.10745969478637153,-0.0636456821297114,-0.02541382589267831,0.00852334714704174,0.03905027598662624,0.06680150666432562,0.09224830552421986,0.11575071669748592,0.137590400471349,0.15799217245819838,0.1771385913389087,0.19518010840030234,0.21224229633289024,0.22843110743691672,0.24383677411672022,"3.912023005428146"
-0.43164549452201706,-0.26872796092629886,-0.1704821754830861,-0.09921081177348222,-0.04295908197786488,0.003656951196771578,0.04353907308432748,0.0784365005670949,0.10948857145519958,0.13748131459357504,0.16298188145351392,0.18641443926472367,0.20810550030485114,0.22831225779521655,0.24724102568824327,0.26505970398548917,0.281906519366956,0.2978963646049024,0.31312553145232996,0.32767532604930094,"3.4657359027997265"
-0.42004620920508906,-0.2533161644804542,-0.15411930154189005,-0.08296533998288325,-0.027343164183799767,0.01837081671449274,0.057199950016641576,0.090962115810143,0.12083905016077863,0.14764487691608547,0.17196596704841738,0.19423934659206182,0.21479941062092991,0.2339073134110636,0.25177039075213004,0.26855554294354217,0.2843987639334096,0.2994120932044406,0.31368877888148033,0.3273071656776578,"3.4339872044851463"
-0.6156547721363065,-0.4252642696325618,-0.31288167428559255,-0.23269043197058453,-0.17024150341506794,-0.1190659557808605,-0.07569837964687394,-0.03806279706806024,-0.00481601890569451,0.024961594401038432,0.05192768364782275,0.07656910625111747,0.09925663587571959,0.12027937256606831,0.1398672500996517,0.15820624740436248,0.17544896412255082,0.19172216023166516,0.20713225459677048,0.22176941842775438,"3.9415818076696905"
-0.11351004853241367,-0.01721912373798525,0.03966496238935672,0.0802445150076603,0.1119009606645918,0.13801636541431556,0.16039882302598363,0.1800953081742082,0.19776011972053817,0.2138305200235529,0.2286137950675321,0.24233448972641988,0.2551618278425139,0.2672266167115118,0.27863213737124876,0.28946142470212644,0.2997822819247188,0.3096508278615746,0.3191140626771797,0.3282117639885234,"2.3978952727983707"
-0.42612856818474804,-0.2539810733602953,-0.15287117212540013,-0.08097802893122243,-0.025138353331869936,0.02052824017331454,0.059165951032872685,0.09265671984763763,0.12221889709084988,0.1486878517592576,0.17266156286241613,0.1945824366573288,0.21478643045363477,0.23353419356512942,0.2510316745840923,0.2674442178754664,0.2829064600930797,0.2975294274667502,0.3114057197668491,0.32461335938292213,"3.367295829986474"
-0.4206570597089147,-0.2631629308858175,-0.16750341071721359,-0.09766418445446934,-0.04222548665126756,0.0039564256514772154,0.043654935535338245,0.07854276733108609,0.10971004971969102,0.1379091951375405,0.16368328317591616,0.18743866768956205,0.20948844860943133,0.2300796934127683,0.24941114051362567,0.2676451184166982,0.2849158439080319,0.30133539044042246,0.31699811284370877,0.33198401496178453,"3.367295829986474"
-0.3416069107957249,-0.19540367457846228,-0.10717222476138348,-0.043180298091355415,0.007294029558547767,0.04908833057177912,0.08481419950423269,0.11604938532380087,0.14382533975856604,0.16885735807127128,0.1916642640031026,0.2126352979992327,0.23206988106345436,0.2502026866098134,0.26722034827048724,0.28327312538531085,0.2984833310018812,0.3129515595604005,0.32676135632097153,0.3399827550828122,"3.258096538021482"
-0.06573300889717507,0.004392298499783637,0.04946500171804213,0.0837038147287536,0.11173531491048354,0.13573080319745123,0.15691995107841128,0.17606253038124398,0.19364799265318505,0.21000418090156406,0.22536018503729902,0.23988241535208593,0.25369584467183565,0.26689699804720984,0.2795622099221779,0.2917530652130173,0.30352010203089674,0.3149054041410142,0.3259444621275227,0.3366675394077956,"0."
-0.22773216130818227,-0.11409530274667384,-0.043703090773334986,0.008450779193953324,0.05034162492888831,0.08558178246172497,0.1161308688605366,0.14318086771052416,0.167518206709017,0.1896938344100836,0.21011095870369031,0.22907388967450443,0.2468173082884187,0.26352511500046716,0.2793433253656498,0.2943892649167743,0.30875828380500464,0.3225287267933701,0.33576564586809643,0.34852359636409846,"2.5649493574615367"
-0.5391319900663731,-0.35520174677382327,-0.24564450551595213,-0.1669417652419665,-0.10532757712456652,-0.05461945705980615,-0.011495059706300612,0.02604200304164269,0.05928737034688638,0.0891309797301802,0.11621152903271147,0.14100379982226713,0.16387100440952185,0.18509765113947305,0.2049109845154321,0.2234954495595869,0.2410027544729759,0.25755907386599575,0.27327034189055094,0.2882262331444593,"3.7256934272366524"
-0.14769296295179477,-0.055461672532172615,0.0026182347858068793,0.04617702369196454,0.08150512230925656,0.1114670196283364,0.13763058904646555,0.1609625900943413,0.18210925553454937,0.2015256474506187,0.21954278737447597,0.2364068853567743,0.2523045119581393,0.26737957853851146,0.2817450263714835,0.2954909621536202,0.30869038399372045,0.3214032649210203,0.3336795077037445,0.34556111536817685,"1.6094379124341003"
-0.17700781338388452,-0.076294726987694,-0.013411142707098717,0.03344419624088346,0.07124409799214095,0.10315625833265964,0.13090712193664658,0.15555485198124877,0.17780353839891588,0.19814893098383243,0.21695330375245428,0.234487979236818,0.2509598996477763,0.26652942684391157,0.2813227219233777,0.2954405056749514,0.3089643229702036,0.3219610670510266,0.33448628353586046,0.3465866127002992,"2.1972245773362196"
-0.004621154250861743,0.04344953454008708,0.07625334215844852,0.10228329933760981,0.12453285027338144,0.14440421740184972,0.1625970547691845,0.17951635820551026,0.19542197419634416,0.2104930310642397,0.22485963479712556,0.2386200913193198,0.25185100311633496,0.26461355170777473,0.27695759824251504,0.2889244668301851,0.30054889638496507,0.3118604476271039,0.3228845415371931,0.33364324159943826,"2.2512917986064953"
-0.06846964071064884,0.003115282278947268,0.04890518213406617,0.08355307457588167,0.11182575887997505,0.13595954378787647,0.1572202088899585,0.17638917153589168,0.19396928034172678,0.21029696253454772,0.22560704469559814,0.2400699258320492,0.25381344899992087,0.2669362653105779,0.2795163227454658,0.2916164560366859,0.30328818823047254,0.3145743907759475,0.3255111921874835,0.33612937819231126,"0.9162907318741551"
-0.6355150623467659,-0.4505148488047982,-0.34183566773690854,-0.26453829483169417,-0.20448567114899246,-0.15536325637983814,-0.11379548144957373,-0.07776401185069186,-0.04596517775970479,-0.017507804220189858,0.008244408134896627,0.03176175339718438,0.0534017608638401,0.07344267686396892,0.0921053733764382,0.10956816664503984,0.12597712718857584,0.1414534311417265,0.1560987169253515,0.1699990649821412,"4.069026754237811"
-0.5021802890824552,-0.32711635427602365,-0.2219326288599809,-0.14582758463148562,-0.08588160954756553,-0.036284358301941946,0.00609168425420108,0.04312931680656504,0.07605290829301552,0.10570523693635407,0.13269254014914428,0.15746660266254828,0.18037401478958065,0.20168711514920024,0.22162416964036571,0.24036296648606462,0.2580502549118569,0.2748084888578572,0.29074077854216707,0.30593461853317244,"3.6375861597263857"
-0.2020949438848016,-0.09490441890473189,-0.028258563416461012,0.021251043552649413,0.061099854608178586,0.0946782847577538,0.1238291017584083,0.14967682344854963,0.17296633945592946,0.19422107697012275,0.2138242573887553,0.23206435662401975,0.24916280564567708,0.26529220096146977,0.28058892804628044,0.29516217348104906,0.3091004576938042,0.32247641729660903,0.33535033762405886,0.34777278720020705,"2.3978952727983707"
-0.16965071622054392,-0.06854516727226445,-0.005858105035937904,0.040546612920262945,0.07775812575421943,0.1090016565890695,0.13604030294967048,0.15995935770188893,0.18148260308009956,0.20111814995268842,0.2192342556747656,0.23610375201258293,0.2519325889745044,0.266879061689954,0.2810670014915975,0.29459491923956277,0.30754241439924135,0.31997472854413095,0.3319460292784054,0.3435018154762565,"2.4849066497880004"
-0.37241459792165993,-0.22438132873140734,-0.1342186585722439,-0.06826545654453574,-0.01583553453528694,0.02788968537537501,0.0655109670516422,0.09859867966859875,0.12817779012753824,0.1549572907174682,0.17945038532089122,0.2020422494063963,0.2230304172769316,0.242649982862087,0.26108999517148557,0.2785045675084607,0.2950207066194836,0.3107440299004839,0.32576306418227685,0.3401525496674088,"3.2386784521643803"
-0.18294692956694525,-0.07663742574823508,-0.011271218547624308,0.036783872245140306,0.07509148427452651,0.10708968528178596,0.13465575051234477,0.1589434767572453,0.18072072479414883,0.2005251247015405,0.21874518921765895,0.23566795202235055,0.2515095690035027,0.26643586918096374,0.2805763932478471,0.294034082670304,0.30689204661581315,0.31921835584362207,0.3310694924111119,0.3424928722464739,"2.6741486494265287"
-0.5574907387057821,-0.36620964370479636,-0.2536412058426245,-0.1734964845526041,-0.11119041867584681,-0.060200738057634706,-0.01703768255819868,0.020386961926042342,0.05342313729495555,0.08299474688181517,0.10976257935369349,0.1342160591343111,0.15672806439759449,0.17758929810977575,0.1970307429233079,0.2152388668858749,0.23236624850386434,0.24853920516936254,0.26386339785896296,0.2784280295835874,"3.7013019741124933"
0.0098171119349774,0.05317734131249097,0.08312799178172454,0.10726296392914751,0.12829690130017454,0.14729076610130026,0.1647953622548443,0.18114336869736428,0.19655550720739184,0.2111878958187574,0.2251562022277581,0.23854919471929717,0.2514369062733086,0.26387583333076703,0.27591239622711033,0.28758532757428656,0.2989273712885006,0.3099665225462684,0.3207269527790663,0.33122971296263914,"1.9459101490553132"
0.02352844537738619,0.0641979083891212,0.09185253831756453,0.11470147672660619,0.1347270448663364,0.1528148358902602,0.16945855673889215,0.1849689717622932,0.1995575477289791,0.21337627449883434,0.22653893008738177,0.23913341580167144,0.25122937415058194,0.2628831311089891,0.27414103288958463,0.2850417742217077,0.29561806860430573,0.3058978752054273,0.31590531871739735,0.32566139143956196,"0."
0.03590752287159952,0.06618943362777031,0.0907992480201936,0.1123027230666295,0.13172554245435278,0.14961486096149534,0.16630737990416142,0.18202922421069584,0.19694159256283114,0.21116451559663466,0.22479039757794061,0.23789227547245853,0.25052912801133015,0.26274943520663335,0.2745936487626395,0.2860959568903906,0.29728557639837877,0.3081877188913833,0.3188243266885614,0.3292146424788825,"1.5040773967762742"
0.02377722763659602,0.058565345552927146,0.08430051382884067,0.10649973749327772,0.12653041387377417,0.14501923257968843,0.16232423697199808,0.17867612183495712,0.1942353533709088,0.20911964669266517,0.22341880603728392,0.23720343549867873,0.25053038419389706,0.26344632233645043,0.27599018510370876,0.28819489837061124,0.3000886312446656,0.3116957266191574,0.32303740654396834,0.3341323163332097,"2.70805020110221"
-0.45727289936667365,-0.29399778058238213,-0.19488613789061815,-0.12253430881177405,-0.06509300795759425,-0.01722946055504283,0.023929485388114406,0.06011548671005433,0.09245613254127416,0.12172875974643513,0.14849348341373023,0.1731685215267677,0.1960754232395038,0.2174674947386167,0.23754833764740982,0.25648432907804547,0.2744132713600252,0.2914505574428273,0.30769368725364676,0.32322566314591633,"3.4339872044851463"
-0.5702112352620766,-0.3927395435811491,-0.28568881556700526,-0.20789235020915547,-0.1463406019761002,-0.09519202976061966,-0.051306195094390716,-0.012794277278711482,0.02157106831637214,0.052633916831040024,0.08100059816683768,0.1071220066361546,0.13134308505288328,0.1539340595970861,0.1751109486448527,0.1950494709195435,0.2138947342830145,0.2317681415105349,0.24877241253216859,0.2649953045336575,"3.7612001156935624"
-0.5678013200753088,-0.38725215389371487,-0.27878991096775546,-0.20027162938312865,-0.13837389142881532,-0.08711260870225682,-0.043270251699901036,-0.004911593392506481,0.029220756404603383,0.059991398516660736,0.08802130375468448,0.113772209772305,0.13759736496882705,0.15977354312596953,0.18052203869678274,0.20002287895203094,0.21842470467475145,0.23585180165144817,0.2524092120767723,0.2681865254999877,"3.8066624897703196"
-0.5790016607918069,-0.38714205017860587,-0.27399216393529313,-0.1933143498067763,-0.13052560297867302,-0.07909803004460668,-0.035535566280422176,0.002255506552832239,0.035629543362393434,0.06551381169193224,0.0925716133105814,0.11729430050445283,0.14005634685937562,0.1611499054169795,0.18080737039357248,0.1992166218409513,0.21653164541035613,0.23288013430259796,0.24836906312696777,0.2630888606847599,"3.784189633918261"
-0.3593003794447454,-0.2152496867306463,-0.12720175653478022,-0.06259721127952517,-0.011098480221309963,0.03195662508820878,0.06908505397053048,0.10180701978514187,0.13111510851355077,0.1576962050215258,0.18204776201292888,0.20454336051898,0.22547178943268828,0.2450614277007538,0.26349610070118623,0.2809258167976898,0.29747432814945823,0.3132446491524142,0.32832320568509177,0.34278302581367626,"3.1354942159291497"
-0.1439125640521803,-0.04976054440473804,0.00889739295998949,0.05246431837099497,0.08748851513676295,0.11695855122702935,0.1425178407349751,0.165184591513261,0.1856390816396277,0.20435643623524913,0.22167776921170537,0.23785344270507114,0.25307118454170235,0.2674747603410972,0.28117649659389005,0.2942657872550663,0.30681496750250264,0.31888344434068244,0.3305206561121096,0.3417682318182568,"2.302585092994046"
-0.5226217475067092,-0.3486218616319985,-0.24352045553279206,-0.16708936054459494,-0.10660046284874056,-0.056332363018005864,-0.013206137788484803,0.024631733871783204,0.058386700276099456,0.08888852271903439,0.11673389820278256,0.1423672026788728,0.1661290432923421,0.188286869922659,0.2090550207590174,0.22860826462651423,0.24709119782127972,0.26462492353474304,0.28131190888856666,0.2972395954199486,"3.6375861597263857"
-0.03661970235843829,0.027920952330399408,0.0689414233963007,0.09975117335044521,0.12482668928567768,0.1463291969316021,0.16541687776176428,0.18274617569433532,0.19872415891664164,0.21362229256619442,0.2276319504773272,0.24089394746800774,0.253515448241134,0.2655802489856881,0.27715534506376577,0.28829530094177336,0.299045258796615,0.3094430706795237,0.3195208474805449,0.32930610862008697,"1.3862943611198906"
-0.2771810912057732,-0.14343821166646634,-0.06298341524433627,-0.004821930414569789,0.04091368348723182,0.07867979268010426,0.11088592629158492,0.13899313101802702,0.16396144926661466,0.18645867948569841,0.20696799842394023,0.22584871605077333,0.24337359281391652,0.2597533271005379,0.27515330301503227,0.2897053113358507,0.30351587327369417,0.3166722260977516,0.32924668230081267,0.34129984629947063,"3.091042453358316"
-0.36995521422986405,-0.22502549809964237,-0.13626559756492007,-0.0710083768041127,-0.018887743392171454,0.02476920153715178,0.06248420303377268,0.09577975735283936,0.12564935100644609,0.15277984822657573,0.177668078273777,0.2006867039496889,0.22212358599020152,0.2422063851721867,0.261118547731866,0.27901008015821965,0.2960050780047194,0.31220717152862926,0.3277035886673202,0.3425682650269619,"3.068052935133617"
-0.536670921931064,-0.3631053409327725,-0.2580342569857944,-0.18145213465436216,-0.120708580904731,-0.07011987360841307,-0.026628569622335733,0.01160534951526878,0.045778253609287375,0.07671345302626302,0.10500280443027055,0.131086845180608,0.15530298549875696,0.1779159231178785,0.19913759701182798,0.21914069924468124,0.23806807040024233,0.2560393845673649,0.27315600572195914,0.2895045854380504,"3.6109179126442243"
-0.24058077754741028,-0.11337960828086593,-0.03737932399916835,0.017259429632327353,0.060031148677944395,0.0952208796081717,0.1251486719951818,0.15122519400824944,0.17437661497793452,0.1952419730545227,0.2142772502054857,0.23181648412866668,0.2481102074693822,0.26335047659252603,0.27768750267167014,0.29124090936755276,0.3041075041344988,0.3163667520356782,0.3280847083777446,0.33931689774760954,"2.970414465569701"
-0.5173316665351949,-0.34263795255420515,-0.23731301015703296,-0.16085551607538856,-0.10044745959268507,-0.05032591940650086,-0.007389256510279701,0.03022982464359789,0.06374574147068747,0.09399444048987035,0.12157711722583732,0.1469415866141029,0.1704311937349857,0.19231562259240614,0.21281104441291868,0.2320937122287,0.25030938798568,0.2675800471166837,0.28400876382662343,0.29968335518783656,"3.6506582412937387"
-0.330801260141973,-0.1879886496847526,-0.10152496145449537,-0.03864801025541374,0.011059364009746076,0.05229945353162428,0.08761229041226411,0.11853341916491744,0.14606748143833412,0.17091182987385736,0.19357284386924178,0.21443092277785772,0.23377909274282044,0.25184732226095063,0.2688187155484417,0.28484082432674535,0.3000338340786899,0.31449662788882443,0.32831134503532444,0.3415468431696416,"3.2188758248682006"
-0.3817605172908732,-0.2309211139578706,-0.139275238103032,-0.07237948321369334,-0.019300412904281247,0.024891283915938263,0.06285559217617177,0.09619823120695693,0.12596692456138905,0.15288614947897985,0.17748009883080437,0.2001419979032085,0.22117541724567846,0.2408200541692894,0.2592685123233816,0.2766776777433736,0.2931767406081676,0.3088730548243814,0.3238565431896225,0.33820308100696667,"3.295836866004329"
0.023861089775870842,0.059308306955818804,0.08528352428006102,0.10757509004579614,0.12761633683243984,0.14606331857739593,0.16329025615415776,0.17953783491396696,0.1949731507129254,0.20971854206926424,0.22386715742945154,0.2374920887239239,0.25065207763057834,0.2633952605589947,0.2757617259308174,0.2877853184159774,0.29949494720361186,0.31091555698946316,0.3220688632294795,0.33297391869218634,"2.4849066497880004"
-0.3161888484457082,-0.18067925488967795,-0.09772898437081773,-0.03682304260528861,0.011740603243264064,0.052343038958535426,0.0873523426499824,0.11820098056850738,0.1458264307975015,0.17087959174235312,0.19383360091461876,0.21504483987636744,0.2347891256090731,0.2532843117167424,0.2707051317303035,0.287193429721368,0.30286551268300765,0.3178176052757801,0.33212998561446677,0.3458701655705035,"3.044522437723423"
-0.4972788773694526,-0.31915911358246735,-0.2128911270129529,-0.1364679814533001,-0.07659030824413655,-0.027280616522371945,0.014675469344456816,0.051210726379012306,0.08358048386760127,0.11264793460310092,0.13903351076392353,0.1631992269015355,0.18549911878016137,0.20621083350562097,0.22555621951627822,0.24371524464215666,0.26083572857209136,0.2770403617453009,0.29243190464007485,0.30709712501219655,"3.624340932976365"
-0.5779964824559458,-0.39533903283100025,-0.2859107050617952,-0.2068814883752364,-0.1447126543892234,-0.0933246884398481,-0.04944965673058666,-0.011122677974410796,0.022932408115201607,0.053592726946396066,0.08148794467993338,0.10708602274584281,0.13074476975943577,0.1527443592580959,0.17330865030932607,0.1926196174954768,0.2108273827041185,0.22805735529988033,0.24441542452543927,0.25999181269513516,"3.8501476017100584"
-0.00406578283339932,0.04344748998766508,0.07600113842466041,0.10191139609775278,0.12410976254524607,0.1439697841454947,0.16217712003582185,0.17912888958911014,0.19508004962809553,0.2102064797807813,0.22463601891927074,0.23846533117812563,0.2517697952973393,0.26460965933508973,0.2770340588169617,0.2890837448387001,0.3007929977507986,0.3121910070990755,0.3233028904573565,0.3341504611678634,"2.3978952727983707"
-0.03701587772594129,0.03365140048115565,0.07618780283997575,0.10701334540272557,0.13169298739516808,0.15267249052845425,0.17112324731241466,0.1877199874590007,0.20288893616161688,0.21691891017244416,0.23001521635775324,0.24232960029291384,0.25397770632417044,0.26504991988695703,0.27561838040775605,0.2857416839100893,0.2954681511859042,0.3048381559262159,0.313885816843156,0.3226402600045839,"1.8718021769015913"
-0.3245967982457707,-0.18892070179162426,-0.10560126773303471,-0.04423385821304726,0.004842380943786673,0.04598777038409916,0.08155816720014541,0.11297785412246343,0.14117804799571285,0.1668043870570835,0.1903255103235624,0.21209413169919544,0.232383351100875,0.2514092906213556,0.26934585454672644,0.2863347892299233,0.30249283088516576,0.3179169676185152,0.33268841956309625,0.3468757070415851,"2.9444389791664403"
-0.09909250343941572,-0.020948572400969367,0.0290762833007033,0.06704562009744856,0.09813363287162881,0.12471657169250569,0.14811457507209008,0.16915244135448226,0.18838136805881925,0.20618375701002734,0.22283210238014392,0.23852562982646264,0.2534137664785363,0.26761131897668905,0.2812084386786684,0.29427729951337794,0.30687667508920946,0.31905514756941067,0.3308534062517814,0.3423059273494847,"0."
-0.42862612592951016,-0.26184148803395696,-0.16223535842627304,-0.09057164886831542,-0.034412499104560096,0.011837752163578102,0.051190508443586115,0.08545810992075627,0.11581940273073107,0.14308688514666354,0.1678462092892862,0.19053454783572052,0.21148724650947912,0.23096704504750448,0.2491832614586313,0.26630493773353653,0.2824701813591998,0.29779299545021126,0.31236837909942644,0.326276195346599,"3.4657359027997265"
-0.1266236292505486,-0.03982729194703799,0.015048545013961991,0.05630911795456369,0.08983301068285365,0.1183056445144771,0.1432056355528692,0.16545073391384632,0.1856556383168123,0.20425105623226458,0.22154734269464027,0.23777312622460434,0.2531004330074675,0.2676614186849337,0.2815596312523712,0.29487768983538004,0.30768260480021736,0.3200295302529469,0.331964459708498,0.34352619740774154,"1.3862943611198906"
-0.18533241491232819,-0.08139651082466173,-0.016825854474348652,0.03108241580540739,0.06958822210210072,0.10198881610304515,0.13008059889721574,0.15496408405381631,0.1773710731849197,0.1978163906027271,0.21667584978174947,0.23423057256154106,0.25069470463179944,0.2662339865412002,0.28097866254333637,0.2950326057312828,0.3084798347068554,0.3213892138350485,0.3338178814762818,0.34581378122890516,"2.4423470353692043"
-0.3795315359277404,-0.22188778825328398,-0.127747752484351,-0.060039169036695365,-0.0070003793282494295,0.036662856629106635,0.07380103958397985,0.10613120794806426,0.1347721840633261,0.1604968624611359,0.1838633138902125,0.20528814379807797,0.2250902432139509,0.2435184615025827,0.26077004708566226,0.27700346109682045,0.29234755488880165,0.30690828223389416,0.32077368281527113,0.3340176269159315,"3.349904087274605"
-0.6015887171629913,-0.4081195957435581,-0.2943472533403777,-0.21337938971844964,-0.15045069391554936,-0.09896149709195777,-0.05538195750968186,-0.017600599452447425,0.01574695414752657,0.04559383937893402,0.07260679702065437,0.09727911566727628,0.11998626002191622,0.14102079427733857,0.16061519220645332,0.17895724918381575,0.19620080959941452,0.2124734326092493,0.2278819989739616,0.24251689657541511,"3.8394523125933104"
-0.11289185043087675,-0.02841058443192436,0.024848416993984147,0.06476137498174968,0.09708352745438666,0.12445595028151263,0.14834430675066096,0.16966287030291438,0.18902127162368793,0.20684125710271895,0.2234224081329976,0.23898304799535838,0.25368641316687407,0.26765754294957583,0.28099434262537976,0.2937749799051149,0.30606294335002593,0.3179105812773615,0.32936163177802313,0.340453068227967,"1.791759469228055"
-0.5344339772912174,-0.3495744300378819,-0.23977062168548036,-0.16107037441688205,-0.0995750790068574,-0.04904607670268703,-0.006133124277883239,0.031175422655165673,0.06418415212675116,0.0937885890324727,0.12063112076731222,0.14518905135353927,0.1678273079723201,0.1888314913924116,0.2084294323911824,0.22680575293508007,0.24411202255001094,0.26047405207859414,0.2759972685936934,0.2907707643134942,"3.7013019741124933"
-0.03293439374557754,0.029258591960412375,0.0692161435588091,0.09947946266971426,0.12427274489790266,0.14564059635080628,0.16468316796894858,0.18202661686860122,0.19806038149700173,0.21304476043034834,0.22716360898063806,0.24055244755511282,0.2533145842200904,0.2655309307613866,0.2772662791788575,0.2885734813326218,0.2994963287350331,0.3100715949497228,0.32033052047147537,0.3302999157175163,"0.9162907318741551"
-0.04010559294465771,0.020467356649394943,0.06034023451134315,0.09116918955396533,0.11679505182335795,0.13905753716492694,0.15899541940489695,0.17723166640489232,0.19415854980790392,0.2100380372902443,0.22505434589824874,0.2393426114260151,0.2530054199166755,0.2661228547651985,0.2787588912055212,0.2909656306991634,0.3027862018429753,0.3142568066828723,0.3254082011770851,0.3362667901532652,"1.7047480922384253"
-0.2506290242034006,-0.12887802151506741,-0.05420615025198744,0.0006518796682620621,0.04438834992855584,0.08093792362852599,0.11243331908850157,0.1401704639871397,0.1650032418612054,0.18752884963360097,0.20818340786984266,0.22729522609870392,0.24511678126792588,0.2618453546264869,0.2776371631176771,0.2926174245349623,0.3068876879305816,0.3205312402185364,0.33361712987675557,0.346203186638648,"2.8903717578961645"
0.0048777739543072055,0.05458797518832763,0.08699991032395574,0.11210293314990774,0.1334343536814408,0.15234719441357883,0.16953156091238825,0.18539777092716994,0.20021414380985386,0.21416792289299408,0.22739610409795138,0.2400025998733103,0.25206850197355035,0.2636585673318545,0.2748255027815982,0.28561290034205555,0.29605730998353824,0.30618974146863737,0.31603677685904535,0.3256214106129656,"0."
-0.2334750685369008,-0.11778252451400935,-0.04630263446709934,0.006539684901752437,0.048900496335725734,0.08447353904892817,0.11526224625376684,0.14248498590999717,0.1669453686761535,0.18920617834283487,0.20967909493782536,0.22867464874645246,0.24643216588351166,0.26313906188161135,0.278944045457654,0.29396653223047703,0.3083035161134864,0.3220346519592936,0.33522604946691,0.34793312837771606,"2.6741486494265287"
-0.27843996807544064,-0.14999511041327274,-0.07143591675872873,-0.013835196564171133,0.0320189310859458,0.07029187763843443,0.10323835707476582,0.1322253412907835,0.15815069162955786,0.1816404794312593,0.20315124670024703,0.22302698398432014,0.24153303443830215,0.2588776220218781,0.2752263662667349,0.2907125400279275,0.3054445477277919,0.3195114788894569,0.3329872793645393,0.3459339107784816,"2.995732273553991"
-0.06949219932811233,0.00263312457380088,0.04868794931121259,0.08348682793590081,0.11184865149131742,0.13603383405710534,0.15732150396661881,0.1765010441315482,0.19408020725542502,0.2103985485652573,0.22569297836272964,0.24013534161409983,0.25385452076010573,0.26694993646631554,0.27950012071793,0.29156836067956116,0.3032065360423926,0.314457803566665,0.32535852290708955,0.3359396690918019,"1.0986122886681098"
0.03646774182812751,0.06709423199189292,0.09181231433420856,0.11332390462702314,0.13270141290171183,0.15051347301391374,0.16710827960352137,0.18271872123565136,0.19751025202519243,0.2116057158725375,0.2250994487194794,0.23806585410588013,0.25056490101115375,0.2626458010892335,0.2743495552658454,0.28571076941668444,0.29675898132750916,0.3075196513520065,0.318014915832278,0.3282641694998851,"1.252762968495368"
-0.3925873394754276,-0.23853336814483303,-0.14519589304414138,-0.07722869044430024,-0.0234133434027118,0.021306859567759597,0.059659884011007074,0.09329192127687518,0.12327667117841537,0.15035622644781232,0.17506723029213192,0.1978119834576251,0.21890082177997486,0.23857856737080044,0.257041753115095,0.2744503090008592,0.29093580800794805,0.30660749070569765,0.32155679264369297,0.33586081841672466,"3.349904087274605"
-0.005032555288029082,0.04344541031919761,0.07643130333358275,0.10254804359276515,0.1248345450340297,0.14471404152414596,0.16289640850297454,0.1797923738540765,0.19566532920055982,0.21069674945937114,0.22501837223197038,0.23872968087603524,0.2519081525690209,0.26461563391575627,0.2769025015048506,0.28881048531034775,0.3003746481540874,0.31162481224593647,0.3225866117717618,0.3332822855591362,"2.1400661634962708"
-0.07691964561642665,-0.0055095525803527294,0.04067670801511768,0.07598950141339533,0.10507015648200752,0.1300685118839624,0.15219214456367597,0.17219675218712963,0.19058152670302947,0.20768729299465427,0.2237542254176381,0.2389571319104016,0.25342713527898775,0.2672652498293919,0.28055111677873357,0.2933487914837721,0.30571068765615556,0.3176803369608061,0.32929436632778963,0.3405839454367174,"1.3862943611198906"
-0.41882743159133684,-0.2595417262066803,-0.16318825639065576,-0.09310518144257432,-0.03766373050029465,0.008374764459924392,0.047834871085962426,0.08242003503434017,0.11324036100536337,0.14106216377297598,0.1664387471575903,0.18978425183671133,0.21141776894736058,0.23159091235768756,0.25050575226886757,0.26832692839036354,0.2851901366644907,0.3012082819889017,0.3164760730850142,0.33107353618242225,"3.417726683613366"
-0.3484600374332977,-0.20773802839744276,-0.12146575326349333,-0.05799773684401915,-0.007285860294721489,0.03520203320215537,0.07191307542055103,0.10432560592093544,0.13340510554546253,0.15981989675791825,0.18405415813289266,0.2064716555406059,0.2273537338361189,0.2469230192756118,0.26535883006383537,0.2828076063011154,0.2993902508413863,0.31520748481124866,0.33034387371225005,0.34487092405925757,"3.0204248861443626"
-0.5332160488540519,-0.3546888322077591,-0.2474506828365625,-0.16985389285286906,-0.10872007894284474,-0.05812594484328824,-0.014884704746266512,0.02292134148680728,0.05653874706262216,0.0868250807668191,0.11439669213743646,0.13971235731983145,0.16312354529833864,0.1849060722005136,0.20528079880302233,0.2244275960600542,0.24249503272804687,0.25960726982252436,0.27586908869918036,0.2913696448986496,"3.713572066704308"
-0.08302544267789337,-0.008549616864943268,0.0391850370901866,0.07541064019001462,0.10505257269348492,0.13039141416857566,0.1527074907902586,0.17280138076502846,0.19120132033223103,0.20826745236517094,0.2242531632695481,0.23934257328729297,0.2536735601236814,0.2673521656339802,0.28046185795935646,0.2930696626535903,0.3052303377565071,0.3169892924201984,0.3283846763702534,0.33944890817096,"-0.6931471805599453"
-0.32347847050228445,-0.17183436583144251,-0.08312825114261539,-0.020190254047833558,0.028628629217811633,0.06851984014139172,0.1022585293027446,0.1315069393649817,0.15733992848509037,0.18049122255203368,0.20148260516827135,0.22069756988149902,0.2384258561535227,0.2548915721521543,0.27027158681226693,0.28470792968211717,0.29831638098103,0.31119256917281285,0.3234163946779144,0.33505530223824315,"3.068052935133617"
-0.00783720850505161,0.04329559806463311,0.07745451204362785,0.10412416148436492,0.12664405494699102,0.14657531486785505,0.16469405926899772,0.18144769222798954,0.19712201144364377,0.21191315321208415,0.22596294168713527,0.23937806838802644,0.252241317462495,0.26461853745860875,0.27656318268654295,0.288119389172917,0.299324126936737,0.3102087479465398,0.3208001259669076,0.3311215131753988,"1.252762968495368"
-0.4149985551301101,-0.25680981719881596,-0.1610304701189931,-0.09130915563727382,-0.0361149954329491,0.009746974192853988,0.04907803543862433,0.08356779477509464,0.11431749236059581,0.1420874456119343,0.16742672992947044,0.1907464107219541,0.21236329091372927,0.23252725363665072,0.2514390441457121,0.2692622777983663,0.2861318509812022,0.30216003791878027,0.3174410439037947,0.3320544879707575,"3.4011973816621555"
-0.0780826009984968,0.0032814815997160773,0.05298492886988846,0.08923605533213427,0.11797436472766624,0.1420003372943792,0.16285707820553819,0.1814453567397343,0.19832127783247427,0.21385151411814346,0.22829129884303268,0.24182610727489995,0.25459541493325993,0.26670704964761344,0.27824629453022715,0.28928190173363905,0.29987020330658615,0.31005800373466835,0.31988466633986645,0.3293836509240133,"2.1972245773362196"
-0.4479956036179013,-0.2828412908077704,-0.18317699075216734,-0.11082005629740851,-0.05366680693843884,-0.006267921950685063,0.03431297625346628,0.0698456159129236,0.10148235160693266,0.13001776124163716,0.15602471116042668,0.17993127993262506,0.2020667988120281,0.2226906792961042,0.2420111695891928,0.26019799690828066,0.2773911831211457,0.2937073949847677,0.30924465579037774,0.3240859301140924,"3.4965075614664802"
-0.5506517275456542,-0.3738664348096804,-0.26720428694328263,-0.18969402349657347,-0.12838077712472062,-0.07744467850649314,-0.0337555368447486,0.004570067005975979,0.03875642039198636,0.06964580248106603,0.09784350624783218,0.12379990272841149,0.14785979031608182,0.17029353639692335,0.19131750530002847,0.21110788944482067,0.2298103260205915,0.24754673962600213,0.2644203141964033,0.28051917778853785,"3.713572066704308"
-0.005724868587227091,0.043427861834185115,0.07671415370893749,0.10297346114033333,0.12532041679723388,0.14521316494152586,0.16337849651753394,0.18023658488136768,0.1960566382324426,0.21102396540998627,0.22527295910354544,0.23890501144266105,0.2519990125660493,0.26461787987267404,0.27681281722144846,0.288626204070243,0.3000936201243379,0.31124530375856907,0.3221072276085304,0.33270190815749046,"1.9459101490553132"
-0.3712937155504418,-0.21364148962654303,-0.11994715341418732,-0.052807615262017896,-0.0003690771173002389,0.04269664878942402,0.07925431229542089,0.11102777670553342,0.13913954394128908,0.1643642329572447,0.18725992727740748,0.20824176377811301,0.22762611131179733,0.24565875696163247,0.26253379081109496,0.27840671629840574,0.29340377913428994,0.30762872586639983,0.32116777238159433,0.3340933047412737,"3.3141860046725258"
-0.5965978014769329,-0.41399528043855055,-0.30468768455294676,-0.2257843380214781,-0.16373447765183935,-0.11245603624432526,-0.06868107778045995,-0.030445456577651756,0.0035260730849767446,0.0341097097817201,0.061934204504052785,0.08746659211794806,0.11106371941009706,0.13300475828000402,0.1535125441956491,0.1727680400619689,0.19092040838850327,0.2080941895342689,0.22439452368588664,0.2399110220090016,"3.9219733362813143"
-0.321620252666739,-0.1843681855782811,-0.10049329525063334,-0.03899811653455535,0.009972160815390936,0.050867179978057876,0.08609176171810685,0.11710036058361366,0.14484465701795804,0.16998525240394163,0.19300219649088823,0.21425694733444556,0.23402913127245986,0.2525395044265228,0.2699650382073003,0.2864493205951475,0.302110032344134,0.31704449276210955,0.3313338626908531,0.34504637445813646,"3.091042453358316"
-0.4207808863084014,-0.2585631348756646,-0.16096976180242475,-0.09032463902199048,-0.034676478317637816,0.01135751798753428,0.050678336584441486,0.08503452822094318,0.11556503655884018,0.14305585489433417,0.16807437094497266,0.1910450499837819,0.2122945376103049,0.2320798356676707,0.2506066820504344,0.26804204636860673,0.28452295797877886,0.3001629530008569,0.31505690745397474,0.3292847311903848,"3.449987545831587"
-0.43799072608841794,-0.26865345825691017,-0.16774799828049536,-0.09527486474917787,-0.03856062748360989,0.008092869642856645,0.0477501414177876,0.08225420377729428,0.11280297555503038,0.14022143423277983,0.16510368198930375,0.18789274549279736,0.20892809726543538,0.22847543932770567,0.24674626586479134,0.2639112654652179,0.28010983443933496,0.29545701979618166,0.31004869251144873,0.32396546229321294,"3.481240089335692"
-0.05704403474273112,0.008318165003500508,0.051032969967455426,0.0839218788063281,0.11115899397281881,0.13470486866119788,0.15567123253593473,0.17474632923304523,0.1923746993621414,0.20885500477082902,0.2243966042954232,0.2391520607433167,0.2532363099951263,0.26673840072961674,0.2797289686539053,0.2922651694732999,0.30439404121643826,0.3161548621549397,0.3275808463167908,0.3387003899211329,"1.791759469228055"
-0.3171961063191663,-0.18387474447059446,-0.10181560988905264,-0.04125683679091726,0.007258617985570171,0.04799939505890363,0.08327205029399311,0.11447124233662813,0.1425089661720701,0.16801765645087996,0.19145647745756328,0.21317111280210016,0.23342931381640447,0.25244305869005973,0.2703829983699593,0.28738829908194924,0.3035736332994619,0.3190343252050729,0.33385024263629454,0.3480887979218248,"2.833213344056216"
-0.5544330947942046,-0.3786143184230972,-0.27237376569922955,-0.19505471717015183,-0.13380494982967514,-0.08285186166644987,-0.0390911616566316,-0.000655217460633368,0.03366991195405121,0.06471934748752747,0.09309320090693445,0.11923793585079519,0.14349529066502464,0.16613315836033823,0.1873658557291411,0.20736786006816893,0.22628337034192586,0.2442331160341019,0.2613193057591864,0.2776292923547227,"3.6888794541139363"
-0.20787711832435227,-0.0890328425601877,-0.017887792525583573,0.033321077459119615,0.07344136999545751,0.10647549359770479,0.13460015067787243,0.15914416372927132,0.18097927536364902,0.20070332088383128,0.2187394709433631,0.2353956840375033,0.2509020013271243,0.26543444051148884,0.27913060747561774,0.29210013044111593,0.30443180249645896,0.3161985872070053,0.32746120511267424,0.3382707561942413,"2.8622008809294686"
-0.021409091184656257,0.032710125404043264,0.06894078628942803,0.09728239967631422,0.12111181351691816,0.1420709131347389,0.16105007658744402,0.1785611340280276,0.19492550289239052,0.21035999386346435,0.22501908591893352,0.23901759685468849,0.2524437519508693,0.265367178455174,0.2778440406134758,0.2899204742967149,0.3016349637045921,0.31302003414630625,0.324103487924981,0.33490932620761427,"2.0794415416798357"
-0.1586774865966581,-0.05846229720237417,0.003286196796483182,0.048733537724564,0.08498746770367406,0.11528782045219285,0.14141318713766488,0.16446296039158867,0.18516932802373903,0.2040417237209785,0.22144448470273925,0.23764412219936748,0.2528399453939288,0.26718428404051825,0.28079597478072466,0.2937694787128482,0.3061811539583194,0.3180936546872183,0.32955907672690754,0.3406212494681703,"2.5649493574615367"
-0.06719523087366477,0.0087877913303659,0.055973831304041585,0.090813119268126,0.11869623297617576,0.1421825949540271,0.1626968928560351,0.18107822275693,0.19784635627426397,0.21334398717977957,0.22780951981677494,0.2414161526010633,0.2542941671375843,0.26654436765424355,0.27824658349566184,0.2894652722108794,0.3002533419261597,0.31065483701488444,0.32070687357662114,0.33044106529741407,"2.0149030205422647"
-0.43931044869930785,-0.27880237640984307,-0.18133881598981458,-0.11018423492791317,-0.05369579451146124,-0.006631522168021301,0.0338338407953419,0.06940367269315868,0.10118757907478412,0.12995091044565957,0.15624556940783346,0.1804840467985801,0.2029838226364107,0.22399522370206743,0.24371956300875658,0.2623213454926734,0.279936739554997,0.2966796372843401,0.31264611761202965,0.327917822006356,"3.4011973816621555"
-0.4591377300513551,-0.28867190786767827,-0.18654052502598306,-0.11285064952640908,-0.05495952346137307,-0.007178555936537688,0.033554817556168216,0.06908437428220683,0.100609344292471,0.12895578082986706,0.1547186585573972,0.17834204387661673,0.2001669662823811,0.220461358919374,0.23943957020581977,0.25727557836343723,0.27411227035030133,0.2900681715670383,0.3052424605790677,0.3197187860117716,"3.5409593240373143"
0.023874487632324422,0.05944676997822706,0.08546677861805418,0.10777515865549678,0.1278178952399482,0.14625664462386684,0.1634686934988771,0.17969660707284404,0.19510871966424279,0.2098282273375532,0.22394889454996048,0.23754426846610174,0.2506734348815439,0.26338479518743513,0.2757186450218692,0.2877089932272886,0.2993848805227957,0.3107713580013645,0.3218902279076629,0.3327606143208257,"2.4423470353692043"
-0.633304434961006,-0.44760699862664644,-0.33829439465729216,-0.2604395739841248,-0.19989370329721404,-0.15033043904473975,-0.10836474827600327,-0.07197096190870224,-0.03983971386566602,-0.011075352232688693,0.014961995004239467,0.03874552154512659,0.060635152709525623,0.0809111509056843,0.09979611344158051,0.11746985446877035,0.1340797593097745,0.14974816662912652,0.1645777467817392,0.1786554973181742,"4.060443010546419"
-0.46783873011268406,-0.29954082199192195,-0.1980195479660202,-0.12432612875276507,-0.06611965278030231,-0.01784617565074577,0.023486033112788265,0.059679476341831,0.09190738001888843,0.12097822704451547,0.14747440808520476,0.1718306723244246,0.19438115877252152,0.2153888972604127,0.23506502086082004,0.2535817030353616,0.27108114870807387,0.287682036462622,0.3034842694236386,0.31857257053798677,"3.5409593240373143"
-0.5439568737941163,-0.3668280347857733,-0.26006789308413764,-0.18256714794658865,-0.12132384815059731,-0.07049572565904447,-0.026940022867493717,0.01123446831543253,0.04525720242385959,0.07597407665564514,0.10399305015118666,0.12976656320905192,0.1536410989810189,0.17588844616998875,0.19672618928629126,0.2163315667769349,0.23485109643130617,0.2524074202565179,0.2691042794073574,0.28503020634307086,"3.713572066704308"
-0.0077259764606051745,0.05190837798757123,0.08813765766589204,0.11499421095207987,0.13719074856633995,0.1564264611601765,0.17359015839168287,0.18920386212207008,0.20360579326527692,0.21702820630959718,0.2296385530467905,0.24156219105815194,0.2528956776437847,0.26371520652994,0.2740821242021816,0.2840466287532575,0.2936504116774042,0.302928535703305,0.3119108005567568,0.32062278523392007,"1.5040773967762742"
-0.45584667966267767,-0.283992778694397,-0.18146404246990205,-0.1077474517088855,-0.05000793255956951,-0.0024740631142137095,0.037958683443611585,0.07315764224447974,0.10433639798029751,0.13233038748273473,0.1577409998138439,0.18101669118140026,0.20250133669542483,0.22246448438164268,0.24112113801252788,0.25864523077471235,0.2751791410867003,0.29084061979408593,0.3057279539073806,0.31992388527145577,"3.5263605246161616"
0.023943533630051608,0.06207197947416783,0.08895511458784688,0.11156273102388774,0.13160760505134267,0.1498663554858533,0.16677745661205437,0.1826200063338371,0.19758581874118694,0.2118139827542031,0.225409444381331,0.23845385787871207,0.25101233042405724,0.26313782484096354,0.2748741494876653,0.28625805603328947,0.29732075220787385,0.30808901846951114,0.31858604909082344,0.3288320969221198,"1.5040773967762742"
-0.09215204361691176,-0.013210394865440962,0.03676365313988235,0.07430481597508855,0.10475691904042518,0.13059232809605342,0.15319740996926856,0.17343752200936907,0.1918822673187978,0.20891890230746624,0.22481910912161013,0.23977976159252748,0.2539479092273013,0.26743637608012377,0.2803337680893924,0.2927110844462367,0.30462621153852537,0.31612705925884166,0.32725380286400085,0.3380405203804193,"1.6094379124341003"
0.011124422741250405,0.05222822532203982,0.08125152441100207,0.1050015523405593,0.12591442281913642,0.144944911526284,0.1625904497894316,0.17915269562470673,0.19483265753426,0.20977314518211057,0.22408044001115887,0.23783646687252713,0.2511061374027398,0.26394203386680753,0.27638753263938765,0.2884789644014476,0.3002471541726549,0.31171854778176,0.32291605416923036,0.33385968733355065,"2.6026896854443837"
-0.44700185841656614,-0.27982379415289216,-0.17937630344509525,-0.10673077878604274,-0.04954594882491853,-0.0022663538526129868,0.03810053527947277,0.07335744562302492,0.10467770015060056,0.13287010626489654,0.1585177033349033,0.1820560665655867,0.2038200689441136,0.22407312003345006,0.24302620757374885,0.2608507831525982,0.2776878054996248,0.29365430052980396,0.30884825484427897,0.32335234710570276,"3.5115454388310208"
-0.006529247328067295,0.04339118030757394,0.07701734251099589,0.1034370981421012,0.12585180166445464,0.14575944491805537,0.16390601378437453,0.18072233519708278,0.19648413941485346,0.2113810104642427,0.2255502865459369,0.23909546735481882,0.2520969963638999,0.26461896341630253,0.2767134747915927,0.2884236159559357,0.29978552663049657,0.3108298946691475,0.3215830571502349,0.3320678286656139,"1.7047480922384253"
-0.5767636950407243,-0.3869764379372011,-0.2745946287963665,-0.19422616443402335,-0.13153494006656138,-0.08009372484292637,-0.036455028046451544,0.0014488555785617657,0.03495729962818687,0.06498845054900691,0.09219982055826788,0.11707900315687342,0.13999804481232236,0.1612476001734222,0.18105923488916748,0.19962048321743442,0.2170853216594755,0.23358165420188526,0.2492167948486835,0.26408157209620897,"3.8066624897703196"
-0.5407931490595987,-0.3624691402530208,-0.2552143184073624,-0.17750813597560822,-0.11621565848208039,-0.0654340604501138,-0.02198783296664263,0.016033905283882818,0.049873304804072795,0.08038491785023617,0.1081828892800602,0.1337242747833601,0.1573591314462862,0.1793620913136983,0.19995303213336235,0.2193110405269581,0.2375841021651133,0.2548959928943056,0.2713512936355065,0.2870391218419762,"3.7256934272366524"
-0.30982409449925624,-0.17373581938390537,-0.09079987974664727,-0.030154396366061834,0.01801842931945051,0.058153496128685464,0.09264856449925361,0.12295473417570578,0.15002260974531623,0.1745130559049571,0.19690686657535234,0.2175660336232845,0.23677009790842937,0.25473899846741854,0.27164826392115443,0.28763962380644326,0.3028287035997938,0.3173107454589323,0.33116492767029365,0.34445765947220797,"3.1135153092103742"
-0.5763975680036897,-0.3976468958906231,-0.2900044415195693,-0.21189414227257122,-0.15017758225983677,-0.09895571096325233,-0.05505743935938882,-0.016575717936801473,0.017728480247610104,0.04870713379239568,0.07697214314074642,0.10297845641194332,0.12707404253507382,0.14953143321031684,0.1705684319622053,0.19036215697510567,0.20905882302738066,0.2267807134159598,0.24363125046344347,0.25969875182457325,"3.8066624897703196"
-0.3909804057813125,-0.2420703251154053,-0.1509630907232124,-0.0840209830978104,-0.030575944321337256,0.014178527211765941,0.05283498731296279,0.08695787115053545,0.11756734630379681,0.14536803569006998,0.17086894601259514,0.1944513076373931,0.21640920230320462,0.23697500738556193,0.25633594076424626,0.27464519270881804,0.2920296670703944,0.30859554127099337,0.3244323832537365,0.33961628303035934,"3.1135153092103742"
0.010530617584155475,0.05270265829704946,0.08216902731394497,0.10610518465535682,0.12707790415200454,0.1460920534761049,0.16367040311291156,0.18012943792205344,0.1956796520286328,0.21047030050071894,0.22461223880701198,0.23819074615788,0.25127325823970514,0.2639142963815692,0.2761587522704651,0.2880441578129601,0.299602301908563,0.31086041192450514,0.3218420362396504,0.33256771615869074,"2.302585092994046"
-0.11157943449843266,-0.02769118972431009,0.025266540823807762,0.06499881100771378,0.0972060959266193,0.12450458188210946,0.1483463096831596,0.16963722715395635,0.18898157379277475,0.20679750261758958,0.2233821457287316,0.23895211394703203,0.25366941317124897,0.2676581746867512,0.281015617476146,0.2938193794318884,0.30613253250203487,0.3180070921488107,0.32948652683676805,0.34060758890589216,"1.7047480922384253"
-0.19609123646465437,-0.0880491044054763,-0.021337769183362096,0.027904063911510065,0.06730452206489412,0.1003265559789371,0.12885572811973056,0.15404628545783614,0.1766649739071722,0.19725047376505406,0.21619536599078903,0.233792785749007,0.25026563240458893,0.26578614143938,0.2804894703530877,0.29448328186398215,0.30785457180192116,0.3206745830862133,0.33300238297791984,0.34488750006987545,"2.6390573296152584"
-0.21563885739627933,-0.10343611377406471,-0.034153937086047054,0.01701306216988949,0.05798447433818891,0.09235076573816997,0.12206241834208158,0.14830888023501018,0.17187736359639091,0.19332040209868637,0.21304194050112926,0.23134553657020085,0.24846377115427953,0.2645776017346285,0.2798297768602684,0.2943344013414105,0.30818385672932463,0.32145385665089804,0.33420717311989584,0.3464964101069267,"2.6741486494265287"
-0.5867621311996402,-0.40596245991330554,-0.2974062010511556,-0.21883771603700575,-0.15690504549589823,-0.1056141081015663,-0.06174335402880786,-0.023355860470825975,0.010806441167037186,0.041608332311824835,0.06967067467190405,0.09545488736717235,0.11931372810776497,0.1415233411935576,0.16230429544758673,0.18183584760992075,0.20026587651526784,0.21771796317720624,0.23429654047316323,0.2500907092067714,"3.871201010907891"
-0.039888053949963614,0.026650121132828754,0.06857054061443625,0.09984569102813533,0.12516771766494816,0.14679577458723062,0.1659355299393576,0.18326786298728992,0.1992141383431836,0.21405496830068332,0.22798794569595002,0.24115829860163498,0.253676424422328,0.2656285462159233,0.2770835176909123,0.2880973498946909,0.298716326855629,0.30897921282082663,0.31891885506759377,0.3285633729606998,"1.6094379124341003"
-0.5382802359913569,-0.36433830169958376,-0.25907934258850757,-0.18238627424437104,-0.12157351278684289,-0.0709415853777352,-0.02742462195479025,0.010822431476046382,0.04499919003875225,0.07593117401710123,0.1042118093274416,0.1302827850107106,0.15448237926286523,0.17707595826961012,0.1982759849106282,0.21825556765668064,0.23715788167492483,0.255102872092214,0.272192123742298,0.28851246891467713,"3.624340932976365"
-0.06015864796925486,0.006933345345849035,0.0505076302603543,0.08388963943873684,0.11141687315166585,0.13512613758233027,0.15617196912401757,0.17526869828637404,0.19287734669128126,0.2093073536089346,0.22477540783793923,0.23943924274424205,0.2534175583717982,0.2668022177581289,0.27966600866772734,0.29206776404753326,0.3040558505028324,0.3156706134757909,0.32694613460120076,0.3379115229193546,"1.0986122886681098"
-0.41007565780115474,-0.25561348177892507,-0.16155490036540285,-0.09273065806335694,-0.03798809464629129,0.007696824387387838,0.04703338271117473,0.08165598262868097,0.11263004295033091,0.14069113503954309,0.16637036247418308,0.19006527600813938,0.21208233665612078,0.2326635068640972,0.2520035424464238,0.2702616312932456,0.2875694923754956,0.30403719762645665,0.3197574861544141,0.334809047306682,"3.295836866004329"
-0.486747039676883,-0.319785578667161,-0.21842164051959698,-0.1443884476359129,-0.08557280869822217,-0.03652700826624275,0.005682186510065414,0.0428216293895069,0.0760411515917757,0.10613282961503466,0.1336667889610811,0.15906810570708502,0.18266304312774978,0.20470818534591612,0.2254094953885754,0.2449351750650632,0.2634245798390899,0.2809945540381301,0.29774404124283116,0.313757518265345,"3.4657359027997265"
-0.029386009986484815,0.030444391758545512,0.06932427225522514,0.09903463384071515,0.12354794235519596,0.14479063743804504,0.1638026211046847,0.18117798157567483,0.19728739456019873,0.21237929750451076,0.22662959453218454,0.24016823288919717,0.2530944770891622,0.2654862239603126,0.2774059673962335,0.28890477553024946,0.3000250342766871,0.310802395280313,0.3212671936592715,0.3314455022385227,"-0.6931471805599453"
-0.4605163045551304,-0.29418859166415745,-0.19368651529709277,-0.12062686718849612,-0.06284687065940024,-0.014872031414573812,0.02624709225399889,0.06228789688093494,0.09440754808476948,0.12340368049594877,0.1498510485158412,0.17417885323068968,0.19671710507912127,0.21772570720012593,0.23741339469067915,0.25595048481518423,0.2734777347082873,0.29011268523522105,0.3059543378557413,0.32108669371107895,"3.5115454388310208"
-0.29853965982605374,-0.16875506096106677,-0.08885523389137116,-0.029898872743827364,0.017317178530107537,0.05694977059817188,0.09124654882443635,0.12156772208832102,0.14880395476868735,0.17357404426563605,0.1963281543617368,0.21740569716563202,0.23706966853559608,0.2555280787452065,0.27294801336248864,0.28946531427470756,0.3051915325516262,0.32021908727668663,0.33462518036983774,0.3484748113407158,"2.833213344056216"
-0.2723788810981268,-0.14313736168315955,-0.06454765381951756,-0.007223575125586093,0.038197358506614355,0.07594931541968372,0.10832468260362405,0.13671442770765865,0.16203343659102237,0.18492013603241195,0.2058394700781601,0.2251403532524305,0.24309025416442073,0.2598975580919151,0.27572687179505256,0.2907098882462908,0.30495326000501777,0.3185443752629812,0.331555635431664,0.34404765215954175,"3.044522437723423"
-0.29514969656691975,-0.15556207052971321,-0.07211244259889196,-0.012071002109768138,0.034965327656595754,0.07368596222074617,0.10662119599084238,0.1353016838553054,0.1607303250781725,0.1836023959608021,0.20441925181379544,0.22355267176677193,0.2412843658091843,0.25783177495579956,0.2733655861968837,0.28802190075725614,0.30191082637214195,0.3151226327683525,0.3277322251152155,0.3398024423101477,"3.1354942159291497"
-0.15127194644734723,-0.05757149276364453,0.0012745783782226615,0.045307626122873326,0.08094935610704304,0.11112371112549872,0.1374308573906841,0.16085725839262038,0.18206212743122885,0.20150948734967064,0.2195367154868304,0.23639461262104397,0.252273119810767,0.2673186654847608,0.2816461037290323,0.29534701984874034,0.3084955734064192,0.3211526633085296,0.3333689403309459,0.34518701910905225,"1.8718021769015913"
-0.12686875727034513,-0.036202396594047566,0.02018298896390278,0.06196859015411656,0.09548527174672496,0.12363454805600506,0.14802371994883678,0.16965280554443088,0.18918624837610284,0.20708182638614062,0.2236634039080647,0.23916616667326906,0.2537654389836274,0.2675951867856219,0.28076008202638564,0.29334353763034443,0.30541318565539466,0.31702470041870034,0.32822452635885874,0.3390518647546814,"2.302585092994046"
-0.4365444239122956,-0.27456586173461367,-0.1765543354721281,-0.10523250315279627,-0.048781918956623684,-0.0018805125423898544,0.0383403477965358,0.07361016150774677,0.10505554123053916,0.13345366980809836,0.15936516403582066,0.1832092016717146,0.2053084935659474,0.22591744291406643,0.2452404625726487,0.26344431480180763,0.28066670979685504,0.2970224956305725,0.31260824979160823,0.32750577362624494,"3.449987545831587"
-0.5339859705725178,-0.3441793913544143,-0.2327912661294765,-0.15362508075778672,-0.09215345585446977,-0.04189069119890395,0.0006286507478935131,0.037476005521026194,0.06998948746439938,0.0990844925405493,0.12541546604581036,0.1494668323525414,0.1716072810363449,0.19212383776374736,0.21124417781611146,0.22915178039028702,0.2459965413423404,0.261902398201804,0.27697292664083106,0.2912955223587119,"3.6109179126442243"
-0.6342382019450363,-0.4459986560024743,-0.3356432113034048,-0.25725344579811116,-0.19640528339256005,-0.14666383897016236,-0.10459269434446004,-0.0681388687046563,-0.0359772540525598,-0.007202556072701058,0.018831293821957695,0.042601625035122846,0.0644711983935326,0.08472224685978669,0.10357873392893233,0.12122140124098364,0.13779823621645035,0.15343193745121816,0.16822535747788409,0.18226554942919204,"4.007333185232471"
-0.5620149002032482,-0.38083998460258567,-0.27212816680703383,-0.19351803981980736,-0.13161421174503915,-0.08039938544362454,-0.03663791074556218,0.001616384799413504,0.035627976347904294,0.0662663036291956,0.09415580693167311,0.11976083293203428,0.14343667991508155,0.1654617868336382,0.18605882451280892,0.205408957507776,0.22366175033095825,0.24094221464933543,0.2573559349776818,0.2729928764570477,"3.7954891891721947"
0.02396376377580134,0.06159238735984205,0.08831438065021781,0.11086944639838757,0.13091721900372047,0.1492119647487226,0.16618053293775262,0.18209522501061975,0.1971435683675714,0.2114617988269496,0.22515288526449348,0.23829706803850328,0.25095841739818886,0.2631891198717046,0.27503239263447843,0.2865245306619887,0.2976963846112343,0.3085744529046018,0.3191817051299657,0.32953821385143883,"1.7047480922384253"
-0.1770462605593356,-0.07302974842358528,-0.00884207080040801,0.038487254675766636,0.07631227029985661,0.10797719103527176,0.13530905712175398,0.1594316151124955,0.1810934697572777,0.20081942085410784,0.2189892214162588,0.23588378577226696,0.25171487902091955,0.26664508717547747,0.2808014882150134,0.29428510682834963,0.3071775287558441,0.3195455925993134,0.33144476923754174,0.34292163462666553,"2.6026896854443837"
0.03461287100789718,0.064095801189991,0.08842878457580304,0.10989034666238955,0.12940181986381402,0.14746031157954936,0.1643748925716989,0.18035502160444436,0.19555120225918868,0.21007627769342063,0.22401764609951536,0.23744475702553258,0.25041395831989355,0.26297176358611696,0.27515713141788106,0.2870031013059363,0.29853799656994234,0.30978632751650176,0.3207694819154597,0.33150626133741123,"2.0149030205422647"
-0.027357478556057663,0.031074644871793088,0.06931210517650307,0.09869235169174008,0.12304019344589198,0.1442120793322925,0.16321163976156716,0.18061333909091512,0.19677626425982825,0.2119414938858368,0.22627999044228525,0.2399182361256202,0.2529529818415046,0.265460250762169,0.27750110889470364,0.2891255161011438,0.3003749847985951,0.31128446915841573,0.3218837411372677,0.3321984144511256,"0."
-0.5485297072313899,-0.36646660417144794,-0.257507382433454,-0.17891269153712777,-0.11716244671357849,-0.06618217647941661,-0.022705406841279332,0.015232349683262203,0.04890720751515224,0.07919643210427012,0.10673003184720703,0.13197654665027192,0.15529458406995583,0.1769652624801837,0.1972134203680889,0.21622192859330583,0.23414162315842738,0.25109837968122073,0.2671982774184486,0.2825314573436222,"3.7612001156935624"
-0.6125944936660677,-0.42752911087265183,-0.31737571350949445,-0.23824638234396453,-0.17628162095350183,-0.12526484028501128,-0.08185855982306434,-0.0440587555197113,-0.010565679402797007,0.019512671672444307,0.0468156072657955,0.07181739505035703,0.09487991766997332,0.11628587848794911,0.13626058060364057,0.15498668101434485,0.17261446153238416,0.18926914899712896,0.20505624314135468,0.22006546976272912,"3.9889840465642745"
-0.2331007545910964,-0.11148733093455769,-0.037768065396654754,0.01583004311766434,0.05816922086421327,0.09326240064517997,0.12328762112579798,0.14957278723942008,0.1729953471055235,0.1941676709023955,0.21353275050678497,0.23141902054260663,0.24807475224801684,0.26369095500308276,0.2784170847790446,0.2923719810012486,0.30565157094121437,0.31833436581563673,0.3304854363362083,0.3421593305768893,"2.9444389791664403"
-0.28678568082954964,-0.15827554015636414,-0.07934841198694954,-0.021250465310709097,0.02516865802750739,0.06404452984436483,0.09761463610150962,0.12723424985746654,0.15379213024090474,0.17790694160372336,0.20002949628235195,0.22049987528272658,0.23958129230591022,0.2574813446460405,0.27436611555562207,0.29037001505060483,0.30560292047096455,0.32015549647921904,0.33410322468031406,0.3475094883825001,"2.917770732084279"
-0.5065593489354088,-0.3345425642959069,-0.23057568930244882,-0.15494095895770602,-0.09506724638071849,-0.04530186340168751,-0.0026019418271973405,0.03486485105692539,0.06829051743265431,0.09849582916125613,0.12607127470707127,0.15145686589462876,0.1749901143630462,0.1969362559758982,0.21750801911578685,0.23687896303258005,0.2551927258481193,0.27256959943453435,0.2891113177212164,0.30490462640918237,"3.597312260588446"
-0.1844364993917992,-0.07415516541830967,-0.007318503548179618,0.04123224482724712,0.07954406882144667,0.11127265006944816,0.1384162850443788,0.16220300436986868,0.18344459503430913,0.20270145002354745,0.2203717493023517,0.23674552893588413,0.25203922417765456,0.26641812764170375,0.2800111869840085,0.29292093053099166,0.30523026469484044,0.3170072306822502,0.32830840395164146,0.3391813722921542,"2.772588722239781"
-0.47903663383261136,-0.3120511564208129,-0.21082904774988845,-0.13701362655346594,-0.07845906207920154,-0.029701402427441872,0.012202001495562874,0.049023994418585806,0.08191849023782298,0.11168053860118164,0.1388825888950055,0.16395165373814108,0.187215677415549,0.20893271854367879,0.2293100115861943,0.24851681252652918,0.26669330037009176,0.2839569097876583,0.300406952828576,0.3161280764585383,"3.4965075614664802"
0.032782917011362316,0.061112505866427184,0.08498295613129836,0.10631979936738192,0.12590789314550244,0.14417473965790778,0.16138879964991903,0.1777338213819922,0.19334309619331994,0.20831746163652035,0.22273567264960795,0.23666079699553766,0.25014437211646046,0.2632292227197554,0.27595143714227455,0.2883417937585051,0.3004268156109711,0.31222956646439054,0.32377026256237684,0.3350667502028251,"2.6741486494265287"
-0.26225867897862243,-0.13932185185792986,-0.06367195628205069,-0.007915499828875882,0.03667335680875779,0.07404186786980772,0.1063278275416269,0.1348282059809226,0.16039560198625205,0.18362515364060378,0.20495142278469103,0.22470236551915426,0.24313141624491016,0.26043783035306306,0.276780383972426,0.2922870555481732,0.30706209311308635,0.32119127426763444,0.33474586734570244,0.3477856397460614,"2.833213344056216"
-0.3487175408218486,-0.19772021016605826,-0.10743401044489154,-0.042443565137190095,0.008496082349853875,0.05045009474804337,0.08614776249318766,0.11723519189133781,0.14478699626552619,0.1695469497835005,0.1920526572988105,0.2127052786758305,0.23181131608505667,0.24960929421710915,0.26628771155711534,0.2819975855617078,0.2968614430410301,0.31097987350979783,0.3244363688438519,0.33730093886930834,"3.2771447329921766"
-0.03849639697321825,0.021061163771078407,0.06044094696101465,0.09099769106915316,0.1164733403890943,0.13866058110337973,0.15857194484481588,0.17681495407852152,0.19377239422215115,0.20970007854574985,0.22477803240810312,0.2391384204695185,0.25288165348040587,0.2660861795349443,0.2788147173583694,0.2911183851513075,0.3030395300872691,0.31461372493102013,0.32587121306681516,0.33683797764847584,"2.0149030205422647"
-0.24591198221603822,-0.11981884908682647,-0.04380588606553147,0.011220081185566624,0.054532940692329036,0.09032655958958834,0.12087370013556709,0.14755742911947384,0.17128947255290095,0.1927043422236494,0.21225976744380917,0.2302943418796044,0.24706364552721533,0.26276418128485823,0.27754969311053523,0.29154246647345405,0.30484125803922996,0.3175269386691361,0.32966656988707965,0.3413163943878913,"2.995732273553991"
-0.3286957288134304,-0.19172176273839434,-0.10770905007164895,-0.045897495053607004,0.003486423256087277,0.0448536772553563,0.08058734137170395,0.11212803719892303,0.1404175712209921,0.16610884590685382,0.18967570435164077,0.21147471394222206,0.23178189888204906,0.2508156401914863,0.2687516098289224,0.2857329513261092,0.30187751484643915,0.31728318405643874,0.3320319051988673,0.3461927924646591,"2.995732273553991"
0.018959418285052404,0.0663579639976834,0.09602265682296858,0.11972262741559248,0.13995095924674636,0.15788110542508282,0.17414360761238146,0.18912546713572134,0.20308477156982616,0.21620279736493478,0.22861335119109427,0.2404184906598626,0.251697741490604,0.2625147442727143,0.2729213732076576,0.28296044949907195,0.29266787631640506,0.3020741100803162,0.31120521407719487,0.320083717218413,"0.9162907318741551"
0.03250797178076238,0.06066122788082202,0.0844549885519856,0.10576611743229176,0.1253601597389032,0.14365446667667722,0.16091139020622416,0.17731069296467095,0.19298292125296768,0.20802694670678337,0.22252007389597003,0.23652427517245356,0.2500902447298142,0.2632601477768316,0.2760695499096759,0.2885488103842032,0.30072411285760525,0.3126182438897356,0.3242511915873606,0.3356406132406421,"2.772588722239781"
-0.10695190590305738,-0.025171077897331532,0.026713768313740935,0.06580202985843112,0.09760021715126721,0.12463623202931993,0.14831369613116402,0.16950887356492525,0.1888066989482612,0.20661239289414357,0.22321423039450897,0.23882260645520081,0.2535950490477306,0.2676523806155776,0.2810893178361154,0.29398156693177685,0.3063906816103534,0.31836746518933334,0.32995440507704643,0.3411874500829739,"1.252762968495368"
-0.546839075840711,-0.3671228084139978,-0.25918828825716056,-0.18108856342232418,-0.1195547964724805,-0.06862465290624102,-0.025091082309367907,0.012975430991248867,0.046828890423839774,0.07733180225541979,0.10510386930262147,0.13060615422640873,0.1541916733630432,0.17613728401151307,0.1966645586274405,0.215953884997167,0.23415425224149827,0.2513902115205404,0.26776694315459515,0.2833740282698903,"3.7495040759303713"
-0.005482994319268637,0.043435488278210664,0.07661767422274651,0.10282765673750562,0.12515372823807142,0.1450419005114475,0.16321309577848453,0.1800842162378652,0.1959224592901995,0.21091181065731496,0.22518574821953571,0.23884500743451545,0.25196799302666345,0.2646172550130592,0.2768437137706302,0.2886895264546736,0.30019009604717894,0.31137551878376407,0.32227165181979767,0.3329009169932976,"2.0149030205422647"
-0.6014770799962404,-0.4128017565479961,-0.3008629574008749,-0.22067850297550404,-0.15804253993700396,-0.10658474447904805,-0.06288674602947074,-0.024897264601813116,0.008713114495124472,0.03885606411440267,0.06618455067923627,0.09118272883953397,0.11421991025266409,0.13558454699899333,0.15550647320023905,0.17417193838275596,0.19173405544977487,0.20832024474255365,0.22403766005229334,0.23897722785170428,"3.912023005428146"
-0.14809495760363003,-0.04191922774021723,0.020719979719826098,0.06536536292615393,0.10012081203645262,0.12866776567460497,0.15300062816339488,0.17430137863884546,0.19331555678667345,0.21054102834256863,0.2263268415861382,0.24092743128646948,0.2545341637094828,0.2672946926964186,0.2793253963651102,0.2907196743938526,0.30155366024369545,0.3118902586014501,0.32178206485386174,0.33127351897804663,"2.5649493574615367"
-0.6112963824403737,-0.41711596451854477,-0.30323651525077155,-0.22232803302273443,-0.15951727203633287,-0.10816725733953718,-0.06473299146448809,-0.027096313536857288,0.00611016756152706,0.035820853548197855,0.06270284246897323,0.0872492692004025,0.10983514382996121,0.13075240335042887,0.15023281036122388,0.1684634295596984,0.18559740114955445,0.2017616369774956,0.21706244474837091,0.231589720744654,"3.8501476017100584"
-0.0613701700340045,0.006387928495025336,0.0502922055730068,0.08386319641196884,0.11150160588581311,0.13527369483223206,0.15635049797881362,0.17545636496619302,0.19305861825478898,0.20947079712709357,0.22491236576352144,0.23954300686081148,0.25348283409894007,0.26682476382443693,0.27964238678279946,0.29199516004116854,0.3039319433838011,0.3154934775291728,0.3267141648308261,0.33762337734735137,"0.6931471805599453"
-0.13846975353896487,-0.033538318483533246,0.02784270738450524,0.0714023529396684,0.10525560867336067,0.1330626512322741,0.1567646540147944,0.17749508611868767,0.1959712080772372,0.2126766120977782,0.2279531798550773,0.2420516609866596,0.2551614408345854,0.26742909882094673,0.278970440882595,0.2898785677019481,0.3002294832360978,0.31008605177374826,0.31950086365542374,0.32851838356916563,"2.4423470353692043"
-0.10830771747350934,-0.021810580851864884,0.03191315893120877,0.07165265205921922,0.10347077311863673,0.1301660925353254,0.1533025751996116,0.17385156301269294,0.19244843101615206,0.20952245928508842,0.22537323275817914,0.24021694835427462,0.2542145554432764,0.267489201701572,0.28013736483327784,0.29223617703036625,0.30384838870748127,0.31502582497497267,0.3258118522359713,0.33624317742685444,"2.2512917986064953"
-0.3138373999232605,-0.18158939196428536,-0.1001057672910826,-0.039916773207224227,0.008341980786541803,0.04889743735663871,0.08403371456003529,0.11513197766782267,0.14309545780581742,0.16855056261919935,0.19195212525633862,0.21364260984052488,0.23388731294783258,0.2528963059594654,0.2708387384694497,0.2878525824260548,0.30405155222631347,0.3195301974993249,0.33436775513026784,0.3486311195210028,"2.772588722239781"
-0.004243424463611591,0.04344910440748458,0.07608332022536575,0.10203218960907082,0.12424709618114121,0.1441107974262188,0.16231345322437166,0.1792547194601578,0.19519112987356102,0.21029961332004826,0.2247087419276757,0.2385157115735107,0.2517962978718324,0.264611051998061,0.27700934539118094,0.28903211566026216,0.30071379258176456,0.31208368678001486,0.32316701490302163,0.33398567205556295,"2.3513752571634776"
-0.6309363459628036,-0.4407291666307425,-0.32921122348031473,-0.24999231615246517,-0.18849891646979108,-0.13822909380307383,-0.09571048272227083,-0.058868560906933966,-0.02636427707187209,0.002717224115083015,0.029028875277082387,0.053053123198982,0.07515666336047995,0.09562482840283527,0.11468406873594625,0.13251714778728035,0.14927371210773013,0.16507783115565003,0.18003349629058374,0.19422871130121525,"3.970291913552122"
-0.19746479639474715,-0.09200735720958549,-0.026276331409643888,0.022657032554277656,0.06211548870597644,0.09542054190177043,0.1243777644689767,0.15008918239841348,0.17328496428930984,0.19447835730346322,0.2140452839658247,0.2322688657490598,0.2493665432862096,0.2655078996308367,0.2808270143603143,0.29543128536143426,0.30940782630579633,0.32282815243641155,0.33575164371525623,0.3482281289466191,"2.2512917986064953"
-0.04425994478458086,0.018880561457315582,0.059992974206657605,0.0915035626648619,0.11750535165203657,0.13995764091775684,0.15996558805022226,0.17819093019123813,0.19504953689952445,0.21081855267479366,0.22569244862362153,0.23981357621706814,0.25328977010901693,0.26620503642252485,0.27862634868155944,0.2906081434694261,0.30219539711517485,0.31342579369383244,0.3243312918375671,0.3349392822988105,"0.4054651081081644"
-0.5994166993480884,-0.41281684018724285,-0.30174111346489013,-0.2219557119991374,-0.15948625047723738,-0.10806267824393656,-0.06431803880393737,-0.02623026972303737,0.00751223933012135,0.03780973677955558,0.06530754812266014,0.09048453746267583,0.11370625214782609,0.13525842024722443,0.1553688983726657,0.17422251973422137,0.1919714167867115,0.2087423726679782,0.2246421729919276,0.2397615825935266,"3.9219733362813143"
-0.4701114416075735,-0.30548544965658314,-0.20549213996554355,-0.13244288042652544,-0.07440282087416639,-0.02600252021387867,0.015650071863714223,0.052297548124082216,0.0850743152981478,0.11476213050565712,0.14192399473065487,0.1669799772020693,0.19025278214268113,0.21199642911078392,0.2324149875054952,0.25167520177133373,0.26991523907097276,0.28725091089641674,0.3037802120765742,0.31958671507128206,"3.4339872044851463"
-0.5698752272172574,-0.3907066655902628,-0.2828680170005758,-0.20466049015515259,-0.14290368872137796,-0.09167849754624981,-0.04780249833868022,-0.009361564628380148,0.02488806425029626,0.0558017018664372,0.0839937081654876,0.10992092928277168,0.13393286585982014,0.15630333486612633,0.1772512482930591,0.19695469263765222,0.21556072729724424,0.23319236225032225,0.24995363026971962,0.26593334511257055,"3.7954891891721947"
-0.2898758397175122,-0.1629344977733964,-0.08455642110246608,-0.026575791776642866,0.01996445932828618,0.059110403232490484,0.09305006766667769,0.12310780342163456,0.1501509743104071,0.1747823423373932,0.19744054334738703,0.21845642616007077,0.23808647243839182,0.256533652411945,0.2739611037749571,0.29050154565209263,0.3062640373741835,0.3213389928010404,0.3358019861759414,0.34971668419827306,"2.6741486494265287"
0.033433134922185505,0.06217648269636896,0.08622092962572103,0.10761131763483456,0.12717941338289337,0.14537709893357478,0.1624873285067786,0.17870318989688863,0.1941643291882454,0.208976082224402,0.2232204860278193,0.23696306139702839,0.25025721556474717,0.26314722199388574,0.2756703072163318,0.28785815448685315,0.29973801364653063,0.31133353743961767,0.3226654231191534,0.3337519124828096,"2.4423470353692043"
-0.20317951980346444,-0.08921542634578788,-0.019935318877094214,0.03053091591836839,0.07045159922080514,0.10357800458567033,0.13195355015283036,0.15683023671110807,0.1790378483826077,0.19915452323653202,0.21759600173700988,0.23466818963772978,0.2506008050747672,0.2655697845558828,0.27971244611130963,0.29313787348194015,0.3059341277712474,0.31817333735451375,0.32991535236370223,0.3412104139127216,"2.833213344056216"
0.010319381046322237,0.05285335609534351,0.08246818383182429,0.10646578422796213,0.12745769574078633,0.14646584136479568,0.16402155602958307,0.1804462963674437,0.19595371156360128,0.2106951834146422,0.22478306496146197,0.23830372551160445,0.2513254152116844,0.26390327687169846,0.2760826847246522,0.2879015508533183,0.2993919674158639,0.3105814062683913,0.3214936147178916,0.332149297224383,"2.1972245773362196"
-0.30004516599764436,-0.16715035569168396,-0.08589961251704659,-0.026323455115334023,0.021113630961134156,0.060720115050568235,0.09482617232391295,0.12484257241309095,0.15169395131636712,0.1760235046052089,0.19829951835969087,0.21887488392878532,0.23802239452906404,0.2559569142585165,0.27285010508357155,0.2888407101609733,0.30404201421589405,0.3185473961848601,0.3324345283265375,0.3457685847160835,"3.044522437723423"
-0.5959710041593476,-0.40641017086453174,-0.29406725003694534,-0.21366580169914584,-0.15090795117895178,-0.09938324868921389,-0.05565264938028409,-0.017653066878177352,0.01595215963645997,0.04607941650182143,0.07338490504956423,0.09835511451836258,0.12136111179510471,0.14269270094597425,0.16258076136900965,0.18121233730122233,0.19874112405388508,0.21529494398302854,0.23098120273053188,0.2458909578796274,"3.8815637979434374"
-0.07174013429366968,0.0015636433894071404,0.048195092625021904,0.08332242941742882,0.1118784601849445,0.1361762205870128,0.15752389567722827,0.17672813326649672,0.19430726494740042,0.21060756800312921,0.22587042031490717,0.2402707636240075,0.2539397057641031,0.2669783154258258,0.27946637586884804,0.2914681442203847,0.30303626526042604,0.3142145081772719,0.32503972904187173,0.33554330962959744,"1.3862943611198906"
-0.4322621038699241,-0.2622445513930413,-0.16138002137917157,-0.08918149127982364,-0.032834350209131266,0.013415362244569792,0.052657787707594016,0.08674899693846055,0.11689422224262251,0.1439227613900107,0.16843109815854873,0.19086315497992193,0.21155813991551758,0.23078066707052888,0.2487406546333181,0.2656070132507468,0.28151736667585125,0.2965851215888019,0.310904703018096,0.324555487252509,"3.449987545831587"
-0.3359834699382284,-0.19153821324132625,-0.10422237493948759,-0.04080770702117663,0.009269489810330217,0.05077661987718846,0.08628819798674695,0.11736012978581843,0.14501000892365018,0.16994387050944817,0.19267412787161575,0.21358547680064022,0.23297405785819417,0.2510721348113026,0.268064535181931,0.2841001325908485,0.29930015016717015,0.313764304228707,0.3275754171670676,0.34080291679521546,"3.2386784521643803"
-0.3276010731505433,-0.18844147293478045,-0.10355651911321272,-0.0414185654376831,0.007994969632764276,0.04920894178299342,0.08466843156826466,0.11585195150521876,0.14372669473513797,0.16896383909468587,0.19205094959570101,0.21335498626317423,0.23315968880954166,0.25168893502498857,0.2691220938116891,0.285604615143042,0.301255642862564,0.3161736603794421,0.3304407668798701,0.3441259609627347,"3.1354942159291497"
-0.5746546585939144,-0.3819750639332194,-0.268613884304068,-0.1879170476095723,-0.12518800900618535,-0.07385580367067965,-0.030405102046582314,0.007267332601008714,0.04052090135069639,0.07028570605082513,0.09722670281123735,0.12183619711693501,0.14448914432995955,0.1654778343651031,0.18503454224976973,0.2033468479211903,0.22056832235852264,0.23682618561204652,0.2522269244959871,0.26686049660524047,"3.7495040759303713"
-0.4400871870159419,-0.2815200524253062,-0.18488508918154017,-0.11409481276095482,-0.0577159308568782,-0.010602191746480708,0.030019585928364505,0.06582121181105176,0.09789162658611089,0.12698178496228937,0.1536330102939213,0.17824967780508438,0.20114286223720906,0.22255777393140805,0.24269165300006518,0.2617058146459054,0.27973399488545836,0.29688829585481086,0.3132635377575315,0.32894052839454757,"3.295836866004329"
-0.14200231760418375,-0.0486497198249931,0.009598975038228888,0.05291673606429521,0.08777855939437176,0.11713994766757269,0.14262641944697943,0.1652453428485723,0.1856699832239408,0.20437076854446187,0.22168559643559538,0.23786257724154583,0.25308782160617527,0.2675039026615446,0.2812222453935291,0.2943315468674673,0.30690359298140657,0.31899735050740297,0.33066189985974404,0.3419385754236745,"2.2512917986064953"
-0.5108765101022146,-0.3357336945268945,-0.23033268453917966,-0.1539537942445386,-0.09370657965648486,-0.04379462427566848,-0.0010980397810032743,0.03626144717363058,0.06950533707346838,0.09947443438167289,0.12677347550857068,0.15185300546653852,0.17505855938571732,0.19666160330378668,0.21687973963935028,0.23589032645120805,0.25383992240908393,0.2708510152473203,0.28702694062465417,0.3024555675912315,"3.6506582412937387"
-0.01959652290721919,0.04081044965854374,0.07892785782765954,0.10744648727890674,0.1307931241915608,0.15099959352035966,0.16905238138042475,0.18551145878168016,0.20073007533591117,0.21494791467931004,0.2283364261098289,0.2410232518949506,0.25310644443317465,0.264663250429925,0.2757558030588725,0.28643495674296937,0.29674295558581615,0.3067153417227798,0.31638235249846264,0.32576996442410944,"1.3862943611198906"
-0.19334441741081568,-0.08943731184530777,-0.024526045934661702,0.023890441545050402,0.06299868364207749,0.09605866392546526,0.12484271363845574,0.15043273177781505,0.1735456910254177,0.1946856920531994,0.2142220799679707,0.23243313411565572,0.24953267322858255,0.265687535562835,0.28102969406808814,0.2956649086770309,0.3096790027175291,0.3231424618035044,0.3361138341929249,0.34864226913441104,"2.0794415416798357"
-0.16565549370879276,-0.05592925699875423,0.009237579083301603,0.05587539953104477,0.09226574448261361,0.12216660801852351,0.14762952125140355,0.16989364625622605,0.1897519935138797,0.2077355165677746,0.22421508734975004,0.23945968684993116,0.25367068176075386,0.2670028578714514,0.279577854916849,0.2914930688366566,0.30282774269505125,0.3136472510179201,0.32400618608590637,0.3339506277730856,"2.6741486494265287"
-0.11427848867412199,-0.02917292160547715,0.024402944417061694,0.06450587980476649,0.09694885855973731,0.1243991788123738,0.14833684130472108,0.16968486885852013,0.18905854589505902,0.20688337819951244,0.22346150410693041,0.23901303182757203,0.25370247932465984,0.2676558311358147,0.28097170699870705,0.29372882634616887,0.3059911117776438,0.31781125857742115,0.32923328605677243,0.34029439826452923,"1.8718021769015913"
-0.25190385991498676,-0.13254288672977474,-0.0587907712722389,-0.004240742898280158,0.03951979610772138,0.07629715228422007,0.10815333976992256,0.13633978357953372,0.1616794946773954,0.1847472687022397,0.20596310154708383,0.22564422454237792,0.2440360253759369,0.2613316389261585,0.2776851312562445,0.29322081418711804,0.3080400470502357,0.32222630346610237,0.3358489915187312,0.34896635877132026,"2.6741486494265287"
-0.15046735872197728,-0.053598087765891464,0.006447738840270077,0.050859259970247636,0.08643472419365324,0.11627523147172128,0.14208492419729007,0.16491864324173447,0.1854802305726547,0.20426048900879412,0.2216112023875017,0.23779017320918835,0.25299046493428473,0.26735978024885426,0.2810134283523233,0.2940431157331954,0.306523006306049,0.31851397765682027,0.33006666758937914,0.34122369529857316,"2.4423470353692043"
-0.16473654578815455,-0.06884297652310689,-0.008493611296293436,0.036776271018610994,0.07351321053038554,0.10469211820244691,0.1319350258051092,0.15623663618604205,0.1782592898994732,0.1984697891879987,0.21720967281638606,0.23473510491484975,0.25124177611702253,0.2668815765604897,0.2817741946111386,0.29601533170680333,0.30968258352638345,0.32283969306553,0.33553966070041813,0.34782704606710607,"1.3862943611198906"
-0.16910828536701417,-0.0714886076412174,-0.010230069203189411,0.03560916662980311,0.07272788446782019,0.10416990150320604,0.13159460718237426,0.15601943999882367,0.17812172502719514,0.19837867987070865,0.21713932711857636,0.23466532122895076,0.2511564426689937,0.2667676710232966,0.2816210616332716,0.29581415543518713,0.3094259977525486,0.32252148924127816,0.33515456625409173,0.34737055381584847,"1.791759469228055"
-0.26870089289294063,-0.13240728615971886,-0.05177989583452894,0.005794012717237898,0.05064010670136331,0.08739588735148883,0.11855934857187297,0.14564000854071243,0.16962218566942924,0.19118114773858735,0.21079724242197698,0.22882228238044847,0.24552061372001224,0.2610954594537596,0.2757062635352983,0.2894803847697793,0.30252116639231935,0.31491363057426774,0.3267285823579492,0.3380256252673382,"3.0204248861443626"
-0.5929397696575972,-0.40564711155316446,-0.29422584950644776,-0.2142376619929624,-0.15164179550088036,-0.10013816452052526,-0.05634376424853924,-0.018227039386275054,0.015529645886247275,0.04583058590355785,0.07332396880709191,0.09849079114270771,0.12169826355021568,0.14323345471382,0.16332531773879905,0.18215957927395768,0.1998890853433782,0.2166411697458366,0.23252302250400947,0.24762568504955873,"3.8918202981106265"
-0.45284779196821523,-0.28407663278321216,-0.18281145268871854,-0.1096580483860681,-0.05212943115435157,-0.004605711744690832,0.03593958141318838,0.07132909996044952,0.10274876082830413,0.13101576882089766,0.15671898578402557,0.18029813837548544,0.20209111723905637,0.222363555328047,0.24132809668997887,0.2591574410784573,0.2759935013116326,0.291954045711606,0.30713765074969335,0.3216274743802152,"3.5263605246161616"
-0.553186023560933,-0.36619707522181183,-0.25519873102931856,-0.17567524107578458,-0.11355519109046937,-0.06252441611084511,-0.019193085756369913,0.018473677372364394,0.05179512962982234,0.08167648119009689,0.10876668405153303,0.1335475791379688,0.15638730868487907,0.17757384365355167,0.19733686094241257,0.21586251140033977,0.23330370055631972,0.24978745033163316,0.26542030657439597,0.2802924009187818,"3.7495040759303713"
-0.2013827405146923,-0.09134640940492005,-0.023598992305607438,0.02628747182445488,0.06612087320896556,0.09944484087278492,0.12818820198593772,0.15353116310638673,0.17625725201132608,0.19691651614817304,0.21590945382737733,0.23353482330473466,0.2500195936722707,0.2655390085418199,0.2802304992008279,0.2942034851519161,0.3075463471879258,0.320331439722719,0.33261873595692365,0.34445851277137524,"2.70805020110221"
-0.6060202427683191,-0.4166985618518859,-0.3045493422814402,-0.22431091572174003,-0.16169405225184136,-0.11029369622737098,-0.06667440128420483,-0.028775612343288428,0.004737463669763891,0.03477975857001308,0.062006268116942806,0.08690242339990288,0.10983832897090554,0.1311029063201393,0.15092623614729342,0.16949465915918027,0.1869612720531242,0.20345340733283473,0.21907808650647786,0.23392607990815348,"3.9219733362813143"
-0.2821481984389534,-0.1496179754396071,-0.06931814636561771,-0.010919602224726491,0.03523678832169981,0.07351700947989016,0.10628325816783095,0.13496773958829203,0.16051155950785492,0.18357065307368073,0.2046220290218975,0.22402309993138733,0.24204744260588143,0.2589079354217041,0.2747725782667551,0.28977569690028854,0.30402603887758983,0.31761269622113025,0.3306094812760634,0.3430781912493759,"3.091042453358316"
0.008971375632716595,0.05362578621108064,0.08409409998218513,0.1084368591267516,0.1295326130896469,0.1485035550112305,0.1659306101045095,0.18216359452405287,0.1974339012610529,0.2119047168910185,0.22569660745223394,0.23890185479672993,0.25159308178751505,0.2638287364829897,0.27565673689722126,0.2871169826314121,0.2982431387400794,0.3090639355436479,0.3196041367601906,0.3298852744625176,"1.5040773967762742"
-0.42712884636609844,-0.2654836692652627,-0.16789929468015832,-0.09704253778311038,-0.04107317004575158,0.005341752871548034,0.045076944977208946,0.07986559899838351,0.11083683414943186,0.13876979980736434,0.1642268245978783,0.18762859187024622,0.20929904246984438,0.22949344248186115,0.2484166449745246,0.26623543127638194,0.28308716216200536,0.2990860516288133,0.31432785145415715,0.3288934311798516,"3.449987545831587"
-0.46216273002862374,-0.29966039652233695,-0.20077928561637715,-0.1284273698406412,-0.07085832567947377,-0.022787239443554885,0.018632631300452212,0.055116750629214194,0.08778200157419994,0.11739817647621359,0.14451975247054588,0.16956051865859062,0.1928384255172394,0.21460381538898413,0.2350578640287876,0.25436500842862875,0.2726615570500699,0.2900618125516036,0.30666253740160504,0.3225462921991791,"3.367295829986474"
-0.4635822357334365,-0.28569220038559195,-0.18086063372182987,-0.10616594217386899,-0.048067146915693144,-0.0005033441328203251,0.03977089805388002,0.07469955492960316,0.1055414322604051,0.13316006795047902,0.1581745203415965,0.18104397625209798,0.20211826910260222,0.22166969615581186,0.2399139929194766,0.2570246896892237,0.27314323668444707,0.28838631483660837,0.30285121497041045,0.31661985857848296,"3.481240089335692"
-0.3207738602843652,-0.186312335500961,-0.10364257068263992,-0.04269180695470258,0.006095588805972657,0.04703261378255292,0.0824496824834571,0.11375579402347119,0.14187225168236395,0.1674378867818981,0.1909164562083883,0.21265705354595457,0.23293002649872077,0.2519493667469167,0.2698873076714934,0.28688427184667226,0.30305593770796235,0.31849844128351934,0.33329231073998816,0.347505499781074,"2.8903717578961645"
-0.5399258516437083,-0.3656005244503305,-0.26015065134662957,-0.18334517914272444,-0.12246257478053137,-0.07178727882187776,-0.02824481714981096,0.010015003672955564,0.04419510956449956,0.07512327413556867,0.10339452243532865,0.1294517163383227,0.15363401729641615,0.17620747113657,0.19738507288669416,0.21734035348475633,0.2362168270881484,0.25413471299491097,0.27119581904131734,0.28748715961120136,"3.6375861597263857"
-0.02308313389955285,0.03228286915640294,0.06909782027255015,0.09774335244937622,0.12172457747494875,0.14274509440042024,0.16172811887060842,0.17920383088564054,0.19550479156710682,0.21085505315482547,0.22541405084800692,0.23930013312599183,0.2526041210850025,0.26539759955739417,0.27773824013112003,0.28967335964460234,0.3012423812127765,0.3124785860168994,0.3234103914724051,0.3340623040243669,"1.7047480922384253"
-0.5681087494055214,-0.3837385813109182,-0.2736023545167919,-0.1942734380827164,-0.1320205403613207,-0.08067713793062707,-0.03692881034701636,0.0012168181017032365,0.03505333764597494,0.06546953478060138,0.09310326310620143,0.1184285034563907,0.14180767303951156,0.16352457641496077,0.1838059675320342,0.2028361136617587,0.22076690753469283,0.23772506661202011,0.25381738030803935,0.26913462030641583,"3.817712325956905"
-0.03927052780997267,0.020776957327952754,0.060394866276310175,0.09108314853746564,0.11663139991332142,0.1388549781010576,0.158779073539815,0.17701866678220027,0.1939611293926287,0.20986525369149062,0.22491309646553054,0.23923826391890618,0.2529422233383661,0.26610421786522914,0.2787875776708629,0.29104389984011314,0.302915912429738,0.3144394951574539,0.3256451416068764,0.33655904089648286,"1.8718021769015913"
-0.2167545937655034,-0.10708306821566115,-0.038795352554092874,0.012024012609261897,0.05300337960406768,0.0875986046153951,0.11768492521285487,0.14440339960831108,0.1685071942200347,0.1905242609046546,0.21084126445280854,0.22975029664532598,0.247476854379466,0.2641978436729367,0.2800538906964925,0.29515811960444815,0.30960256591075963,0.32346292771460966,0.3368021187332685,0.3496729473040149,"2.2512917986064953"
-0.5893138967208458,-0.39592767297966525,-0.28217855192993274,-0.2012168437366449,-0.1382876531821067,-0.08679499048818594,-0.04321057910059028,-0.005423672787678282,0.027929788464767485,0.057782884201688166,0.08480248486480052,0.10948213084725417,0.1321975956763606,0.1532417514299577,0.17284733656528237,0.1912023442900575,0.20846074277423424,0.22475014541364494,0.24017742881311596,0.2548329319338155,"3.7954891891721947"
-0.5679935721770784,-0.3892226186628208,-0.28156999600535537,-0.20346317641660508,-0.14176148213486012,-0.09056350001655286,-0.04669622967133486,-0.008251133417215194,0.02601197694926341,0.05694600511439946,0.08516361787678496,0.11112043349713792,0.13516503955066983,0.15757056045708148,0.1785553748401281,0.1982971538247011,0.21694263094524427,0.23461455953417895,0.2514167700346881,0.2674379169157248,"3.784189633918261"
-0.12073553393984117,-0.03275366464381435,0.02227822678028931,0.06325347405364003,0.09625214367764309,0.12406256702181068,0.14823071164102206,0.1697196650898752,0.18917043305451867,0.20702550266103817,0.22359849249761413,0.23911749384677247,0.25375274648756985,0.26763445550594206,0.28086443444011755,0.2935238735893847,0.305678643594851,0.3173830005292251,0.3286822315553186,0.339614582863772,"2.1400661634962708"
-0.37849881304874994,-0.22863556863561407,-0.1375049801499739,-0.0709363599938428,-0.018082437919620015,0.0259475259612838,0.0637929014279078,0.09704711141076046,0.12674997038441477,0.15362057905457283,0.17817931924676955,0.20081662848678453,0.2218339904641073,0.24146951412911039,0.2599145792138989,0.2773251190393929,0.293829574940023,0.3095347061206459,0.3245299577513296,0.3388908169106266,"3.2771447329921766"
-0.3315531113162989,-0.18582886865409923,-0.0982582229180536,-0.03497616212622159,0.014781532418201399,0.05586983203623148,0.09090857555039525,0.12148036736765891,0.1486202454619104,0.1730461415803264,0.1952782637097897,0.2157057769435175,0.23462669512826023,0.25227333820663467,0.2688294971980442,0.2844424833422519,0.29923180978988534,0.313295552221372,0.32671506548136603,0.3395585176819079,"3.2386784521643803"
-0.459740761513655,-0.2957972281481588,-0.19633597696700728,-0.12376492703830168,-0.0661752832816354,-0.018207616581154787,0.023025490579512933,0.05926422006824715,0.09164165502990004,0.12093887384217224,0.14771864952206062,0.17240115196460254,0.19530940192190765,0.21669783808793427,0.23677094742976276,0.2556958073711082,0.2736107791069773,0.2906317046905809,0.3068564471424906,0.3223683041175624,"3.449987545831587"
-0.02346496081325552,0.032181738843116,0.06912775558629222,0.09784126933578133,0.12185641078675492,0.14289071446574197,0.16187478521869533,0.17934291275769404,0.195630142124044,0.2109621323663766,0.2254994137544348,0.23936111182929154,0.2526386169556592,0.2654039418623929,0.27771508662417593,0.2896196247219456,0.3011571827794855,0.31236120541081525,0.3232602427202052,0.33387890990634284,"1.6094379124341003"
-0.5430451924793297,-0.35630597985771845,-0.24561191738286062,-0.16639675606180196,-0.10457547055192135,-0.053829764534607145,-0.010768919623380873,0.026641625320938153,0.05972043038984428,0.08937199938522677,0.11624470372833298,0.1408199275353378,0.16346541327205152,0.18446871338947898,0.20405901449876826,0.22242188503328084,0.2397095639075942,0.25604834775736557,0.271544030617656,0.2862859964089507,"3.713572066704308"
-0.5331997678270244,-0.3585870762793583,-0.2530746278613309,-0.1763067968570573,-0.1155190851284624,-0.06497527269449531,-0.02158916894823584,0.016496760215092006,0.05049036416953631,0.08122290291729944,0.10929200062090219,0.1351425602123834,0.15911542435671452,0.1814780735005144,0.20244474860660125,0.22219006206435088,0.24085845150965893,0.2585709018103649,0.27542982919042047,0.291522704312826,"3.6506582412937387"
0.0231430158120551,0.0649553449292981,0.09293865760852585,0.11589365125286338,0.13591804047062805,0.1539429156663876,0.17048496185834602,0.18586799949324417,0.20031151396636607,0.2139727060764624,0.22696888647882232,0.2393904324707573,0.25130876874528807,0.2627815320535296,0.27385604999241003,0.28457176294803,0.29496195790779706,0.305055039571442,0.3148754816053352,0.32444455144321394,"Indeterminate"
-0.486552997660562,-0.3154923784884624,-0.21234567630963294,-0.1374853628531543,-0.07836078024236297,-0.029325669718405722,0.012660444773980676,0.04942888922169124,0.08217124835872397,0.11170826166476022,0.13863073486651856,0.16337930552566288,0.18629232108935426,0.20763592076286264,0.22762365256668018,0.24642968474863516,0.2641979713077969,0.2810487944604521,0.2970835646190105,0.31238843320058546,"3.58351893845611"
-0.3410076472175392,-0.2025918780180989,-0.11755390005518132,-0.05487801869052592,-0.004715694066889522,0.03737549457354224,0.0737944409701241,0.10599051162193844,0.1349104007800216,0.16120953926952017,0.18536286433256752,0.2077272882274704,0.22857893888200942,0.248136393431603,0.2665757820376042,0.28404100766250784,0.3006509366495355,0.31650464306169485,0.33168535059876786,0.34626346462380536,"2.917770732084279"
-0.2770521085064001,-0.14623127356962234,-0.06681957155056847,-0.00897893127523263,0.03679541602077577,0.07480092883940063,0.10736355189473147,0.13589410199098637,0.16132010607594446,0.1842884493188475,0.2052699180901251,0.2246175515292796,0.2426017879050827,0.25943319837492373,0.27527803967837944,0.29026928325128903,0.304514596952484,0.3181021928536366,0.33110515308162797,0.3435846600581966,"3.068052935133617"
-0.026767142756196325,0.03125131426935279,0.0692979972509972,0.09858005443977072,0.12287882480273052,0.144030070959509,0.16302663011102433,0.1804370828216695,0.1966170222263527,0.21180530013090187,0.22617137994918232,0.23984069099814392,0.2529092195108487,0.2654524181623651,0.27753091787152984,0.289194340576103,0.3004839321824412,0.31143443391931547,0.32207544569238583,0.3324324408587616,"0.4054651081081644"
-0.4343951756511639,-0.261846620880848,-0.1601174015109898,-0.08761478648225862,-0.031211663288262175,0.014969412082883713,0.05407661800795482,0.08799668028772337,0.11795237549355027,0.1447833008501815,0.16909168464777832,0.19132417271723698,0.21182076266970237,0.23084574923821707,0.24860821400654073,0.26527609320707873,0.2809861088152249,0.29585093265936263,0.30996444646673205,0.32340566315468017,"3.417726683613366"
-0.5631560588066834,-0.38718463060415753,-0.28084345944489836,-0.20343540313166372,-0.14209888119189998,-0.09105848273150968,-0.04720908666239651,-0.008682930705069224,0.025733792481385766,0.05687596701567438,0.0853434186488989,0.11158228711853002,0.1359339480547594,0.1586658943101357,0.17999201387762015,0.2000863424337113,0.2190926443793765,0.23713124208695588,0.254303982400344,0.2706979150769016,"3.7013019741124933"
-0.5079162269765747,-0.33754105042956234,-0.23428287594904268,-0.15896864402696115,-0.09920307839589187,-0.04941368076863813,-0.006601125493806561,0.031040600412552754,0.06468637113832805,0.09514516206955206,0.12299893558402313,0.1486812734471918,0.17252466442684708,0.19479032248281883,0.21568771556366462,0.23538775999943537,0.25403197559629287,0.27173899175264754,0.2886092763584753,0.30472864883296924,"3.5409593240373143"
-0.5202701414449824,-0.3448563584093828,-0.23916896762952117,-0.16249369493510182,-0.10194550171168096,-0.05173158344205162,-0.008734399327284823,0.02892278463744233,0.06246042132904971,0.0927185313965891,0.12030117589272019,0.1456582506687202,0.16913465009476483,0.19100123387131077,0.21147507803259,0.2307331388324298,0.24892172840354604,0.26616325460452817,0.2825611327638457,0.2982034501009164,"3.6635616461296463"
-0.5394721106616378,-0.3633839285861991,-0.25713719695926196,-0.17993623500056288,-0.11887785837185592,-0.06816388060453005,-0.024675037661708654,0.013465907482511696,0.0474794563991301,0.07820544907568602,0.10624757431654333,0.13205516332603442,0.15597237707670908,0.17826923450668172,0.19916195023650163,0.21882669011999545,0.23740912543129963,0.2550312266788866,0.27179620074207067,0.2877921542263746,"3.6888794541139363"
0.010720932978840633,0.05255902692223306,0.081887675110129,0.10576642508402118,0.12672096843778308,0.14574047007465432,0.16333978578419064,0.1798307875724587,0.19542103054419432,0.21025778091953745,0.22445048843929546,0.2380834054321638,0.25122319777559704,0.263923797522146,0.2762296374396793,0.28817788683698586,0.2998000445838776,0.31112310360668316,0.3221704210432203,0.3329623809549962,"2.3978952727983707"
-0.537758191881497,-0.34862449789595773,-0.23728718644860797,-0.15800574415957172,-0.09636407191694438,-0.045914207326363365,-0.003205617518540929,0.03382677099308682,0.06651827115229055,0.0957831294199385,0.12227554527023214,0.14648028000401764,0.16876675566873747,0.18942297473241923,0.20867770150183976,0.2267155099299757,0.2436873213534062,0.2597179852617257,0.2749118565793094,0.28935697595517995,"3.6506582412937387"
0.010628176583483926,0.05262998395460578,0.0820262374658091,0.10593321765651727,0.12689672955869818,0.1459136317806798,0.16350266141446412,0.1799779547257862,0.19554851086032943,0.21036257415767673,0.22453028633350786,0.23813640564602473,0.25124797756194456,0.26391922493279707,0.27619480716587874,0.2881120727686336,0.2997026640439206,0.3109936899363297,0.3220086022840298,0.33276786306213846,"2.3513752571634776"
-0.12553325406377652,-0.03147483760393722,0.025966598544322123,0.06789766697747039,0.10110965503444172,0.12872522459860572,0.1524797100528043,0.17344256674993688,0.1923076261013137,0.2095407806269575,0.22546607626348888,0.24031702555322113,0.2542673757725127,0.2674500346373061,0.27996909748952475,0.2919077483103259,0.30333361359066635,0.3143024932096209,0.32486102589149657,0.3350486359574251,"2.4849066497880004"
-0.057516747694072924,0.008109588918195434,0.05095587276410631,0.08392030104678447,0.1112018577639598,0.13477271674009542,0.15575113938914922,0.17482935771615837,0.19245443868729178,0.2089267009784902,0.2244566334693516,0.23919759822883585,0.25326511443228383,0.2667486678522554,0.27971922911249636,0.2922342154270551,0.304340872322688,0.31607864500202,0.32748088340239384,0.3385760955543292,"1.7047480922384253"
-0.128851209748243,-0.041092214030086636,0.014280743430888023,0.05584502397715614,0.08956625228537661,0.11816936129928456,0.14315452932738523,0.16545272249259985,0.1856873343140284,0.20429501917495804,0.22159029280105447,0.23780475016340052,0.2531125750114318,0.2676475251260563,0.2815143625060411,0.2947966436592758,0.3075621152070832,0.319866518432974,0.3317563215284495,0.34327071710044194,"1.6094379124341003"
-0.35964624709993015,-0.2104861396201898,-0.1203449339655419,-0.05487733604990324,-0.003171879128574815,0.039693110809621075,0.07637404248120526,0.10847497627651984,0.13704352137074463,0.16280524920655187,0.1862859987638486,0.20788042056995626,0.2278926804058676,0.2465619462769176,0.2640791860410261,0.2805987736691253,0.29624682755380444,0.3111273746567992,0.3253269960339943,0.3389183732858118,"3.295836866004329"
-0.5968332519164882,-0.41243559881483616,-0.302309918450311,-0.22298235049929446,-0.1607169191515798,-0.10934868714859503,-0.0655656621645585,-0.027377673773362563,0.00650703423322039,0.03697569647481718,0.0646647526739015,0.09004678753980921,0.113482780920812,0.13525506490645134,0.1555889389661973,0.17466730811610562,0.1926408672613761,0.20963535504234834,0.2257568308115285,0.24109558967127045,"3.9219733362813143"
-0.15533419506077628,-0.0599766662324478,-0.00026807637966206097,0.044298353530575756,0.08029285445382865,0.11070656675053951,0.13717610621506224,0.16071013573973333,0.18198245528904555,0.2014671222856425,0.2195086021841532,0.23636279365821342,0.2522233662302709,0.2672395240583068,0.28152822578755143,0.2951826810992471,0.3082783244284746,0.3208770706466578,0.33303039138404517,0.3447815726981711,"2.0794415416798357"
0.039398264341773424,0.07236786806888187,0.09788555112597395,0.11946387239126842,0.13855289483369554,0.15588990632470592,0.1718842259140551,0.1868122634627072,0.20086876668717957,0.21419223281122793,0.22688841915971286,0.23904027206774128,0.25071321455150314,0.26196060031717844,0.27282663605141355,0.283348176522889,0.29355650059215077,0.30347843110510214,0.31313710940300377,0.32255271288373444,"-0.6931471805599453"
-0.11735014236820306,-0.02682031529483293,0.028889120892019476,0.06979616679945796,0.10235161572531909,0.1295275815081941,0.15298054137730688,0.17373537869772873,0.19245964634863127,0.20960279744584498,0.22547780994186747,0.24031027558381354,0.2542680262466962,0.26747941931333924,0.2800449747377777,0.2920450216934896,0.30354487786197865,0.31459845585551943,0.3252508374320055,0.3355401519250325,"2.3978952727983707"
-0.4125868691282608,-0.25029304804050606,-0.15298853093409423,-0.08276233347808785,-0.027588208921342255,0.01794913320620991,0.05676697003092109,0.09062290719184411,0.12066152751259882,0.14767274238096179,0.17222677604227896,0.19475000899936795,0.21557010579133945,0.23494424994687846,0.2530776615711296,0.27013628501748893,0.28625581752958046,0.30154832897995765,0.31610722282914416,0.3300110124121451,"3.4339872044851463"
-0.5901968238607932,-0.3998349024227542,-0.2871656000355681,-0.20661572504061454,-0.14379637319902097,-0.0922582784072604,-0.04854287560332655,-0.010576212011617925,0.022984873708322008,0.05306089853707372,0.08031084439125087,0.10522317364469323,0.1281704068234503,0.14944343257845039,0.16927392633356483,0.1878494889406792,0.20532417077829426,0.2218259828251129,0.23746238731069688,0.2523243992171906,"3.8501476017100584"
-0.5183184326578021,-0.3413403061013865,-0.23501781690316934,-0.15808486615863868,-0.09747940859449794,-0.047328774534841744,-0.004472667407060882,0.032991054947620904,0.0662990751515778,0.09630238776304823,0.1236128521198402,0.1486861495873378,0.1718716073370291,0.19344353932178548,0.21362171216813766,0.23258514133855512,0.2504816613969448,0.26743474650230364,0.2835484986979689,0.29891138650651855,"3.676300671907076"
-0.038129875666911596,0.021194784448941496,0.06046123080239044,0.09095531363367941,0.11639636446009659,0.13856630548684792,0.15847165311008077,0.17671638120749072,0.19368108959031574,0.20962016944225167,0.22471267479683804,0.2390900799477321,0.2528522888993305,0.266077367876327,0.27882774152849205,0.2911542974486817,0.30309919917967426,0.3146978713347307,0.325980436412264,0.33697277795341224,"2.0794415416798357"
-0.49071753821979364,-0.3227307239064373,-0.22083530848686775,-0.1464728379634551,-0.0874380069474922,-0.03824182857816696,0.004071034436573452,0.04128065917555786,0.07454540952352214,0.10466318072627753,0.13220823753537256,0.15760870046600045,0.18119313289413344,0.20321989465174045,0.223896343392454,0.24339179099108954,0.26184648551229917,0.2793779945510099,0.29608585122212683,0.31205501521185686,"3.4965075614664802"
-0.5008440039532936,-0.32822213740712053,-0.2240993497891733,-0.14849654715947658,-0.08875628904125517,-0.039185957776848926,0.0032791585033993455,0.040484624011527054,0.07363105151970342,0.10354516539899253,0.13082181352450956,0.15590437236081223,0.17913305195341525,0.20077528977115902,0.22104560032688012,0.24011895326800878,0.2581400481899299,0.27522991854626855,0.2914907566866772,0.3070095273581211,"3.6109179126442243"
-0.15298722047233232,-0.05508414702375108,0.005488481366069118,0.050220485623044334,0.08600554959220384,0.1159876281459202,0.14189391327696846,0.16479308384020025,0.18539782461988877,0.2042047780117693,0.22156967685456141,0.2377530673745181,0.25294997956203574,0.26730956991884874,0.280948252778885,0.29395859495958443,0.3064154436106675,0.31838022798812476,0.32990403754571834,0.34102986557491266,"2.4849066497880004"
-0.14020588123452302,-0.04760814552432678,0.010253723806143412,0.0533359007842558,0.08804428879725706,0.11730319001002083,0.14272121680459124,0.16529547955356338,0.1856925916633423,0.20437851293174833,0.22168807317268152,0.23786723061242165,0.2531005487239133,0.26752945962441926,0.2812645261525097,0.2943937795270505,0.30698848143792595,0.3191071790384589,0.330798611994955,0.34210383454682824,"2.1972245773362196"
-0.5564307157429269,-0.3764795485436108,-0.2683493912375602,-0.19006394803880217,-0.12834865190528455,-0.07723983786461339,-0.03353023952901578,0.004709577136781718,0.038733462995807266,0.06940374579249854,0.09733991013912487,0.12300274106099757,0.14674491532713363,0.16884290769635835,0.18951789897215315,0.20894991488038608,0.22728764664370316,0.2446554362788836,0.2611583559825285,0.2768859802794522,"3.7727609380946383"
-0.155713632423254,-0.05669884947502157,0.0044395517859997765,0.04951573245086271,0.08552619690932597,0.11566099787969619,0.14167206986377756,0.16464290231172696,0.18529560649615065,0.20413302256961266,0.22151506007354502,0.23770516261283547,0.2529004376604371,0.2672515803277645,0.28087617753029126,0.2938677114899628,0.30630175833865714,0.318240337438224,0.32973502244929576,0.34082920850932086,"2.5257286443082556"
-0.5995247329690232,-0.4146714424658336,-0.3043703310261877,-0.2249754533972898,-0.1626974845935354,-0.11134819555129558,-0.0676035202776429,-0.029466340949476155,0.0043593860295344875,0.03476367579995526,0.0623848380070056,0.08769674852791541,0.11106129477984897,0.13276145268281767,0.15302297825369104,0.17202909642006575,0.18993072031842698,0.2068537303414497,0.22290427005422292,0.2381726759414683,"3.9318256327243257"
0.022834413408339898,0.06535142019586754,0.09353509311309142,0.11655898957091308,0.13658801050709826,0.154580372598896,0.17106667793997293,0.18637862944933464,0.20074053446206405,0.21431271450043884,0.2272145872359296,0.23953800224795546,0.25135544098367163,0.26272531542339705,0.273695532356132,0.28430597138680097,0.2945902567033194,0.30457705455624984,0.3142910431780162,0.32375365106196413,"-0.6931471805599453"
-0.4439860588059361,-0.27993793244009585,-0.18084803053690363,-0.10885015887712511,-0.05194028208967134,-0.004713496741027866,0.035742951844911906,0.07118478051784322,0.10275538967046006,0.13124331502812622,0.15721717491297468,0.18110196704455536,0.2032247363442768,0.22384316930494158,0.24316419704931613,0.26135653177856255,0.2785594063679867,0.2948888684730278,0.31044245019682143,0.32530272139083527,"3.481240089335692"
-0.043072956160535414,0.019341838569217416,0.06010494773395497,0.09142379733632454,0.11731982258282352,0.13971843612067475,0.15970604029437432,0.1779334675138645,0.1948099829304406,0.21060850300352113,0.22552065373421346,0.23968679148137695,0.25321330400205044,0.2661831188082851,0.2786623868397975,0.29070490529393267,0.30235514545389397,0.3136503869516581,0.3246222606930856,0.33529788913692515,"0.9162907318741551"
-0.38789876523284933,-0.23277075327328312,-0.1391773968419255,-0.07128078938652284,-0.01770368727119688,0.0266822090893867,0.06464296954692658,0.09784741473009737,0.12738398594772865,0.1540051659515722,0.17825527195934743,0.20054228277322142,0.22118055363986827,0.24041749967068474,0.2584510617352513,0.27544166051806823,0.2915207104130262,0.30679688086326234,0.3213608105072749,0.3352887146725328,"3.367295829986474"
-0.1892800813879805,-0.08382962534323708,-0.018468244709116833,0.02993291160244652,0.06876926630706855,0.10139911295405102,0.12965174283946826,0.15464752522384848,0.17713120481206251,0.19762646954176818,0.21651538565222544,0.23408357123206802,0.2505484580546671,0.266078229572461,0.2808049795233076,0.2948340072642835,0.30825045086885605,0.3211240677879159,0.3335127193858927,0.3454649422540647,"2.5257286443082556"
-0.09090786334010967,-0.0125666782183098,0.03710734354894503,0.07447249083784307,0.10481601474222663,0.13058441959076086,0.15314983002502172,0.17336895642306147,0.1918059246830647,0.20884443109531206,0.22475377188500673,0.2397291655593067,0.2539164745778325,0.2674276464542837,0.28035062337604716,0.2927558910461984,0.3047009313286193,0.31623333046494384,0.3273930013127119,0.3382138067160344,"1.5040773967762742"
-0.09768140198141413,-0.02019797044842338,0.029487932498066784,0.06725297890872532,0.09821134365216996,0.12471184209575793,0.14805947492403243,0.16906967590767336,0.1882874732240076,0.2060910698064309,0.22275003648228497,0.23846151661927237,0.2533734186132666,0.2675994158896639,0.28122879642433746,0.29433306396996534,0.3069704632894222,0.3191891531308136,0.33102947943281213,0.3425256368151319,"0.6931471805599453"
-0.44652201000496966,-0.27281203282005856,-0.17008321411901073,-0.09671477137074246,-0.03955084669377394,0.007307664854150216,0.0470246772467222,0.08149816407490057,0.11195897531214664,0.1392528376531594,0.163987103151962,0.18661305929808436,0.2074750392090476,0.22684134947811566,0.24492468572963344,0.2618961462340256,0.27789515190668274,0.2930366362179548,0.3074163528688877,0.32111485304703613,"3.4657359027997265"
-0.13851208833784534,-0.04662879059915415,0.010866611907825865,0.05372553501871852,0.08828858872523812,0.1174505669339651,0.14280407570926706,0.16533649885155705,0.18570812869786993,0.20438066802450544,0.22168601633577736,0.23786807216615732,0.25310991660314874,0.26755188816573644,0.2813037235989545,0.2944528165521379,0.3070699272276004,0.3192132017591434,0.33093105451110244,0.3422642725498078,"2.1400661634962708"
-0.5203383241420229,-0.3468946466353666,-0.24207410124316767,-0.16581187745718784,-0.10543136081513484,-0.055234169102037683,-0.012153667680815397,0.02565634143156212,0.059396602368385495,0.08989368491401437,0.11774202894413309,0.14338436121148856,0.16716005217398758,0.1893356050651811,0.2101246217585478,0.22970129143474988,0.24820975009999693,0.26577073319874944,0.28248641276485065,0.29844399273882444,"3.624340932976365"
-0.1936861779530647,-0.08655603523732434,-0.020319290327556187,0.028627100618755393,0.06782925846404422,0.10071327882775574,0.12914492639869551,0.15426654308553894,0.17683715572135306,0.1973901957350647,0.2163145719624844,0.23390080067780833,0.25036988002332317,0.26589263808431174,0.2806031685622309,0.294608313272436,0.30799442220840156,0.32083222127311756,0.33318035745761687,0.34508801315136384,"2.6026896854443837"
-0.40308418113267175,-0.25064335617478656,-0.1576564599834493,-0.08951407467162802,-0.03524061451833908,0.0101085139281385,0.04919999922539474,0.08364273630563078,0.11448566561147631,0.14245310317148357,0.16806812851556385,0.1917223766196471,0.21371783102892916,0.2342929964113164,0.2536399176175653,0.2719156329461962,0.2892501419180836,0.30575213090261183,0.321513214760688,0.33661116421566495,"3.2386784521643803"
0.008760429220207037,0.05372073525182733,0.08430998590553018,0.10870068786875266,0.12981052814544108,0.1487761458313834,0.1661854939078452,0.18239234789366926,0.19763054545052336,0.21206488067386395,0.22581702647440485,0.23898005417162557,0.2516271655882276,0.26381724302579757,0.2755985362932862,0.2870112024677219,0.2980891090399525,0.3088611472762105,0.31935221007895725,0.3295839340624067,"1.3862943611198906"
-0.18964402099465288,-0.08713553777010544,-0.022964931343601832,0.024984123734009503,0.06377557094777372,0.09661399467785839,0.12524176807916276,0.15072263152125626,0.1737616354969356,0.1948546013789535,0.21436490582275908,0.23256642145594483,0.24966966036567922,0.265838947175523,0.2812043202795502,0.29587003197405154,0.3099207157682892,0.32342590662130566,0.33644338421626074,0.3490216695198361,"1.8718021769015913"
-0.19864778937446806,-0.08310489608353414,-0.013620874369691898,0.03655805936613381,0.07597144961063165,0.1084892251420149,0.1362204733223787,0.16045621906119775,0.18204594442471556,0.20157362023062947,0.21945309209324135,0.23598553941320025,0.251395786759142,0.2658556946379632,0.2794994855889615,0.29243399714090024,0.304745698718942,0.31650560475648515,0.3277727904780792,0.33859695905515996,"2.833213344056216"
-0.21930422655469228,-0.0965019626382181,-0.023361454658602013,0.029096116441016784,0.07008528747154402,0.10376472066774192,0.1323900052807835,0.15733348437895556,0.1794922898738696,0.19948012059230466,0.21773099028829346,0.2345608994993225,0.2502061825584904,0.2648479334112142,0.2786279239643444,0.2916592387291309,0.3040335607382961,0.315826285460319,0.3271001916504839,0.33790813063997344,"2.8903717578961645"
-0.09366583099074803,-0.00954215141770791,0.042327706252732356,0.0804460604094132,0.11080698447271953,0.13620535588185465,0.15820809352644666,0.17776990443188656,0.19549696840373268,0.211790640421651,0.22692901377874475,0.24111276820917657,0.2544917712723923,0.2671811825244566,0.27927162166784936,0.2908358384791066,0.30193323753806073,0.31261303894670756,0.3229165432896641,0.33287879129604997,"2.2512917986064953"
-0.021553846013582834,0.04017225018513274,0.07884563718351803,0.10763315401170864,0.13111626829361514,0.15138827794869905,0.16946145061001816,0.18591004869449557,0.20109616786777285,0.2152653335855461,0.228593020982294,0.24120973654381372,0.25321562411609266,0.26468949131811864,0.27569465821628775,0.28628289633880066,0.2964971683493141,0.30637358623631333,0.31594284407292395,0.3252312878435497,"1.5040773967762742"
-0.42286401689125325,-0.2624277122581657,-0.16547329697161123,-0.09501216625935258,-0.03931258797699578,0.006910033396807255,0.04650470963867,0.08118939676824197,0.11208348160249637,0.13995954949291295,0.16537531774780367,0.18874813035086688,0.2103994561111809,0.23058270226441277,0.24950130776813548,0.2673209673978728,0.2841781984341587,0.30018655229445124,0.31544125313090876,0.33002274392896136,"3.4339872044851463"
-0.222121987693226,-0.10129893972420435,-0.028532566785285995,0.02408966869424357,0.06547162750155967,0.09964324613648397,0.12879347072585612,0.15425857910546287,0.1769201187492806,0.19738920560297799,0.2161033868972813,0.23338369503267045,0.249470898484272,0.264549377147206,0.27876312272007947,0.29222662259211984,0.3050323887864865,0.31725626201896917,0.32896121846170406,0.3402001517903939,"2.917770732084279"
-0.0487092145247471,0.01709588050779594,0.05948408234536927,0.09169320781451831,0.1180811191540598,0.14073198346500013,0.1608195974817359,0.17904522106616946,0.19584842434565972,0.21152140324100274,0.22626869550519815,0.2402396797268967,0.2535472695329378,0.26627924757478616,0.2785054617789464,0.290282579406544,0.30165733640799425,0.31266882428937764,0.32335014088445974,0.3337296085645557,"0.4054651081081644"
-0.04252146873148466,0.019554007965631903,0.06015351461804246,0.09138247198315214,0.11722892473286196,0.13960246316067976,0.15958071636413795,0.1778094019456364,0.19469467809803268,0.21050746697766534,0.22543804957847616,0.239625837320084,0.25317653160851383,0.26617254764372844,0.2786796452324526,0.2907513172627958,0.30243179444825274,0.31375816362894887,0.3247618993827199,0.33546999610905215,"1.0986122886681098"
-0.4717706903203435,-0.30242412648717854,-0.2003625735452336,-0.12633438667500418,-0.06790335369779606,-0.01947308160401027,0.02197071723534179,0.05824391247880232,0.09052826314365599,0.11963800291230807,0.14615956030617014,0.170530609632969,0.19308745908115385,0.21409477455770262,0.23376493803782047,0.25227108479878146,0.26975616605694375,0.28633944397302064,0.3021212822209113,0.317186771275698,"3.5553480614894135"
-0.6031143811158038,-0.41942096240324084,-0.30969922084285045,-0.230645337653747,-0.1685798970598373,-0.11736432404763218,-0.0737011785404462,-0.03560919897471191,-0.0018024830992366214,0.028602144625246666,0.056238175319634,0.08157595407474877,0.10497468551666383,0.12671524221421654,0.14702169236197632,0.16607588906808668,0.1840276285952475,0.2010018899638107,0.2171041024394013,0.2324240517036797,"3.9512437185814275"
-0.3619141510510365,-0.20948952746180582,-0.11803425465167554,-0.05201321953352709,-0.00014108127845644533,0.042668257348757774,0.07915696951303047,0.11097926462230426,0.13921477953284586,0.1646107504362536,0.1877079024493737,0.2089108439050985,0.22852998546270079,0.24680802163759516,0.26393758674655926,0.2800735577807065,0.2953419054786252,0.3098461999935949,0.3236724630414093,0.33689282726970077,"3.3141860046725258"
-0.1022394868014344,-0.022630713865322123,0.028144591862489823,0.06656579437795983,0.09794056419952107,0.12470611622944985,0.14821619168299133,0.16931634296338835,0.18857140872406927,0.20637304782342705,0.2230001786724201,0.23865658856700284,0.25349502221242115,0.2676327554836408,0.2811618169618003,0.2941558350461289,0.3066747293069848,0.31876799820789986,0.3304770732745656,0.3418370388550888,"0."
-0.39156786273905825,-0.2328792299541092,-0.1377969558392994,-0.06922090286897219,-0.015377688768070942,0.029035165905865756,0.0668745115346558,0.09986199524932259,0.1291195029660048,0.1554220342356703,0.17932952687433218,0.201260737779196,0.22153718433399855,0.24041073371644123,0.2580818266116014,0.274712065767139,0.2904332278568246,0.30535388428489907,0.3195643538936866,0.3331404562297823,"3.3843902633457743"
-0.28830559455033555,-0.16188175522492315,-0.08378111409309356,-0.025978595705392734,0.02043819289660518,0.059495201317669964,0.09336962156322066,0.12337928173564171,0.1503873029890118,0.17499352398500773,0.19763447575808404,0.21863944061685556,0.23826370577011463,0.2567093147933137,0.27413867740627407,0.29068393520899666,0.3064536854315787,0.321537969151407,0.3360120574094708,0.34993936824886196,"2.6390573296152584"
-0.3602817468285797,-0.2016569226653201,-0.10843263583131943,-0.04212513930489547,0.00938653046347747,0.05152011388713125,0.08717548618182104,0.11809178016200024,0.14539718471453558,0.16986572652039753,0.19205066332959364,0.2123600576718262,0.2311026464518008,0.24851713958097502,0.2647916366246417,0.2800768604493839,0.2944953897073316,0.30814823504878613,0.32111961344296575,0.33348047602406955,"3.2188758248682006"
-0.5181209349959052,-0.34521982299852066,-0.24067398295170314,-0.16457741545631568,-0.10430358460994527,-0.054176498919208976,-0.011141483909578963,0.026640526706760162,0.060365692521252054,0.09085747045608883,0.11870809689441644,0.14435868695162613,0.16814740117463992,0.19033981540907988,0.21114880905507635,0.2307480014887394,0.24928107526054183,0.2668684026348623,0.2836118634271612,0.2995984256041719,"3.6109179126442243"
-0.029252314374767427,0.04118277126777074,0.0824542078016031,0.11239368987529878,0.1365191215838209,0.15694385472648698,0.17482764057940128,0.19083611379250848,0.20541000956386166,0.21883063795682445,0.23131182069268902,0.24301027807615205,0.2540391304079755,0.26449296924142773,0.2744466718286363,0.28395647849889805,0.29307321495092437,0.3018385494850286,0.3102850809912971,0.3184432143334744,"1.7047480922384253"
-0.5265383773079799,-0.34347192459862746,-0.23453069134893748,-0.15633544954176615,-0.09516304044132708,-0.04485044817657824,-0.0020862221335352774,0.035119128463965726,0.06805657330327401,0.09761281293896705,0.12442430006828205,0.14896424860120963,0.1715947267034062,0.19259932255841475,0.21220444456917126,0.23059370395265005,0.24791794368816242,0.2643024412035582,0.27985221913951525,0.2946560501626364,"3.6888794541139363"
-0.41135939837005214,-0.2542181424141093,-0.15898806836486284,-0.08961337343926573,-0.034656416664854174,0.011036107826543512,0.05024326625540198,0.08464144724774675,0.11532341422989119,0.1430437419153452,0.16834745050966995,0.19164265063212846,0.21324394172992878,0.2333995359939335,0.25230889593070616,0.2701346423919991,0.2870108935315384,0.3030493084738041,0.3183436008635199,0.33297299186192875,"3.3843902633457743"
-0.49193143400077083,-0.3215891848380998,-0.2186330798266617,-0.14374521840417823,-0.08447649945632743,-0.03522731814622263,0.007017459171678314,0.04407391188276878,0.07712375613350796,0.10698092782148867,0.13423125410318,0.1593115397298321,0.18255708502615575,0.20423158793642313,0.22454667367783987,0.2436750564373223,0.2617596621027873,0.2789201213361847,0.29525751133404043,0.31085790540421593,"3.56953269648137"
0.02384743386727354,0.05917441453726677,0.08510634125304609,0.10738153114398401,0.12742119459306944,0.14587600775988527,0.16311724212125317,0.17938377039282824,0.19484149150097727,0.20961191331474074,0.2237875863055067,0.23744115959159454,0.25063103947170307,0.26340510362545566,0.27580323779079,0.2878591257860137,0.29960154772217135,0.31105534371728416,0.3222421437920447,0.3331809304105363,"2.5257286443082556"
-0.47443900640627557,-0.3086655147571587,-0.20807364394191172,-0.13465058701265567,-0.07635909622793818,-0.02778384825987703,0.013991780165668205,0.05072507991418801,0.08355994025571781,0.11328458365546626,0.14046660973012465,0.16552946966482152,0.18879842221715992,0.21052945801967507,0.23092819291729746,0.25016260023235604,0.2683718330921395,0.28567249987500076,0.30216324327911503,0.31792816522993245,"3.4657359027997265"
-0.51925857717173,-0.33789671932349036,-0.22978567154609514,-0.1520812525504737,-0.09122518394448745,-0.04112603095302279,0.0014906876634122113,0.038593204077266345,0.0714593316458185,0.10096718769471379,0.12774740928543557,0.1522691672919976,0.17489167426664262,0.1958964836227943,0.2155085461485938,0.23391042277401933,0.25125219186506675,0.26765856419325496,0.28323413108304624,0.29806732541654607,"3.676300671907076"
0.023763081323027384,0.05845420408919924,0.08415348202056237,0.10633857985498688,0.12636729935782665,0.14486203492923205,0.16217844933598488,0.1785457576171771,0.19412343744192567,0.20902850992371674,0.22335027402533922,0.23715895556957853,0.25051111415458066,0.26345319438273423,0.2760239529754185,0.28825617285949934,0.3001779073957504,0.311813404878859,0.3231838094147302,0.33430770163833917,"2.740840023925201"
-0.1292512118330547,-0.0375546925064337,0.019348784941836332,0.0614445696197225,0.09516012454493768,0.123440421161446,0.14791620657295074,0.169601524663481,0.18916964548031567,0.20708405887834933,0.22367243712704238,0.2391725997890504,0.25376176264517053,0.26757529608236835,0.2807189443849804,0.2932769581969525,0.30531763637239656,0.3168971922165111,0.3280625114719134,0.3388531606755635,"2.3513752571634776"
-0.34165833294881276,-0.1980641244144378,-0.11083999266210944,-0.04721711625925798,0.003219287089021501,0.04516954825403383,0.08117244503738093,0.11276232020074688,0.14094224760770535,0.16640777161470513,0.18966368647270299,0.211089490293886,0.23097823187733085,0.24956080265515146,0.2670219216998881,0.2835111713921206,0.29915093099313067,0.3140422544063877,0.3282693140882241,0.34190280576295823,"3.2188758248682006"
-0.5487145265336054,-0.37049598663510036,-0.26320270337166235,-0.1853937105419224,-0.12396268657025522,-0.07302083343356096,-0.029400631521881857,0.008803826418229393,0.04283139509342334,0.07353431680119223,0.10152501255399259,0.12725916198365692,0.15108565994855946,0.17327812634340758,0.1940555569361999,0.21359628943862216,0.2320477038997878,0.2495331214423705,0.26615681916405054,0.2820077528380328,"3.7376696182833684"
-0.1339558293219973,-0.044007256105367216,0.012493977467500984,0.05474685807197023,0.08891567268797688,0.11781542284657699,0.14299535462048132,0.16541643552854607,0.18572172801131331,0.2043612788297091,0.22165892755963357,0.2378528864448709,0.2531221342309805,0.26760397965537186,0.2814058706387321,0.29461343553620956,0.30729604764226004,0.31951074561929094,0.33130504685653506,0.34271900288236923,"1.9459101490553132"
-0.6053981772127045,-0.4213475376025799,-0.31150071010037417,-0.2324110098354705,-0.17035472838748095,-0.11917395590143828,-0.07556123513027008,-0.03752954664234076,-0.003789441128133328,0.02654455142106289,0.05410745979695235,0.07937068614437284,0.10269417412717005,0.12435931725706652,0.1445905502342315,0.16356998022360755,0.18144757385346255,0.1983484173532855,0.21437799934687768,0.22962612887211542,"3.960813169597578"
-0.33960867556200375,-0.19138830028603687,-0.1025303208702212,-0.03843853576955228,0.011878546284826477,0.053375516730561574,0.08872421606176807,0.1195374931169373,0.14686928664371235,0.17144991072901467,0.19380793807819507,0.2143383179419091,0.23334316329872676,0.25105778856746863,0.2676682507657361,0.2833236382447137,0.29814490287507794,0.31223131535094495,0.3256652425680363,0.33851572203636576,"3.258096538021482"
-0.3719015278077463,-0.22638695079723353,-0.13731465202345694,-0.07185729075962778,-0.019598038976095397,0.024158799577302336,0.06194721685654701,0.09529705957149995,0.1252065757337085,0.15236589262139824,0.17727417490237016,0.2003058148251106,0.2217499883262913,0.24183537684032175,0.2607462307709925,0.2786331974178326,0.29562088748655896,0.31181334845392145,0.32729814849163363,0.342149502558208,"3.091042453358316"
-0.38034931738355987,-0.23230762965008872,-0.14188818862863325,-0.07556922858241161,-0.022714070587476577,0.021471722069586897,0.059575151793808054,0.09315785660802628,0.12323865925658697,0.15052177154547422,0.17551642571464243,0.19860445785017283,0.22008069407153721,0.24017819070981397,0.25908463611255034,0.27695340929127266,0.29391131046799496,0.3100641552552228,0.3255009498691663,0.3402970872909508,"3.1780538303479458"
-0.2724957647230318,-0.1487762858833951,-0.07240029263954524,-0.015930446933640412,0.029365885937231204,0.06743635497605548,0.10041742105193192,0.12960366555728167,0.15584445314678214,0.1797313760001295,0.20169583924814016,0.2220635830446725,0.24108699828157726,0.2589653923562537,0.27585842534441896,0.29189547890724254,0.3071824532605548,0.321806833815651,0.33584153303605013,0.34934783562314264,"2.70805020110221"
-0.2112891178287796,-0.10068654171499822,-0.032244483691921705,0.018394844948724638,0.05900883374445226,0.09312396626514971,0.12265632137477536,0.14877464481607652,0.17225268535122243,0.19363374563532848,0.2133152232896391,0.23159593178276514,0.2487049593100631,0.26482065359131207,0.2800837820206802,0.29460692022147683,0.3084812496437686,0.32178152704005397,0.33456975024575475,0.34689788853698805,"2.6026896854443837"
-0.6133363231780289,-0.4216134775879791,-0.3086476083613252,-0.22814524476314654,-0.16551637036389905,-0.11423361630393299,-0.07080277342442741,-0.033132040661597154,0.0001311560395268017,0.029912364654205114,0.05687313789867802,0.08150303495809622,0.10417475355648596,0.12517878464255203,0.14474606460509523,0.1630632797668841,0.18028350843725616,0.19653381271617762,0.21192078023991645,0.22653465379572385,"3.912023005428146"
-0.3457189414074697,-0.20085718486371223,-0.1129668425587862,-0.04892198203323955,0.0018048521184287898,0.04396429765159028,0.08012192697633977,0.11182800282933847,0.1400957969307915,0.16562775192370136,0.18893351621134713,0.21039609969166143,0.23031114124250218,0.2489114704827493,0.26638327600626727,0.2828772700770935,0.2985167143981549,0.313403363795533,0.32762195709280234,0.34124365523335737,"3.2386784521643803"
-0.004822336374044256,0.04344811172618436,0.07634130065129492,0.10241389302768653,0.12468161280172925,0.14455698202071823,0.16274466879077573,0.17965248301518932,0.19554201303920588,0.21059354108641434,0.22493797609008584,0.2386742038397732,0.2518792578937349,0.26461464776140065,0.27693048894218153,0.2888683059435554,0.3004629977010825,0.3117442541893654,0.32273760183099715,0.33346519087083143,"2.1972245773362196"
-0.45849823285129476,-0.29698154298796103,-0.19861847798822616,-0.12659253361308326,-0.06924448044508354,-0.02132847425171738,0.01998127096765814,0.05638766034526276,0.08899945603032504,0.11858089893580376,0.14568250586903386,0.1707151434889842,0.19399454607900032,0.21576933795671024,0.23623933947533496,0.25556790355373304,0.2738904624126253,0.2913206047088049,0.30795450738727964,0.3238742483068105,"3.332204510175204"
-0.326609627306095,-0.19029562183853044,-0.10663531451783913,-0.045049465450253616,0.004178125844384676,0.045432664874892295,0.08108338238702066,0.11256259091171292,0.14080671273344042,0.16646495780969467,0.19000852473398275,0.2117920234500598,0.23208999340654776,0.25111966931249113,0.2690558266369267,0.28604090074816596,0.30219217752369254,0.3176070871981424,0.332367208524358,0.34654135521843205,"2.970414465569701"
-0.11574685174770535,-0.029982728849760505,0.02392706063892174,0.06423013793030057,0.09680047402040627,0.124333048619484,0.14832298107648156,0.16970250497840694,0.18909284299186838,0.20692343934370483,0.22349910504419895,0.239041811117093,0.2537174118408349,0.2676528772241117,0.2809475720330469,0.29368079131121444,0.3059169107781178,0.3177089881941126,0.3291013368710539,0.340131402180036,"1.9459101490553132"
0.03288121679371405,0.061273650140182004,0.08517107422777012,0.1065166690821759,0.12610227185042946,0.1443590379429683,0.1615576164039765,0.1778831763967453,0.19346998322323375,0.20841956872467202,0.22281119777177236,0.23670832162255956,0.25016277173816004,0.26321760188894944,0.2759090813061259,0.28826813288815734,0.3003213963091771,0.3120920302826502,0.3236003289423725,0.3348642029124759,"2.6390573296152584"
-0.24045053889938245,-0.12508793119834724,-0.05346590194892955,-0.00027328691007440844,0.04255433485701161,0.07866635413924798,0.11004024388631518,0.13787648704991234,0.16296489471711476,0.18585734310198554,0.20695733000446404,0.2265698596402868,0.2449310768653922,0.26222703130366826,0.2786062964034239,0.29418888137938787,0.30907273957520637,0.32333861938299513,0.33705372485181123,0.35027450224337425,"2.3978952727983707"
-0.393925531478599,-0.22819619402908858,-0.1308283411005733,-0.061585575900171045,-0.007799423887932698,0.0361907994103506,0.07341304871812865,0.10568116096173244,0.1341705415102394,0.15968752649517745,0.18280910278938733,0.20396164509577597,0.22346841736376116,0.2415798129556277,0.25849340271885085,0.2743676391570827,0.2893314545835113,0.3034911235934744,0.3169352606991916,0.3297385217229307,"3.295836866004329"
-0.5971187270822329,-0.40912528164951906,-0.297433079652289,-0.2173350342631978,-0.1547084278442105,-0.10321811049493186,-0.0594633110374771,-0.021402496994093034,0.012287970115383412,0.04251617578675161,0.0699327862471818,0.0950204542622388,0.11814750829819623,0.13960176801819899,0.15961267966951623,0.17836627826397264,0.19601558506700573,0.2126880142028469,0.22849077016904457,0.24351486531900135,"3.901972669574645"
-0.49936011037033945,-0.3291619985080358,-0.22612629468650353,-0.1510611404574266,-0.09156129230983498,-0.04204824802038879,0.00048122542389440065,0.03783582206262169,0.0711923448200932,0.10136124242861289,0.12892569310604307,0.15432035944808714,0.17787873545388458,0.19986297666136632,0.22048341185133094,0.2399117084947899,0.25829000021040555,0.27573737470272003,0.2923545973385222,0.30822763135489,"3.5553480614894135"
-0.4811702333039401,-0.31565831587720433,-0.21504845223683067,-0.14148420816828686,-0.08298202245279189,-0.03415228769392651,0.007907086932377228,0.04494431033742564,0.07809717113962575,0.10814952444577157,0.13566564001917047,0.16106628088041325,0.18467444640467062,0.20674419609861505,0.22747950567547837,0.24704699090096535,0.26558472797073107,0.2832085210357553,0.3000164626298925,0.316092329729865,"3.417726683613366"
-0.5299053048821522,-0.35414932099298896,-0.2481665382773376,-0.17120904390118313,-0.11038497283700888,-0.05989980515413778,-0.016635626005162933,0.02128428785478879,0.05508026437387623,0.08559214077837234,0.1134237251459502,0.13902457709662355,0.1627391805404107,0.1848379437421184,0.20553749759598644,0.2250144080530048,0.24341469136353225,0.2608605787426026,0.2774554367806822,0.2932874263835941,"3.676300671907076"
-0.24977839716570926,-0.11559926264281378,-0.037109500484423304,0.018579994953954782,0.061779181187121134,0.09709144267426117,0.12698539453580354,0.1529397393554598,0.17590623510291734,0.19653041895206677,0.2152689860863835,0.23245657119574056,0.24834565179908935,0.263131432511397,0.2769679735218389,0.28997900898299633,0.3022654248082856,0.31391056358992775,0.32498407367818105,0.3355447572703428,"2.8622008809294686"
-0.21799410630670463,-0.1049287973491448,-0.03519435803503212,0.016256525470273907,0.05742025496927512,0.09192182790122068,0.12173027298828477,0.1480461836441999,0.17166400717483135,0.1931412260373816,0.2128852844977526,0.23120226795208593,0.2483266123783153,0.2644406581386339,0.2796882020331301,0.2941841575572537,0.30802154109989477,0.32127657292390144,0.33401243549664694,0.346282069829357,"2.70805020110221"
0.03533837133311258,0.07067674266622516,0.09868173936599664,0.12028041801598163,0.13970831797895478,0.15737750364551106,0.17328797501565052,0.18806827122525402,0.20207737965286976,0.21520907511325058,0.22767976166340484,0.23963377944840866,0.25104793087145,0.26202912438978654,0.27264353105436556,0.2828806343300233,0.2928009986427688,0.3024404698369719,0.31180230992456337,0.3209202248476452,"0.4054651081081644"
-0.20868172561850037,-0.09269375047627125,-0.02238331198474399,0.028718831168373295,0.06906829690115575,0.1024988964495749,0.13109739425271844,0.15614107546823527,0.17847539296887205,0.19868854822383508,0.21720295940935028,0.23432915064867393,0.2503001873092851,0.2652945384173762,0.279451504718537,0.2928817622126528,0.3056746747924578,0.31790345171504514,0.3296288495353935,0.340901876017385,"2.8622008809294686"
0.023897053799225996,0.06260185705415881,0.08966656541095656,0.11233199882790688,0.13237247823798176,0.15059013141493763,0.16743654505357483,0.18319841246400925,0.19807230217426927,0.21220044737589752,0.22568996095950766,0.2386240391699968,0.25106891499819023,0.26307839059540244,0.27469691096967963,0.2859617177136124,0.2969044001527573,0.3075520389954049,0.31792806677296404,0.32805292673711284,"1.252762968495368"
-0.0847164422270386,-0.009402538315084827,0.03875380772543897,0.07522750211584689,0.10502203686839241,0.13045387431037866,0.15282324882154702,0.1729429648877071,0.19134912145755187,0.20840705356716882,0.22437367386732734,0.23943557265424725,0.253732409975371,0.26737154851188677,0.280437458246266,0.2929979400486413,0.30510836245974315,0.31681462260958626,0.3281552653721132,0.33916303293713224,"0.4054651081081644"
-0.30244873675961226,-0.17138816230116055,-0.09080684395995367,-0.03141419264248072,0.016103738322423178,0.05595364070250907,0.09040995889831042,0.12084900289906175,0.14817188575349818,0.17300458402001634,0.19580241220700612,0.2169085988389218,0.2365890340208635,0.2550539593973847,0.27247220178039677,0.28898097523662103,0.30469292198356496,0.31970133664461026,0.33408413020952255,0.34790688187012286,"2.8903717578961645"
0.008280432148988572,0.05391425514580117,0.08476798179838778,0.10926288136388176,0.13040329223669272,0.14935756506659212,0.16672897213646165,0.18287987163751332,0.19804937697418334,0.21240573875018867,0.22607300257815563,0.23914592756252484,0.25169895030921974,0.263791877225836,0.275473662759843,0.28678500972564064,0.2977602138806094,0.3084285063506731,0.3188150523271128,0.32894170836399106,"1.0986122886681098"
-0.0059791135406777425,0.04341813591315974,0.07681289726484831,0.10312350639943312,0.1254921520413337,0.14538965669788068,0.16354893217340027,0.1803935566763339,0.19619482729899504,0.21113942485045567,0.22536268898260944,0.2389666905040819,0.2520308205058519,0.26461837501872815,0.2767808496993246,0.28856085256162356,0.29999414480522696,0.3111111106284795,0.3219378410212925,0.33249694937326496,"1.8718021769015913"
-0.5576731973136821,-0.3642341209850507,-0.2510795151586638,-0.17079504465633905,-0.10852157125536226,-0.05764043434682904,-0.014620992577849495,0.0226444255604702,0.05551573563833812,0.08492207970531047,0.1115268025985592,0.13582020509362758,0.15817495851846627,0.1788808992652399,0.19816780387345148,0.21622082901778264,0.23319129369895644,0.24920439999563782,0.2643648809096645,0.2787612084202287,"3.624340932976365"
-0.5328234839980589,-0.35033234487574594,-0.24146800485662046,-0.16316775057300995,-0.10180647840987606,-0.05126302962601465,-0.008246817012924727,0.029220243944353127,0.06242244378001772,0.09224230307002802,0.1193134826599629,0.1441072503275633,0.16698432506461194,0.18822742977007076,0.20806252556754562,0.22667313354075483,0.24421029480407033,0.26079969858124236,0.27654692027871447,0.2915413625876353,"3.713572066704308"
-0.03814987621851571,0.027335533522101888,0.06878204418953723,0.09981168776888576,0.12500288011704253,0.146563352165734,0.16567398407119407,0.18300293038854254,0.19896409319755387,0.21383329555618863,0.22780486579535209,0.24102171101679312,0.2535925263793047,0.2656022560044227,0.27711877379767563,0.28819732789025276,0.2988836000102085,0.30921587319763355,0.3192266062423182,0.32894360198584544,"1.5040773967762742"
-0.27536845107200786,-0.14796128926137483,-0.06994887693083596,-0.012694311074309694,0.032922387808544284,0.07102544055395857,0.10384752468190403,0.1327424465486645,0.158599576804423,0.1820392032352333,0.20351377549734834,0.22336431372838897,0.24185396677456966,0.25918931432014464,0.2755347262371555,0.2910225109991102,0.3057603166137323,0.3198366295193661,0.33332490713745444,0.3462867097689592,"2.970414465569701"
-0.03114810683767254,0.03639000971561137,0.07754466995956179,0.1076025436663744,0.13180204971219417,0.15247849889473403,0.17074856326649235,0.18725012286539272,0.20238574975419846,0.21642815160216525,0.2295715822679473,0.24195990695249375,0.25370301736166634,0.2648869943207498,0.27558069057516976,0.2858401558043971,0.2957117080737291,0.3052341243565788,0.3144402383877338,0.32335813067207114,"1.791759469228055"
-0.21340746733369814,-0.10202444898309625,-0.033172463068349166,0.017724392235506627,0.05851281358222941,0.09275047773495604,0.12237024190184043,0.14855095282330094,0.1720729321102082,0.19348399251170223,0.21318473355190007,0.2314762913898022,0.24858946586208064,0.2647038846830604,0.2799612874371529,0.2944750003136313,0.3083367937788232,0.321621894107567,0.33439267886213464,0.3467014284789077,"2.6390573296152584"
0.0391331727597357,0.0716325692678974,0.09692201529743727,0.11846124485814624,0.13758631732612014,0.1549903582272677,0.17107883397995585,0.18611835560806497,0.20029607801792715,0.21374837416919149,0.22657875121945012,0.2388681359699084,0.2506810791620935,0.26207013086513276,0.2730787862008846,0.2837435061039055,0.2940952315292125,0.30416049672132367,0.31396225734773253,0.3235205368125396,"Indeterminate"
-0.16577421649791407,-0.06947004717576807,-0.008904256675271897,0.0365012163851931,0.07332908500778453,0.10457063677878628,0.13185678554863856,0.15618764252392736,0.17822911527247512,0.1984504877399592,0.2171950840592409,0.23472037999666032,0.2512230446767961,0.2668557084181052,0.28173862737900357,0.2959679447205058,0.30962160452357396,0.3227636281957553,0.335447241323129,0.3477171877713471,"1.5040773967762742"
-0.6207112332384777,-0.4300069378730436,-0.31767052749832636,-0.23762929191743865,-0.17536578899628602,-0.12438615624952697,-0.08121456630196304,-0.04377044401355902,-0.010708606922797261,0.018891328657178887,0.04568711741671639,0.07016539813915765,0.09269654265673231,0.1135691456265919,0.13301257896503307,0.15121223493322014,0.16832012529717502,0.18446243921072222,0.1997450555547502,0.21425764602636843,"3.9512437185814275"
-0.42705893506152065,-0.2536193865770063,-0.15216375457155534,-0.08017983799261937,-0.024344758207310826,0.021276108487087723,0.05984960600154781,0.09326821804593698,0.12275496416852878,0.14914652981994078,0.17304034376368949,0.19487744164394,0.21499227244658975,0.2336442038356157,0.25103826489383185,0.2673392457680862,0.28268153785225525,0.2971761584616397,0.3109158667697355,0.3239789570897681,"3.3141860046725258"
-0.42721953671087626,-0.27009624520654535,-0.17441663749422592,-0.10439007750540644,-0.04867237064021493,-0.0021554135936380525,0.03791434025134598,0.07319737059269733,0.1047756038177546,0.13339551344074582,0.15959556909455133,0.18377837790638157,0.20625395376541922,0.22726686730219536,0.24701392453683677,0.26565606038906975,0.28332659035104685,0.3001371101873392,0.3161818383999648,0.33154089930250646,"3.3141860046725258"
-0.38750038932637976,-0.2373346505791386,-0.145786456846383,-0.07874746401873975,-0.02539538421672551,0.01914751409496497,0.0575129040561662,0.09128917862914139,0.121512449340793,0.14889874208096593,0.173965716072056,0.19710142246424414,0.21860539037107227,0.2387143042464357,0.25761869152653205,0.2754741767653515,0.292409351600479,0.30853147181051155,0.3239307102274681,0.338683412349822,"3.2386784521643803"
-0.11927269405897808,-0.03568320345308714,0.017531881852908486,0.05777630576587312,0.09064003555862105,0.11867729295968224,0.14329495685465882,0.1653666861524762,0.1854780565512158,0.20403975223327914,0.2213480355861173,0.23762142799840288,0.2530245657083343,0.2676840928076571,0.2816993665905777,0.29514976195161796,0.30809973630902304,0.3206024050846577,0.33270211231357955,0.34443631200836894,"Indeterminate"
-0.5249747712411945,-0.35040448296823384,-0.24501587327595872,-0.16841263770476575,-0.10781367179863584,-0.057473902352116246,-0.014301773921223237,0.023563757241214508,0.057332968116596016,0.0878388930854845,0.11568054170405036,0.141303977773679,0.16505107253500892,0.18719024209381402,0.20793657490281026,0.227465429222919,0.24592186831832555,0.26342736746718926,0.2800846914798286,0.295981520826751,"3.6506582412937387"
0.023748966717537283,0.0583462152350454,0.08401062087953383,0.10618191507663244,0.12620863942030072,0.14470903840574467,0.16203647151448033,0.1784187198791812,0.19401430170532774,0.2089395634081048,0.2232833119259613,0.2371154041397097,0.2504921168282578,0.2634596738701872,0.2760566571409127,0.28831570931219,0.30026477002215846,0.311927994496548,0.32332645005711136,0.3344786535400977,"2.772588722239781"
-0.3378753982152152,-0.1980119184319405,-0.11245935380186657,-0.04966306273333302,0.0004021895849669144,0.042260453064393286,0.07835550276584294,0.11016435499865185,0.13865237047688214,0.1644885814523813,0.1881583619974764,0.21002679554660772,0.2303763482804041,0.24943035909333552,0.26736836409290543,0.28433654877451403,0.3004551795604675,0.3158240764953187,0.33052675196772446,0.34463359898019463,"3.091042453358316"
-0.6174066035899736,-0.4301086665436804,-0.31909071677642764,-0.23961550983210286,-0.17756193596739678,-0.1266005449803008,-0.08333625367080152,-0.04573247845812851,-0.012469761687040164,0.017356433788490142,0.044393694546625236,0.0691219211601829,0.09190692063599877,0.11303417216673602,0.13273094948511038,0.15118129167468233,0.16853641700237396,0.18492214357147296,0.20044429308155465,0.21519270504890667,"3.9889840465642745"
-0.35826149384660816,-0.21207223944176154,-0.12316725866699992,-0.0582357974658816,-0.006697083442782477,0.036221972055924714,0.07309846790392809,0.10548909971784969,0.13441060155058862,0.16056702944396128,0.1844686599171615,0.20649884485801664,0.2269537586421338,0.24606719415563813,0.2640267573664516,0.2809849281518688,0.2970669325835153,0.31237654079202914,0.32700044726304195,0.34101163881182106,"3.2386784521643803"
-0.5106749226483768,-0.32402076201197944,-0.2144633688422303,-0.136591091223435,-0.07612066331456753,-0.026674561720418166,0.015155222121652006,0.05140614595242913,0.08339479923583319,0.11202225941630425,0.13793300908622624,0.1616042007399246,0.18339895219772143,0.20359983404875093,0.22243084389198245,0.24007236166542045,0.2566716401018124,0.27235034792470625,0.28721010599458724,0.3013366211555287,"3.5553480614894135"
-0.6138193296877866,-0.418834969948212,-0.30477643127343695,-0.22385061020863714,-0.16107966674369983,-0.10979207138820246,-0.0664290241680905,-0.028866217632726145,0.004266642079727838,0.03390533222417852,0.06071752665995653,0.0851964674466396,0.10771697353919192,0.12857059860914355,0.14798860815992088,0.166157517971871,0.1832299153917045,0.1993321898562697,0.2145701791494994,0.22903337382542038,"3.817712325956905"
-0.5110333806026968,-0.3275748701846906,-0.21895598531749563,-0.1413042388291973,-0.08075374053439907,-0.0310858166692827,0.011035719629094342,0.047612092405656184,0.07994011346745311,0.10890957860630004,0.1351586484912263,0.15916136461407449,0.18127989558077628,0.20179726736381273,0.22093875123353504,0.23888637871582127,0.25578912751185273,0.27177027695824646,0.2869328462005613,0.3013636918168711,"3.624340932976365"
-0.5845006590564898,-0.40236898455388914,-0.2931881661349983,-0.21428698920985326,-0.15217983998745768,-0.10081201578244292,-0.05692926855142735,-0.018575065511284395,0.015521299681486697,0.04623319568628483,0.07418757350030625,0.09985033526320317,0.12357765376202208,0.1456483533025149,0.1662851545121273,0.18566906598212257,0.2039493983996796,0.2212508962318689,0.23767892358615916,0.2533233089787895,"3.871201010907891"
-0.1755557365199177,-0.07540875194459691,-0.012822138450408136,0.03384765529610473,0.0715231762753777,0.103349413972436,0.13104053331806545,0.15564724849971562,0.17786876180568373,0.1981974462401658,0.21699316792226256,0.2345254980302667,0.251000085388003,0.26657632244762564,0.28137963240942593,0.2955101654694503,0.3090490184411262,0.3220627275831606,0.3346065502555414,0.3467268911122617,"2.1400661634962708"
0.010973910942599295,0.052355951248232765,0.08149536285934367,0.10529457560627688,0.1262235233499096,0.14524998812110182,0.16287800540523764,0.17941311366744553,0.1950588147344168,0.2099596198302677,0.2242230230692503,0.2379318422823801,0.2511516637075914,0.26393558982815973,0.2763274050269567,0.2883637645480379,0.3000757547155232,0.3114900339141182,0.3226296855374517,0.33351486788433216,"2.5257286443082556"
-0.3617166829900769,-0.21692843563621458,-0.12848804254231824,-0.06363279598282863,-0.011960757487427988,0.031219156523522928,0.06843939506979961,0.10122945670634403,0.13058792947490389,0.1572058019754263,0.18158345582783092,0.2040966326087673,0.22503575505418813,0.2446304603954364,0.26306555607585286,0.28049182481616886,0.29703363468171223,0.3127944940222462,0.3278612282472143,0.3423071914684441,"3.1570004211501135"
-0.06269043711313371,0.0057892301678157485,0.05005037134219277,0.08382553757791182,0.11158407759503317,0.13542421272776559,0.15653485358073602,0.17565118084916356,0.1932473086416971,0.20964118234989323,0.22505524058945253,0.2396512502473819,0.25355083339589923,0.2668480283850175,0.2796172800833981,0.29191870862025593,0.3038016971828119,0.31530740560812837,0.3264705760396508,0.33732085899205044,"0."
-0.5744430497333238,-0.3906542092791063,-0.2807340524277706,-0.20147285804686801,-0.13920998211040408,-0.08781093879239174,-0.04397841797978594,-0.005730129741975363,0.028221153955720144,0.058759979193086016,0.08652121878487853,0.1119766436009701,0.13548695535725352,0.15733458839983255,0.17774519646628026,0.19690217998541562,0.21495677766478655,0.23203524834374362,0.24824409799239436,0.26367396569539514,"3.8394523125933104"
-0.26341380346427273,-0.13429558318922868,-0.05621957967428822,0.0004529943735601408,0.04516694351198425,0.08219291775490341,0.11384325437310706,0.14152236251865963,0.16615494061740124,0.18838578265151376,0.20868265519620346,0.22739424706669337,0.24478573631811892,0.2610621865671931,0.27638462850814305,0.29088137752148946,0.30465610938851645,0.31779368780753925,0.3303644179983698,0.34242718946636663,"3.044522437723423"
-0.1346856597868703,-0.040666000093564726,0.017403391686924126,0.06019747616555854,0.09436220434654898,0.12294052815088255,0.14761582560980505,0.1694334209670074,0.18908611049629082,0.20704993063108793,0.2236608893171502,0.23916257592421647,0.2537363647496324,0.2675207291598709,0.2806237950182289,0.29313168260962136,0.3051141854183668,0.3166287293680656,0.32772319611454437,0.33843797858751,"2.4423470353692043"
-0.28684855895294437,-0.14370121205073758,-0.059965382026339525,-0.0005538356059408305,0.04553042005938309,0.08319127657454814,0.11505381221055203,0.14269134203083475,0.16711984465145566,0.18903103138012034,0.20891554816022054,0.2271333664683704,0.243956195164392,0.2595941122237912,0.274212897173848,0.2879456785887148,0.3009009886762804,0.3131684765341549,0.32482305237086406,0.3359279533591233,"2.970414465569701"
-0.08562220102148202,-0.009861371911284465,0.03851957574972378,0.07512533062210269,0.10500111957187482,0.13048256292667487,0.15288051244566425,0.17301428196743449,0.19142414689048826,0.20847819312742905,0.22443519719561236,0.2394830524808205,0.2537623579253742,0.26738117123008714,0.2804244891348634,0.2929605199410209,0.30504495289133343,0.31672394139330967,0.32803623781375923,0.33901475426205224,"0.6931471805599453"
-0.4797422968701327,-0.31046229939140146,-0.20823070452548453,-0.13393477390052128,-0.07518597367437925,-0.026410357816465096,0.015394053982803583,0.052035728566635846,0.08469162505286609,0.11417260253524568,0.14106251079226675,0.1657969315831561,0.18871044661420286,0.21006633851746276,0.23007595961796454,0.24891177447851942,0.26671640576499955,0.28360908884354863,0.29969040553285514,0.31504584626437826,"3.5553480614894135"
-0.5433320295096902,-0.3682179707939364,-0.26237692553935865,-0.18534226572453336,-0.12431816852500922,-0.07355584341287505,-0.02996305122175611,0.008321006388354568,0.04250608182543561,0.0734245907988314,0.10167484953344251,0.12770213107631428,0.1518474104893381,0.17437812716239717,0.19550836548167738,0.2154125195606582,0.23423479461491986,0.2520959673933701,0.269098297775648,0.2853291680067795,"3.6635616461296463"
-0.06659522829679364,0.003992054466495333,0.0492920163475581,0.08366051360766617,0.11176842796811155,0.13580761828819626,0.15701919118636942,0.1761697884089804,0.19375312441676582,0.2100997799265732,0.2254406774805344,0.23994350303124984,0.2537341479901501,0.2669098180942071,0.2795473644779177,0.29170877229893005,0.3034448950787486,0.31479806881248645,0.32580398834678587,0.33649308432961555,"0.4054651081081644"
-0.2643372477166032,-0.1433811230368434,-0.06848225454234202,-0.012957557606034469,0.03168605795730844,0.06928832712549124,0.10192759108096044,0.13086343612191723,0.1569224491192361,0.18068051527589649,0.2025577304345112,0.22287143176125668,0.24186762704618045,0.2597406992906755,0.27664646538292764,0.2927112782027704,0.30803862880294564,0.32271406835425426,0.3368089416369381,0.3503832507040749,"2.5257286443082556"
-0.5255724049080217,-0.3527824598874669,-0.24818614061400074,-0.17196493563240295,-0.111523751069449,-0.06120214650927375,-0.017954439977748756,0.020052724046935033,0.0540116336917611,0.0847429691221658,0.11283685478975362,0.1387326999028846,0.1627672154720493,0.18520470801302333,0.20625693867372374,0.22609655667642903,0.24486643005020997,0.2626862796999667,0.27965749885949953,0.2958667272377441,"3.597312260588446"
-0.02111394747371694,0.03278270858874604,0.06890869980584888,0.0971957129567215,0.1209978093826971,0.14194589216349865,0.16092447782551328,0.17844210719277312,0.19481819130140438,0.21026823134686365,0.22494580635824837,0.23896509052831838,0.25241383422353525,0.2653613053270928,0.27786339049660413,0.2899660074741379,0.3017074665552122,0.31312015267915966,0.3242317536331591,0.3350661762907263,"2.1400661634962708"
-0.2888568871710372,-0.1569214755330585,-0.07652764181839278,-0.01776691688479694,0.028882852408329555,0.06772590497092909,0.10109107112468116,0.13038949534033487,0.15654744306108093,0.1802102615683534,0.20184806852731688,0.2218146548900064,0.24038256336019154,0.25776538658518955,0.2741328104092339,0.2896212408181825,0.30434154044170125,0.3183847623902932,0.33182644762128616,0.34472987333062316,"3.068052935133617"
-0.2355684732074658,-0.11912991438618817,-0.047255874060947424,0.005835717028383314,0.0483666640027364,0.0840602930487465,0.11493594768307511,0.14222156508953404,0.16672697857315094,0.18901924949130744,0.2095131121534257,0.22852133250861167,0.24628490085226507,0.26299248820541143,0.27879376277867485,0.29380888348011613,0.3081354281805366,0.32185351699837034,0.3350296353708209,0.3477195103335088,"2.70805020110221"
-0.43999418451713757,-0.2724148636915299,-0.172062288649563,-0.09969539911853383,-0.04287380256761894,0.0040011744121430425,0.0439440248926797,0.07876980089042741,0.10965939954657467,0.13742672365335457,0.1626584480664205,0.18579272432969224,0.20716608828278496,0.22704278764324684,0.24563393890653168,0.263110566592957,0.2796128166259212,0.29525667549400975,0.3101389933334491,0.32434130887806517,"3.4965075614664802"
-0.399247316886487,-0.24079026467783052,-0.14546717828886133,-0.07648288366519149,-0.022159823661586336,0.022763439004574223,0.06112331571815166,0.0946300495374869,0.12439835455349121,0.1511982893475321,0.1755863860531944,0.19797934077628884,0.2186978458414381,0.23799398999376156,0.2560692100107765,0.27308658480761067,0.2891795897494644,0.3044585271372361,0.3190153582203002,0.3329273922686058,"3.4011973816621555"
-0.49068280201261927,-0.3082350146291401,-0.20076037018175855,-0.12419979295854391,-0.06465850829696301,-0.01591891673066509,0.02534749964189485,0.06113373813207265,0.09272953381318498,0.12101894167022825,0.1466353193113421,0.1700483668658484,0.19161606105740944,0.21161727981601125,0.23027323061632027,0.24776206839013643,0.2642291837266581,0.27979462811311784,0.2945585823760913,0.3086054515104564,"3.5409593240373143"
-0.5269216074640529,-0.34580834355797985,-0.23761465089375006,-0.15970781765798375,-0.09859614467718707,-0.04821683274257492,-0.0053096710140092115,0.03208582571637088,0.06524297789488857,0.09503709731280031,0.12209692027928123,0.14689025595946953,0.16977534932249644,0.1910331344356845,0.21088827196845542,0.2295233347912322,0.247088670129851,0.2637094556786046,0.27949088457034243,0.2945220676718441,"3.7013019741124933"
-0.05279906014221276,0.015379208596979145,0.05889542020527287,0.0917208207516862,0.11845155404869444,0.14128332138859406,0.1614504660636686,0.1796885281482891,0.1964573253761599,0.21206178568815898,0.22671491440375224,0.24057198448072467,0.25375016522219335,0.26634040322490565,0.27841495533369387,0.29003235911515074,0.30124082651049355,0.31208062996792085,0.3225858233492065,0.3327855108419694,"1.252762968495368"
-0.19964793309097764,-0.08081942942101361,-0.010358563311237377,0.040022585767792974,0.07930328863081922,0.11153590371414474,0.13892117635835843,0.16279376138439175,0.18401779022132977,0.20317794379953194,0.2206847754494634,0.23683647293138857,0.25185617944817684,0.26591522630104875,0.2791480752698125,0.2916622427907599,0.3035450909877701,0.31486860082447987,0.3256928072286642,0.3360683231478456,"2.803360380906535"
-0.09973807222532395,-0.01719272081981827,0.03457536663371347,0.0731682293449611,0.10427110497659461,0.13051187325978822,0.15336208605651264,0.1737383985173212,0.1922425790354941,0.20928259841065305,0.22514393740468475,0.24003301826291623,0.25410373744874987,0.26747398287100094,0.28023620436612345,0.29246438315831513,0.3042187615586179,0.31554913948200863,0.3264972282963557,0.33709836848454405,"2.0149030205422647"
-0.38281859760579257,-0.22919868943273908,-0.13639197774679493,-0.0689911446578181,-0.0157543194607189,0.028386620357481244,0.06616585359078105,0.09923335928389834,0.128665585879392,0.1552069609166637,0.17939617647141284,0.2016371740275704,0.22224135532360664,0.24145394354427896,0.2594712312157774,0.2764523812187522,0.2925278316283804,0.30780547941691144,0.32237533972992605,0.33631311483613985,"3.349904087274605"
-0.4660270811884348,-0.302489798714532,-0.20306596759251205,-0.1303733317885015,-0.07257384432347766,-0.0243414586534462,0.017192621181146953,0.0537570683871472,0.0864773016841233,0.1161289439670083,0.14327062821841768,0.16831920721329482,0.19159495203279756,0.21335000152304154,0.23378694645504125,0.25307135342217885,0.2713404419411512,0.28870925525395746,0.3052751615931246,0.32112121967328167,"3.4011973816621555"
-0.5927593783860359,-0.40729396594831074,-0.29665993382807954,-0.21705192414954244,-0.15462757024323956,-0.10317401203327907,-0.05935367484547753,-0.021161240002100706,0.0127046748437885,0.04313775527586053,0.07077896303614971,0.0961041872197486,0.11947691606182918,0.14118144599871238,0.16144464608624745,0.18045068415012344,0.19835126444173456,0.21527291698407006,0.23132230223026337,0.2465901511753883,"3.901972669574645"
-0.060105166023970126,0.017303733649748843,0.06413565169405126,0.09806889298326207,0.12495114405892918,0.14752848721664835,0.16722672577458791,0.18484375385924895,0.20087484197566086,0.21565038959628424,0.22940302049018532,0.2423033090667762,0.2544804228484193,0.26603476073242616,0.2770460702317276,0.2875788629403275,0.2976861458532467,0.30741206404900273,0.31679381719785205,0.32586307849249463,"2.0794415416798357"
-0.3487066940202605,-0.20546590212200377,-0.11812018294637197,-0.05418031146695246,-0.0033252438679484517,0.039101778209437374,0.07561564492630542,0.10773592249365009,0.13645544207775046,0.16246199304930867,0.18625431129843603,0.20820730528539966,0.2286108340763859,0.24769389191597893,0.26564039441253917,0.2825999531545707,0.29869554080225336,0.314029136543474,0.32868599375666835,0.342737924762582,"3.1780538303479458"
-0.4056311952864397,-0.24532719601852365,-0.1490486191872465,-0.07946492120216861,-0.024731037802338058,0.020488485258350276,0.05906902349714432,0.09274367749246987,0.12264160026231082,0.1495424654243935,0.17400945103714013,0.19646396583528,0.21723010415160504,0.236562446883438,0.25466428487996623,0.27170010247438003,0.287804464410222,0.3030885383409425,0.3176449899383887,0.33155171491615554,"3.417726683613366"
-0.45033422886131796,-0.28894906206651055,-0.19082875544106206,-0.11910022519700428,-0.06208182432738329,-0.014515904720239508,0.026430448038519377,0.06246482338194325,0.0946992838122282,0.12390057973496672,0.15062129559896548,0.17527411049938274,0.19817639003680518,0.21957821382049506,0.23968065458320714,0.25864808313242243,0.2766166954402694,0.2937005890732296,0.3099962129625803,0.32558571180610457,"3.3843902633457743"
-0.4169204346716179,-0.26271374651527624,-0.1685798966111145,-0.09953572624859225,-0.04449244354834523,0.0015434384013832106,0.04126397454773014,0.07629279118388262,0.10768798392334893,0.13617973301953645,0.16229488028825967,0.18642744848048642,0.20888094078225997,0.22989488409043934,0.2496621128238046,0.2683403956235918,0.2860604998783554,0.30293195539463097,0.3190472948934496,0.33448525883886554,"3.2188758248682006"
-0.1785235979051125,-0.0772208062290806,-0.01402806861252315,0.033020361280387746,0.07094970290921516,0.1029513217383597,0.130764457459846,0.1554550302630283,0.17773221576799061,0.19809527358721385,0.2169089771347248,0.23444646417608742,0.2509160155942189,0.26647899539634357,0.281262326814531,0.2953673196210427,0.30887598103975816,0.32185557265132964,0.3343619375282848,0.3464419591376218,"2.2512917986064953"
-0.1189645893944036,-0.0317665109100259,0.022869229131115998,0.06360722668497011,0.09645459246762227,0.12416664517906428,0.14827139572401027,0.16972105870798188,0.18914968810195362,0.20699520170555136,0.2235681400307316,0.23909445836485047,0.25374286646152483,0.267642440301386,0.280894138027751,0.29357848717914453,0.30576083502032086,0.3174950176072113,0.32882598039070465,0.33979168828629486,"2.0794415416798357"
-0.40789412092652544,-0.2517545763507524,-0.15705070592421977,-0.08800853632420726,-0.03327937673922656,0.012250309392325933,0.05133836158738195,0.08564852689927444,0.11626545274015138,0.14393820874827243,0.1692079221968483,0.1924798623074309,0.21406650527447038,0.23421444936356206,0.2531219148906581,0.27095055711971755,0.28783373677318186,0.3038825131294363,0.3191901197223893,0.33383538892362596,"3.367295829986474"
-0.5512050418104648,-0.37242236115404415,-0.26485504151804246,-0.18688896221078247,-0.1253633501210424,-0.07436515647442946,-0.030713972988318534,0.007503746475053186,0.041531732879112986,0.07222551333534429,0.10019981358680956,0.12591198237140205,0.149712153737808,0.17187488544423496,0.1926198932840424,0.21212607325881425,0.23054124096991974,0.24798905840877658,0.2645740697234498,0.2803854398961904,"3.7495040759303713"
-0.08147594879894116,-0.007772274618419295,0.03957325768803705,0.0755697508528747,0.10507079219555437,0.13032395279486775,0.1525912215318731,0.17266189244431687,0.1910569249127547,0.20813164160735748,0.22413614570340998,0.2392522518748719,0.25361617082081994,0.2673327070874669,0.2804843891775929,0.29313751479078803,0.3053462684341429,0.31715560058450626,0.32860328939398276,0.33972144901032075,"-0.6931471805599453"
-0.30637776217592605,-0.17141088696815643,-0.08906600893526193,-0.02879532063313422,0.019119679320341053,0.05906944773942359,0.0934280082654249,0.12363231045176803,0.15062385835368675,0.1750573336732446,0.1974091614777479,0.21803816197468462,0.23722153013403577,0.2551774448630327,0.2720800964230587,0.2880701820987283,0.30326251876313853,0.31775170482624215,0.3316163978145152,0.34492257931086734,"3.091042453358316"
-0.031011657751158255,0.02991401083636968,0.06929462263515566,0.09926193883160027,0.12390480290133861,0.14520448226123042,0.1642289996845685,0.1815874939107332,0.1976594688579191,0.21269894700647934,0.22688557592415906,0.24035192544994075,0.25319916185690255,0.26550659929184267,0.2773378115948467,0.2887447049330628,0.2997703255269822,0.3104508520547976,0.3208170449696032,0.3308953236477122,"0.4054651081081644"
-0.4848399173830681,-0.318372957584636,-0.21726591708075646,-0.14339225978764744,-0.08468309262094302,-0.03571055383378113,0.006447951686911576,0.04355291073716934,0.07675004360662564,0.10682862143873062,0.13435677252982364,0.159758102686573,0.18335776323448952,0.20541147881933278,0.22612453647863487,0.24566459905917862,0.2641705878068666,0.28175899444059804,0.2985284744509855,0.31456326809778484,"3.449987545831587"
-0.5484920181289455,-0.3740079690930716,-0.2684203252627242,-0.1914763313272987,-0.13045115296431584,-0.07962917851140829,-0.035936591676251226,0.002476040709420007,0.03681093883301491,0.0678952487175934,0.09632342462419158,0.12253778280036373,0.14687693993714437,0.16960638842163436,0.19093856638182316,0.21104646021072648,0.23007307274685312,0.24813816601640087,0.265343161621105,0.28177476973006454,"3.6375861597263857"
-0.07899521499083345,-0.0019769204385235006,0.04646294877288569,0.08261987049480664,0.11178832732403668,0.1364474527404771,0.15799627672592625,0.1772946847377152,0.19489317274668558,0.21115826583631608,0.22634474954596892,0.24063686142678076,0.25417240553646664,0.2670574263902811,0.27937549905378173,0.29119383034678636,0.3025673990968853,0.31354184794818324,0.3241555550506014,0.3344411517058336,"1.8718021769015913"
-0.29435090794810953,-0.16333162705247237,-0.08307343928247043,-0.024128171439420653,0.022874602373723383,0.062169293329817646,0.09604640877556352,0.1258929921783117,0.15261836014658,0.17685524941893216,0.19906451058959895,0.2195935968811194,0.23871124595322685,0.2566292540731046,0.2735169340894492,0.28951120827000887,0.30472393139659804,0.3192473439944226,0.3331581994056908,0.346520919984547,"2.995732273553991"
-0.020556608597621616,0.03291751244383014,0.06884447558812544,0.09702752935322867,0.12077756615757354,0.14170466949931404,0.1606822304246999,0.1782125357545169,0.19461117470564743,0.2100911494663856,0.22480431845101292,0.238863623156203,0.25235590279922776,0.26534973469037854,0.2779004712452801,0.29005360979139383,0.3018471249866409,0.31331313050014564,0.3244790925357058,0.335368735293597,"2.2512917986064953"
-0.5727403519004817,-0.39115561767726925,-0.28221401438377824,-0.20343865969037656,-0.14140138948851275,-0.09007162790287977,-0.04620724825348553,-0.007858522831983638,0.02624113811685122,0.056962489576762705,0.08493078688048038,0.11061084381295425,0.13435817052230528,0.15645123380886553,0.17711261144873333,0.1965233108983177,0.21483272387658897,0.23216571093304827,0.24862775233258005,0.2643087692883192,"3.828641396489095"
-0.6014771359160599,-0.41109685640405064,-0.29846556070551666,-0.21796525881682532,-0.15519696552022552,-0.1037084098611466,-0.060040104218156524,-0.022117903445225337,0.011401251924324876,0.04143762373770817,0.06864982820960992,0.09352587447188786,0.11643777302583026,0.1376758855648577,0.15747138437324007,0.17601142441732562,0.1934496890104545,0.20991390992058,0.22551135654812296,0.24033292870001988,"3.8918202981106265"
-0.6239470746510947,-0.4361984425398531,-0.3252493108546965,-0.24600872672906202,-0.18425446447795688,-0.13361733667695974,-0.09068416572652685,-0.05340948611260826,-0.020469352308808562,0.009043002194271052,0.03577616969844551,0.060210365110644745,0.08271130351992247,0.10356412430413864,0.12299560578741292,0.14118919395994955,0.15829545619994606,0.17443953187451738,0.18972655975545005,0.20424571105759085,"4.007333185232471"
-0.12457296110971583,-0.03866661602158984,0.015749042906642755,0.05672829508919819,0.0900694186752019,0.11842135658365979,0.1432427997896374,0.16543926990174804,0.185617405469965,0.2042023876597895,0.2215006944818428,0.23773818288612708,0.2530848585827723,0.2676713741139209,0.2816001369537443,0.29495288473535514,0.3077959350339131,0.32018388924184515,0.33216229398711083,0.3437695878772728,"1.0986122886681098"
-0.07956746907270322,0.006451672932846537,0.057362311347290654,0.09374721978896378,0.12228545710180079,0.14603076433199935,0.16655034605945623,0.18473385282976554,0.2011405782819912,0.21614605038565382,0.23001538805986843,0.24294291585647843,0.2550755355628174,0.2665271322845624,0.2773879047494608,0.2877305759477792,0.29761469589257494,0.3070896855083024,0.3161970387108866,0.3249719610814747,"2.1972245773362196"
-0.17153906624264892,-0.07296395363246597,-0.011202907454411022,0.034950743086384156,0.07228025526299485,0.10386765521815887,0.13139303017374226,0.15588640127497125,0.17803337408290792,0.19831691000656979,0.21709014804840426,0.23461775358073803,0.2511017430808767,0.26669878036558337,0.2815322079331252,0.2957005649933368,0.30928368232384507,0.3223470870929988,0.33494522177984637,0.34712382507706857,"1.9459101490553132"
-0.5024053332669726,-0.3334125256184926,-0.23086458673321747,-0.15598555429084704,-0.09650552435148775,-0.04690815950653901,-0.004224208469604754,0.03333435271630263,0.06693079154521031,0.09736616940189599,0.1252168201145711,0.15091218683499388,0.17478163250229412,0.19708395828244096,0.21802673687778645,0.23777937525810977,0.25648217838684434,0.27425279003364744,0.2911908736111434,0.3073815888405706,"3.4965075614664802"
-0.19894635169592456,-0.09293330592057045,-0.02690881607532446,0.02220946374817015,0.06179319243562529,0.09518595110628435,0.12420523268133316,0.14996027498223688,0.1731859698204126,0.19439883341506886,0.2139771347345449,0.23220571882491192,0.2493033125254637,0.2654404714370408,0.2807520201138481,0.29534593478324517,0.30930978420655747,0.32271544649874534,0.33562259462428,0.348081296763338,"2.302585092994046"
-0.4640922112351348,-0.29679961629067236,-0.19579774458392274,-0.12242694888571824,-0.06443735798686734,-0.016315616252424052,0.024908413365989073,0.061024421268192124,0.09319744257361973,0.1222304313530143,0.1487018894686421,0.17304374325378571,0.19558803336281155,0.2165962024878493,0.23627816823402142,0.2548051647027173,0.2723186653360186,0.28893677479105995,0.30475894195860687,0.31986952653342265,"3.5263605246161616"
-0.1835058920004085,-0.08027377584570161,-0.01607101543846185,0.03160780312887946,0.06995976121775434,0.10225377825279788,0.13027097343334693,0.15510262210922487,0.17747449267070778,0.19789726749928113,0.21674382944235857,0.23429318647734562,0.250757935223966,0.2663026623986445,0.28105673775601064,0.2951233598009088,0.30858601782870876,0.32151315427214183,0.33396156628800994,0.3459789179830002,"2.3978952727983707"
0.01042784098692738,0.05277709972306205,0.08231626440183343,0.1062826062945914,0.12726478692388643,0.14627602060845812,0.16384327342787736,0.1802854684491372,0.19581464872315166,0.21058111447896946,0.22469645787554396,0.2382464948633392,0.25129906250007844,0.2639089886354106,0.2761214031367217,0.2879740256997148,0.29949879512422495,0.31072305970931413,0.32167046629408497,0.3323616369890557,"2.2512917986064953"
-0.29316956356802065,-0.16514486992914137,-0.08618645869719511,-0.027833480447935304,0.018964772904783083,0.058296536463924215,0.09237253720746609,0.12253078483733895,0.149647523476596,0.17433163054013007,0.19702614187814896,0.2180651781276825,0.23770771298639254,0.2561586475651114,0.27358263437396024,0.29011359262085223,0.30586154060651805,0.32091766489500545,0.33535816758912845,0.34924722989812684,"2.740840023925201"
-0.47433044092743876,-0.2956832180841694,-0.1900960534341876,-0.11471242411237535,-0.05599220383492494,-0.007866187591858984,0.0329196762930808,0.06831650388606213,0.09958862326159308,0.12760390230441415,0.15298506083083724,0.17619464710044105,0.19758571152401458,0.21743362534717875,0.23595698938812354,0.253331922629528,0.26970214741988086,0.2851862928945436,0.2998832915735473,0.3138764318647118,"3.5263605246161616"
-0.4229120031408725,-0.2670049953219287,-0.17196908515346618,-0.10235108461634258,-0.04691351422715963,-0.0005961480394426497,0.03932888367889852,0.07450667879618983,0.10600922254267009,0.13457619577904306,0.16074122394541818,0.18490334085864216,0.20736985296953533,0.2283832359997536,0.24813864869437594,0.2667957148391401,0.28448669664971404,0.3013223375042572,0.3173961616669246,0.33278772455669053,"3.2771447329921766"
-0.5591753829477348,-0.3786193399145308,-0.27020060323278966,-0.19175332829006692,-0.12994345379144492,-0.07878089038919428,-0.035044376555172986,0.003203782235075404,0.037222685212306296,0.06787817726995465,0.0957921967251834,0.12142729441513905,0.14513744876238888,0.1672001115069243,0.1878372061310579,0.20722932742482428,0.22552560431309154,0.24285071566507357,0.2593099924855589,0.27499320759881823,"3.784189633918261"
-0.5524984773190385,-0.36380351115543624,-0.2522018753123301,-0.1724699595745415,-0.11032564980283086,-0.05936749600545616,-0.016163013286714316,0.02134575000834393,0.05449146887636929,0.08418762468164577,0.11108850379415561,0.13567946812217382,0.15833095867080305,0.17933236083048434,0.19891410513145363,0.21726260715480358,0.2345306914631366,0.2508450730310152,0.2663118608130597,0.28102069202589164,"3.7256934272366524"
-0.3245360762492106,-0.186352538521426,-0.1019841388932776,-0.040174785973565094,0.009012186343639149,0.05006312761079512,0.08540251358176806,0.11649654877525988,0.1443044936595377,0.1694921205669206,0.1925431561408247,0.213821752656343,0.23360955274338432,0.25212884436150707,0.2695577766252965,0.2860408529798383,0.30169647397806243,0.3166225318290847,0.3309006491931849,0.34459943544641797,"3.1135153092103742"
-0.4989501742642437,-0.3308300863768395,-0.228732357055464,-0.15413040742112658,-0.09483309253073284,-0.0453593714337583,-0.0027589060221497146,0.03474500583604993,0.06830831983604907,0.0987271064310572,0.12657414547365953,0.15227626329151844,0.17616084324991862,0.1984851556966909,0.21945556828469828,0.2392405258544632,0.2579795566870633,0.27578967228345647,0.29277001805446784,0.3090053272199609,"3.4657359027997265"
-0.06777762129940881,0.0132071547228739,0.06169983657314966,0.09660138933611517,0.12411772957928982,0.14713112869640912,0.16712766391938721,0.18494227194487556,0.20109585854583395,0.21593679353467568,0.2297106200520299,0.24259733484710191,0.25473312134793824,0.26622369696251585,0.27715291455736546,0.2875885029413461,0.29758602464631456,0.3071916792950774,0.316444335672762,0.3253770360484088,"2.1400661634962708"
-0.4680403884014342,-0.3039657711396982,-0.20426068482104626,-0.13139180168497988,-0.07347333865455455,-0.02515784804389226,0.016434936172132868,0.053040554117172956,0.08578885945561468,0.11545850259257609,0.1426102728827071,0.1676626114638172,0.19093699138462375,0.2126864809464232,0.23311440202429196,0.2523869039329983,0.27064167532842787,0.28799414005512075,0.3045419770078806,0.3203684998099841,"3.417726683613366"
-0.6272500315089364,-0.43945788092722715,-0.3286759880840061,-0.24965676146119523,-0.18813670628829016,-0.13773216730244361,-0.09502439765252485,-0.05796586957296223,-0.025232089851643734,0.004083573724576299,0.030629271709767366,0.05488464434605362,0.07721478089266127,0.09790418176990867,0.11717899134678197,0.1352220364645036,0.15218328689755098,0.16818731161976164,0.18333871123124781,0.1977261551601795,"4.0163830207523885"
-0.36550799011771246,-0.21710310630569904,-0.12703042007269008,-0.061358132480885376,-0.009309349978104675,0.03397671660163499,0.07112397177996806,0.10371698293856714,0.13279038020555006,0.159060361228519,0.18304578459579612,0.20513625252646447,0.22563258928809982,0.24477210012348258,0.2627450762199052,0.2797060735216684,0.29578194250883344,0.3110777411740055,0.3256811995535619,0.3396661492082996,"3.2771447329921766"
-0.4266047942134414,-0.2674218345873387,-0.17087421872710862,-0.10047392591893062,-0.04465157823337247,0.0018035428164913073,0.04170063052384965,0.0767337807786215,0.10800687469552891,0.1362816762406506,0.16210789752026591,0.18589675247664336,0.2079649925563287,0.22856248055391185,0.2478901244095822,0.2661119538941689,0.28336353107153356,0.2997580014372694,0.31539058100898054,0.3303419715284119,"3.4011973816621555"
0.03242234982566825,0.060520526102395326,0.08429003413837181,0.1055927849258491,0.12518837205173391,0.14349100642000184,0.16076114210321427,0.17717729795169268,0.1928691597880907,0.20793498028986598,0.22245160544526546,0.2364806598432389,0.2500725689251236,0.26326928692751406,0.2761062116270045,0.2886135672663206,0.30081742781411347,0.3127404899521252,0.32440266758799136,0.3358215563511758,"2.803360380906535"
-0.3668442806655271,-0.22049643586446074,-0.13122737644016508,-0.06584339716139459,-0.013806162631303671,0.029636611711813362,0.0670501838720594,0.09998369238446785,0.12944840991910184,0.15614398914914815,0.18057698801577807,0.20312769745412926,0.22408997438106798,0.24369609530281178,0.2621329228119383,0.27955285626243276,0.2960815466445687,0.31182352917493533,0.32686645854365437,0.34128436489653524,"3.1986731175506815"
0.02379138185117486,0.058679800672771516,0.08445193101269215,0.10666561617883373,0.12669820542470067,0.14518083754896557,0.16247401818036525,0.17880997011739486,0.19435017860578,0.20921307294967875,0.22348897647865593,0.23724888125783555,0.2505499328691508,0.26343903219019854,0.27595529657668444,0.28813179762103086,0.29999682225353846,0.3115748095307626,0.3228870606295896,0.3339522864385464,"2.6741486494265287"
-0.4208554728677338,-0.2655309798542681,-0.17080382502482208,-0.10138206801964897,-0.046079232359564744,0.00014201885653641826,0.0399972749973141,0.07512427373387347,0.10659024070761865,0.1351316024520975,0.16127966179813855,0.18543173775530158,0.2078938361012281,0.22890742485540364,0.24866686918146602,0.2673311601247595,0.2850320506328592,0.30187987112872894,0.317967808876172,0.33337514262642093,"3.258096538021482"
-0.1495678978404351,-0.04937843877062863,0.011773702881704323,0.05641915244633973,0.0917873970092979,0.12118062221204694,0.14641967523390936,0.1686300768307768,0.18855362288254374,0.2066973523671512,0.2234178200361529,0.23897297079644989,0.2535546856170614,0.2673094092728092,0.2803514810340504,0.2927719641224376,0.3046446469011437,0.3160302249861051,0.32697928420166006,0.3375344737898461,"2.6026896854443837"
-0.399980150074456,-0.23886613929635575,-0.14253744214578593,-0.07317984768074026,-0.018798344978795654,0.02600656731739079,0.0641423210310654,0.09735994950441028,0.12679971078287103,0.15324868556659182,0.1772750292059354,0.19930321767093218,0.21965882309693446,0.23859664599916194,0.25631930352407184,0.2729900631501359,0.28874201701329466,0.3036848086293248,0.31790965408654237,0.33149313979103706,"3.4011973816621555"
-0.4752670785908838,-0.2983978569951317,-0.19334623144769372,-0.11807362444931417,-0.05927650643555542,-0.010980677503444114,0.030022934345607374,0.06566175388211139,0.09718655984754691,0.12545703250062057,0.1510909255934349,0.17454799733759413,0.19618005510470266,0.2162622991948092,0.23501383948087284,0.2526116714514346,0.26920053371978925,0.28490006324366474,0.2998101079927768,0.31401474126001055,"3.5553480614894135"
-0.22290431892549664,-0.1049394938549649,-0.033094830202893846,0.019338084565793705,0.060887438312339844,0.09541830506843554,0.12503071464333024,0.15100671297593013,0.17419490134140006,0.19518875971432903,0.2144185655772127,0.23220395164548102,0.24878688350882075,0.2643536817268419,0.27905019267437386,0.2929923955310309,0.30627389904842434,0.31897130191330036,0.33114807578735556,0.3428574175703874,"2.8903717578961645"
-0.2536721899179909,-0.13085981899298008,-0.05563087420676771,-0.00042171446823509003,0.04355442528920241,0.08027455376046544,0.11189404215785163,0.13972235678484488,0.1646221151231613,0.1871964557384835,0.20788568611609184,0.2270211345228082,0.24485749114464328,0.261593685345915,0.2773871821386575,0.2923641617250554,0.30662692909508277,0.3202593755014048,0.3333310404408589,0.34590015837548765,"2.917770732084279"
-0.5041966124961331,-0.3347531524027116,-0.23197327742907675,-0.15695185967497774,-0.09737820954257666,-0.047717715933189964,-0.004991339278760872,0.032594801243254104,0.06620775356341956,0.0966511579521841,0.12450318334570036,0.15019462303514758,0.17405586039131346,0.19634648486130074,0.21727468891430496,0.2370103736353364,0.2556942421917684,0.27344426189208104,0.2903603606476881,0.30652791545268804,"3.5115454388310208"
-0.5925180316329958,-0.41064347406470186,-0.30163140036468883,-0.2228531245911547,-0.16083978261546167,-0.10954547740100591,-0.06572128999939485,-0.02741419872807083,0.0066440498324111625,0.03732502674298663,0.0652543008613911,0.0908966542888763,0.11460730368386388,0.1366642228019391,0.15728935806367297,0.17666301060274278,0.19493385216783005,0.21222606331924349,0.22864452584838144,0.2442786713328115,"3.901972669574645"
-0.35173625105925543,-0.20755735730417274,-0.11971489003248112,-0.05545883012983447,-0.004385649909459383,0.03819837394068951,0.07482791309577085,0.10703435031345541,0.13581813124130565,0.1618722329808144,0.18569907697122065,0.2076762726481445,0.22809570331766013,0.24718790473296529,0.26513798065251676,0.2820964680365963,0.29818706774140336,0.3135123383345269,0.3281579996216891,0.3421962440124899,"3.1986731175506815"
-0.5098488092703692,-0.3389917836016183,-0.23548692350383565,-0.16002211784223977,-0.10015820066234928,-0.050303021462130205,-0.007446736765059627,0.030222953169508,0.06388497535985299,0.09435106590759015,0.12220514848419897,0.14788224517940105,0.17171593107039565,0.19396825724606406,0.21484934794512772,0.23453064097048473,0.25315407473248347,0.27083861722258,0.2876850117618921,0.30377930281251303,"3.5553480614894135"
-0.6111179167568395,-0.42453288557497837,-0.31365532393975964,-0.23411795509132702,-0.1719102531612692,-0.12074879968205805,-0.07726103816842059,-0.03942250357801175,-0.00592065458939123,0.024144953473358394,0.05141944340868182,0.0763812383271957,0.09939529145508326,0.12074663862302466,0.14066238967475383,0.15932661449162347,0.17689069836075969,0.19348071971306693,0.20920282085117156,0.2241471961561304,"3.970291913552122"
-0.09737181687573686,-0.011536701128716192,0.04115601425608235,0.0797491144252111,0.11040580724508717,0.13599593045710304,0.15812511590501363,0.17776921416286165,0.1955466390454614,0.21186649907000413,0.22701221072821343,0.24118830469288094,0.25454753333054386,0.2672072707744181,0.27925986828724264,0.2907794495242083,0.301826522619868,0.3124512035908367,0.3226955272686681,0.33259514126531764,"2.302585092994046"
-0.22956362803403266,-0.11526975699970793,-0.04452966501084413,0.007844489036780394,0.049885724882202595,0.0852323752824556,0.115858056742422,0.14296318757172932,0.16733969260490164,0.18954231030097443,0.20997696484312584,0.22894996352892627,0.24669748116234005,0.2634045503191264,0.27921805506345637,0.29425599559199905,0.3086142529621225,0.3223715951787926,0.3355934159236566,0.3483345497048233,"2.6026896854443837"
0.03319919148929612,0.06179419519800525,0.08577724678431818,0.10714954964937314,0.12672579107820647,0.14494902510682084,0.16209698850982834,0.17835942671049282,0.19387372453774238,0.20874362584229555,0.22305001201243774,0.23685754426796224,0.2502189775968375,0.26317808224051015,0.27577169097984733,0.2880311752418318,0.29998353534068917,0.31165222254284286,0.323057770143397,0.33421828560515193,"2.5257286443082556"
-0.38573218165618794,-0.22401318170648238,-0.12824303915320595,-0.05978786280842759,-0.006422245251883353,0.03734056430965599,0.07444614900559372,0.10666434912574177,0.13514570344383606,0.1606826938427852,0.18384515241368565,0.20505620274874972,0.22463787657194276,0.24284018185825745,0.25986051577151165,0.275857083943662,0.2909584092156643,0.30527019728799765,0.3188803722391295,0.3318628222347396,"3.332204510175204"
-0.37079287378355175,-0.21825125968746353,-0.126348667496128,-0.059770804944915365,-0.00730199246223037,0.036114399942197464,0.07320613059307284,0.1056193084329312,0.13442823476775279,0.16037634503654638,0.18400188599071068,0.20570834751263567,0.22580630707475008,0.24453965547191497,0.2621028971208382,0.2786531061212146,0.2943185082319973,0.3092048133224917,0.32339997627641714,0.33697782248084807,"3.332204510175204"
-0.1209148332550994,-0.0366050086780619,0.01698375293558527,0.05745703193038204,0.09046944672732496,0.11860463065482309,0.1432855613108902,0.16539580710864785,0.1855275033030701,0.20409585696513763,0.2214003243262058,0.23766172513703945,0.2530463813849932,0.26768219785680053,0.2816694926057434,0.2950883856834143,0.3080039217594474,0.3204696857607904,0.3325304019397735,0.3442238357634605,"0."
-0.28550784545083224,-0.14902855425100478,-0.06717028592684718,-0.00812884171822464,0.03821390024812897,0.07642371824417149,0.10896700925980701,0.1373377058208739,0.16251617807166538,0.1851833127968834,0.20583097256371752,0.22482442824744311,0.24244070772894397,0.258893709199997,0.27435131933015633,0.28894735235370295,0.30279000550414265,0.31596792797723156,0.3285546359484618,0.34061176887158057,"3.1135153092103742"
-0.5732390180798572,-0.3951367346040743,-0.2877925582616601,-0.20983913079017957,-0.1482037209227738,-0.09701657863151764,-0.05312222257967364,-0.014622879320990092,0.01971453813088411,0.05073799354508893,0.0790565605943781,0.10512313271436284,0.12928414706306893,0.15181097007308827,0.17292050457600688,0.19278916410542693,0.21156260745134084,0.22936267693535708,0.24629244435404113,0.26243994884173294,"3.784189633918261"
-0.4848583620151608,-0.3120724205068948,-0.20825067751614976,-0.1331381473536313,-0.07398346271725043,-0.02505019143828053,0.016750156271740754,0.05327727797147042,0.0857408128291719,0.11497371271646376,0.14157549349253956,0.16599326410631504,0.1885702889235479,0.20957644503148612,0.22922806189840286,0.2477012898443461,0.26514140018748233,0.28166945553652906,0.29738723159591973,0.31238094090180824,"3.597312260588446"
-0.5040519317557189,-0.3306185133461713,-0.2260827772437634,-0.1502283686533917,-0.09032315499627669,-0.04064121592224134,0.0018998822669158183,0.03915622263127688,0.07233514456444072,0.10226791368402288,0.1295525725639265,0.1546348179934698,0.17785658742612123,0.19948662854459584,0.2197404632054966,0.23879384294565803,0.25679207833686934,0.2738566827566216,0.29009022743049206,0.3055799779610202,"3.624340932976365"
-0.030166687028533885,0.030192453191149844,0.06931431958067213,0.09914888070090229,0.1237247092359536,0.14499471761841834,0.16401241963846108,0.18137920675804703,0.19747004439451626,0.21253608544090102,0.2267550544121566,0.24025817386242695,0.25314563300010856,0.2654960177271352,0.2773723469456017,0.2888260961758776,0.29989997232035415,0.3106298832327787,0.3210463708131154,0.3311756763801154,"0."
-0.591683800750989,-0.40820007479230325,-0.29844328671675047,-0.2192722174143304,-0.15705439393754017,-0.10567029492876419,-0.061831616159594524,-0.02356191638685419,0.010422018586870958,0.041001832850214505,0.06881016791755615,0.09431695525364854,0.11788128407723898,0.13978412251306366,0.16024978156662903,0.17946045287499085,0.1975663237322147,0.2146927810884191,0.23094565122000332,0.24641508589745004,"3.901972669574645"
0.02394396830373281,0.060390491173927696,0.08671683137581943,0.10913668283856584,0.12918565978685756,0.14756475895506144,0.16467258912718233,0.18076466190765056,0.1960177597440595,0.21056087553645816,0.22449190243460498,0.23788741442194128,0.2508087682386512,0.263306101716738,0.2754210594025552,0.28718871211020225,0.2986389462338787,0.3097974929465422,0.32068670606405475,0.33132616030888096,"2.1400661634962708"
0.023912291622737007,0.059892416814732834,0.08605680550833138,0.10841848812087264,0.12846501156867926,0.14687635311319444,0.16403977554382965,0.18020392965591028,0.1955411386923223,0.21017734731413876,0.22420828528837125,0.2377089458238961,0.25073950331525807,0.2633491941630503,0.27557896458838177,0.2874633370703483,0.29903176245435287,0.31030962251260946,0.3213189883683698,0.3320792043338599,"2.302585092994046"
-0.1899014775338497,-0.08092401372768948,-0.014190260990078815,0.034706899965105946,0.07357592081543923,0.10596411747208564,0.13380699467123056,0.15829298585066315,0.18021197649736742,0.20011613884611512,0.2184038323199683,0.23536893502442938,0.25123251086287535,0.2661640253582836,0.280295796104761,0.29373294024611907,0.30656030790220373,0.3188473869492093,0.33065182910709495,0.3420220268051369,"2.740840023925201"
-0.5609209328401044,-0.3818531579476365,-0.2740898698154234,-0.19595614174163395,-0.1342756175387141,-0.08312963410344872,-0.03933538681268221,-0.0009781957954533046,0.03318623819093069,0.06401371717803672,0.09211905429093262,0.11795954063893165,0.14188513394382268,0.16417012614061413,0.1850339134913056,0.2046550576637715,0.22318106172395955,0.24073532660347258,0.25742220692429146,0.27333075948811686,"3.7727609380946383"
-0.44400864084328534,-0.28435942950139353,-0.18715314590516585,-0.11600139124897915,-0.05937572614879433,-0.012087209545340032,0.028660239727087523,0.06455215481746099,0.09668634997426907,0.1258198458896765,0.1524982937478668,0.17712926287112013,0.20002625027248128,0.22143634347674387,0.2415582622737909,0.26055450353756804,0.2785597563939586,0.2956868976719475,0.312031381217043,0.32767453599972474,"3.332204510175204"
-0.010605892762252597,0.042956799699929944,0.07816994873482745,0.10532990189425916,0.12805704910043292,0.14803918657517104,0.1661116733845407,0.18275397240842625,0.1982711022720108,0.2128715832397049,0.22670564930474624,0.23988593529803628,0.2524995584202131,0.26461560605359385,0.2762900032681871,0.2875688030771895,0.29849048415231977,0.3090876002157529,0.31938799229942855,0.32941569810827614,"-0.6931471805599453"
-0.5673051101369008,-0.3904464021947285,-0.28368377419536045,-0.2060436218129499,-0.14457723124773947,-0.09347023788533404,-0.04959670897457838,-0.01107646691604635,0.023312281470182147,0.05440984593465662,0.08281989473515333,0.10899137895284708,0.13326778552409804,0.15591822685758383,0.17715785484177962,0.19716170512912706,0.21607434171927167,0.23401673133740367,0.2510912427966782,0.2673853499825601,"3.7376696182833684"
-0.28667348780598495,-0.1471759430477681,-0.06432610949921591,-0.005004198406048748,0.04129520005085766,0.0792971750112212,0.11154748991310721,0.139584773529147,0.1644149249378029,0.1867318293014721,0.20703228988020686,0.225682069956788,0.24295680590059535,0.25906858825472245,0.274183735044466,0.28843492749011385,0.3019296553043857,0.31475620439564,0.3269879804102942,0.3386866859207896,"3.091042453358316"
-0.023966901025396545,0.039316988965157194,0.07864873923877978,0.1077611726394085,0.13141652405568366,0.1517777613290392,0.1698863409165778,0.18633328368103105,0.2014912106031956,0.21561265288805964,0.22887792628168782,0.24142098252038602,0.2533444805264604,0.26472910436607033,0.2756396006560097,0.28612884321068044,0.2962406584866403,0.3060118437361523,0.31547364253770815,0.32465284569415137,"1.6094379124341003"
-0.1654576815462476,-0.06602045330025359,-0.00419574478744047,0.041677233214931775,0.07853642701277774,0.10953897979336388,0.13641129088675621,0.16021649086326636,0.18166397189580366,0.2012520984006135,0.21934236252313885,0.23620280962503015,0.25203593351622455,0.2669974768809199,0.2812093425463366,0.2947685526097901,0.3077535347433765,0.32022859234524054,0.3322471306690364,0.3438540211158096,"2.3978952727983707"
-0.5405313374702602,-0.3602928293041614,-0.2522155564251183,-0.17412837981554347,-0.11268884551233518,-0.06190093329752771,-0.01853943672717816,0.019335959180091806,0.052986135247903604,0.0832782346611011,0.1108352673248216,0.13612078705405847,0.1594897700092535,0.18122064975979377,0.20153626188324167,0.22061797673956945,0.2386155051273669,0.2556538792619289,0.2718385461588459,0.28725917162196746,"3.7376696182833684"
-0.4076643954667923,-0.2538977903129948,-0.1602076084294596,-0.09161754788132477,-0.03703596903247391,0.00853379360390183,0.0477863535876924,0.08234733175118,0.11327647649518359,0.14130548814712893,0.16696271228767467,0.19064366781237682,0.2126532792460573,0.23323232372127572,0.2525746288924323,0.2708386477006054,0.2881555120865999,0.3046348216259012,0.32036893266999267,0.3354362221795874,"3.2771447329921766"
0.023900188267113306,0.059738517687534645,0.0858530020786126,0.10819641560803407,0.1282418038784527,0.14666276646793205,0.16384310228567608,0.18002935463322647,0.19539246889623926,0.2100574426431958,0.22411933001849882,0.23765262820248184,0.2507171389390398,0.2633618133395525,0.27562737575398166,0.28754817379961395,0.29915351893344994,0.3104686807238353,0.32151563920551574,0.3323136641997029,"2.3513752571634776"
-0.6335835140093946,-0.4464503525403406,-0.33650235485599683,-0.2582961161193885,-0.1975341170986196,-0.1478295415748803,-0.10576793632657149,-0.06930759924629798,-0.03712970245966866,-0.008332664611818552,0.017727284814391342,0.04152600563519493,0.06342530395574363,0.08370679760114053,0.10259407082064241,0.12026765553425921,0.1368754525020408,0.15254016163380854,0.1673646970973036,0.1814362119797144,"4.034240638152395"
0.023952353378859648,0.06057002230579321,0.08695495101783889,0.10939542957635684,0.12944484554579244,0.14781191822091339,0.1648993969107981,0.18096528053737315,0.19618795821477522,0.21069751486547109,0.22459261459627192,0.23795039200431087,0.2508326212697316,0.26328975716043623,0.27536368878762496,0.2870896782872241,0.29849776347937174,0.3096137965896569,0.32046022903946936,0.3310567148333771,"2.0794415416798357"
-0.41016061096898415,-0.25098020607579885,-0.15496306972186044,-0.08530669525354077,-0.03033406446920681,0.0152158926687223,0.05417976397181329,0.08826812488304919,0.11859579840526507,0.14593261143815847,0.17083468229628745,0.1937183969090515,0.2149044941541604,0.23464559590609813,0.25314415272728985,0.2705646351337284,0.28704214346053036,0.30268869789520836,0.31759795937218427,0.3318488439676893,"3.417726683613366"
-0.24505790924118115,-0.12526064722590807,-0.051615887271875584,0.002594252653845277,0.04588855520293521,0.08212383589187996,0.11339110962620477,0.14096133767042335,0.1656722631966158,0.1881100725555979,0.20870310056929592,0.22777402147516185,0.2455711650865546,0.26228871512799634,0.2780805385563531,0.2930700400636769,0.3073573454730077,0.32102460563979507,0.3341399479909639,0.3467604449690547,"2.833213344056216"
-0.4415476102092135,-0.2758706897491834,-0.17619655013029192,-0.10403262115826545,-0.04717432592779402,-0.00012677169506427024,0.04007058763233671,0.0752016574250699,0.10642783246293319,0.1345499440426705,0.16014548321984923,0.1836460540651616,0.20538363010029934,0.2256194740976607,0.24456296666104774,0.26238434295562435,0.27922362888789637,0.2951971233676208,0.31040223553798557,0.3249211758442416,"3.4965075614664802"
-0.15256699924644426,-0.058337048013155916,0.000784819327172929,0.044988477890398164,0.08074304007952623,0.11099390516906356,0.13735288381639174,0.16081353640579363,0.1820397439734992,0.20149874461585165,0.21953019031483623,0.2363865203645427,0.25225887584362855,0.2672945795247063,0.2816091640961388,0.29529473887088603,0.3084258747574005,0.32106379847397104,0.33325942561940103,0.3450555873926144,"1.9459101490553132"
-0.19206805261419205,-0.08864270147055629,-0.023986436029489952,0.024269166426231222,0.06326838097454564,0.09625209796864621,0.12498232620958288,0.15053470990475745,0.17362211683159312,0.19474579864431701,0.2142730481353824,0.23248063069167035,0.24958123011539257,0.2657408227366767,0.2810907187213672,0.2957361618650635,0.309762568406333,0.3232400988461739,0.33622703868423,0.3487723224192061,"2.0149030205422647"
-0.19828215148862116,-0.08614061133013928,-0.01778980623348593,0.03210347690765149,0.07163918121227629,0.10449410795629728,0.1326723999074675,0.15740302155293887,0.1795013798960742,0.19953631319407342,0.21791736407536255,0.23494615348802747,0.25084930857570875,0.26580044343474707,0.27993507129129797,0.29336083632155213,0.30616462857108134,0.31841760941458586,0.33017882113163793,0.3414978236143198,"2.803360380906535"
-0.5641817020532349,-0.38063727245324,-0.27088182539416383,-0.1917589899011152,-0.12962159429151535,-0.07834005322411776,-0.034619241971396326,0.0035220023214706663,0.03737026572452643,0.06780972553480036,0.09547508209354609,0.12083809570936438,0.14425958746228895,0.16602219976840085,0.18635183553979273,0.2054321391771386,0.2234145501505463,0.24042545923182992,0.2565714231368788,0.2719430497994358,"3.8066624897703196"
-0.17564986231507357,-0.06533946448131986,0.0008509418875460702,0.048561317204286206,0.08597950116380915,0.1168239270820903,0.14312966413012268,0.16614226485699782,0.18667421396250028,0.205276830670681,0.2223367037075001,0.2381336287887992,0.2528761548005597,0.2667238260214687,0.2798014796243283,0.29220870821150374,0.3040263035552145,0.31532076201590964,0.32614751069289094,0.33655326719271766,"2.740840023925201"
-0.43422475308881864,-0.2751349634337073,-0.17841754041565774,-0.10773396456456857,-0.0515668435177528,-0.004730414217605942,0.03557048731409518,0.07102124823244563,0.1027198745620805,0.13142381283640678,0.1576793466969159,0.1818948374277154,0.2043846498820688,0.2253967130991166,0.2451304663228104,0.26374893352305184,0.28138710242809756,0.29815791711385925,0.3141566902681132,0.329464439839591,"3.367295829986474"
-0.026212409628212106,0.03141451021290316,0.06928030444472454,0.09846917845833829,0.1227214203180193,0.14385322671638565,0.16284719794919433,0.18026631592822107,0.19646284071132666,0.2116734956221626,0.22606630915273873,0.23976570170184994,0.2528669261467771,0.2654448876621463,0.2775597993796385,0.28926095858668244,0.30058935502848,0.3115795251696366,0.3222609034008852,0.3326588279943375,"0.6931471805599453"
-0.6373111153897947,-0.4510916939212113,-0.34216031545610176,-0.26487227245262784,-0.2049230088682146,-0.1559408939855367,-0.11452710585284959,-0.07865284953339183,-0.04700950440401747,-0.018703533551620768,0.006902428789274547,0.030279057100438725,0.05178387335072643,0.07169488026739672,0.09023255260231763,0.10757470717018576,0.1238668502649161,0.13922955936526854,0.1537638653286945,0.16755525314216715,"4.0163830207523885"
-0.15391956750148497,-0.05913781779104932,0.00027127244038084217,0.044652551758762184,0.08052458858973337,0.11085515814713276,0.13726820866803857,0.16076469312842462,0.1820133502968418,0.2014847602612553,0.21952093585376278,0.23637601444396186,0.25224237909696084,0.2672682772311778,0.28156994260616797,0.2952400256420584,0.30835352191991816,0.32097199657632774,0.3331466386280517,0.34492050290998966,"2.0149030205422647"
-0.05166018277418366,0.015864456617557098,0.05907070527937331,0.0917268106389307,0.11836308066813492,0.141144488608485,0.16128877914435352,0.1795221541302377,0.19629894368622414,0.21192063384883558,0.22659794261505234,0.24048455031608773,0.2536964755503303,0.26632380863679356,0.2784381539018739,0.2900975418923184,0.30134978416267727,0.3122348326464308,0.3227864816333237,0.3330336229806804,"1.0986122886681098"
0.03787540470319473,0.06938995298787484,0.09436464161706694,0.11588074097326873,0.13513163206079276,0.15274054372131263,0.1690841841759683,0.1844118733969213,0.19889928443350943,0.21267593834385584,0.2258407037496406,0.2384711602192284,0.25062955610884474,0.262366770651455,0.27372504432854017,0.2847399159604068,0.2954416323924141,0.30585619693531124,0.3160061638545279,0.32591125051807734,"0.4054651081081644"
-0.5170270061991654,-0.3463123465362491,-0.24276959156478325,-0.16718426141336287,-0.10715190288807572,-0.057097445346821166,-0.014020907575940933,0.023883739244711905,0.05779115826073992,0.08851001723788797,0.11662190180676568,0.14255994680888162,0.16665612787184908,0.18917109903929996,0.2103137542230596,0.2302544600988584,0.24913424778598595,0.26707134777175157,0.2841659366722975,0.3005036566038781,"3.5263605246161616"
-0.062015684777329036,0.006095772765992207,0.05017488781614764,0.08384593459738938,0.11154321068100759,0.13534862152624721,0.1564419555913073,0.17555286974564832,0.1931520170055694,0.20955509911219636,0.22498304111202475,0.23959654995973992,0.25351648100005447,0.26683630249213897,0.2796300254702033,0.29195743336911756,0.30386764366176683,0.31540160345580587,0.3265938824602811,0.33747398990321054,"0.4054651081081644"
-0.41503604555760254,-0.2613661017772946,-0.16751752002287976,-0.09865511980845061,-0.04373693000348177,0.002209513827139746,0.04186498020587027,0.07684632531753026,0.10820726244944405,0.13667497204724055,0.1627741521360706,0.18689724022888038,0.20934653489050736,0.23036062765872214,0.25013161440392306,0.26881667312512825,0.2865460942393197,0.3034290194261532,0.31955766354983806,0.33501050524343984,"3.1986731175506815"
-0.602925220380257,-0.415772064508691,-0.3044974505770602,-0.22464592128754798,-0.16217534439293266,-0.1107866256782817,-0.06709806992408965,-0.029079331861571956,0.004586180427002211,0.03480185694426867,0.062215071449039504,0.08730605250115031,0.11044126495202711,0.13190705063022293,0.15193166662868915,0.17070019333660846,0.18836489898382497,0.20505262183479,0.22087014542394268,0.2359081935222308,"3.9318256327243257"
-0.32737481427801884,-0.18032403017855525,-0.09253966206415991,-0.02943701815525196,0.01996572892721184,0.06061436785634673,0.09517384226815907,0.1252524706740712,0.1519012905113189,0.17584801842560902,0.19761795986679662,0.2176018789724927,0.23609708924057213,0.2533339831412027,0.2694939842635095,0.2847220707526978,0.29913568682567,0.31283117977477143,0.32588851198315405,0.33837475511258513,"3.2188758248682006"
-0.34305339685227704,-0.20157088843957227,-0.11515779540460544,-0.05181227610310142,-0.0013675103543650902,0.04076409730197522,0.07706039243528837,0.10901878948127142,0.13761782799077288,0.16353554667962533,0.18726374225415673,0.2091722269198866,0.2295470306268874,0.24861422329685853,0.26655545987557244,0.28351858637558447,0.2996251828549898,0.31497611864693237,0.32965575283002185,0.34373516885043676,"3.1354942159291497"
-0.09347403108554753,-0.013897270329319061,0.0363937653255638,0.07412083715866846,0.10468771022661098,0.13059412362307077,0.1532414969742189,0.17350430628104782,0.19195791415677396,0.20899331036543825,0.22488467410954185,0.23983060976238596,0.25397940735694413,0.26744480708670026,0.2803161089174112,0.29266484926096503,0.3045493379975516,0.3160178240655135,0.3271107577705606,0.33786244282115463,"1.7047480922384253"
-0.5722158957623874,-0.3870017274509432,-0.27648209663111967,-0.19694953544903174,-0.13458557245188288,-0.0831855343596626,-0.039415152187739395,-0.001270567464823969,0.032548948461611694,0.06293685567879126,0.09053418750083639,0.11581715013863579,0.1391497488946082,0.1608169344665686,0.18104629090270283,0.20002268458017078,0.21789843650739155,0.23480056590459186,0.2508360709854371,0.2660958650147338,"3.828641396489095"
-0.497987035503148,-0.32398518701551754,-0.21933889296673983,-0.14356055457184108,-0.0838290944303592,-0.034377913583437364,0.007897346435254998,0.04486582243128534,0.07774320424225842,0.10736645196928879,0.13433774164142542,0.15910593449419747,0.1820154679399206,0.20333706932205495,0.2232877853066881,0.24204447459139478,0.2597531735446956,0.27653578603786616,0.2924949944651584,0.3077179571043372,"3.624340932976365"
-0.23053358657980846,-0.10676545967543999,-0.032505625556597084,0.021045249954030364,0.06306406899805904,0.09769918826668897,0.12720066854435996,0.15293964687475115,0.1758186981056492,0.19646213924980824,0.215316219283053,0.23270807227292187,0.24888301199264945,0.2640289659920888,0.2782927836660876,0.29179130212216603,0.3046189921115734,0.3168533430974517,0.3285587294106985,0.3397892376236908,"2.9444389791664403"
-0.2108433598300016,-0.09728493900125144,-0.027713160682066605,0.023307482560852393,0.06390380791924789,0.0977621633382857,0.12688763739345246,0.15250598697222334,0.1754300056058442,0.19622940735167688,0.2153182695760405,0.23300492086490598,0.2495232227218166,0.2650535058021694,0.2797370530855593,0.29368627181820206,0.306991910725547,0.3197282358226439,0.3319567876755273,0.34372914513470143,"2.803360380906535"
-0.3188414421449508,-0.18247967072981422,-0.09907697337430317,-0.037882611715941164,0.01088010849348118,0.0516257841452914,0.08674045842670249,0.11766735228217615,0.14535089308509067,0.17044672924636114,0.19343138413119834,0.2146637277913212,0.2344214461831056,0.2529238183205683,0.2703466777768705,0.286832726562767,0.3024989479442152,0.3174421056714794,0.3317429126526517,0.3454692356013782,"3.068052935133617"
-0.36499966009752194,-0.21420870489449625,-0.12321695591795315,-0.05721290460031808,-0.005138599515927601,0.03799268297896621,0.07487178130928451,0.10712307079944783,0.1358070733904957,0.1616580158364253,0.18520776000207365,0.20685525638606933,0.22690779679489062,0.24560685645343067,0.26314513335555806,0.27967832312604407,0.2953335752521687,0.31021573909629396,0.3244120658452366,0.3379957938101543,"3.3141860046725258"
-0.4622939594938897,-0.29766106966803785,-0.197839825372536,-0.12504338122660008,-0.06730144145937243,-0.019227039759521027,0.022081973157212872,0.05837457826533907,0.09078952595819037,0.1201117514868029,0.14690676565034785,0.1715967471274474,0.19450622957714944,0.21589081455621661,0.23595589678459902,0.2548692705241749,0.27276986796864666,0.28977398913253877,0.3059798665699595,0.32147109792144424,"3.4657359027997265"
-0.5528209441254225,-0.3698014904715038,-0.26038616595129516,-0.18153283706085957,-0.11962702087997615,-0.0685527029225144,-0.02502164798810471,0.01294331875745374,0.046626267388913234,0.07690972157139413,0.10442730441385087,0.1296501146948758,0.152938609764968,0.17457526342146823,0.1947859144095066,0.2137541732298926,0.23163142206339077,0.24854393875052058,0.2645980982188623,0.2798842590980683,"3.7727609380946383"
-0.3085028165172675,-0.16736064727813416,-0.08261003462525394,-0.021416393924302335,0.026662003913082474,0.06633598387854353,0.10014872837896598,0.12963829224666154,0.15581227382811938,0.17937034946676375,0.2008191750622375,0.2205367416463163,0.23881128760817813,0.2558664713763982,0.2718784968821869,0.28698814252230553,0.3013093758362858,0.31493560708466894,0.32794428237558276,0.3404002963295542,"3.1780538303479458"
-0.2970542735500689,-0.16240457672432476,-0.08058907328630771,-0.020930893050612912,0.026334593682763877,0.0656198297998126,0.09931122958185619,0.12885413163490786,0.15519669295167993,0.17899903513425588,0.20074160969517388,0.22078560948612028,0.23940897283961035,0.25682929048383796,0.2732192647831477,0.28871762385056454,0.3034370556142005,0.31747007711887143,0.3308934250834076,0.34377136909905437,"3.1135153092103742"
0.0006400994858404724,0.05431334446087085,0.0882106983878516,0.11392674361859008,0.13550803240309678,0.1544637133152673,0.17155977384397844,0.1872495046126033,0.20182769367971837,0.21549884319160303,0.22841168404479312,0.24067838338256328,0.25238600256430926,0.26360371474442557,0.27438755672773174,0.28478367209835215,0.29483059280831536,0.30456088627219885,0.3140023710044535,0.3231790313779966,"1.0986122886681098"
-0.04704806235578402,0.017772411947252657,0.059690384389706926,0.09164231438973841,0.11788784877649736,0.14046494613424546,0.1605220964349033,0.17874606318655256,0.1955677676184473,0.2112739341110822,0.2260654507483479,0.2400891530007086,0.2534561185749405,0.26625276605506387,0.278547905680801,0.29039739971377326,0.3018473492825543,0.31293633826271666,0.3236970537063748,0.33415748214406993,"-0.6931471805599453"
-0.09045207213853455,-0.007839391761717024,0.04330331695850808,0.08100388031808521,0.11110709876310741,0.13634120817010636,0.15823831246335865,0.17773387138602564,0.1954228938363962,0.21169971248857267,0.22683765499079686,0.24103398825078612,0.2544360429717116,0.26715704202193213,0.2792860966401684,0.29089476289083005,0.30204148826363225,0.3127747168610136,0.32313511391619926,0.3331571954274806,"2.1972245773362196"
-0.34461592665049173,-0.20508177024022947,-0.11944483105741137,-0.05638434335728067,-0.0059550791056001695,0.03632886325337506,0.07288975598402696,0.10519101126726335,0.1341884338274586,0.1605437086955868,0.18473625854814624,0.2071263240933263,0.22799256866299464,0.24755553892541368,0.26599291724473656,0.28344984316301647,0.30004617665175376,0.3158817961971559,0.3310405814228029,0.34559347638287813,"2.970414465569701"
-0.40535914331061257,-0.24756749014472737,-0.1522739666048484,-0.0830727256146227,-0.028411506002578815,0.016915261478928387,0.055714722618384095,0.08968003991032669,0.11991494113826028,0.14718179061201067,0.17203148305566762,0.1948766409737119,0.21603523615265285,0.23575782606595397,0.25424530274870705,0.2716609461025201,0.28813893450456496,0.30379056284561473,0.3187089113705948,0.3329724227024629,"3.4011973816621555"
-0.02428629585128914,0.03195961855575379,0.06918484735825506,0.09804296707304407,0.1221302282241634,0.14319395956618278,0.1621805289475997,0.17963296745414492,0.19589158848679974,0.21118545029915303,0.22567739441739976,0.2394881830710859,0.25271040344987167,0.26541696641182744,0.2776665604837634,0.2895072962979918,0.3009792258893974,0.3121161351104584,0.3229468508071431,0.33349621476083235,"1.3862943611198906"
-0.26462343961715035,-0.140875432329825,-0.06479600316854295,-0.008766868285786935,0.03600912006407694,0.07351126744933549,0.1058945761128106,0.13446634079354042,0.16008585334738054,0.1833528410826708,0.20470514048039948,0.224473108487599,0.2429119722890498,0.2602223444105908,0.27656404092967424,0.29206584716367456,0.306832645438205,0.32095071873346553,0.33449174343491395,0.347515820611697,"2.8622008809294686"
-0.385185628012444,-0.23332494407321797,-0.14114074905283477,-0.07390361030003378,-0.020589758862012957,0.02377052850637845,0.06185881973161235,0.09529369666467856,0.125131147936164,0.15210126299715995,0.1767322074970663,0.1994201080627989,0.22047070289452728,0.2401253354896907,0.2585778749864022,0.2759861902488644,0.2924802424406657,0.30816799684068297,0.3231398668312778,0.33747212637997964,"3.3141860046725258"
-0.5575970776877421,-0.38107703081084093,-0.27449670839366697,-0.1969848802065901,-0.13562170991674127,-0.08460436931024559,-0.040812420567732696,-0.0023686008659089246,0.03194722375626491,0.06297438047270756,0.09131595911138495,0.11742060159024953,0.14163168169345294,0.16421834654218223,0.1853958911396897,0.20533956610583942,0.22419418802012298,0.2420809832485467,0.2591025621013957,0.27534660309392445,"3.713572066704308"
-0.3004585317476848,-0.17004703978003907,-0.0898122800363581,-0.030641442603081884,0.016723032697490935,0.056462473929575686,0.09083768965628769,0.12121679878236861,0.14849559995936118,0.17329641923424516,0.1960719528875453,0.21716349026612922,0.23683545159194208,0.25529694591491797,0.2727159167557198,0.2892288825112911,0.30494793249598723,0.31996591787331635,0.3343603906056346,0.3481966364320916,"2.8622008809294686"
-0.5626142396455653,-0.3849971263606766,-0.2778904069788556,-0.20008368982084407,-0.1385502908954312,-0.08743965435942781,-0.04360587385731631,-0.005156516788558612,0.02913829013715463,0.060124476876343425,0.08840979831767458,0.1144463006587066,0.13857990692373032,0.16108171328084883,0.18216852978220505,0.20201679994510904,0.22077228852205072,0.23855698041278217,0.25547409511342717,0.27161180128189594,"3.7495040759303713"
-0.16795785505475191,-0.07079144463948324,-0.009771484938236128,0.035918407081782566,0.07293699196923474,0.10430997704711698,0.13168693722017896,0.1560793409428658,0.17816058129505186,0.1984051454196656,0.21716009632495564,0.23468565286092538,0.2511805276242963,0.2667988946326207,0.2816621927854392,0.2958674844319274,0.30949343804082124,0.32260465350386813,0.33525482411339114,0.3474890761949386,"1.7047480922384253"
-0.28016663867065406,-0.15386743598225927,-0.07611612129912657,-0.018767891341648413,0.027134435778877638,0.06563957275497154,0.09893834335293966,0.12835801167746222,0.15476917513824007,0.1787780331909713,0.20082647704930282,0.22124800895722568,0.24030088967349744,0.25818893260878056,0.27507529674990755,0.2910921081608232,0.3063474410877816,0.32093052073879963,0.3349156663914459,0.3483653121381075,"2.833213344056216"
-0.18605527734204236,-0.071957254329477,-0.0038753742259505152,0.045007391567322204,0.08323371581586378,0.11467280652297686,0.14143517588580956,0.164807258092985,0.18562519140466513,0.2044553741158202,0.22169505919509133,0.23763213422682578,0.25248152332905466,0.26640789680549926,0.27954026519598585,0.2919816496565379,0.3038156798865012,0.3151112174170854,0.325925673331709,0.3363074398418009,"2.772588722239781"
0.007701762024812744,0.0541093606760501,0.08526405085537393,0.10987666303812772,0.13105180801406935,0.14999402127364309,0.1673238765416198,0.18341335389390356,0.19850744896221853,0.21277824964728498,0.22635242623284918,0.23932659901449765,0.25177656239633156,0.26376313628212017,0.2753360459862191,0.28653658991178377,0.2973995300984426,0.307954466833525,0.3182268603799339,0.3282388050695836,"0.6931471805599453"
-0.5725932026867803,-0.37893049677084223,-0.265313748686503,-0.18457652969942262,-0.1218912678336262,-0.07063967247242452,-0.02728605920853645,0.010282545247874806,0.04343055125771472,0.07309076044937686,0.09992957828543829,0.12443999754060808,0.14699715181135775,0.167893160831296,0.18735990305823785,0.20558443408682842,0.22271975004389463,0.2388925016443313,0.25420864839047835,0.2687576829705746,"3.713572066704308"
-0.08074813030287263,-0.007408527787705734,0.039753331282785916,0.07564161635778563,0.10507612247087982,0.1302888750177353,0.15253321931978273,0.17259312337276808,0.19098610561018117,0.20806520460888397,0.2240789645740229,0.23920810345769367,0.25358803778881006,0.2673229819195779,0.2804950156945047,0.29317008899425856,0.305402112071885,0.3172358159556337,0.3287088009435281,0.3398530354201051,"0."
-0.3900670142166229,-0.2391424672095699,-0.14719184798573842,-0.07989657958230435,-0.02636787595971069,0.018301819654969055,0.05676016375842989,0.09060511373640287,0.12087895508780844,0.14830192751808383,0.17339469169649344,0.19654750861104506,0.21806157610398216,0.23817486278602368,0.25707889814511564,0.27493009689646,0.29185767912039184,0.30796940437578807,0.3233558525786687,0.3380937009598608,"3.258096538021482"
-0.28516208731427634,-0.15445957136641666,-0.07471293436083558,-0.016361168913977663,0.03000808684338933,0.06864999146677939,0.10186720113777063,0.13105528058052113,0.1571304923477674,0.18073140856004843,0.20232338683755977,0.22225679141778076,0.24080165480153473,0.25816970229629954,0.2745292076659082,0.29001548952417183,0.3047385570331658,0.31878878074732375,0.33224114617677625,0.34515847145050094,"3.044522437723423"
-0.317864092009654,-0.1764628493115883,-0.09113011819694367,-0.02925597064748935,0.019531775241284716,0.059915306822677566,0.09442376405070646,0.12458669423185191,0.1514057580197449,0.17557684535364693,0.1976051402829298,0.2178693326114065,0.23665997259273813,0.2542039238805144,0.2706808658533655,0.28623491084393904,0.3009830079545419,0.3150211251258375,0.32842884943661815,0.3412728433689229,"3.1986731175506815"
0.011194974071877991,0.05216651235228439,0.08113444013184791,0.1048609096706109,0.1257660104435153,0.14479834667670097,0.16245221039235122,0.17902741125230562,0.1947237675445009,0.20968327487012328,0.22401163321726975,0.2377903383355588,0.2510839770091068,0.26394488047853093,0.27641622784866277,0.28853419257491136,0.3003294728603443,0.3118284111900482,0.32305383153750006,0.33402567749952333,"2.6390573296152584"
-0.16042401923380992,-0.05591384778092821,0.007389465531773624,0.05333540232747562,0.08956334150009941,0.11955506834032512,0.1452249185316958,0.16775155768993233,0.18790841612770995,0.20622231580531547,0.2230630491105621,0.238698027562016,0.25332624495008976,0.2670996713760306,0.280137036561518,0.2925329491287978,0.30436409566341494,0.3156935644157944,0.3265739330181624,0.33704952107007463,"2.6741486494265287"
-0.26408240215738105,-0.13767153865940174,-0.060558634035743866,-0.00416324942608931,0.04062291167832365,0.07792067590473929,0.1099621656201505,0.13810258748314036,0.16323396193532874,0.18597933825158647,0.2067929750720231,0.22601619728856212,0.243910982612289,0.26068166446265884,0.27648979181611494,0.2914646946603852,0.3057111571336713,0.3193150592184127,0.33234756305101926,0.3448682467011822,"2.995732273553991"
-0.041886647142532055,0.02583609741351964,0.06828901655481323,0.09984146607104444,0.12531361901253207,0.14702188228209317,0.16619912895566927,0.18354015753093078,0.19947456541408354,0.21428829410955524,0.2281825931024613,0.24130530189488295,0.2537687385432183,0.2656605715399715,0.2770507630021857,0.2879961874857132,0.2985438109377192,0.3087329425285586,0.3185968695337582,0.32816406987355157,"1.7047480922384253"
-0.5091168547549123,-0.3364595041121613,-0.23216622439936768,-0.1563328375508529,-0.09632944949052771,-0.04647711156481652,-0.0037189402834003657,0.03378574515298612,0.06723430663373978,0.09745115018666956,0.12502933300075003,0.15041074262026294,0.1739342960954941,0.1958663037836199,0.21642032831917282,0.23577058408240253,0.2540612278724389,0.2714129646241643,0.28792785872972737,0.3036929213842747,"3.6109179126442243"
-0.13258732486067903,-0.043223496673002765,0.012976750481463007,0.055046025381642355,0.08909546766826443,0.11791599951805394,0.14304376114859044,0.16543171738299717,0.1857176940098135,0.20434818080331632,0.2216445473667452,0.237843257084825,0.25312202376636755,0.2676172205581782,0.2814355882111019,0.2946622097459949,0.30736603028528897,0.319603746909429,0.33142260065762397,0.34286241671474127,"1.8718021769015913"
0.009670799566169947,0.05326321284085468,0.08330747160448715,0.10748035543114993,0.12852570338855873,0.14751546398921542,0.16500588418992015,0.18133276005845467,0.19671876580119407,0.21132131946349314,0.2252569937851072,0.2386152089203644,0.2514664801445634,0.26386766857797667,0.27586547530014827,0.28749885233040645,0.29880071726077173,0.3097992042543501,0.3205185970195118,0.3309800379718594,"1.8718021769015913"
-0.6308334641677837,-0.4447807427516177,-0.3350549091492405,-0.25680229845397434,-0.19588632369113998,-0.14598111385559773,-0.10369930586654882,-0.06701238929915025,-0.03460829819165233,-0.00558899093543258,0.02068747085085679,0.044696060257848266,0.06679824320160402,0.08727562956427933,0.10635200886553846,0.12420826106034451,0.14099273153082123,0.15682862742965537,0.1718194056026077,0.18605277476773296,"4.051784947803305"
-0.04640595951603662,0.028773844876017148,0.07339500093129621,0.10546118972113781,0.13096335515305899,0.15248916395700055,0.17129411666050592,0.188110080971137,0.20340008038195612,0.2174780872084645,0.23056657033468606,0.24282967562719085,0.25439208140324043,0.26535100324970307,0.27578383003303475,0.2857532088852237,0.2953106737796135,0.3044991771937882,0.31335490289824997,0.3219086738841513,"1.9459101490553132"
-0.611641408785012,-0.41863869281064536,-0.30516410594063026,-0.22441768278408813,-0.16166594691847302,-0.11032435666816662,-0.06687153024186254,-0.029201236516557615,0.004047386743472277,0.033804948261822766,0.060736249580373346,0.08533301486754756,0.10796941169493875,0.12893692290882863,0.14846713017464977,0.16674710723183517,0.18393012868803404,0.20014331532800758,0.21549321942006133,0.2300699891494643,"3.8815637979434374"
-0.21960383380662274,-0.10889869356764041,-0.040061612711905045,0.011106434490768388,0.052324030216891484,0.08708774832848813,0.11729480035474416,0.1440995197758214,0.16826375473600882,0.1903214697351576,0.21066366436538042,0.22958564056070657,0.247315315380727,0.2640314435501106,0.27987607964929245,0.29496346395536394,0.3093865141083154,0.3232216334387588,0.3365323058489093,0.3493718056679961,"2.3513752571634776"
-0.058478825635795845,0.01287804452867384,0.057894809833485564,0.09154044000898316,0.11873314213535117,0.1418177950637618,0.16210829145130926,0.18038424971433362,0.1971311427544419,0.2126699589296258,0.2272244009947379,0.24095722011517656,0.25399101202491264,0.26642077727140817,0.27832187229466654,0.2897552495725801,0.30077103204174616,0.3114110243395756,0.32171052264142497,0.3316996482252682,"1.7047480922384253"
-0.5545963364482951,-0.37692507619561316,-0.269832447478053,-0.19207625031158373,-0.13061628978979412,-0.07959460630519455,-0.03586070224422218,0.002480922454852267,0.03666230047223852,0.06753095368997698,0.09569587292872081,0.1216101227577266,0.1456205144698801,0.1679989507174065,0.1889629856327901,0.2086897448437205,0.22732560372352847,0.2449930739836655,0.26179580794153834,0.27782230780942246,"3.7376696182833684"
-0.006246826909764808,0.043406020919612424,0.07691394858171977,0.10327798507788882,0.12566918963749804,0.1455716514681411,0.163724673878415,0.18055538288102915,0.19633724770612948,0.21125837308982773,0.22545507979076687,0.23903014064537031,0.252063464174959,0.26461873697230437,0.2767477553124179,0.28849336240186746,0.2998915060010783,0.31097272004746596,0.3217632169425322,0.33228570938980645,"1.791759469228055"
-0.6065576910623203,-0.4188713268598813,-0.3074205627414025,-0.22752435150115924,-0.16507215352445015,-0.1137358400741066,-0.07011915340232089,-0.03218367239427124,0.001391979982895009,0.03151416077238153,0.05883214047421568,0.08382738111805214,0.10686715119307776,0.1282383063297617,0.14816941548500107,0.16684572711391304,0.184419574400376,0.20101778743357937,0.21674709136287595,0.23169811916416685,"3.9415818076696905"
-0.1459495898908799,-0.050948822862652135,0.008143143738564819,0.05197425512770102,0.08717073179983931,0.11675627041010518,0.14239327241438324,0.16511142525501082,0.18559841428210316,0.20433431070240562,0.2216636054379749,0.23783902023033016,0.2530499760428945,0.2674414871298639,0.28112682469246336,0.29419611386448236,0.30672226694666366,0.31876515417032103,0.33037459103850536,0.34159251741226293,"2.3513752571634776"
-0.2523876114632966,-0.12705867435343549,-0.05093924755929956,0.004509728926554086,0.04838822193638664,0.0848143134405295,0.11601991440129318,0.14336217535736304,0.16773599321575164,0.1897665211661813,0.20990820910555752,0.22850049521966953,0.2458019483913877,0.26201275214495,0.2772902095071866,0.2917596998317016,0.30552252704492594,0.3186616001512628,0.3312455884509089,0.34333199588863783,"2.995732273553991"
-0.6305006909894176,-0.4428721200456214,-0.33239934700475726,-0.2537081987717743,-0.192506642015425,-0.1424034775568006,-0.09997861540343188,-0.06318523294486962,-0.030700193303437442,-0.001618359226814143,0.02470697478402335,0.04875411388912477,0.0708869306825949,0.09138881724685659,0.11048490399393114,0.12835708633614154,0.1451544769989893,0.1610008574297454,0.17600010751194858,0.19024024101642575,"4.02535169073515"
-0.08862382343972999,-0.01139183477532631,0.03772710414101154,0.07476643664394925,0.10490915706829146,0.13055405157623792,0.15304691589806696,0.17322842830351529,0.1916525210642573,0.20869623976650425,0.2246244105387098,0.23962914500100452,0.2538540756871097,0.2674095031466964,0.28038212270997603,0.29284145596756045,0.3048442257360566,0.3164374113711402,0.3276604340297746,0.33854675358956315,"1.252762968495368"
-0.12771369158891768,-0.04044574107932263,0.01467372053121689,0.05608315692493123,0.08970377070800474,0.11824033324125849,0.1431820229421636,0.16545306613936644,0.18567242442775922,0.20427372286056394,0.22156935923714338,0.2377894195421908,0.25310699064466025,0.26765501618442067,0.28153764145441923,0.29483794688119075,0.30762330520152953,0.31994915953640596,0.33186173704341965,0.3434000331172003,"1.5040773967762742"
-0.4765454280172649,-0.3081080222012192,-0.20631118895464354,-0.13228439733210942,-0.07371544920577587,-0.025064482862911547,0.0166523130605826,0.05323259974613148,0.08584641065574615,0.11529991726802083,0.1421736621844417,0.16690081756288025,0.1898141652315499,0.21117561787153982,0.23119547063450216,0.2500453641330269,0.26786727405665317,0.28477992454038137,0.30088349085784255,0.3162631377910633,"3.5409593240373143"
0.010893483978695382,0.05242206148156079,0.08162242402357163,0.10544733859212381,0.1263846111112224,0.14540888590509993,0.1630276761270362,0.17954855919759916,0.19517634404258405,0.21005643183702882,0.22429694948526366,0.23798117973900876,0.25117505929386896,0.26393196031925165,0.276295878284489,0.2883036360209395,0.2999864545219798,0.3113711015176131,0.3224807499858425,0.33333563219696155,"2.4849066497880004"
-0.1488384403060337,-0.05613600528809204,0.002189751120369705,0.04590077087970663,0.0813295399098678,0.11135960033045185,0.13756917860822904,0.16093135485502197,0.18209652893588577,0.2015226425981788,0.219542762476076,0.23640457773080975,0.2522957462169684,0.267360992119116,0.2817138749015579,0.2954449794000607,0.30862767944734915,0.3213222476547655,0.33357882884244916,0.3454396239496027,"1.7047480922384253"
-0.5886345289091033,-0.40747960483868323,-0.2987705071800562,-0.22012985134678362,-0.1581674942600085,-0.10687241015343091,-0.06301408522859463,-0.02465031404511592,0.009480321293089813,0.04024484050282489,0.06826566133390972,0.09400531801836706,0.11781738644256097,0.1399786220709804,0.16071005613811729,0.18019129800081837,0.19857049616432992,0.21597143745202152,0.23249871070735872,0.24824153349279754,"3.8815637979434374"
-0.02704262730108498,0.03812818631712907,0.07826263095407336,0.10778245216173511,0.13166484763688027,0.1521525364850552,0.17032089544827708,0.18678139665148166,0.20191967528267898,0.2159969920955458,0.22919970006648124,0.2416660460542559,0.25350182296914714,0.2647900526048487,0.2755972591281489,0.28597769040101156,0.29597625022136437,0.3056305911631649,0.31497264329270835,0.3240297537002072,"1.7047480922384253"
-0.5462997859502656,-0.36863240977105416,-0.2616081837540567,-0.18395433788065801,-0.12261746837800644,-0.07173236153139367,-0.028144043621091457,0.0100459487554339,0.04407171259068658,0.07478228074127545,0.10278781890175383,0.1285423705923159,0.1523936136312913,0.17461424475210155,0.19542254910813647,0.21499631167800135,0.23348247967609537,0.2510040339938048,0.2676649838306086,0.28355407389472326,"3.7256934272366524"
-0.5510193706520484,-0.3664309144587458,-0.2564001762723818,-0.17730265744203902,-0.11534090665539957,-0.06431848915556204,-0.020905391729240382,0.016899586405110245,0.05039533815881587,0.08047405481139396,0.10777597813793488,0.1327769266511537,0.15584081601864602,0.17725267367407593,0.19724019535219894,0.21598828702962386,0.23364916779175998,0.25034958331874974,0.26619608941726386,0.2812790132050352,"3.7612001156935624"
-0.4151667701519247,-0.2592415654321278,-0.1644094571190177,-0.09509424761255854,-0.04001462072965229,0.005911137814763144,0.04542321106960892,0.08017448473000924,0.1112423031410833,0.1393703713850344,0.16509558187762205,0.18881974469488588,0.21085253683453037,0.2314383971642729,0.2507740165632387,0.2690201115929439,0.28630961924925036,0.3027535892110579,0.3184455511272385,0.3334648383452729,"3.332204510175204"
-0.22593598270138787,-0.10998268614156428,-0.03873707639002208,0.013661535700127927,0.05546752928770629,0.09042170763291646,0.12055518526528564,0.1471057803723137,0.17089203355898114,0.1924878423469771,0.21231220320891114,0.2306795030026817,0.24783024276465565,0.2639512691595431,0.2791897892112084,0.2936633470820302,0.3074670268169796,0.3206787023174415,0.33336289939108055,0.3455736654372498,"2.803360380906535"
-0.09638772722917657,-0.015421746335132918,0.03556142940173089,0.07369427505247168,0.10451201639727095,0.13057432661231574,0.1533154992492952,0.17362984684053775,0.1921052000918672,0.20914059436915905,0.2250155740951572,0.23993245693088538,0.25404219449522397,0.2674604939570203,0.28027814706850335,0.29256784650900025,0.304388814885508,0.3157900328097278,0.3268125448590557,0.3374911428679153,"1.8718021769015913"
-0.25292242956033545,-0.12163481444572874,-0.043560184250066,0.01238545234609071,0.05607256166308868,0.09194652692149187,0.12240876190700467,0.14891539703064272,0.1724194575897315,0.1935766854010187,0.21285419887575724,0.2305940653226735,0.24705299354791968,0.2624279957825318,0.276873360533314,0.29051211613359573,0.3034439401531028,0.31575073371237417,0.32750063119141093,0.3387509402362121,"2.995732273553991"
0.00656273118933188,0.054387439654061176,0.08608627051760256,0.11091052102329382,0.13214994678508518,0.15107425646686348,0.16833475251165714,0.1843203713985077,0.19928642388604922,0.21341170223995776,0.22682744801576316,0.23963351357504625,0.25190804454878174,0.26371361098262125,0.2751012656935765,0.28611332994387173,0.2967853643853098,0.30714759985694645,0.3172259992452866,0.3270430607917153,"-0.6931471805599453"
-0.5857615032174118,-0.39793615784321046,-0.2862804457562912,-0.20617774161335933,-0.14352965763134404,-0.09201028340693124,-0.04822300763001004,-0.010128361669959212,0.02359622342995019,0.0538583034323322,0.08130835429955634,0.10642907616887017,0.12958901287589372,0.1510763062684323,0.17112077505509438,0.18990882828024885,0.2075938255980863,0.22430345980449687,0.24014514276931345,0.25521002153232025,"3.8607297110405954"
-0.39284798482646405,-0.2433906425562815,-0.1519914486020729,-0.084862558784742,-0.03128838974195988,0.01355891006966137,0.052283364539048076,0.08645629157874914,0.11710231687416935,0.14492911766564884,0.1704478858374969,0.19404146958507826,0.21600518136452967,0.2365723548039906,0.2559309628796268,0.27423479942128565,0.2916112552223773,0.30816690350801346,0.3239916360458291,0.3391618094223403,"3.1354942159291497"
-0.5618253332528882,-0.3861413187804571,-0.27993769836789856,-0.20260618041039918,-0.14131319619205593,-0.0902958636659614,-0.04645575985389369,-0.007929121584797852,0.02649528358588915,0.05765058833855664,0.0861353763885999,0.11239487739395966,0.13676978237818835,0.15952705804936704,0.18088018091028712,0.20100286025186462,0.22003859871768375,0.23810750700607716,0.2553112597849173,0.27173676623763193,"3.6888794541139363"
-0.34278390399703274,-0.2038171764522412,-0.11848403499517876,-0.05561857333899893,-0.005324641730102949,0.03686159244642346,0.07335053672604884,0.10559847591811493,0.13455659239909162,0.16088339858853687,0.1850560422934617,0.20743307658090004,0.2282918796578672,0.24785200027716253,0.2662903346859465,0.2837513964566491,0.3003545428205808,0.31619924544501526,0.331369052375142,0.3459346354475146,"2.9444389791664403"
-0.2707499379794363,-0.1476201150707526,-0.07155898278681588,-0.015290451933955245,0.029866912714057767,0.0678377030872785,0.10074596797902799,0.12987881961934497,0.15608076461310202,0.17994004818036066,0.20188566836416,0.22224157941440728,0.24125881797914175,0.25913564873247175,0.2760309196111418,0.2920733734713464,0.3073684032772811,0.32200308775683745,0.33605001011206553,0.349570185844752,"2.6741486494265287"
-0.4897242517293638,-0.31568136671161984,-0.21122130281264456,-0.13571814632646453,-0.07630428129175398,-0.027191774214953782,0.014735057731290701,0.051351911400449375,0.0838785611697992,0.1131547331205126,0.13978465610697519,0.16421881731006088,0.18680295508976247,0.2078087852696935,0.2274540177328942,0.24591584709048062,0.26334034065435435,0.2798491734798139,0.2955445983819017,0.3105132054809411,"3.6109179126442243"
-0.32265287714676644,-0.18759388985088796,-0.10460443911423327,-0.04344860182984279,0.005480988982609111,0.04652060016327545,0.08201315831026186,0.11337517986058891,0.1415328450490669,0.16712833459941212,0.1906278083575092,0.21238214242357842,0.2326630401644199,0.25168554316081065,0.2696227086915469,0.2866156124334788,0.3027804549727685,0.3182137931520636,0.3329964970161332,0.3471968003026736,"2.917770732084279"
-0.546902451109686,-0.3709689822573213,-0.26472395947786653,-0.18745431668194365,-0.12628654389692145,-0.07543711937042263,-0.03179525106213535,0.006510924026850409,0.04069827269213359,0.07160404223207818,0.09982996938347775,0.12582382902120265,0.14992847454178296,0.17241278559649512,0.19349196968227414,0.2133413082749723,0.2321057146069868,0.24990653429684348,0.26684648642288517,0.28301332498784726,"3.6888794541139363"
-0.2226676768006393,-0.11085448453990504,-0.041429098993774394,0.010112094521204958,0.05158457056526791,0.08652860889968136,0.11686499441871051,0.14376229200827553,0.167991648385926,0.19009346022113646,0.21046335716109632,0.2294000634100272,0.24713407058709772,0.26384609577201024,0.27967970668228376,0.2947503238604584,0.309151796479608,0.32296127185356205,0.33624283500949537,0.34905025138781276,"2.4423470353692043"
-0.5717093696852577,-0.3939245998371687,-0.28672778916156805,-0.20885288285677842,-0.14725904568306472,-0.09609076479382979,-0.05220014916881809,-0.01369394131852764,0.02065805025674268,0.05170182939452494,0.08004508753564442,0.10613971156423468,0.13033138670073793,0.15289090601258173,0.17403472794694982,0.19393891726611057,0.2127488565218084,0.23058616793943237,0.2475537474050341,0.26373949336423524,"3.7727609380946383"
0.010083243944588762,0.05301148786585729,0.08278709403745985,0.10685073535921281,0.12786299334782897,0.14686440511184506,0.16439561268964534,0.18078345155621958,0.19624496929528779,0.21093382882273592,0.22496398309125357,0.23842296166484295,0.25137987854907806,0.2638905335748974,0.2760008095459825,0.28774901805644326,0.29916756905952024,0.3102841899338143,0.3211228353522031,0.33170437941832437,"2.0794415416798357"
-0.05685372486948974,0.013607298450670305,0.058202196359510974,0.09161700348269634,0.1186788727241748,0.1416907151321236,0.16194422989675122,0.18020685365303116,0.19695700497629826,0.2125112551131528,0.22709035663379795,0.2408549911708075,0.2539262477258662,0.2663979979896134,0.27834473331424375,0.2898267309901754,0.3008935789458986,0.31158665244040507,0.32194089925367503,0.3319861552785852,"1.6094379124341003"
-0.4891727700480102,-0.3195430958861077,-0.21695357138650018,-0.14229150547727282,-0.0831725068531475,-0.034025892230114076,0.008148034250651545,0.04515615542471116,0.07817428212029019,0.10801234523533612,0.13525334020401816,0.16033200331538755,0.18358208475182153,0.20526609745073354,0.22559474708646823,0.24474002643158993,0.26284429086937866,0.28002671714651706,0.2963880194001798,0.31201397898836963,"3.5553480614894135"
-0.008627079733494422,0.043217231892030576,0.07768662764453478,0.1045011471024246,0.12708202487109135,0.14702749492292205,0.16513121076472187,0.18185013859984692,0.19747584038615706,0.21220818097196895,0.22619152408368692,0.23953436024706876,0.2523207878339019,0.264617639490132,0.27647912148820974,0.2879499541955241,0.29906756820406055,0.30986368291407257,0.32036546827042733,0.33059641734165995,"0.9162907318741551"
-0.394771237479658,-0.24475124402576806,-0.15305210997753313,-0.08573146316602871,-0.03202480554888668,0.012917685147419247,0.05171183194644101,0.08593603239096952,0.11661949640745031,0.14447304086427867,0.17001010292759783,0.19361519229975982,0.21558488462876244,0.2361534943239107,0.25550976817262694,0.27380811793235377,0.29117643241442376,0.30772168921939375,0.3235341106097281,0.33869032497655777,"3.1570004211501135"
-0.015395444883775037,0.04198942766852359,0.07883209246191673,0.10674830401396697,0.129807891592313,0.14989478181749843,0.16793222607880823,0.184446313405334,0.19976978551662972,0.21412896343226837,0.22768614877984522,0.24056249261471058,0.25285131063543315,0.26462631383006313,0.27594694575257417,0.28686198175622896,0.29741203656402904,0.3076313600663294,0.3175491540735502,0.3271905577377516,"0.9162907318741551"
-0.304515008756017,-0.17278175999296316,-0.091841535592129,-0.03221928276933394,0.015457442518494138,0.055421638985480595,0.08996188951564513,0.12046299383530178,0.1478315706007828,0.17269737609048874,0.19551843379756995,0.2166399768676916,0.23632941327069232,0.2547981527998871,0.27221593212801376,0.288720681036775,0.3044256099578499,0.3194244688523448,0.33379553711823345,0.34760469495042323,"2.917770732084279"
-0.5379298738471904,-0.36027401201349046,-0.25334801031150245,-0.1758339546750018,-0.11466060958992526,-0.06395350058501306,-0.020552173633361828,0.017445338860731054,0.05127550362099102,0.08178904845349104,0.10959743795206091,0.13515578916990395,0.15881272212393274,0.18084178351144573,0.20146202020069712,0.22085187692478514,0.23915884072416116,0.2565062989466219,0.2729985293404626,0.28872441244658525,"3.713572066704308"
-0.3404093966061821,-0.19975259487807265,-0.11377816423618389,-0.050712521218009995,-0.00046110445038876344,0.04153125644682755,0.07772502600144233,0.10960721540468067,0.1381496450162542,0.1640257633667402,0.187724095347746,0.20961204561203353,0.2299738309432272,0.2490341328698151,0.26697353006328023,0.2839390257484349,0.3000515337266182,0.31541139144289876,0.33010252894398434,0.3441956798773627,"3.1135153092103742"
-0.6035424227276938,-0.4079833541048219,-0.2935886322844866,-0.21242428548194894,-0.14946832707890942,-0.0980295633179732,-0.05453870172328951,-0.016865155650172246,0.016365461376482985,0.04609178878777466,0.07298361731929633,0.09753581458536474,0.12012447196479782,0.14104214445349925,0.16052088343923057,0.17874781795535907,0.19587601127361284,0.212032221017463,0.2273225698873287,0.24183676982781124,"3.7727609380946383"
-0.1568159515200212,-0.06085679744006279,-0.0008354880524048642,0.043924199236611026,0.08004653928446868,0.11054710425573075,0.13707574831730762,0.16064918551465096,0.18194649530748092,0.20144535722930748,0.21949278720091553,0.2363465124175769,0.2522015360530775,0.26720805305350037,0.2814837722409104,0.2951224818767398,0.30820007038188024,0.32077881447311285,0.3329104782640493,0.34463858720089446,"2.1400661634962708"
-0.1200797266399942,-0.03613594608724429,0.017262974274272168,0.057620002817436566,0.09055689199394655,0.1186423249855186,0.14329109743091392,0.16538174236501685,0.18550306284306586,0.20406796922085196,0.22137429662941538,0.23764169878719762,0.253035642831629,0.2676833945058786,0.28168478502946254,0.2951195569843318,0.30805245763610845,0.3205368341894958,0.33261721841765174,0.3443312181419832,"-0.6931471805599453"
0.009514347577865928,0.05335104316002826,0.08349343477413476,0.10770589503934139,0.12876308170543765,0.1477485048528762,0.16522412166963915,0.18152898869433817,0.1968878167989352,0.211459376804793,0.22536118114965473,0.2386833254670963,0.25149682388767813,0.26385891410212187,0.2758165866379692,0.28740901939366714,0.29866930851119144,0.3096257308493812,0.32030268523924577,0.3307214077330219,"1.791759469228055"
-0.39840899762803234,-0.24503173278491683,-0.15178341792543493,-0.08366334644654981,-0.029567074169669125,0.015509612024239776,0.05426611896996147,0.08833133703376728,0.11876749381555154,0.14630841976687903,0.17148443941091498,0.19469291408716172,0.21624038992873296,0.23636893907855833,0.25527328237947033,0.2731123421451252,0.29001732585231843,0.3060975811325129,0.3214449677490705,0.3361372038413378,"3.3141860046725258"
-0.11099798920272405,-0.023286364611296302,0.03103630662522877,0.07112744854691558,0.1031665443819471,0.13000453945771778,0.1532334853495979,0.1738411148551094,0.1924727296591788,0.20956385030618171,0.22541819297314294,0.24025483568618208,0.2542368250058478,0.2674888868503723,0.28010871755419847,0.2921744093912051,0.30374948143824854,0.31488638238612304,0.32562899014936575,0.3360144352416612,"2.302585092994046"
-0.21451859753724659,-0.099607315945863,-0.029336616223235638,0.02211833906872926,0.06300733131604425,0.09707157568595595,0.12634537702936477,0.15207186625452132,0.17507493359293744,0.19593169438667485,0.21506129589997217,0.23277561688166024,0.24931106697755953,0.2648498578646886,0.2795347012116975,0.2934791180700022,0.3067747451499142,0.31949656970726076,0.33170672712362353,0.343457292981669,"2.833213344056216"
-0.32600338720120026,-0.18471276058992941,-0.09904502270764635,-0.03667076184387775,0.012690931221943381,0.05368170719256723,0.08880942225877418,0.1195905824642139,0.14701769022206176,0.17177993721607912,0.1943780114363502,0.21518824350159613,0.23450069844942906,0.25254315534894767,0.2694970713947824,0.28550873458869674,0.3006973397798632,0.3151609766644432,0.32898113631463266,0.34222613742379426,"3.1986731175506815"
-0.3392842596549652,-0.20140379518974225,-0.11665276628645767,-0.05416128009354894,-0.004127013099602211,0.03787166742027179,0.07422247473819847,0.10636805573246988,0.13525074417909572,0.16152297593864226,0.18565753895292345,0.20800974934410868,0.22885451804971788,0.2484094757570161,0.2668500057528577,0.2843194151534083,0.30093609083052464,0.31679871813597366,0.3319902034147541,0.3465806911128162,"2.8903717578961645"
-0.17282521891754718,-0.07374584376592046,-0.011719795726668158,0.03459958798129362,0.07204020637541002,0.10370427077008582,0.13128279735052084,0.15581244695878446,0.17798319083289046,0.19828101505460902,0.217061223057673,0.23459006067476046,0.25107071607491865,0.2666607342506367,0.28148413024876784,0.29563996435301765,0.30920847702604404,0.32225552205926156,0.33483580571969457,0.3469952822758857,"2.0149030205422647"
-0.6258545516231415,-0.4351285989136729,-0.3230339607586427,-0.24328628179327091,-0.18131926734679418,-0.130624671785485,-0.08772256469935731,-0.050531823453888916,-0.01770800425865221,0.0116681015988888,0.038252967183004444,0.06253196597373395,0.0848742610039415,0.10556730468121456,0.12483939516950959,0.14287492120546139,0.1598249643021332,0.17581486013260905,0.19094971352889342,0.20531850246189623,"3.960813169597578"
-0.15459277523760165,-0.05238440717974246,0.009773362178949646,0.05502558090950746,0.09079325783224608,0.12046277374642554,0.14589899458335975,0.1682526115169761,0.1882804816972144,0.20649907300855286,0.22327122478711084,0.23885934785850874,0.2534586579345502,0.267218177050891,0.28025428439176153,0.2926596857018836,0.30450950919675857,0.315865554881993,0.3267793268765643,0.3372942438116852,"2.6390573296152584"
0.03225917052827,0.06025215572714096,0.08397496176296751,0.10526126147681295,0.12485938706853418,0.1431775929484843,0.16047272331985235,0.1769209243614,0.19265023554091246,0.20775772178242174,0.2223193465359905,0.2363960632519786,0.2500377773175916,0.2632860336670344,0.2761759036835011,0.28873734839200393,0.3009962274197873,0.3129750614232818,0.32469361867279317,0.33616937350993353,"2.8622008809294686"
-0.37709307132013686,-0.22266502549844625,-0.12978353212474222,-0.06258972518182539,-0.009697409186044465,0.03402544639909771,0.07134632137374539,0.10393464562842879,0.13287946379224846,0.15893403127001232,0.1826433761873297,0.20441578751935982,0.22456530004832612,0.24333833605115443,0.26093128814378,0.27750267043115284,0.2931818346370028,0.3080753937574528,0.32227204445466623,0.3358462340128127,"3.349904087274605"
-0.21540255755883014,-0.10622256315482304,-0.038196291116494786,0.01245705593181627,0.053322973431305404,0.08783797225729617,0.11786684601398492,0.14454434029643395,0.1686194906734534,0.19061738581403573,0.21092262412173285,0.22982576511531266,0.24755114880398646,0.2642747961394845,0.28013664845630876,0.29524929411701833,0.30970434473350095,0.32357715923949937,0.33693037698052397,0.34981658198052357,"2.1972245773362196"
-0.12360665414615465,-0.038120934375523406,0.016077041773603692,0.056923154396911764,0.09017778302779633,0.11847264774974735,0.14325702637844145,0.16543065842965804,0.18559636654578135,0.20417671129270573,0.22147632874022014,0.2377197566451919,0.2530760374341553,0.2676751060470424,0.2816188248681435,0.2949885098950788,0.3078501471316457,0.3202580733326457,0.3322576211017253,0.3438870539097782,"0.9162907318741551"
-0.5264882914959784,-0.34956651845811126,-0.24312449483708215,-0.16599857547474967,-0.1051623974769938,-0.05476022490336672,-0.011641079873140508,0.026091582772789557,0.05967085887198256,0.08994528469268924,0.11752489626672373,0.14286391671949453,0.16631045220603444,0.18813779085717328,0.20856486955187686,0.2277700834900945,0.2459008640891434,0.2630804932786473,0.27941307119470743,0.2949872236059553,"3.6888794541139363"
-0.3088970461020065,-0.1757414012540849,-0.09404310161114088,-0.03393627623520483,0.014075422489830808,0.054280691821742236,0.08899803368021998,0.11963020171173379,0.14709544876474864,0.17203151078315454,0.19490212373494326,0.21605674176726866,0.2357659633038482,0.25424364865241206,0.2716614392438798,0.2881587602425777,0.3038500072541113,0.31882987870272067,0.33317742066865313,0.34695913944177054,"2.970414465569701"
-0.1017145193918529,-0.01391555880942685,0.03972103701410197,0.07886182144992604,0.10986392437002201,0.13568236366329095,0.1579661562683034,0.17771453709646767,0.1955594474998046,0.21191867930355324,0.22708169845635134,0.24125746306456625,0.25460206988748496,0.26723547499482536,0.2792520560574537,0.2907275485941727,0.3017237576877132,0.31229185359400863,0.3224747359968024,0.3323087679427924,"2.3513752571634776"
-0.5118329792643305,-0.3404828882244062,-0.23672609496771008,-0.16110784066220354,-0.10114394173095825,-0.051222095303256616,-0.008321675924205784,0.029376058169477953,0.06305418491901997,0.09352726639997112,0.12138123269106056,0.14705257830568047,0.17087598795445433,0.19311436703764812,0.21397850882574693,0.2336403820374435,0.2522423506315364,0.26990372622392345,0.286725531132282,0.30279403731239923,"3.56953269648137"
-0.2211072079899559,-0.10985792010969916,-0.04073185059597694,0.010619526825259839,0.05196235534929888,0.08681466496484519,0.11708524161849711,0.14393540769498253,0.1681315789007989,0.190210880310391,0.21056658754274268,0.2294956857054595,0.2472273588298506,0.2639413279003037,0.2797803929616924,0.2948593760249878,0.3092716540282151,0.323093997217144,0.336390185998589,0.349213736957599,"2.3978952727983707"
-0.5831477765797175,-0.40304763451619174,-0.29479768894871106,-0.21637826521470654,-0.15451148126214712,-0.10323617508064857,-0.059348244236435414,-0.020921071286974072,0.013296861264820346,0.0441659436925035,0.07230397474784313,0.09817017029498484,0.12211566463517064,0.14441538349122018,0.1652889683777442,0.18491496394724374,0.20344069971941292,0.22098933289422548,0.23766497070756568,0.25355646580899766,"3.8501476017100584"
-0.1378150489858876,-0.04247455807601881,0.016256319999551634,0.059446890416006,0.09386768203708383,0.12261730484547466,0.14740888018271742,0.16930527639472123,0.1890101416563351,0.20700643389538667,0.22363474776351985,0.23914185510578076,0.2537114363475761,0.2674836967565152,0.28056809989860376,0.2930518221800657,0.3050055054462395,0.3164872666493102,0.3275455568119805,0.3382212425414692,"2.4849066497880004"
-0.535164553135488,-0.358158992351797,-0.25155452720412647,-0.17422933331676524,-0.11317385237582168,-0.06254108369552613,-0.01918517759304989,0.018787175853413645,0.0526069151135372,0.0831210424331719,0.1109384070148795,0.1365122306331312,0.1601897253607408,0.18224337187514644,0.2028913985277388,0.22231161547320488,0.2406510147523708,0.25803259620558777,0.2745603335759602,0.2903228684803296,"3.7013019741124933"
0.023934352508045095,0.06021800762920464,0.08648817538243392,0.10888804380609753,0.12893637924214202,0.1473268327485488,0.16445406052381442,0.1805711915233146,0.1958534641625631,0.2104288187755358,0.22439440339448577,0.2378262488325527,0.25078530645289454,0.26332140565591433,0.27547595251061213,0.28728383091808424,0.29877477906672845,0.3099744094411509,0.3209049799908012,0.3315859874327695,"2.1972245773362196"
-0.5756371024472835,-0.38076852419754975,-0.2667777133526092,-0.18589994594779682,-0.12316627577028467,-0.07190913319597858,-0.028571810023505558,0.008968844343834468,0.04208258392355045,0.07170510468025089,0.09850430220325232,0.12297378013424644,0.1454887216828755,0.16634095873638824,0.18576190957387076,0.2039381149102402,0.22102207828385306,0.23714002430467493,0.25239757286965053,0.2668839674502223,"3.676300671907076"
-0.42356963896214334,-0.26524705808500765,-0.1691515458014851,-0.09903669276245554,-0.04340941862919296,0.0029068472027064447,0.0427030451054228,0.07766238125583928,0.10888173199553032,0.1371181001591757,0.16291782271956817,0.1866896418792203,0.20874845330439584,0.22934270033357068,0.24867219027867818,0.26690009073108556,0.28416128270397245,0.3005683695082715,0.316216131991547,0.3311849194725627,"3.3843902633457743"
-0.14407128027233762,-0.042439922880613434,0.018716985401952706,0.06287592671078344,0.09755663501202858,0.12619731849060778,0.15069374612045033,0.17220296495124787,0.19146964765565264,0.20899209215132242,0.22511698739190558,0.24009463722818883,0.25411168236545967,0.26731115057901517,0.27980520252129304,0.29168352630142413,0.30301904591235534,0.3138719141656556,0.3242923754779651,0.3343228632193747,"2.6026896854443837"
-0.058514294978559464,0.007667562013181865,0.050790086228389056,0.0839130778179472,0.11128793177806326,0.13491128949095527,0.15591515586855403,0.1750001459580505,0.19261862925696352,0.2090743964312422,0.22458030070527324,0.23929137389669725,0.2533243520382723,0.26676963157452743,0.27969888008460353,0.2921700583802298,0.3042308428784646,0.3159210251073215,0.3272742367260429,0.338319217347875,"1.5040773967762742"
0.00698762395128189,0.05429884833736913,0.08580147452778475,0.1105494797143369,0.13176535769701897,0.15069540280023946,0.16797993482583948,0.18400184343366174,0.19901276520999958,0.21318910644748995,0.22666048320738574,0.23952559955721242,0.25186176653943737,0.26373093355712224,0.27518368311595337,0.2862619744492605,0.29700108582555645,0.3074310253437305,0.3175775785145962,0.3274631011809314,"0."
-0.5718043579640963,-0.3922316219925085,-0.28420509224510954,-0.20589676750714767,-0.14408562263157013,-0.09283444585409538,-0.04895119881682286,-0.010516051936161093,0.023718396780576283,0.054609914018587884,0.08277458072443092,0.10867048907964147,0.13264806461556214,0.1549818243567478,0.17589121812740247,0.19555475005711714,0.21411980603397773,0.23170965209338598,0.248428521852193,0.26436538623297573,"3.8066624897703196"
-0.045576313285458935,0.018361659874673517,0.059856988166119195,0.09157749787044353,0.1176951541681277,0.1402065620041489,0.16023746731180896,0.17846152850517435,0.19530180368282993,0.21104002214172835,0.22587373084828466,0.23994743303869395,0.253370520915165,0.26622815994030785,0.27858820669844003,0.29050578345942285,0.3020264076906569,0.3131881964722038,0.3240234590539247,0.33455987302745765,"-0.6931471805599453"
-0.22312740092936686,-0.10819174558824697,-0.037478088697604696,0.014587048471356159,0.056167001389933385,0.09096173522913592,0.12098049126654045,0.14744798858679567,0.17117430261370756,0.19272757518046105,0.21252276218506655,0.23087135446284202,0.24801174201789572,0.26412920547444085,0.279369767528047,0.2938500585962556,0.30766444394632414,0.3208902218935426,0.33359144994710377,0.3458217891748735,"2.772588722239781"
-0.3617861026297054,-0.21451691311974172,-0.12504233306555695,-0.059749311656943145,-0.00796158721482579,0.035136645676692335,0.07214529446114303,0.10463464409176344,0.1336301594613598,0.15984182425259652,0.18378410842251341,0.20584342114156412,0.22631821402032892,0.24544400237631883,0.26340971071236746,0.2803688394856731,0.29644741398172325,0.3117498382476862,0.3263633165142294,0.3403612512817916,"3.258096538021482"
-0.3644592624921596,-0.22118618112912355,-0.1333123807551535,-0.06862351864686352,-0.01689692642982037,0.026475829497969033,0.06398184881890995,0.09712282337281034,0.12687875468138504,0.153927259103647,0.17875854143917086,0.20174035381054967,0.2231568178185576,0.24323268810917698,0.2621491171748446,0.2800542801415815,0.2970707972995443,0.3133011016650451,0.3288314429841074,0.34373495235164137,"2.995732273553991"
-0.2724654854051921,-0.1460425146950729,-0.068549262981806,-0.011623559046460123,0.03376755694577499,0.07170927633361572,0.10441337851494963,0.13322117178198198,0.15901395667526994,0.18240651534127686,0.20384739403905133,0.22367477303635802,0.24214969815332046,0.2594771696717319,0.27582035506243713,0.2913106339841833,0.3060549257785533,0.32014113620221357,0.3336422528675591,0.34661945058488314,"2.9444389791664403"
-0.35915022299450705,-0.20503546319285026,-0.11315046268834553,-0.04715299600660368,0.004486982579903443,0.0469582734953856,0.0830540559360878,0.1144572250731913,0.14226512928034135,0.16723624285057506,0.18991796598475494,0.21071815867898744,0.22994805124501588,0.2478496376815451,0.2646140739449851,0.28039449693545976,0.29531518056527084,0.3094781902652016,0.322968286340834,0.3358565816349781,"3.295836866004329"
-0.20927428399643253,-0.09941601838309776,-0.03136523000030733,0.019028193276209995,0.05947562746654044,0.0934738306000482,0.12292288247116376,0.14898188928377123,0.17241832065856125,0.1937711646643119,0.21343475044804455,0.23170566123626515,0.24881133862098473,0.2649288970592998,0.2801981662614979,0.2947309975440267,0.3086180039187871,0.3219334891685199,0.33473908501091076,0.3470864609507232,"2.5649493574615367"
-0.29391152065287357,-0.15748865407140114,-0.07517231022412704,-0.015507512882989459,0.03151768107343998,0.07042528786004405,0.10365970962515698,0.13270142888829226,0.1585220294920205,0.18179761769709102,0.203018962145577,0.22255307704726823,0.24068039751279371,0.25761883934979435,0.2735402199119977,0.2885818486400397,0.30285486975713677,0.3164503441956641,0.3294437307014459,0.34189822221542676,"3.1354942159291497"
-0.010049959385059969,0.04303890375648467,0.078047784955106,0.10511303289721388,0.12779988940558162,0.14777148569822043,0.16585178678050413,0.1825141422180116,0.19805992632589517,0.2126953205050265,0.22656897491553432,0.2397924075339837,0.2524519228123978,0.26461600164438887,0.27634010717199015,0.28766993456845197,0.29864368132216296,0.3092936775179101,0.3196475844667308,0.32972929415046925,"0."
-0.4839356330163187,-0.31566721548493365,-0.21378029722773018,-0.13955242296591538,-0.08072231128203092,-0.03177433803404572,0.01026177805035207,0.04717537907349774,0.08013099928888434,0.10993091171530249,0.13715268934541522,0.1622271009837471,0.18548491774923898,0.20718637001721862,0.22754038744149513,0.24671756506360232,0.2648591490145293,0.2820834301085555,0.2984904110906424,0.31416529905803714,"3.5263605246161616"
-0.12267632972067916,-0.03759632174039866,0.0163915712314252,0.05710915271508336,0.09028028090240107,0.1185200745282069,0.14326873457818884,0.16542042214678074,0.18557427560985448,0.20415032282260973,0.2214514176504119,0.2377008199673352,0.25306663810097324,0.26767811050792467,0.28163657013935683,0.29502292323342416,0.307902833420429,0.32033038007460546,0.3323506875952533,0.3440018490510475,"0.6931471805599453"
-0.5566476209219209,-0.37852005254192866,-0.2712071657997518,-0.19332617425174528,-0.13179262891213236,-0.08072882928873078,-0.03697376342914409,0.0013743166307849622,0.03555144378438652,0.06640784342849468,0.09455440997679075,0.12044559193705079,0.14442923260904852,0.16677801983187135,0.1877101144896415,0.20740311648237217,0.2260037748172086,0.24363489694897475,0.2604003698122579,0.27638888183794974,"3.7495040759303713"
-0.5006571249499636,-0.3321053253861234,-0.22978471922306495,-0.15504548615765162,-0.09565755770374328,-0.0461224475712665,-0.0034804687153952235,0.034050678269339406,0.06763056450084824,0.0980577287611563,0.12590670896472042,0.15160562624755405,0.17548284375756595,0.19779638977240066,0.21875322881974768,0.23852228251712213,0.25724346423570854,0.27503409915978155,0.29199358987142565,0.30820688149357583,"3.481240089335692"
-0.5352338046810525,-0.36014019330221425,-0.2543876462108576,-0.17747766154484038,-0.11660070114149534,-0.0660004127636473,-0.022579855008149952,0.01552491492354732,0.049525864814852896,0.08025704990203196,0.10831807198787226,0.13415527955712617,0.15811059978278585,0.1804523438929044,0.20139539981424492,0.2211148901267172,0.2397556585217103,0.257439015130094,0.27426763785564273,0.2903292085154767,"3.6635616461296463"
-0.5670777557549156,-0.381016826821154,-0.2701872773530335,-0.1905543420053808,-0.12819583346588115,-0.076861299651182,-0.033192664812760564,0.004827600690810482,0.03850863293778374,0.06874935873022686,0.09619455771125529,0.12132313262153857,0.1445011035821865,0.16601495150825804,0.18609341085301187,0.20492217900709836,0.2226541320437348,0.23941660817324234,0.2553167293623107,0.2704453788650742,"3.8066624897703196"
-0.6362651039850854,-0.45020672688472513,-0.3411381707804133,-0.2636656073249793,-0.20353089187581483,-0.1543735036817764,-0.1127968675593198,-0.07677186525035806,-0.04498882468266945,-0.01655302478412275,0.009174026468034875,0.0326640250034417,0.054275413261526545,0.07428703113193957,0.0929201239387387,0.11035322351191107,0.12673250086414015,0.1421791490918819,0.1567947647038191,0.17066534706439584,"4.04305126783455"
0.02239415929787284,0.06574443637248747,0.09416527391518688,0.1172767673247696,0.13731800694452345,0.15527892355248946,0.1717066154003388,0.18694205134710995,0.20121518706852246,0.2146899842251972,0.22748831011027942,0.2397037238663239,0.25140993170087517,0.2626662426652425,0.2735212333146692,0.28401529073003673,0.29418242844437464,0.3040516146393763,0.31364776365758446,0.3229924898896865,"0."
-0.20048827549809903,-0.09389803369262657,-0.02756885678881735,0.021741344962737368,0.06145508402980639,0.09493889118857612,0.12402264706535857,0.14982308042964362,0.17307998610909925,0.19431327104403906,0.21390363540560778,0.23213770786658808,0.24923554456573296,0.2653687050183697,0.2806727819968716,0.295256347646377,0.30920743939997813,0.32259830896089686,0.3354889309157408,0.34792961987371845,"2.3513752571634776"
-0.14256457100976166,-0.05245318281271029,0.004518802580256731,0.04739096098619772,0.08226496553468016,0.11191973405956067,0.137876597254337,0.1610738625912752,0.18213896972979643,0.20151396105217578,0.21952058318148734,0.23639831591626911,0.25232876666821896,0.2674521261229506,0.2818784992703923,0.2956957951088839,0.3089752824413428,0.321775554108175,0.3341453970148615,0.34612590145446964,"0.9162907318741551"
-0.5112485573641934,-0.33392157472703415,-0.22760088107874443,-0.150809217920971,-0.09041526497639318,-0.04051491277762646,0.002068844455449331,0.03924791055998399,0.07226508105280452,0.10197544150403412,0.1289937863435073,0.15377803200257273,0.17667926026562877,0.19797315014913605,0.21788047680223455,0.23658092597487107,0.25422268969270617,0.2709293258606227,0.2868047968219719,0.3019372629475722,"3.6635616461296463"
-0.07730524062018454,-0.001140136841639824,0.04688549620361137,0.08280654568584976,0.11183409819238818,0.13640913298341,0.15790994161839758,0.1771843633550291,0.19477567775101295,0.21104588840403932,0.22624678888783323,0.24056053874546723,0.25412344085073907,0.26704042067409567,0.27939419791798853,0.29125131219898875,0.30266621317643627,0.31368411793687984,0.3243430583493911,0.334675381084725,"1.791759469228055"
-0.5568181376453336,-0.37486585418215157,-0.26585786610692713,-0.1871484756619388,-0.1252499402457529,-0.07410296104313778,-0.030449303566390907,0.0076706441273926935,0.04152992874520471,0.07200376286317438,0.09972067299865602,0.1251480396003373,0.1486435083338956,0.1704873855325016,0.19090384140981234,0.21007523192427213,0.22815204030973787,0.24525995120015887,0.26150500320495307,0.2769774263922418,"3.784189633918261"
-0.5879358227150844,-0.39346886695630306,-0.27939521138570866,-0.1983389168337212,-0.1354086391623213,-0.08395824250557232,-0.04043741314773487,-0.002724586191223739,0.030550035051437167,0.060322743974947884,0.08726225521907637,0.11186313050001513,0.13450162310714486,0.1554707114564951,0.175002986024598,0.1932861310118658,0.2104737185212979,0.22669293495184745,0.24205023852652802,0.2566355836282178,"3.7612001156935624"
-0.16191667315448277,-0.06039932161860592,0.00201005781449195,0.04785954007637652,0.08437776948447152,0.11485857290114576,0.14110937623907197,0.16424670946655834,0.1850135642767441,0.20392640715693253,0.22135428120165176,0.23756695541060668,0.2527660811803623,0.26710573290257655,0.28070608621061865,0.2936626550688057,0.3060526416925974,0.3179393876093446,0.3293755555314161,0.3404054473307413,"2.6026896854443837"
0.03427296934951827,0.06354418980934476,0.08779766316129765,0.10924210217136222,0.12877245482195937,0.14687270778747127,0.1638444656811041,0.17989256995685685,0.1951644989068037,0.20977102652107293,0.22379808772912502,0.23731406924665557,0.25037452985670733,0.2630253865967371,0.27530514009298207,0.2872464737002601,0.2988774307421469,0.3102222993363798,0.3213022895467457,0.3321360598771598,"2.1400661634962708"
-0.24343497196275274,-0.1270262892687081,-0.05484617199161594,-0.001297570023180177,0.04177482229809628,0.078061377466216,0.10956166383847955,0.13748949033259628,0.16264336248921787,0.18558116726952817,0.20671073717206703,0.22634029635704894,0.24470843025063338,0.26200306468394247,0.2783742316329484,0.29394308570362926,0.30880848882472123,0.32305191752159185,0.3367411653603756,0.3499331607012774,"2.4849066497880004"
-0.5620744453610473,-0.37705470849006917,-0.2667021445572739,-0.18732768883787793,-0.1251159507355378,-0.07386293907906781,-0.03023459796676637,0.007772795597790757,0.041459848907102304,0.07171993977530773,0.0991940972389921,0.12435861901474418,0.14757768396429086,0.16913646048871173,0.18926274701138268,0.20814157750596327,0.22592536300280197,0.24274112014360863,0.25869575150414853,0.2738799920539902,"3.7954891891721947"
-0.013435690054235616,0.04243857585285898,0.07864055896252523,0.10625865601041751,0.1291843282739917,0.14922481490778236,0.1672695869680729,0.18382687619200241,0.19921879076977717,0.2136648068896784,0.22732257589869048,0.2403099624134446,0.25271788832482217,0.26461827864378323,0.27606921805214923,0.2871184309459421,0.2978057078949098,0.3081646447812847,0.3182239190850948,0.32800824584254057,"0.4054651081081644"
-0.26971569522471955,-0.1442280164788219,-0.06722864333433552,-0.010615964854607595,0.03456041157139819,0.07234862182699951,0.10494058884248057,0.13366573487586292,0.1593976769574927,0.18274594786976145,0.20415536542461743,0.22396139145681193,0.24242305406546935,0.2597438349571192,0.27608574356060317,0.29157926405057816,0.3063306130022621,0.32042713628573544,0.33394136888405174,0.34693411463934265,"2.917770732084279"
-0.0038949766738465017,0.04344507852102931,0.07592076499116282,0.10179360379840356,0.12397591300741377,0.14383234810914286,0.16204421931628735,0.17900619203359716,0.1949716954765411,0.2101155914881816,0.22456500670704754,0.23841608809475043,0.25174382790273603,0.2646081786447703,0.2770580455581499,0.28913399746842217,0.3008701685422426,0.31229562975108177,0.32343540154629913,0.33431121704013506,"2.4423470353692043"
-0.2971253438888713,-0.16519080961312058,-0.08444799929115768,-0.025194594422019455,0.02202032975711466,0.0614673060188316,0.09545619632984645,0.12538562537400602,0.15217239114863923,0.17645434119057388,0.19869596230737566,0.21924736965994446,0.23837928819356236,0.2563050190789351,0.27319502861738837,0.28918713381874905,0.30439389241682435,0.31890810465012015,0.33280697559332306,0.3461552970053888,"3.0204248861443626"
-0.2966877951685189,-0.16750918693333972,-0.0879333296683668,-0.02918452108279715,0.017887855400231946,0.057417007160097865,0.09163786145578931,0.12190298202870496,0.14909806890271604,0.17383850592027403,0.19657200544611347,0.2176361610377683,0.23729258741494783,0.2557482282682757,0.2731693353947066,0.2896910924975355,0.3054245264449462,0.3204616351511649,0.3348792791077059,0.34874217851294903,"2.803360380906535"
-0.3955136326493166,-0.24298527000453568,-0.15018555391868338,-0.08235032592139484,-0.028449908346649885,0.01648641473103093,0.05514012425171424,0.08912940185963689,0.1195095759806576,0.14700977879697824,0.1721569970600528,0.1953461423772677,0.2168819180419896,0.23700498443566245,0.25590896636344734,0.2737519265061988,0.2906643922623104,0.30675516871272096,0.322115678951731,0.3368232863075838,"3.295836866004329"
-0.400906004107736,-0.24909770539169954,-0.15644684275839357,-0.0885186377137436,-0.03439275932274843,0.010850585307323465,0.04986477879714865,0.08425074197139586,0.11505225920542453,0.14299012111758003,0.16858489093167417,0.19222634582982773,0.2142150608449388,0.23478845067323997,0.25413770356282955,0.2724191767777141,0.2897623235442562,0.3062753887779787,0.32204962819758304,0.33716251839099165,"3.2188758248682006"
-0.35697389846279054,-0.21363489090184232,-0.12596600092892352,-0.061603756573137505,-0.010272615857317697,0.03266175685251493,0.06970136489856674,0.10235746422117621,0.13161684764004547,0.15816243673040986,0.1824888534769361,0.2049675889563425,0.2258858498981541,0.2454707952193102,0.26390529674570384,0.28133860986345055,0.2978938869824739,0.31367366089659887,0.32876396754594917,0.3432375165454956,"3.1135153092103742"
-0.23556925840410345,-0.1161569405396263,-0.0431075547836941,0.010420853247474058,0.05299324178207529,0.08848943870158148,0.11901483450202517,0.14585159217999846,0.16984679535167255,0.19159364727907638,0.21152461329279185,0.2299636734960988,0.2471582862736425,0.2633004440662303,0.27854124308792094,0.29300123266480615,0.30677786801443113,0.31995092943038395,0.3325865006537482,0.3447399201364311,"2.8903717578961645"
0.023740481860189,0.06350839875614363,0.0908972575922068,0.11366359018643774,0.13369508261539212,0.1518398118320765,0.16857264506052438,0.18419362023529356,0.19890758865900535,0.21286222196385035,0.22616835731946325,0.2389118260797411,0.2511607749332646,0.26297042557381284,0.274386294530593,0.28544644402418146,0.2961830995003391,0.3066238397532237,0.3167924905828799,0.32670980787047077,"0.6931471805599453"
-0.4717745125935678,-0.30020377472944404,-0.197238586645063,-0.12283362207585431,-0.06430040544141997,-0.015929963897520747,0.025351531519032213,0.06139491424621796,0.09340408202894745,0.12220818381338036,0.14840422670206452,0.17243765835203498,0.19465057892652252,0.21531192970663726,0.23463714910744168,0.2528014390054503,0.2699490296030741,0.2861998599851469,0.3016545341426868,0.31639808577389306,"3.56953269648137"
-0.3504791770875002,-0.2091347754011986,-0.12252995433523794,-0.058848811432312464,-0.007989234010391727,0.034605201494829846,0.07139466410185859,0.10386531832565547,0.1329877145329876,0.1594336504851725,0.18368979300997162,0.2061217505998359,0.22701226815614345,0.24658505622771723,0.26502028462511595,0.2824650693901344,0.29904085449678663,0.3148487976101826,0.3299738190704429,0.3444877160545983,"3.044522437723423"
-0.009538423222199884,0.043108370621977594,0.07792612917655395,0.1049026697009621,0.127551936646466,0.1475140218253103,0.16560218303962093,0.18228400314273574,0.19785741093854914,0.2125263735007395,0.2264380401377248,0.23970286978085767,0.25240639576662516,0.2646165232618485,0.27638827667799704,0.28776701113446135,0.2987906567629858,0.30949133088557007,0.31989652373041805,0.33002998847636905,"0.4054651081081644"
-0.5049959868987296,-0.32497959419480754,-0.21777086498081658,-0.140779770690533,-0.08052689634456946,-0.030956392202196936,0.011186704156330376,0.047858584270179104,0.0803291187177052,0.10947102034891293,0.13591119245179334,0.16011616128613157,0.18244315925117494,0.20317212190679254,0.22252655036236343,0.24068761944027645,0.25780404539514135,0.2739992009276595,0.28937638178901803,0.30402279017988654,"3.6375861597263857"
-0.5220335690859196,-0.3500990242739872,-0.2459357040083261,-0.1699749669698393,-0.10970056700962011,-0.05948736181657708,-0.016308557956868346,0.021657911359127598,0.05559705768250439,0.08632460521378078,0.11442715829126578,0.14034154180421887,0.16440251827600327,0.18687289305227792,0.20796325042624944,0.22784530423141772,0.24666117112539385,0.26452996367867043,0.2815525797534117,0.29781525396009073,"3.56953269648137"
-0.021716227866580253,0.03263371571470672,0.06897276808367722,0.09737087167106896,0.12122853230789617,0.14219903187053168,0.16117882564000283,0.1786831498803435,0.19503549690211966,0.2104540297665892,0.2250941556771716,0.23907135543733007,0.2524743429891531,0.2653731149422751,0.2778241205587374,0.28987371945741747,0.3015605740581197,0.3129173533981478,0.3239719769387448,0.3347485422389978,"2.0149030205422647"
-0.4947915675303768,-0.323713929808609,-0.2203804258866056,-0.14526066509556212,-0.08583856379905543,-0.036484594950583295,0.005832336627963634,0.042937811485532856,0.07601964127375796,0.10589589178934243,0.13315530701250458,0.15823681967069114,0.18147732252900858,0.20314172879607487,0.22344260481105888,0.24255340138134682,0.26061762540002076,0.2777553684972836,0.2940680755054514,0.30964211453262613,"3.58351893845611"
-0.4847942758504287,-0.3021419546933659,-0.19491242240411777,-0.11868686505287826,-0.05949134204821104,-0.011085554496063516,0.029865636013694664,0.06535661911410337,0.09667673136681142,0.12470888520049236,0.15008483380311433,0.1732723379505969,0.19462724595440092,0.21442628268215994,0.23288862088009485,0.2501905949372183,0.2664760347772631,0.2818636974341321,0.2964527170226599,0.3103266687735312,"3.4965075614664802"
0.038724805131977104,0.07084634237136289,0.09600045643947554,0.11752344157316277,0.13669150672685385,0.15416795496824054,0.17034830657460875,0.1854925601531508,0.19978320247888762,0.21335406411705551,0.2263068978934808,0.238721313532241,0.2506609944775034,0.26217785830560536,0.27331491458416685,0.2841082746184242,0.2945886157871192,0.30478226836541117,0.31471203525053115,0.3243978232053861,"-0.6931471805599453"
-0.039679939362550334,0.020625560000274504,0.060368719711690264,0.09112612746619665,0.11671251989832036,0.13895520973905473,0.15888605648183174,0.17712396428691624,0.19405871330557461,0.20995065767012608,0.22498291735065004,0.23928985177953221,0.2529734794549587,0.26611345771456346,0.27877343485194395,0.2910052567966639,0.3028518492967231,0.3143492512160516,0.3255280857268309,0.3364146485217699,"1.791759469228055"
-0.6206542256232863,-0.4330849903390345,-0.32206655030290327,-0.2426806754630365,-0.1807536513395976,-0.12993490713944653,-0.08681947598235766,-0.049365744856889715,-0.016251583032216414,0.013428983138472005,0.0403242902402875,0.0649145900134218,0.08756579901205203,0.10856335364297726,0.1281343856553307,0.1464627267157964,0.1636993455070328,0.17996978568828384,0.19537958318573131,0.21001829113312157,"3.9982007016691985"
-0.03887632735686538,0.020922016931288107,0.06041888054654499,0.09104031808465421,0.11655167897826671,0.13875678699114238,0.1586743943634526,0.17691569019277692,0.19386571585687307,0.20978175089252707,0.22484482108101803,0.23918780138974582,0.2529116234348776,0.2660951274525914,0.27880133388813766,0.29108159734847205,0.3029784531082769,0.3145276255787542,0.3257594817953714,0.3367001067356736,"1.9459101490553132"
-0.05958903086289036,0.007188472212979544,0.050606769367221666,0.08389938307782445,0.11137402730398172,0.13505361883987776,0.15608490675700273,0.17517748532758526,0.19278939180491594,0.2092281194780706,0.22470903731742164,0.23938895008248273,0.25338588337911727,0.2667911970540934,0.27967729482933057,0.2921027108548822,0.3041155754197889,0.3157560444142517,0.3270580455668817,0.33805056162047975,"1.252762968495368"
-0.6107489477044655,-0.4208419833878366,-0.30853596327291366,-0.2282888966219383,-0.16572954616496086,-0.11441947568633977,-0.07090725261711171,-0.03312389286688076,0.00027011993925562687,0.03019246505831933,0.05729976251178646,0.08207839333319779,0.10489898670275255,0.12605070908943322,0.1457636973213435,0.1642242202130885,0.18158521810544423,0.19797381528236535,0.21349679792060622,0.2282446924372486,"3.9318256327243257"
-0.14128798052677471,-0.04449623326336045,0.014960396920893808,0.058586361740177145,0.09328932142876364,0.12222896378867741,0.14715091202137862,0.16913708833689903,0.1889028431036958,0.20693855975175698,0.2235897496862335,0.2391066070838635,0.2536753052207113,0.2674379320078158,0.2805054126772204,0.2929660827263717,0.30489151844068924,0.3163406001136936,0.32736240915004616,0.33799833753656433,"2.5257286443082556"
-0.37020424002576074,-0.21530164917724307,-0.1225694850953128,-0.055745749748914,-0.0033193174490654433,0.03989482402474075,0.07669045492431144,0.1087517880438067,0.13717722089258885,0.16272631073712787,0.1859481400352443,0.20725311613447261,0.22695575824387737,0.24530174467373736,0.26248594367236183,0.27866496232909066,0.2939661563226612,0.3084942368563957,0.32233618767285915,0.3355649667676427,"3.332204510175204"
-0.4364411925329168,-0.2721819518479062,-0.17324058780939958,-0.10153407588904759,-0.04498640657548686,0.0018402456693843857,0.04187623064430428,0.07688764450073715,0.1080245692237968,0.13608025240316624,0.1616268945012227,0.18509229996556564,0.2068056569737141,0.22702615683979033,0.24596162239135486,0.26378110485673956,0.28062371933043506,0.2966050535876334,0.311821951818186,0.3263561670466019,"3.481240089335692"
-0.33544368210315245,-0.19634328343383356,-0.11119687564636511,-0.04866008320729648,0.0012257344619354851,0.042954723514793035,0.07895461521143465,0.11069281270550299,0.13912846002457085,0.16492633620691005,0.18856877819365095,0.2104186295336332,0.2307566649312901,0.2498049240487201,0.2677419325206673,0.28471308204557133,0.30083800973747993,0.3162160321208694,0.3309302548155256,0.3450507389227963,"3.068052935133617"
-0.44477995175338386,-0.2827558341103039,-0.18449701731308832,-0.11284174283177265,-0.056012557521277505,-0.008707212851472006,0.03193179277513034,0.06762709213627255,0.09950068925073687,0.1283263710261308,0.1546620278533002,0.17892454291024357,0.20143470219895793,0.2224453703166358,0.24215983731587462,0.2607441652281387,0.27833575914698017,0.295049500371443,0.31098226448052035,0.326216339126127,"3.4339872044851463"
-0.6282346563166703,-0.4420447702488799,-0.3320528160366745,-0.25351240137043707,-0.19231296629699293,-0.14213644486790442,-0.0995975617830664,-0.06266783459702974,-0.030034460712787116,-0.0007984061866909553,0.025683306832657175,0.04988665514097349,0.0721740447518375,0.09282795779381917,0.11207299264388801,0.13009078090873466,0.14703036744310075,0.16301560983181587,0.17815056785805705,0.1925235062976386,"4.04305126783455"
-0.6263668383951847,-0.4370492707226366,-0.3255567976362564,-0.24612848017784414,-0.18434788243285677,-0.13376728135629687,-0.09093595657731801,-0.05378856508371849,-0.020989890646841106,0.008373543029000546,0.03495446901127613,0.059235722336886905,0.08158469377955184,0.10228758082250722,0.12157179473754534,0.139621109325774,0.15658619584930475,0.1725921335851003,0.18774388452669763,0.20213036489289293,"3.9889840465642745"
-0.4382065904577216,-0.2801599261531869,-0.18380017839233206,-0.11318428519645973,-0.056924626789366155,-0.009895448132623018,0.030665433516441458,0.06642323379788088,0.09846262765941147,0.12753165209924117,0.15416954745796663,0.17877915046635928,0.20167036810547048,0.223087504785807,0.24322708563275264,0.2622498540290343,0.2802890840179878,0.29745650157466236,0.3138466186640423,0.3295399890981921,"3.2771447329921766"
-0.012616211132877378,0.042605196084134045,0.07852907419837472,0.10601823173606802,0.1288872811381525,0.1489099280617162,0.16696063489303256,0.18353968812617114,0.19896447919516097,0.2134514585996911,0.2271562276217504,0.24019520458302038,0.2526582588914481,0.26461653059049406,0.2761275070862325,0.2872384507050742,0.2979887895102824,0.3084118315752871,0.3185360235218037,0.3283858935602012,"0."
0.03331376282787486,0.06198148939073365,0.0859947796328446,0.10737610529103822,0.12694848965299718,0.14515930279027495,0.16228883681819675,0.1785284770029787,0.1940167194373915,0.20885809155045532,0.22313404435356998,0.23690966332811011,0.2502380257907969,0.26316315095661724,0.27572206663232696,0.287946298855255,0.2998629717840047,0.31149563677917586,0.32286490866800266,0.33398896177799764,"2.4849066497880004"
-0.5233198099471668,-0.3471636846841673,-0.24110403347502635,-0.16420596817209626,-0.10351504706535854,-0.05320754700836077,-0.010149490275690575,0.027545602151136408,0.06110440666535732,0.09137113906914325,0.118952806498348,0.14430144052000976,0.16776352243615125,0.18961111339609607,0.21006221150122065,0.22929448731376026,0.24745480974763023,0.26466602246448284,0.28103188306814647,0.2966407486221407,"3.676300671907076"
0.010809257825972888,0.05248973644348701,0.08175313473670485,0.10560454630531718,0.12655034712544727,0.1455723035035548,0.16318153275216843,0.17968772209057926,0.19529703074145904,0.21015577772589955,0.22437274151371683,0.23803168281777154,0.25119889807442064,0.26392803587944236,0.27626330776190905,0.28824170785863945,0.299894594642101,0.31124884732946684,0.3223277301269026,0.3331515505440161,"2.4423470353692043"
0.03443839295750057,0.06381277741268163,0.08810531224456827,0.10955842031503833,0.1290798333975978,0.14715991781651214,0.1641039200963335,0.18011894029903078,0.1953539401686035,0.20992071045330643,0.22390590643924574,0.23737843893161148,0.25039425638849816,0.26299957086522674,0.2752331097607125,0.28712773299990446,0.29871162289807185,0.3100091780049251,0.321041696818426,0.33182790913120924,"2.0794415416798357"
-0.3891657335391419,-0.24078824641568794,-0.14996535473068742,-0.0832052754921606,-0.029886154529426293,0.014777750667749662,0.05336784308029854,0.08744186273258804,0.11801563937146145,0.1457908230004258,0.1712742925538949,0.19484570234173781,0.21679793448919848,0.23736243365482954,0.2567256806180366,0.2750402759376881,0.29243264722775525,0.3090085844153227,0.32485733810026174,0.34005473681213244,"3.091042453358316"
